2026-01-16 17:43:10,433 [INFO] Activator:176 - 


2026-01-16 17:43:10,438 [INFO] Activator:177 - !SESSION log4j initialized
2026-01-16 17:43:16,051 [INFO] LogOutputStream:77 - [STDOUT_REDIRECT] 
2026-01-16 17:43:22,073 [INFO] ApplicationProperties:184 - Using Application install path: C:\ST\STM32CubeIDE_1.19.0\STM32CubeIDE\plugins\com.st.stm32cube.common.mx_6.15.0.202507011659
2026-01-16 17:43:22,091 [INFO] DbMcusXml:78 - Set database path to: C:\ST\STM32CubeIDE_1.19.0\STM32CubeIDE\plugins\com.st.stm32cube.common.mx_6.15.0.202507011659\\db\/mcu/
2026-01-16 17:43:22,092 [INFO] ApiDb:274 - Set plugin database path to: C:\ST\STM32CubeIDE_1.19.0\STM32CubeIDE\plugins\com.st.stm32cube.common.mx_6.15.0.202507011659\\db\/plugins/boardmanager/
2026-01-16 17:43:22,092 [WARN] ApiDb:259 - Overriding images path with different value:  => C:\ST\STM32CubeIDE_1.19.0\STM32CubeIDE\plugins\com.st.stm32cube.common.mx_6.15.0.202507011659\\db\/plugins/mcufinder/images/
2026-01-16 17:43:22,101 [INFO] ApiDb:250 - Set database path to: C:\Users\Harshil\.stmcufinder\plugins\mcufinder//mcu/
2026-01-16 17:43:22,103 [INFO] DbMcusAds:125 - Set database path to: C:\Users\Harshil\.stmcufinder\plugins\mcufinder//mcu/
2026-01-16 17:43:22,105 [INFO] CrossReferenceDbSqlite:203 - Set database path to: C:\Users\Harshil\.stmcufinder\plugins\mcufinder//mcu/cs/
2026-01-16 17:43:22,236 [INFO] RulesReader:64 - Compatibility file has been processed (317 Rules)
2026-01-16 17:43:22,324 [INFO] DbMcusXml:78 - Set database path to: C:\ST\STM32CubeIDE_1.19.0\STM32CubeIDE\plugins\com.st.stm32cube.common.mx_6.15.0.202507011659\\db\/mcu/
2026-01-16 17:43:22,324 [INFO] ApiDb:274 - Set plugin database path to: C:\ST\STM32CubeIDE_1.19.0\STM32CubeIDE\plugins\com.st.stm32cube.common.mx_6.15.0.202507011659\\db\/plugins/boardmanager/
2026-01-16 17:43:22,324 [INFO] ApiDb:261 - Set plugin images path to: C:\ST\STM32CubeIDE_1.19.0\STM32CubeIDE\plugins\com.st.stm32cube.common.mx_6.15.0.202507011659\\db\/plugins/mcufinder/images/
2026-01-16 17:43:22,324 [WARN] DbFile:41 - Overriding database path with different value: C:\Users\Harshil\.stmcufinder\plugins\mcufinder/ => C:\Users\Harshil\.stmcufinder\plugins\mcufinder
2026-01-16 17:43:22,324 [INFO] ApiDb:250 - Set database path to: C:\Users\Harshil\.stmcufinder\plugins\mcufinder//mcu/
2026-01-16 17:43:22,324 [WARN] DbFile:41 - Overriding database path with different value: C:\Users\Harshil\.stmcufinder\plugins\mcufinder/ => C:\Users\Harshil\.stmcufinder\plugins\mcufinder
2026-01-16 17:43:22,324 [INFO] DbMcusAds:125 - Set database path to: C:\Users\Harshil\.stmcufinder\plugins\mcufinder//mcu/
2026-01-16 17:43:22,324 [WARN] DbFile:41 - Overriding database path with different value: C:\Users\Harshil\.stmcufinder\plugins\mcufinder/ => C:\Users\Harshil\.stmcufinder\plugins\mcufinder
2026-01-16 17:43:22,325 [WARN] DbFile:41 - Overriding database path with different value: C:\Users\Harshil\.stmcufinder\plugins\mcufinder/ => C:\Users\Harshil\.stmcufinder\plugins\mcufinder
2026-01-16 17:43:22,325 [INFO] CrossReferenceDbSqlite:203 - Set database path to: C:\Users\Harshil\.stmcufinder\plugins\mcufinder//mcu/cs/
2026-01-16 17:43:22,399 [INFO] MainPanel:274 - HeapMemory: 268435456
2026-01-16 17:43:22,527 [INFO] DbMcusXml:78 - Set database path to: C:\ST\STM32CubeIDE_1.19.0\STM32CubeIDE\plugins\com.st.stm32cube.common.mx_6.15.0.202507011659\\db\/mcu/
2026-01-16 17:43:22,527 [INFO] ApiDb:274 - Set plugin database path to: C:\ST\STM32CubeIDE_1.19.0\STM32CubeIDE\plugins\com.st.stm32cube.common.mx_6.15.0.202507011659\\db\/plugins/boardmanager/
2026-01-16 17:43:22,527 [INFO] ApiDb:261 - Set plugin images path to: C:\ST\STM32CubeIDE_1.19.0\STM32CubeIDE\plugins\com.st.stm32cube.common.mx_6.15.0.202507011659\\db\/plugins/mcufinder/images/
2026-01-16 17:43:22,528 [WARN] DbFile:41 - Overriding database path with different value: C:\Users\Harshil\.stmcufinder\plugins\mcufinder/ => C:\Users\Harshil\.stmcufinder\plugins\mcufinder
2026-01-16 17:43:22,528 [INFO] ApiDb:250 - Set database path to: C:\Users\Harshil\.stmcufinder\plugins\mcufinder//mcu/
2026-01-16 17:43:22,528 [WARN] DbFile:41 - Overriding database path with different value: C:\Users\Harshil\.stmcufinder\plugins\mcufinder/ => C:\Users\Harshil\.stmcufinder\plugins\mcufinder
2026-01-16 17:43:22,528 [INFO] DbMcusAds:125 - Set database path to: C:\Users\Harshil\.stmcufinder\plugins\mcufinder//mcu/
2026-01-16 17:43:22,528 [WARN] DbFile:41 - Overriding database path with different value: C:\Users\Harshil\.stmcufinder\plugins\mcufinder/ => C:\Users\Harshil\.stmcufinder\plugins\mcufinder
2026-01-16 17:43:22,528 [WARN] DbFile:41 - Overriding database path with different value: C:\Users\Harshil\.stmcufinder\plugins\mcufinder/ => C:\Users\Harshil\.stmcufinder\plugins\mcufinder
2026-01-16 17:43:22,528 [INFO] CrossReferenceDbSqlite:203 - Set database path to: C:\Users\Harshil\.stmcufinder\plugins\mcufinder//mcu/cs/
2026-01-16 17:43:22,546 [INFO] ApplicationProperties:184 - Using Application install path: C:\ST\STM32CubeIDE_1.19.0\STM32CubeIDE\plugins\com.st.stm32cube.common.mx_6.15.0.202507011659
2026-01-16 17:43:22,548 [INFO] PluginManage:196 - Search for loadable plugins [exclusion list=, ]
2026-01-16 17:43:22,550 [INFO] PluginManage:310 - Check plugin analytics
2026-01-16 17:43:27,751 [INFO] AnalyticsPlugin:253 - Accepted Software Licenses: 
2026-01-16 17:43:27,751 [INFO] AnalyticsPlugin:255 - Accepted CMSIS Pack Licenses: 
2026-01-16 17:43:27,751 [INFO] AnalyticsPlugin:257 - Accepted Firmware Licenses: 
2026-01-16 17:43:27,753 [INFO] PluginManage:359 - Loaded plugin analytics (category:tool,tabindex:-1)
2026-01-16 17:43:27,753 [INFO] PluginManage:310 - Check plugin cadmodel
2026-01-16 17:43:27,758 [INFO] CADModel:105 - Init CAD model plugin
2026-01-16 17:43:27,758 [INFO] PluginManage:359 - Loaded plugin cadmodel (category:power,tabindex:5)
2026-01-16 17:43:27,758 [INFO] PluginManage:310 - Check plugin clock
2026-01-16 17:43:27,769 [INFO] PluginManage:359 - Loaded plugin clock (category:base,tabindex:2)
2026-01-16 17:43:27,769 [INFO] PluginManage:310 - Check plugin ddr
2026-01-16 17:43:27,772 [INFO] PluginManage:359 - Loaded plugin ddr (category:tool,tabindex:6)
2026-01-16 17:43:27,772 [INFO] PluginManage:310 - Check plugin filemanager
2026-01-16 17:43:27,912 [INFO] PluginManage:359 - Loaded plugin filemanager (category:base,tabindex:10)
2026-01-16 17:43:27,912 [INFO] PluginManage:310 - Check plugin ipmanager
2026-01-16 17:43:27,920 [INFO] PluginManage:359 - Loaded plugin ipmanager (category:base,tabindex:5)
2026-01-16 17:43:27,920 [INFO] PluginManage:310 - Check plugin lpbam
2026-01-16 17:43:27,930 [INFO] PluginManage:359 - Loaded plugin lpbam (category:base,tabindex:0)
2026-01-16 17:43:27,930 [INFO] PluginManage:310 - Check plugin memorymap
2026-01-16 17:43:27,944 [INFO] PluginManage:359 - Loaded plugin memorymap (category:base,tabindex:4)
2026-01-16 17:43:27,944 [INFO] PluginManage:310 - Check plugin pinoutandconfiguration
2026-01-16 17:43:27,952 [INFO] PluginManage:359 - Loaded plugin pinoutandconfiguration (category:base,tabindex:1)
2026-01-16 17:43:27,952 [INFO] PluginManage:310 - Check plugin pinoutconfig
2026-01-16 17:43:28,038 [WARN] SupportedApi:132 - Cannot load RTOS API schema: s4s-elt-must-match.1: The content of 'definitions' must match (annotation?, (simpleType | complexType)?, (unique | key | keyref)*)). A problem was found starting at: attribute.
2026-01-16 17:43:28,181 [INFO] PluginManage:359 - Loaded plugin pinoutconfig (category:base,tabindex:0)
2026-01-16 17:43:28,181 [INFO] PluginManage:310 - Check plugin power
2026-01-16 17:43:28,192 [INFO] PluginManage:359 - Loaded plugin power (category:power,tabindex:4)
2026-01-16 17:43:28,192 [INFO] PluginManage:310 - Check plugin projectmanager
2026-01-16 17:43:28,215 [INFO] PluginManage:359 - Loaded plugin projectmanager (category:projectmanager,tabindex:4)
2026-01-16 17:43:28,215 [INFO] PluginManage:310 - Check plugin rif
2026-01-16 17:43:28,225 [INFO] PluginManage:359 - Loaded plugin rif (category:base,tabindex:3)
2026-01-16 17:43:28,225 [INFO] PluginManage:310 - Check plugin thirdparty
2026-01-16 17:43:28,373 [INFO] PluginManage:359 - Loaded plugin thirdparty (category:base,tabindex:-1)
2026-01-16 17:43:28,373 [INFO] PluginManage:310 - Check plugin tools
2026-01-16 17:43:28,373 [WARN] IntegrityCheckThread:84 - waiting for thirdparty lock release [integrity check]
2026-01-16 17:43:28,374 [INFO] IntegrityCheckThread:86 - entering critical section [integrity check]
2026-01-16 17:43:28,374 [INFO] ThirdPartyUpdaterWithRetryManager:70 - Updater plugin not ready yet. [1/15]
2026-01-16 17:43:28,377 [INFO] PluginManage:359 - Loaded plugin tools (category:base,tabindex:7)
2026-01-16 17:43:28,377 [INFO] PluginManage:310 - Check plugin tutovideos
2026-01-16 17:43:28,593 [INFO] PluginManage:359 - Loaded plugin tutovideos (category:base,tabindex:-1)
2026-01-16 17:43:28,593 [INFO] PluginManage:310 - Check plugin updater
2026-01-16 17:43:28,616 [INFO] PluginManage:359 - Loaded plugin updater (category:base,tabindex:12)
2026-01-16 17:43:28,616 [INFO] PluginManage:310 - Check plugin userauth
2026-01-16 17:43:28,620 [INFO] UserAuth:118 - Init User Auth plugin
2026-01-16 17:43:28,621 [INFO] PluginManage:359 - Loaded plugin userauth (category:base,tabindex:14)
2026-01-16 17:43:28,622 [INFO] PluginManage:283 - PluginManage : Loaded plugins [18]
2026-01-16 17:43:28,814 [INFO] PinOutPanel:1589 - setPackage(No Configuration,No Configuration)
2026-01-16 17:43:28,895 [INFO] CADModel:165 - CPN selected for project level
2026-01-16 17:43:28,895 [INFO] CADModel:114 - Register for checkConnection events
2026-01-16 17:43:28,915 [INFO] IPUIPlugin:80 - create IPUIPlugin
2026-01-16 17:43:28,916 [INFO] PluginManager:220 - loadIPPluginJar : add adc
2026-01-16 17:43:28,918 [INFO] IPUIPlugin:80 - create IPUIPlugin
2026-01-16 17:43:28,918 [INFO] PluginManager:220 - loadIPPluginJar : add aes
2026-01-16 17:43:28,921 [INFO] IPUIPlugin:80 - create IPUIPlugin
2026-01-16 17:43:28,921 [INFO] PluginManager:220 - loadIPPluginJar : add can
2026-01-16 17:43:28,923 [INFO] IPUIPlugin:80 - create IPUIPlugin
2026-01-16 17:43:28,923 [INFO] PluginManager:220 - loadIPPluginJar : add comp
2026-01-16 17:43:28,926 [INFO] IPUIPlugin:80 - create IPUIPlugin
2026-01-16 17:43:28,926 [INFO] PluginManager:220 - loadIPPluginJar : add cryp
2026-01-16 17:43:28,930 [INFO] IPUIPlugin:80 - create IPUIPlugin
2026-01-16 17:43:28,930 [INFO] PluginManager:220 - loadIPPluginJar : add ddr_ctrl_phy
2026-01-16 17:43:28,932 [INFO] IPUIPlugin:80 - create IPUIPlugin
2026-01-16 17:43:28,932 [INFO] PluginManager:220 - loadIPPluginJar : add dfsdm
2026-01-16 17:43:28,937 [INFO] IPUIPlugin:80 - create IPUIPlugin
2026-01-16 17:43:28,938 [INFO] PluginManager:220 - loadIPPluginJar : add dma
2026-01-16 17:43:28,940 [INFO] IPUIPlugin:80 - create IPUIPlugin
2026-01-16 17:43:28,940 [INFO] PluginManager:220 - loadIPPluginJar : add dma3
2026-01-16 17:43:28,945 [INFO] IPUIPlugin:80 - create IPUIPlugin
2026-01-16 17:43:28,945 [INFO] PluginManager:220 - loadIPPluginJar : add extmemmanager
2026-01-16 17:43:28,946 [INFO] IPUIPlugin:80 - create IPUIPlugin
2026-01-16 17:43:28,947 [INFO] PluginManager:220 - loadIPPluginJar : add fatfs
2026-01-16 17:43:28,951 [INFO] IPUIPlugin:80 - create IPUIPlugin
2026-01-16 17:43:28,951 [INFO] PluginManager:220 - loadIPPluginJar : add fmc
2026-01-16 17:43:28,959 [INFO] IPUIPlugin:80 - create IPUIPlugin
2026-01-16 17:43:28,959 [INFO] PluginManager:220 - loadIPPluginJar : add freertos
2026-01-16 17:43:28,961 [INFO] IPUIPlugin:80 - create IPUIPlugin
2026-01-16 17:43:28,961 [INFO] PluginManager:220 - loadIPPluginJar : add genericplugin
2026-01-16 17:43:28,963 [INFO] IPUIPlugin:80 - create IPUIPlugin
2026-01-16 17:43:28,963 [INFO] PluginManager:220 - loadIPPluginJar : add gfxmmu
2026-01-16 17:43:28,968 [INFO] IPUIPlugin:80 - create IPUIPlugin
2026-01-16 17:43:28,968 [INFO] PluginManager:220 - loadIPPluginJar : add gic
2026-01-16 17:43:28,972 [INFO] IPUIPlugin:80 - create IPUIPlugin
2026-01-16 17:43:28,972 [INFO] PluginManager:220 - loadIPPluginJar : add gpio
2026-01-16 17:43:28,975 [INFO] IPUIPlugin:80 - create IPUIPlugin
2026-01-16 17:43:28,975 [INFO] PluginManager:220 - loadIPPluginJar : add gtzc
2026-01-16 17:43:28,979 [INFO] IPUIPlugin:80 - create IPUIPlugin
2026-01-16 17:43:28,979 [INFO] PluginManager:220 - loadIPPluginJar : add hash
2026-01-16 17:43:28,983 [INFO] IPUIPlugin:80 - create IPUIPlugin
2026-01-16 17:43:28,983 [INFO] PluginManager:220 - loadIPPluginJar : add i2c
2026-01-16 17:43:28,986 [INFO] IPUIPlugin:80 - create IPUIPlugin
2026-01-16 17:43:28,986 [INFO] PluginManager:220 - loadIPPluginJar : add i2s
2026-01-16 17:43:28,989 [INFO] IPUIPlugin:80 - create IPUIPlugin
2026-01-16 17:43:28,989 [INFO] PluginManager:220 - loadIPPluginJar : add i3c
2026-01-16 17:43:28,992 [INFO] IPUIPlugin:80 - create IPUIPlugin
2026-01-16 17:43:28,993 [INFO] PluginManager:220 - loadIPPluginJar : add ipddr
2026-01-16 17:43:28,998 [INFO] IPUIPlugin:80 - create IPUIPlugin
2026-01-16 17:43:28,998 [INFO] PluginManager:220 - loadIPPluginJar : add linkedlist
2026-01-16 17:43:29,001 [INFO] IPUIPlugin:80 - create IPUIPlugin
2026-01-16 17:43:29,001 [INFO] PluginManager:220 - loadIPPluginJar : add lorawan
2026-01-16 17:43:29,003 [INFO] IPUIPlugin:80 - create IPUIPlugin
2026-01-16 17:43:29,003 [INFO] PluginManager:220 - loadIPPluginJar : add ltdc
2026-01-16 17:43:29,008 [INFO] IPUIPlugin:80 - create IPUIPlugin
2026-01-16 17:43:29,008 [INFO] PluginManager:220 - loadIPPluginJar : add mdma
2026-01-16 17:43:29,012 [INFO] IPUIPlugin:80 - create IPUIPlugin
2026-01-16 17:43:29,012 [INFO] PluginManager:220 - loadIPPluginJar : add nvic
2026-01-16 17:43:29,015 [INFO] IPUIPlugin:80 - create IPUIPlugin
2026-01-16 17:43:29,015 [INFO] PluginManager:220 - loadIPPluginJar : add opamp
2026-01-16 17:43:29,019 [INFO] IPUIPlugin:80 - create IPUIPlugin
2026-01-16 17:43:29,020 [INFO] PluginManager:220 - loadIPPluginJar : add openamp
2026-01-16 17:43:29,022 [INFO] IPUIPlugin:80 - create IPUIPlugin
2026-01-16 17:43:29,022 [INFO] PluginManager:220 - loadIPPluginJar : add pdm2pcm
2026-01-16 17:43:29,030 [INFO] IPUIPlugin:80 - create IPUIPlugin
2026-01-16 17:43:29,032 [INFO] PluginManager:220 - loadIPPluginJar : add plateformsettings
2026-01-16 17:43:29,034 [INFO] IPUIPlugin:80 - create IPUIPlugin
2026-01-16 17:43:29,034 [INFO] PluginManager:220 - loadIPPluginJar : add quadspi
2026-01-16 17:43:29,036 [INFO] IPUIPlugin:80 - create IPUIPlugin
2026-01-16 17:43:29,036 [INFO] PluginManager:220 - loadIPPluginJar : add radio
2026-01-16 17:43:29,040 [INFO] IPUIPlugin:80 - create IPUIPlugin
2026-01-16 17:43:29,041 [INFO] PluginManager:220 - loadIPPluginJar : add resmgrutility
2026-01-16 17:43:29,046 [INFO] IPUIPlugin:80 - create IPUIPlugin
2026-01-16 17:43:29,046 [INFO] PluginManager:220 - loadIPPluginJar : add sai
2026-01-16 17:43:29,049 [INFO] IPUIPlugin:80 - create IPUIPlugin
2026-01-16 17:43:29,049 [INFO] PluginManager:220 - loadIPPluginJar : add spi
2026-01-16 17:43:29,054 [INFO] IPUIPlugin:80 - create IPUIPlugin
2026-01-16 17:43:29,055 [INFO] PluginManager:220 - loadIPPluginJar : add stm32_wpan
2026-01-16 17:43:29,056 [INFO] IPUIPlugin:80 - create IPUIPlugin
2026-01-16 17:43:29,056 [INFO] PluginManager:220 - loadIPPluginJar : add tim
2026-01-16 17:43:29,060 [INFO] IPUIPlugin:80 - create IPUIPlugin
2026-01-16 17:43:29,060 [INFO] PluginManager:220 - loadIPPluginJar : add touchsensing
2026-01-16 17:43:29,062 [INFO] IPUIPlugin:80 - create IPUIPlugin
2026-01-16 17:43:29,062 [INFO] PluginManager:220 - loadIPPluginJar : add tracer_emb
2026-01-16 17:43:29,064 [INFO] IPUIPlugin:80 - create IPUIPlugin
2026-01-16 17:43:29,064 [INFO] PluginManager:220 - loadIPPluginJar : add ts
2026-01-16 17:43:29,066 [INFO] IPUIPlugin:80 - create IPUIPlugin
2026-01-16 17:43:29,066 [INFO] PluginManager:220 - loadIPPluginJar : add tsc
2026-01-16 17:43:29,069 [INFO] IPUIPlugin:80 - create IPUIPlugin
2026-01-16 17:43:29,069 [INFO] PluginManager:220 - loadIPPluginJar : add ucpd
2026-01-16 17:43:29,071 [INFO] IPUIPlugin:80 - create IPUIPlugin
2026-01-16 17:43:29,071 [INFO] PluginManager:220 - loadIPPluginJar : add usart
2026-01-16 17:43:29,075 [INFO] IPUIPlugin:80 - create IPUIPlugin
2026-01-16 17:43:29,075 [INFO] PluginManager:220 - loadIPPluginJar : add usbx
2026-01-16 17:43:29,201 [FATAL] Updater:351 - Updater called before beeing initialized
2026-01-16 17:43:29,225 [INFO] RulesReader:64 - Compatibility file has been processed (317 Rules)
2026-01-16 17:43:29,235 [INFO] RulesReader:64 - Compatibility file has been processed (317 Rules)
2026-01-16 17:43:29,242 [INFO] CADModel:165 - CPN selected for project level
2026-01-16 17:43:29,242 [INFO] CADModel:114 - Register for checkConnection events
2026-01-16 17:43:29,243 [FATAL] Updater:351 - Updater called before beeing initialized
2026-01-16 17:43:29,243 [ERROR] CADModel:125 - Updater not yet initialized, retry later 
2026-01-16 17:43:29,389 [FATAL] Updater:351 - Updater called before beeing initialized
2026-01-16 17:43:29,391 [INFO] CADModel:165 - CPN selected for project level
2026-01-16 17:43:29,391 [INFO] CADModel:114 - Register for checkConnection events
2026-01-16 17:43:29,391 [FATAL] Updater:351 - Updater called before beeing initialized
2026-01-16 17:43:29,391 [ERROR] CADModel:125 - Updater not yet initialized, retry later 
2026-01-16 17:43:29,394 [FATAL] Updater:351 - Updater called before beeing initialized
2026-01-16 17:43:29,491 [FATAL] Updater:351 - Updater called before beeing initialized
2026-01-16 17:43:29,495 [INFO] DbMcusAds:53 - JSON generation date=Tue Jul 08 13:44:23 IST 2025 (1751962463582)
2026-01-16 17:43:29,495 [FATAL] Updater:351 - Updater called before beeing initialized
2026-01-16 17:43:29,534 [WARN] DetailPanel:346 - Failed to get advertising image, set to default
2026-01-16 17:43:29,605 [FATAL] Updater:351 - Updater called before beeing initialized
2026-01-16 17:43:29,606 [FATAL] Updater:351 - Updater called before beeing initialized
2026-01-16 17:43:29,606 [FATAL] Updater:351 - Updater called before beeing initialized
2026-01-16 17:43:29,606 [WARN] DetailPanel:346 - Failed to get advertising image, set to default
2026-01-16 17:43:29,608 [FATAL] Updater:351 - Updater called before beeing initialized
2026-01-16 17:43:29,651 [ERROR] Updater:1198 - MainUpdater not yet initialized. External WinMGr cannot be set.
2026-01-16 17:43:29,652 [INFO] Updater:1134 - Updater Version found : 6.15.0
2026-01-16 17:43:29,668 [INFO] ApplicationProperties:184 - Using Application install path: C:\ST\STM32CubeIDE_1.19.0\STM32CubeIDE\plugins\com.st.stm32cube.common.mx_6.15.0.202507011659
2026-01-16 17:43:31,237 [ERROR] LogOutputStream:75 - [STDERR_REDIRECT] Jan 16, 2026 5:43:31 PM java.util.prefs.WindowsPreferences <init>
2026-01-16 17:43:31,238 [ERROR] LogOutputStream:75 - [STDERR_REDIRECT] WARNING: Could not open/create prefs root node Software\JavaSoft\Prefs at root 0xffffffff80000002. Windows RegCreateKeyEx(...) returned error code 5.
2026-01-16 17:43:31,238 [ERROR] LogOutputStream:75 - [STDERR_REDIRECT] 
2026-01-16 17:43:31,376 [INFO] ThirdPartyUpdaterWithRetryManager:70 - Updater plugin not ready yet. [2/15]
2026-01-16 17:43:31,516 [INFO] MainUpdater:2872 - connection check result : 10
2026-01-16 17:43:31,519 [INFO] MainUpdater:289 - Updater Check For Update Now.
2026-01-16 17:43:31,519 [INFO] MicroXplorer:498 - Change Database Version : DB.6.0.150
2026-01-16 17:43:31,529 [INFO] McuFinderGlobals:63 - Set McuFinder mode to 2 (CubeIDE integrated)
2026-01-16 17:43:31,529 [INFO] UserAuth:171 - activating auth plugin
2026-01-16 17:43:31,534 [INFO] UserAuth:487 - Internet connection configuration mode: 1
2026-01-16 17:43:31,568 [INFO] JxBrowserEngine:152 - Initiate JxBrowser Engine with user profile folder
2026-01-16 17:43:31,711 [INFO] CheckServerUpdateThread:120 - End of CheckServer Thread
2026-01-16 17:43:32,958 [INFO] WebApp:169 - Instantiating new browser for Auth
2026-01-16 17:43:33,814 [INFO] WebApp:463 - Apply proxy settings
2026-01-16 17:43:33,815 [INFO] WebApp:548 - Chromium requires no authentication
2026-01-16 17:43:33,825 [INFO] WebApp:491 - Direct internet connection detected
2026-01-16 17:43:33,853 [INFO] WebApp:900 - Register for checkConnection events
2026-01-16 17:43:33,853 [INFO] WebApp:463 - Apply proxy settings
2026-01-16 17:43:33,853 [INFO] WebApp:548 - Chromium requires no authentication
2026-01-16 17:43:33,853 [INFO] WebApp:491 - Direct internet connection detected
2026-01-16 17:43:34,029 [INFO] WebApp:225 - Starting web application
2026-01-16 17:43:34,029 [INFO] WebApp:593 - Web application path used C:\ST\STM32CubeIDE_1.19.0\STM32CubeIDE\plugins\com.st.stm32cube.common.mx_6.15.0.202507011659\db\plugins\mcufinder\reactClient1\index.html
2026-01-16 17:43:34,297 [ERROR] LogOutputStream:75 - [STDERR_REDIRECT] [Fatal Error] :1:1: Premature end of file.
2026-01-16 17:43:34,298 [ERROR] LogOutputStream:75 - [STDERR_REDIRECT] 
2026-01-16 17:43:34,648 [WARN] PackLoader:240 - Cannot read IP mode file for STMicroelectronics.FP-SNS-MOTENVWB1.1.4.0
2026-01-16 17:43:34,660 [WARN] PackLoader:240 - Cannot read IP mode file for STMicroelectronics.FP-ATR-ASTRA1.2.0.2
2026-01-16 17:43:34,670 [WARN] PackLoader:240 - Cannot read IP mode file for STMicroelectronics.X-CUBE-SMBUS.2.1.0
2026-01-16 17:43:34,711 [WARN] PackLoader:240 - Cannot read IP mode file for STMicroelectronics.X-CUBE-AZRTOS-F7.1.1.0
2026-01-16 17:43:34,722 [INFO] WebApp:191 - Connection restablished
2026-01-16 17:43:34,725 [WARN] PackLoader:240 - Cannot read IP mode file for STMicroelectronics.FP-SNS-MOTENV1.5.1.0
2026-01-16 17:43:34,742 [WARN] PackLoader:240 - Cannot read IP mode file for WES.I-CUBE-Cesium.1.4.0
2026-01-16 17:43:34,773 [WARN] PackLoader:240 - Cannot read IP mode file for STMicroelectronics.X-CUBE-AZRTOS-H7.3.4.0
2026-01-16 17:43:34,789 [WARN] PackLoader:240 - Cannot read IP mode file for STMicroelectronics.X-CUBE-DISPLAY.3.0.0
2026-01-16 17:43:34,805 [WARN] PackLoader:240 - Cannot read IP mode file for STMicroelectronics.X-CUBE-NFC10.1.0.0
2026-01-16 17:43:34,811 [WARN] PackLoader:240 - Cannot read IP mode file for STMicroelectronics.X-CUBE-ST60.1.1.0
2026-01-16 17:43:34,817 [WARN] PackLoader:240 - Cannot read IP mode file for emotas.I-CUBE-CANOPEN.1.3.0
2026-01-16 17:43:34,824 [WARN] PackLoader:240 - Cannot read IP mode file for STMicroelectronics.X-CUBE-GNSS1.7.1.0
2026-01-16 17:43:34,832 [WARN] PackLoader:240 - Cannot read IP mode file for STMicroelectronics.FP-SNS-STBOX1.2.1.0
2026-01-16 17:43:34,840 [WARN] PackLoader:240 - Cannot read IP mode file for STMicroelectronics.FP-SNS-SMARTAG2.1.2.0
2026-01-16 17:43:34,845 [WARN] PackLoader:240 - Cannot read IP mode file for STMicroelectronics.FP-SNS-FLIGHT1.5.1.0
2026-01-16 17:43:34,868 [INFO] LogOutputStream:77 - [STDOUT_REDIRECT] 1 : Invalid condition id : UX_CORESTACK_Condition cause : null
2026-01-16 17:43:34,868 [INFO] LogOutputStream:77 - [STDOUT_REDIRECT] 1 : Invalid condition id : UX_CORESTACK_Condition cause : null
2026-01-16 17:43:34,870 [INFO] LogOutputStream:77 - [STDOUT_REDIRECT] 1 : Invalid condition id : UX_CORESTACK_Condition cause : null
2026-01-16 17:43:34,872 [INFO] LogOutputStream:77 - [STDOUT_REDIRECT] 1 : Invalid condition id : UX_CORESTACK_Condition cause : null
2026-01-16 17:43:34,873 [INFO] LogOutputStream:77 - [STDOUT_REDIRECT] 1 : Invalid condition id : UX_CORESTACK_Condition cause : null
2026-01-16 17:43:34,877 [WARN] PackLoader:240 - Cannot read IP mode file for STMicroelectronics.X-CUBE-AZRTOS-WL.2.0.0
2026-01-16 17:43:34,883 [WARN] PackLoader:240 - Cannot read IP mode file for STMicroelectronics.FP-SNS-MOTENV1.5.0.0
2026-01-16 17:43:34,910 [WARN] PackLoader:240 - Cannot read IP mode file for STMicroelectronics.X-CUBE-AZRTOS-H7RS.1.2.0
2026-01-16 17:43:34,921 [WARN] PackLoader:240 - Cannot read IP mode file for STMicroelectronics.X-CUBE-BLE2.3.3.0
2026-01-16 17:43:34,967 [WARN] PackLoader:240 - Cannot read IP mode file for Infineon.AIROC-Wi-Fi-Bluetooth-STM32.1.8.0
2026-01-16 17:43:34,978 [WARN] PackLoader:240 - Cannot read IP mode file for STMicroelectronics.X-CUBE-NFC9.1.0.0
2026-01-16 17:43:34,984 [WARN] PackLoader:240 - Cannot read IP mode file for STMicroelectronics.X-CUBE-BLE1.7.1.0
2026-01-16 17:43:34,991 [WARN] PackLoader:240 - Cannot read IP mode file for wolfSSL.I-CUBE-wolfMQTT.1.19.2
2026-01-16 17:43:34,997 [WARN] PackLoader:240 - Cannot read IP mode file for STMicroelectronics.X-CUBE-FREERTOS.1.4.0
2026-01-16 17:43:35,002 [WARN] PackLoader:240 - Cannot read IP mode file for STMicroelectronics.X-CUBE-EEPRMA1.5.2.0
2026-01-16 17:43:35,008 [WARN] PackLoader:240 - Cannot read IP mode file for wolfSSL.I-CUBE-wolfSSL.5.8.4
2026-01-16 17:43:35,013 [WARN] PackLoader:240 - Cannot read IP mode file for Cesanta.I-CUBE-Mongoose.7.20.0
2026-01-16 17:43:35,019 [WARN] PackLoader:240 - Cannot read IP mode file for STMicroelectronics.X-CUBE-ST67W61.1.1.0
2026-01-16 17:43:35,066 [WARN] PackLoader:240 - Cannot read IP mode file for STMicroelectronics.X-CUBE-MEMS1.12.0.0
2026-01-16 17:43:35,213 [WARN] PackLoader:240 - Cannot read IP mode file for STMicroelectronics.X-CUBE-AZRTOS-G0.1.1.0
2026-01-16 17:43:35,224 [WARN] PackLoader:240 - Cannot read IP mode file for STMicroelectronics.X-CUBE-NFC4.3.0.0
2026-01-16 17:43:35,243 [WARN] PackLoader:240 - Cannot read IP mode file for EmbeddedOffice.I-CUBE-FS-RTOS.1.0.1
2026-01-16 17:43:35,250 [WARN] PackLoader:240 - Cannot read IP mode file for STMicroelectronics.X-CUBE-WB05N.2.0.0
2026-01-16 17:43:35,256 [WARN] PackLoader:240 - Cannot read IP mode file for wolfSSL.I-CUBE-wolfTPM.3.8.0
2026-01-16 17:43:35,264 [WARN] PackLoader:240 - Cannot read IP mode file for STMicroelectronics.X-CUBE-TCPP.4.2.0
2026-01-16 17:43:35,300 [WARN] PackLoader:240 - Cannot read IP mode file for RealThread.X-CUBE-RT-Thread_Nano.4.1.1
2026-01-16 17:43:35,316 [WARN] PackLoader:240 - Cannot read IP mode file for STMicroelectronics.FP-ATR-SIGFOX1.3.2.0
2026-01-16 17:43:35,335 [WARN] PackLoader:240 - Cannot read IP mode file for ITTIA_DB.I-CUBE-ITTIADB.8.9.0
2026-01-16 17:43:35,343 [WARN] PackLoader:240 - Cannot read IP mode file for STMicroelectronics.X-CUBE-AI.10.2.0
2026-01-16 17:43:35,390 [WARN] PackLoader:240 - Cannot read IP mode file for SEGGER.I-CUBE-embOS.1.3.1
2026-01-16 17:43:35,462 [WARN] PackLoader:240 - Cannot read IP mode file for STMicroelectronics.X-CUBE-ALGOBUILD.1.4.0
2026-01-16 17:43:35,473 [WARN] PackLoader:240 - Cannot read IP mode file for STMicroelectronics.X-CUBE-PM33A1.1.0.0
2026-01-16 17:43:35,503 [WARN] PackLoader:240 - Cannot read IP mode file for STMicroelectronics.X-CUBE-AZRTOS-F4.1.1.0
2026-01-16 17:43:35,511 [WARN] PackLoader:240 - Cannot read IP mode file for STMicroelectronics.X-CUBE-ISPU.2.1.0
2026-01-16 17:43:35,530 [WARN] PackLoader:240 - Cannot read IP mode file for STMicroelectronics.X-CUBE-IPS.3.2.0
2026-01-16 17:43:35,545 [WARN] PackLoader:240 - Cannot read IP mode file for STMicroelectronics.X-CUBE-NFC12.1.0.0
2026-01-16 17:43:35,566 [WARN] PackLoader:240 - Cannot read IP mode file for STMicroelectronics.X-CUBE-AZRTOS-L5.2.0.0
2026-01-16 17:43:35,578 [WARN] PackLoader:240 - Cannot read IP mode file for STMicroelectronics.X-CUBE-NFC6.3.1.0
2026-01-16 17:43:35,580 [ERROR] LogOutputStream:75 - [STDERR_REDIRECT] [Fatal Error] :1:1: Premature end of file.
2026-01-16 17:43:35,580 [ERROR] LogOutputStream:75 - [STDERR_REDIRECT] 
2026-01-16 17:43:35,588 [WARN] PackLoader:240 - Cannot read IP mode file for STMicroelectronics.X-CUBE-TOUCHGFX.4.26.0
2026-01-16 17:43:35,595 [WARN] PackLoader:240 - Cannot read IP mode file for STMicroelectronics.FP-SNS-STAIOTCFT.1.0.0
2026-01-16 17:43:35,603 [WARN] PackLoader:240 - Cannot read IP mode file for STMicroelectronics.X-CUBE-DPower.1.3.0
2026-01-16 17:43:35,624 [WARN] ConditionMgr:438 - getConditionDescription Invalid condition id : LAN8742 Phy interface Condition cause : null
2026-01-16 17:43:35,625 [WARN] PackLoader:240 - Cannot read IP mode file for STMicroelectronics.X-CUBE-AZRTOS-L4.2.0.0
2026-01-16 17:43:35,626 [WARN] ConditionMgr:1044 - genDependencies : Invalid condition id : LAN8742 Phy interface Condition cause : null
2026-01-16 17:43:35,629 [WARN] ConditionMgr:1044 - genDependencies : Invalid condition id : LAN8742 Phy interface Condition cause : null
2026-01-16 17:43:35,629 [WARN] ConditionMgr:1044 - genDependencies : Invalid condition id : LAN8742 Phy interface Condition cause : null
2026-01-16 17:43:35,642 [WARN] PackLoader:240 - Cannot read IP mode file for STMicroelectronics.X-CUBE-SFXS2LP1.4.0.0
2026-01-16 17:43:35,656 [WARN] PackLoader:240 - Cannot read IP mode file for STMicroelectronics.X-CUBE-BLEMGR.4.1.0
2026-01-16 17:43:35,675 [WARN] ConditionMgr:438 - getConditionDescription Invalid condition id : UX DEVICE CLASS RTOS Condition cause : null
2026-01-16 17:43:35,675 [WARN] ConditionMgr:438 - getConditionDescription Invalid condition id : UX DEVICE CLASS RTOS Condition cause : null
2026-01-16 17:43:35,678 [WARN] PackLoader:240 - Cannot read IP mode file for STMicroelectronics.X-CUBE-AZRTOS-WB.2.0.0
2026-01-16 17:43:35,678 [WARN] ConditionMgr:1044 - genDependencies : Invalid condition id : UX DEVICE CLASS RTOS Condition cause : null
2026-01-16 17:43:35,678 [WARN] ConditionMgr:1044 - genDependencies : Invalid condition id : UX DEVICE CLASS RTOS Condition cause : null
2026-01-16 17:43:35,679 [WARN] ConditionMgr:1044 - genDependencies : Invalid condition id : UX DEVICE CLASS RTOS Condition cause : null
2026-01-16 17:43:35,679 [WARN] ConditionMgr:1044 - genDependencies : Invalid condition id : UX DEVICE CLASS RTOS Condition cause : null
2026-01-16 17:43:35,679 [WARN] ConditionMgr:1044 - genDependencies : Invalid condition id : UX DEVICE CLASS RTOS Condition cause : null
2026-01-16 17:43:35,688 [WARN] ConditionMgr:438 - getConditionDescription Invalid condition id : Cortex-A Device cause : null
2026-01-16 17:43:35,696 [WARN] ConditionMgr:1044 - genDependencies : Invalid condition id : Cortex-A Device cause : null
2026-01-16 17:43:35,696 [WARN] ConditionMgr:1044 - genDependencies : Invalid condition id : Cortex-A Device cause : null
2026-01-16 17:43:35,696 [WARN] ConditionMgr:1044 - genDependencies : Invalid condition id : Cortex-A Device cause : null
2026-01-16 17:43:35,708 [WARN] PackLoader:240 - Cannot read IP mode file for STMicroelectronics.X-CUBE-SUBG2.5.0.0
2026-01-16 17:43:35,729 [WARN] PackLoader:240 - Cannot read IP mode file for STMicroelectronics.X-CUBE-AZRTOS-G4.2.0.0
2026-01-16 17:43:35,738 [WARN] PackLoader:240 - Cannot read IP mode file for wolfSSL.I-CUBE-wolfSSH.1.4.20
2026-01-16 17:43:35,744 [WARN] PackLoader:240 - Cannot read IP mode file for STMicroelectronics.X-CUBE-NFC7.2.0.0
2026-01-16 17:43:35,758 [WARN] PackLoader:240 - Cannot read IP mode file for STMicroelectronics.X-CUBE-ALS.1.0.2
2026-01-16 17:43:35,767 [WARN] PackLoader:240 - Cannot read IP mode file for STMicroelectronics.X-CUBE-STSE01.1.0.0
2026-01-16 17:43:35,784 [WARN] PackLoader:240 - Cannot read IP mode file for STMicroelectronics.X-CUBE-TOF1.3.4.3
2026-01-16 17:43:35,799 [INFO] ThirdParty:978 - Integrity check success = true
2026-01-16 17:43:35,799 [INFO] IntegrityCheckThread:100 - exiting critical section [integrity check]
2026-01-16 17:43:35,799 [INFO] IntegrityCheckThread:103 - End integrity checks thread
2026-01-16 17:43:36,293 [ERROR] LogOutputStream:75 - [STDERR_REDIRECT] [Fatal Error] :1:1: Premature end of file.
2026-01-16 17:43:36,293 [ERROR] LogOutputStream:75 - [STDERR_REDIRECT] 
2026-01-16 17:43:37,290 [ERROR] LogOutputStream:75 - [STDERR_REDIRECT] [Fatal Error] :1:1: Premature end of file.
2026-01-16 17:43:37,291 [ERROR] LogOutputStream:75 - [STDERR_REDIRECT] 
2026-01-16 17:43:38,311 [ERROR] LogOutputStream:75 - [STDERR_REDIRECT] [Fatal Error] :1:1: Premature end of file.
2026-01-16 17:43:38,312 [ERROR] LogOutputStream:75 - [STDERR_REDIRECT] 
2026-01-16 17:43:39,278 [ERROR] LogOutputStream:75 - [STDERR_REDIRECT] [Fatal Error] :1:1: Premature end of file.
2026-01-16 17:43:39,279 [ERROR] LogOutputStream:75 - [STDERR_REDIRECT] 
2026-01-16 17:43:40,271 [ERROR] LogOutputStream:75 - [STDERR_REDIRECT] [Fatal Error] :1:1: Premature end of file.
2026-01-16 17:43:40,271 [ERROR] LogOutputStream:75 - [STDERR_REDIRECT] 
2026-01-16 17:43:41,276 [ERROR] LogOutputStream:75 - [STDERR_REDIRECT] [Fatal Error] :1:1: Premature end of file.
2026-01-16 17:43:41,276 [ERROR] LogOutputStream:75 - [STDERR_REDIRECT] 
2026-01-16 17:43:42,270 [ERROR] LogOutputStream:75 - [STDERR_REDIRECT] [Fatal Error] :1:1: Premature end of file.
2026-01-16 17:43:42,271 [ERROR] LogOutputStream:75 - [STDERR_REDIRECT] 
2026-01-16 17:43:43,290 [ERROR] LogOutputStream:75 - [STDERR_REDIRECT] [Fatal Error] :1:1: Premature end of file.
2026-01-16 17:43:43,290 [ERROR] LogOutputStream:75 - [STDERR_REDIRECT] 
2026-01-16 17:43:44,273 [ERROR] LogOutputStream:75 - [STDERR_REDIRECT] [Fatal Error] :1:1: Premature end of file.
2026-01-16 17:43:44,273 [ERROR] LogOutputStream:75 - [STDERR_REDIRECT] 
2026-01-16 17:43:45,270 [ERROR] LogOutputStream:75 - [STDERR_REDIRECT] [Fatal Error] :1:1: Premature end of file.
2026-01-16 17:43:45,270 [ERROR] LogOutputStream:75 - [STDERR_REDIRECT] 
2026-01-16 17:43:46,274 [ERROR] LogOutputStream:75 - [STDERR_REDIRECT] [Fatal Error] :1:1: Premature end of file.
2026-01-16 17:43:46,275 [ERROR] LogOutputStream:75 - [STDERR_REDIRECT] 
2026-01-16 17:43:47,272 [ERROR] LogOutputStream:75 - [STDERR_REDIRECT] [Fatal Error] :1:1: Premature end of file.
2026-01-16 17:43:47,272 [ERROR] LogOutputStream:75 - [STDERR_REDIRECT] 
2026-01-16 17:43:48,271 [ERROR] LogOutputStream:75 - [STDERR_REDIRECT] [Fatal Error] :1:1: Premature end of file.
2026-01-16 17:43:48,271 [ERROR] LogOutputStream:75 - [STDERR_REDIRECT] 
2026-01-16 17:43:49,273 [ERROR] LogOutputStream:75 - [STDERR_REDIRECT] [Fatal Error] :1:1: Premature end of file.
2026-01-16 17:43:49,273 [ERROR] LogOutputStream:75 - [STDERR_REDIRECT] 
2026-01-16 17:43:50,270 [ERROR] LogOutputStream:75 - [STDERR_REDIRECT] [Fatal Error] :1:1: Premature end of file.
2026-01-16 17:43:50,270 [ERROR] LogOutputStream:75 - [STDERR_REDIRECT] 
2026-01-16 17:43:51,271 [ERROR] LogOutputStream:75 - [STDERR_REDIRECT] [Fatal Error] :1:1: Premature end of file.
2026-01-16 17:43:51,271 [ERROR] LogOutputStream:75 - [STDERR_REDIRECT] 
2026-01-16 17:43:52,271 [ERROR] LogOutputStream:75 - [STDERR_REDIRECT] [Fatal Error] :1:1: Premature end of file.
2026-01-16 17:43:52,271 [ERROR] LogOutputStream:75 - [STDERR_REDIRECT] 
2026-01-16 17:43:53,274 [ERROR] LogOutputStream:75 - [STDERR_REDIRECT] [Fatal Error] :1:1: Premature end of file.
2026-01-16 17:43:53,274 [ERROR] LogOutputStream:75 - [STDERR_REDIRECT] 
2026-01-16 17:43:54,274 [ERROR] LogOutputStream:75 - [STDERR_REDIRECT] [Fatal Error] :1:1: Premature end of file.
2026-01-16 17:43:54,275 [ERROR] LogOutputStream:75 - [STDERR_REDIRECT] 
2026-01-16 17:43:55,272 [ERROR] LogOutputStream:75 - [STDERR_REDIRECT] [Fatal Error] :1:1: Premature end of file.
2026-01-16 17:43:55,272 [ERROR] LogOutputStream:75 - [STDERR_REDIRECT] 
2026-01-16 17:43:56,274 [ERROR] LogOutputStream:75 - [STDERR_REDIRECT] [Fatal Error] :1:1: Premature end of file.
2026-01-16 17:43:56,274 [ERROR] LogOutputStream:75 - [STDERR_REDIRECT] 
2026-01-16 17:43:57,273 [ERROR] LogOutputStream:75 - [STDERR_REDIRECT] [Fatal Error] :1:1: Premature end of file.
2026-01-16 17:43:57,274 [ERROR] LogOutputStream:75 - [STDERR_REDIRECT] 
2026-01-16 17:43:58,271 [ERROR] LogOutputStream:75 - [STDERR_REDIRECT] [Fatal Error] :1:1: Premature end of file.
2026-01-16 17:43:58,271 [ERROR] LogOutputStream:75 - [STDERR_REDIRECT] 
2026-01-16 17:43:59,290 [ERROR] LogOutputStream:75 - [STDERR_REDIRECT] [Fatal Error] :1:1: Premature end of file.
2026-01-16 17:43:59,291 [ERROR] LogOutputStream:75 - [STDERR_REDIRECT] 
2026-01-16 17:44:00,276 [ERROR] LogOutputStream:75 - [STDERR_REDIRECT] [Fatal Error] :1:1: Premature end of file.
2026-01-16 17:44:00,276 [ERROR] LogOutputStream:75 - [STDERR_REDIRECT] 
2026-01-16 17:44:01,275 [ERROR] LogOutputStream:75 - [STDERR_REDIRECT] [Fatal Error] :1:1: Premature end of file.
2026-01-16 17:44:01,276 [ERROR] LogOutputStream:75 - [STDERR_REDIRECT] 
2026-01-16 17:44:02,272 [ERROR] LogOutputStream:75 - [STDERR_REDIRECT] [Fatal Error] :1:1: Premature end of file.
2026-01-16 17:44:02,272 [ERROR] LogOutputStream:75 - [STDERR_REDIRECT] 
2026-01-16 17:44:03,279 [ERROR] LogOutputStream:75 - [STDERR_REDIRECT] [Fatal Error] :1:1: Premature end of file.
2026-01-16 17:44:03,279 [ERROR] LogOutputStream:75 - [STDERR_REDIRECT] 
2026-01-16 17:44:04,273 [ERROR] LogOutputStream:75 - [STDERR_REDIRECT] [Fatal Error] :1:1: Premature end of file.
2026-01-16 17:44:04,273 [ERROR] LogOutputStream:75 - [STDERR_REDIRECT] 
2026-01-16 17:44:05,275 [ERROR] LogOutputStream:75 - [STDERR_REDIRECT] [Fatal Error] :1:1: Premature end of file.
2026-01-16 17:44:05,275 [ERROR] LogOutputStream:75 - [STDERR_REDIRECT] 
2026-01-16 17:44:06,272 [ERROR] LogOutputStream:75 - [STDERR_REDIRECT] [Fatal Error] :1:1: Premature end of file.
2026-01-16 17:44:06,272 [ERROR] LogOutputStream:75 - [STDERR_REDIRECT] 
2026-01-16 17:44:07,277 [ERROR] LogOutputStream:75 - [STDERR_REDIRECT] [Fatal Error] :1:1: Premature end of file.
2026-01-16 17:44:07,277 [ERROR] LogOutputStream:75 - [STDERR_REDIRECT] 
2026-01-16 17:44:08,276 [ERROR] LogOutputStream:75 - [STDERR_REDIRECT] [Fatal Error] :1:1: Premature end of file.
2026-01-16 17:44:08,276 [ERROR] LogOutputStream:75 - [STDERR_REDIRECT] 
2026-01-16 17:44:09,272 [ERROR] LogOutputStream:75 - [STDERR_REDIRECT] [Fatal Error] :1:1: Premature end of file.
2026-01-16 17:44:09,272 [ERROR] LogOutputStream:75 - [STDERR_REDIRECT] 
2026-01-16 17:44:10,274 [ERROR] LogOutputStream:75 - [STDERR_REDIRECT] [Fatal Error] :1:1: Premature end of file.
2026-01-16 17:44:10,274 [ERROR] LogOutputStream:75 - [STDERR_REDIRECT] 
2026-01-16 17:44:11,272 [ERROR] LogOutputStream:75 - [STDERR_REDIRECT] [Fatal Error] :1:1: Premature end of file.
2026-01-16 17:44:11,272 [ERROR] LogOutputStream:75 - [STDERR_REDIRECT] 
2026-01-16 17:44:12,276 [ERROR] LogOutputStream:75 - [STDERR_REDIRECT] [Fatal Error] :1:1: Premature end of file.
2026-01-16 17:44:12,276 [ERROR] LogOutputStream:75 - [STDERR_REDIRECT] 
2026-01-16 17:44:13,272 [ERROR] LogOutputStream:75 - [STDERR_REDIRECT] [Fatal Error] :1:1: Premature end of file.
2026-01-16 17:44:13,272 [ERROR] LogOutputStream:75 - [STDERR_REDIRECT] 
2026-01-16 17:44:14,270 [ERROR] LogOutputStream:75 - [STDERR_REDIRECT] [Fatal Error] :1:1: Premature end of file.
2026-01-16 17:44:14,271 [ERROR] LogOutputStream:75 - [STDERR_REDIRECT] 
2026-01-16 17:44:15,275 [ERROR] LogOutputStream:75 - [STDERR_REDIRECT] [Fatal Error] :1:1: Premature end of file.
2026-01-16 17:44:15,275 [ERROR] LogOutputStream:75 - [STDERR_REDIRECT] 
2026-01-16 17:44:16,276 [ERROR] LogOutputStream:75 - [STDERR_REDIRECT] [Fatal Error] :1:1: Premature end of file.
2026-01-16 17:44:16,278 [ERROR] LogOutputStream:75 - [STDERR_REDIRECT] 
2026-01-16 17:44:17,276 [ERROR] LogOutputStream:75 - [STDERR_REDIRECT] [Fatal Error] :1:1: Premature end of file.
2026-01-16 17:44:17,276 [ERROR] LogOutputStream:75 - [STDERR_REDIRECT] 
2026-01-16 17:44:18,275 [ERROR] LogOutputStream:75 - [STDERR_REDIRECT] [Fatal Error] :1:1: Premature end of file.
2026-01-16 17:44:18,275 [ERROR] LogOutputStream:75 - [STDERR_REDIRECT] 
2026-01-16 17:44:19,273 [ERROR] LogOutputStream:75 - [STDERR_REDIRECT] [Fatal Error] :1:1: Premature end of file.
2026-01-16 17:44:19,274 [ERROR] LogOutputStream:75 - [STDERR_REDIRECT] 
2026-01-16 17:44:20,274 [ERROR] LogOutputStream:75 - [STDERR_REDIRECT] [Fatal Error] :1:1: Premature end of file.
2026-01-16 17:44:20,274 [ERROR] LogOutputStream:75 - [STDERR_REDIRECT] 
2026-01-16 17:44:21,272 [ERROR] LogOutputStream:75 - [STDERR_REDIRECT] [Fatal Error] :1:1: Premature end of file.
2026-01-16 17:44:21,272 [ERROR] LogOutputStream:75 - [STDERR_REDIRECT] 
2026-01-16 17:44:22,273 [ERROR] LogOutputStream:75 - [STDERR_REDIRECT] [Fatal Error] :1:1: Premature end of file.
2026-01-16 17:44:22,273 [ERROR] LogOutputStream:75 - [STDERR_REDIRECT] 
2026-01-16 17:44:23,273 [ERROR] LogOutputStream:75 - [STDERR_REDIRECT] [Fatal Error] :1:1: Premature end of file.
2026-01-16 17:44:23,273 [ERROR] LogOutputStream:75 - [STDERR_REDIRECT] 
2026-01-16 17:44:24,272 [ERROR] LogOutputStream:75 - [STDERR_REDIRECT] [Fatal Error] :1:1: Premature end of file.
2026-01-16 17:44:24,272 [ERROR] LogOutputStream:75 - [STDERR_REDIRECT] 
2026-01-16 17:44:25,272 [ERROR] LogOutputStream:75 - [STDERR_REDIRECT] [Fatal Error] :1:1: Premature end of file.
2026-01-16 17:44:25,273 [ERROR] LogOutputStream:75 - [STDERR_REDIRECT] 
2026-01-16 17:44:26,270 [ERROR] LogOutputStream:75 - [STDERR_REDIRECT] [Fatal Error] :1:1: Premature end of file.
2026-01-16 17:44:26,270 [ERROR] LogOutputStream:75 - [STDERR_REDIRECT] 
2026-01-16 17:44:27,293 [ERROR] LogOutputStream:75 - [STDERR_REDIRECT] [Fatal Error] :1:1: Premature end of file.
2026-01-16 17:44:27,294 [ERROR] LogOutputStream:75 - [STDERR_REDIRECT] 
2026-01-16 17:44:28,276 [ERROR] LogOutputStream:75 - [STDERR_REDIRECT] [Fatal Error] :1:1: Premature end of file.
2026-01-16 17:44:28,276 [ERROR] LogOutputStream:75 - [STDERR_REDIRECT] 
2026-01-16 17:44:29,278 [ERROR] LogOutputStream:75 - [STDERR_REDIRECT] [Fatal Error] :1:1: Premature end of file.
2026-01-16 17:44:29,278 [ERROR] LogOutputStream:75 - [STDERR_REDIRECT] 
2026-01-16 17:44:30,276 [ERROR] LogOutputStream:75 - [STDERR_REDIRECT] [Fatal Error] :1:1: Premature end of file.
2026-01-16 17:44:30,276 [ERROR] LogOutputStream:75 - [STDERR_REDIRECT] 
2026-01-16 17:44:31,276 [ERROR] LogOutputStream:75 - [STDERR_REDIRECT] [Fatal Error] :1:1: Premature end of file.
2026-01-16 17:44:31,276 [ERROR] LogOutputStream:75 - [STDERR_REDIRECT] 
2026-01-16 17:44:32,275 [ERROR] LogOutputStream:75 - [STDERR_REDIRECT] [Fatal Error] :1:1: Premature end of file.
2026-01-16 17:44:32,275 [ERROR] LogOutputStream:75 - [STDERR_REDIRECT] 
2026-01-16 17:44:33,274 [ERROR] LogOutputStream:75 - [STDERR_REDIRECT] [Fatal Error] :1:1: Premature end of file.
2026-01-16 17:44:33,274 [ERROR] LogOutputStream:75 - [STDERR_REDIRECT] 
2026-01-16 17:44:34,274 [ERROR] LogOutputStream:75 - [STDERR_REDIRECT] [Fatal Error] :1:1: Premature end of file.
2026-01-16 17:44:34,274 [ERROR] LogOutputStream:75 - [STDERR_REDIRECT] 
2026-01-16 17:44:35,276 [ERROR] LogOutputStream:75 - [STDERR_REDIRECT] [Fatal Error] :1:1: Premature end of file.
2026-01-16 17:44:35,276 [ERROR] LogOutputStream:75 - [STDERR_REDIRECT] 
2026-01-16 17:44:36,272 [ERROR] LogOutputStream:75 - [STDERR_REDIRECT] [Fatal Error] :1:1: Premature end of file.
2026-01-16 17:44:36,273 [ERROR] LogOutputStream:75 - [STDERR_REDIRECT] 
2026-01-16 17:44:37,275 [ERROR] LogOutputStream:75 - [STDERR_REDIRECT] [Fatal Error] :1:1: Premature end of file.
2026-01-16 17:44:37,275 [ERROR] LogOutputStream:75 - [STDERR_REDIRECT] 
2026-01-16 17:44:38,274 [ERROR] LogOutputStream:75 - [STDERR_REDIRECT] [Fatal Error] :1:1: Premature end of file.
2026-01-16 17:44:38,274 [ERROR] LogOutputStream:75 - [STDERR_REDIRECT] 
2026-01-16 17:44:39,273 [ERROR] LogOutputStream:75 - [STDERR_REDIRECT] [Fatal Error] :1:1: Premature end of file.
2026-01-16 17:44:39,274 [ERROR] LogOutputStream:75 - [STDERR_REDIRECT] 
2026-01-16 17:44:40,270 [ERROR] LogOutputStream:75 - [STDERR_REDIRECT] [Fatal Error] :1:1: Premature end of file.
2026-01-16 17:44:40,270 [ERROR] LogOutputStream:75 - [STDERR_REDIRECT] 
2026-01-16 17:44:41,271 [ERROR] LogOutputStream:75 - [STDERR_REDIRECT] [Fatal Error] :1:1: Premature end of file.
2026-01-16 17:44:41,271 [ERROR] LogOutputStream:75 - [STDERR_REDIRECT] 
2026-01-16 17:44:42,275 [ERROR] LogOutputStream:75 - [STDERR_REDIRECT] [Fatal Error] :1:1: Premature end of file.
2026-01-16 17:44:42,276 [ERROR] LogOutputStream:75 - [STDERR_REDIRECT] 
2026-01-16 17:44:43,275 [ERROR] LogOutputStream:75 - [STDERR_REDIRECT] [Fatal Error] :1:1: Premature end of file.
2026-01-16 17:44:43,275 [ERROR] LogOutputStream:75 - [STDERR_REDIRECT] 
2026-01-16 17:44:44,276 [ERROR] LogOutputStream:75 - [STDERR_REDIRECT] [Fatal Error] :1:1: Premature end of file.
2026-01-16 17:44:44,278 [ERROR] LogOutputStream:75 - [STDERR_REDIRECT] 
2026-01-16 17:44:45,274 [ERROR] LogOutputStream:75 - [STDERR_REDIRECT] [Fatal Error] :1:1: Premature end of file.
2026-01-16 17:44:45,274 [ERROR] LogOutputStream:75 - [STDERR_REDIRECT] 
2026-01-16 17:44:46,276 [ERROR] LogOutputStream:75 - [STDERR_REDIRECT] [Fatal Error] :1:1: Premature end of file.
2026-01-16 17:44:46,276 [ERROR] LogOutputStream:75 - [STDERR_REDIRECT] 
2026-01-16 17:44:47,277 [ERROR] LogOutputStream:75 - [STDERR_REDIRECT] [Fatal Error] :1:1: Premature end of file.
2026-01-16 17:44:47,277 [ERROR] LogOutputStream:75 - [STDERR_REDIRECT] 
2026-01-16 17:44:48,273 [ERROR] LogOutputStream:75 - [STDERR_REDIRECT] [Fatal Error] :1:1: Premature end of file.
2026-01-16 17:44:48,273 [ERROR] LogOutputStream:75 - [STDERR_REDIRECT] 
2026-01-16 17:44:49,276 [ERROR] LogOutputStream:75 - [STDERR_REDIRECT] [Fatal Error] :1:1: Premature end of file.
2026-01-16 17:44:49,276 [ERROR] LogOutputStream:75 - [STDERR_REDIRECT] 
2026-01-16 17:44:50,274 [ERROR] LogOutputStream:75 - [STDERR_REDIRECT] [Fatal Error] :1:1: Premature end of file.
2026-01-16 17:44:50,274 [ERROR] LogOutputStream:75 - [STDERR_REDIRECT] 
2026-01-16 17:44:51,274 [ERROR] LogOutputStream:75 - [STDERR_REDIRECT] [Fatal Error] :1:1: Premature end of file.
2026-01-16 17:44:51,274 [ERROR] LogOutputStream:75 - [STDERR_REDIRECT] 
2026-01-16 17:44:52,270 [ERROR] LogOutputStream:75 - [STDERR_REDIRECT] [Fatal Error] :1:1: Premature end of file.
2026-01-16 17:44:52,270 [ERROR] LogOutputStream:75 - [STDERR_REDIRECT] 
2026-01-16 17:44:53,270 [ERROR] LogOutputStream:75 - [STDERR_REDIRECT] [Fatal Error] :1:1: Premature end of file.
2026-01-16 17:44:53,271 [ERROR] LogOutputStream:75 - [STDERR_REDIRECT] 
2026-01-16 17:44:54,270 [ERROR] LogOutputStream:75 - [STDERR_REDIRECT] [Fatal Error] :1:1: Premature end of file.
2026-01-16 17:44:54,270 [ERROR] LogOutputStream:75 - [STDERR_REDIRECT] 
2026-01-16 17:44:55,276 [ERROR] LogOutputStream:75 - [STDERR_REDIRECT] [Fatal Error] :1:1: Premature end of file.
2026-01-16 17:44:55,276 [ERROR] LogOutputStream:75 - [STDERR_REDIRECT] 
2026-01-16 17:44:56,291 [ERROR] LogOutputStream:75 - [STDERR_REDIRECT] [Fatal Error] :1:1: Premature end of file.
2026-01-16 17:44:56,292 [ERROR] LogOutputStream:75 - [STDERR_REDIRECT] 
2026-01-16 17:44:57,283 [ERROR] LogOutputStream:75 - [STDERR_REDIRECT] [Fatal Error] :1:1: Premature end of file.
2026-01-16 17:44:57,284 [ERROR] LogOutputStream:75 - [STDERR_REDIRECT] 
2026-01-16 17:44:58,276 [ERROR] LogOutputStream:75 - [STDERR_REDIRECT] [Fatal Error] :1:1: Premature end of file.
2026-01-16 17:44:58,276 [ERROR] LogOutputStream:75 - [STDERR_REDIRECT] 
2026-01-16 17:44:59,285 [ERROR] LogOutputStream:75 - [STDERR_REDIRECT] [Fatal Error] :1:1: Premature end of file.
2026-01-16 17:44:59,285 [ERROR] LogOutputStream:75 - [STDERR_REDIRECT] 
2026-01-16 17:45:00,286 [ERROR] LogOutputStream:75 - [STDERR_REDIRECT] [Fatal Error] :1:1: Premature end of file.
2026-01-16 17:45:00,286 [ERROR] LogOutputStream:75 - [STDERR_REDIRECT] 
2026-01-16 17:45:01,295 [ERROR] LogOutputStream:75 - [STDERR_REDIRECT] [Fatal Error] :1:1: Premature end of file.
2026-01-16 17:45:01,295 [ERROR] LogOutputStream:75 - [STDERR_REDIRECT] 
2026-01-16 17:45:02,280 [ERROR] LogOutputStream:75 - [STDERR_REDIRECT] [Fatal Error] :1:1: Premature end of file.
2026-01-16 17:45:02,280 [ERROR] LogOutputStream:75 - [STDERR_REDIRECT] 
2026-01-16 17:45:03,279 [ERROR] LogOutputStream:75 - [STDERR_REDIRECT] [Fatal Error] :1:1: Premature end of file.
2026-01-16 17:45:03,279 [ERROR] LogOutputStream:75 - [STDERR_REDIRECT] 
2026-01-16 17:45:04,271 [ERROR] LogOutputStream:75 - [STDERR_REDIRECT] [Fatal Error] :1:1: Premature end of file.
2026-01-16 17:45:04,272 [ERROR] LogOutputStream:75 - [STDERR_REDIRECT] 
2026-01-16 17:45:05,279 [ERROR] LogOutputStream:75 - [STDERR_REDIRECT] [Fatal Error] :1:1: Premature end of file.
2026-01-16 17:45:05,279 [ERROR] LogOutputStream:75 - [STDERR_REDIRECT] 
2026-01-16 17:45:06,273 [ERROR] LogOutputStream:75 - [STDERR_REDIRECT] [Fatal Error] :1:1: Premature end of file.
2026-01-16 17:45:06,273 [ERROR] LogOutputStream:75 - [STDERR_REDIRECT] 
2026-01-16 17:45:07,274 [ERROR] LogOutputStream:75 - [STDERR_REDIRECT] [Fatal Error] :1:1: Premature end of file.
2026-01-16 17:45:07,274 [ERROR] LogOutputStream:75 - [STDERR_REDIRECT] 
2026-01-16 17:45:08,295 [ERROR] LogOutputStream:75 - [STDERR_REDIRECT] [Fatal Error] :1:1: Premature end of file.
2026-01-16 17:45:08,295 [ERROR] LogOutputStream:75 - [STDERR_REDIRECT] 
2026-01-16 17:45:09,276 [ERROR] LogOutputStream:75 - [STDERR_REDIRECT] [Fatal Error] :1:1: Premature end of file.
2026-01-16 17:45:09,276 [ERROR] LogOutputStream:75 - [STDERR_REDIRECT] 
2026-01-16 17:45:10,270 [ERROR] LogOutputStream:75 - [STDERR_REDIRECT] [Fatal Error] :1:1: Premature end of file.
2026-01-16 17:45:10,270 [ERROR] LogOutputStream:75 - [STDERR_REDIRECT] 
2026-01-16 17:45:11,278 [ERROR] LogOutputStream:75 - [STDERR_REDIRECT] [Fatal Error] :1:1: Premature end of file.
2026-01-16 17:45:11,278 [ERROR] LogOutputStream:75 - [STDERR_REDIRECT] 
2026-01-16 17:45:12,273 [ERROR] LogOutputStream:75 - [STDERR_REDIRECT] [Fatal Error] :1:1: Premature end of file.
2026-01-16 17:45:12,273 [ERROR] LogOutputStream:75 - [STDERR_REDIRECT] 
2026-01-16 17:45:13,274 [ERROR] LogOutputStream:75 - [STDERR_REDIRECT] [Fatal Error] :1:1: Premature end of file.
2026-01-16 17:45:13,274 [ERROR] LogOutputStream:75 - [STDERR_REDIRECT] 
2026-01-16 17:45:14,271 [ERROR] LogOutputStream:75 - [STDERR_REDIRECT] [Fatal Error] :1:1: Premature end of file.
2026-01-16 17:45:14,272 [ERROR] LogOutputStream:75 - [STDERR_REDIRECT] 
2026-01-16 17:45:15,286 [ERROR] LogOutputStream:75 - [STDERR_REDIRECT] [Fatal Error] :1:1: Premature end of file.
2026-01-16 17:45:15,286 [ERROR] LogOutputStream:75 - [STDERR_REDIRECT] 
2026-01-16 17:45:16,273 [ERROR] LogOutputStream:75 - [STDERR_REDIRECT] [Fatal Error] :1:1: Premature end of file.
2026-01-16 17:45:16,273 [ERROR] LogOutputStream:75 - [STDERR_REDIRECT] 
2026-01-16 17:45:17,275 [ERROR] LogOutputStream:75 - [STDERR_REDIRECT] [Fatal Error] :1:1: Premature end of file.
2026-01-16 17:45:17,275 [ERROR] LogOutputStream:75 - [STDERR_REDIRECT] 
2026-01-16 17:45:18,271 [ERROR] LogOutputStream:75 - [STDERR_REDIRECT] [Fatal Error] :1:1: Premature end of file.
2026-01-16 17:45:18,272 [ERROR] LogOutputStream:75 - [STDERR_REDIRECT] 
2026-01-16 17:45:19,270 [ERROR] LogOutputStream:75 - [STDERR_REDIRECT] [Fatal Error] :1:1: Premature end of file.
2026-01-16 17:45:19,270 [ERROR] LogOutputStream:75 - [STDERR_REDIRECT] 
2026-01-16 17:45:20,273 [ERROR] LogOutputStream:75 - [STDERR_REDIRECT] [Fatal Error] :1:1: Premature end of file.
2026-01-16 17:45:20,273 [ERROR] LogOutputStream:75 - [STDERR_REDIRECT] 
2026-01-16 17:45:21,270 [ERROR] LogOutputStream:75 - [STDERR_REDIRECT] [Fatal Error] :1:1: Premature end of file.
2026-01-16 17:45:21,270 [ERROR] LogOutputStream:75 - [STDERR_REDIRECT] 
2026-01-16 17:45:22,275 [ERROR] LogOutputStream:75 - [STDERR_REDIRECT] [Fatal Error] :1:1: Premature end of file.
2026-01-16 17:45:22,275 [ERROR] LogOutputStream:75 - [STDERR_REDIRECT] 
2026-01-16 17:45:23,274 [ERROR] LogOutputStream:75 - [STDERR_REDIRECT] [Fatal Error] :1:1: Premature end of file.
2026-01-16 17:45:23,274 [ERROR] LogOutputStream:75 - [STDERR_REDIRECT] 
2026-01-16 17:45:24,272 [ERROR] LogOutputStream:75 - [STDERR_REDIRECT] [Fatal Error] :1:1: Premature end of file.
2026-01-16 17:45:24,273 [ERROR] LogOutputStream:75 - [STDERR_REDIRECT] 
2026-01-16 17:45:25,299 [ERROR] LogOutputStream:75 - [STDERR_REDIRECT] [Fatal Error] :1:1: Premature end of file.
2026-01-16 17:45:25,300 [ERROR] LogOutputStream:75 - [STDERR_REDIRECT] 
2026-01-16 17:45:26,283 [ERROR] LogOutputStream:75 - [STDERR_REDIRECT] [Fatal Error] :1:1: Premature end of file.
2026-01-16 17:45:26,283 [ERROR] LogOutputStream:75 - [STDERR_REDIRECT] 
2026-01-16 17:45:27,273 [ERROR] LogOutputStream:75 - [STDERR_REDIRECT] [Fatal Error] :1:1: Premature end of file.
2026-01-16 17:45:27,274 [ERROR] LogOutputStream:75 - [STDERR_REDIRECT] 
2026-01-16 17:45:28,279 [ERROR] LogOutputStream:75 - [STDERR_REDIRECT] [Fatal Error] :1:1: Premature end of file.
2026-01-16 17:45:28,280 [ERROR] LogOutputStream:75 - [STDERR_REDIRECT] 
2026-01-16 17:45:29,273 [ERROR] LogOutputStream:75 - [STDERR_REDIRECT] [Fatal Error] :1:1: Premature end of file.
2026-01-16 17:45:29,273 [ERROR] LogOutputStream:75 - [STDERR_REDIRECT] 
2026-01-16 17:45:30,273 [ERROR] LogOutputStream:75 - [STDERR_REDIRECT] [Fatal Error] :1:1: Premature end of file.
2026-01-16 17:45:30,273 [ERROR] LogOutputStream:75 - [STDERR_REDIRECT] 
2026-01-16 17:45:31,282 [ERROR] LogOutputStream:75 - [STDERR_REDIRECT] [Fatal Error] :1:1: Premature end of file.
2026-01-16 17:45:31,282 [ERROR] LogOutputStream:75 - [STDERR_REDIRECT] 
2026-01-16 17:45:32,273 [ERROR] LogOutputStream:75 - [STDERR_REDIRECT] [Fatal Error] :1:1: Premature end of file.
2026-01-16 17:45:32,273 [ERROR] LogOutputStream:75 - [STDERR_REDIRECT] 
2026-01-16 17:45:33,283 [ERROR] LogOutputStream:75 - [STDERR_REDIRECT] [Fatal Error] :1:1: Premature end of file.
2026-01-16 17:45:33,283 [ERROR] LogOutputStream:75 - [STDERR_REDIRECT] 
2026-01-16 17:45:34,274 [ERROR] LogOutputStream:75 - [STDERR_REDIRECT] [Fatal Error] :1:1: Premature end of file.
2026-01-16 17:45:34,275 [ERROR] LogOutputStream:75 - [STDERR_REDIRECT] 
2026-01-16 17:45:35,273 [ERROR] LogOutputStream:75 - [STDERR_REDIRECT] [Fatal Error] :1:1: Premature end of file.
2026-01-16 17:45:35,273 [ERROR] LogOutputStream:75 - [STDERR_REDIRECT] 
2026-01-16 17:45:36,271 [ERROR] LogOutputStream:75 - [STDERR_REDIRECT] [Fatal Error] :1:1: Premature end of file.
2026-01-16 17:45:36,273 [ERROR] LogOutputStream:75 - [STDERR_REDIRECT] 
2026-01-16 17:45:37,270 [ERROR] LogOutputStream:75 - [STDERR_REDIRECT] [Fatal Error] :1:1: Premature end of file.
2026-01-16 17:45:37,270 [ERROR] LogOutputStream:75 - [STDERR_REDIRECT] 
2026-01-16 17:45:38,273 [ERROR] LogOutputStream:75 - [STDERR_REDIRECT] [Fatal Error] :1:1: Premature end of file.
2026-01-16 17:45:38,273 [ERROR] LogOutputStream:75 - [STDERR_REDIRECT] 
2026-01-16 17:45:39,272 [ERROR] LogOutputStream:75 - [STDERR_REDIRECT] [Fatal Error] :1:1: Premature end of file.
2026-01-16 17:45:39,272 [ERROR] LogOutputStream:75 - [STDERR_REDIRECT] 
2026-01-16 17:45:40,272 [ERROR] LogOutputStream:75 - [STDERR_REDIRECT] [Fatal Error] :1:1: Premature end of file.
2026-01-16 17:45:40,272 [ERROR] LogOutputStream:75 - [STDERR_REDIRECT] 
2026-01-16 17:45:41,274 [ERROR] LogOutputStream:75 - [STDERR_REDIRECT] [Fatal Error] :1:1: Premature end of file.
2026-01-16 17:45:41,274 [ERROR] LogOutputStream:75 - [STDERR_REDIRECT] 
2026-01-16 17:45:42,272 [ERROR] LogOutputStream:75 - [STDERR_REDIRECT] [Fatal Error] :1:1: Premature end of file.
2026-01-16 17:45:42,272 [ERROR] LogOutputStream:75 - [STDERR_REDIRECT] 
2026-01-16 17:45:43,276 [ERROR] LogOutputStream:75 - [STDERR_REDIRECT] [Fatal Error] :1:1: Premature end of file.
2026-01-16 17:45:43,276 [ERROR] LogOutputStream:75 - [STDERR_REDIRECT] 
2026-01-16 17:45:44,272 [ERROR] LogOutputStream:75 - [STDERR_REDIRECT] [Fatal Error] :1:1: Premature end of file.
2026-01-16 17:45:44,272 [ERROR] LogOutputStream:75 - [STDERR_REDIRECT] 
2026-01-16 17:45:45,272 [ERROR] LogOutputStream:75 - [STDERR_REDIRECT] [Fatal Error] :1:1: Premature end of file.
2026-01-16 17:45:45,273 [ERROR] LogOutputStream:75 - [STDERR_REDIRECT] 
2026-01-16 17:45:46,271 [ERROR] LogOutputStream:75 - [STDERR_REDIRECT] [Fatal Error] :1:1: Premature end of file.
2026-01-16 17:45:46,271 [ERROR] LogOutputStream:75 - [STDERR_REDIRECT] 
2026-01-16 17:45:47,271 [ERROR] LogOutputStream:75 - [STDERR_REDIRECT] [Fatal Error] :1:1: Premature end of file.
2026-01-16 17:45:47,271 [ERROR] LogOutputStream:75 - [STDERR_REDIRECT] 
2026-01-16 17:45:48,272 [ERROR] LogOutputStream:75 - [STDERR_REDIRECT] [Fatal Error] :1:1: Premature end of file.
2026-01-16 17:45:48,272 [ERROR] LogOutputStream:75 - [STDERR_REDIRECT] 
2026-01-16 17:45:49,273 [ERROR] LogOutputStream:75 - [STDERR_REDIRECT] [Fatal Error] :1:1: Premature end of file.
2026-01-16 17:45:49,273 [ERROR] LogOutputStream:75 - [STDERR_REDIRECT] 
2026-01-16 17:45:50,271 [ERROR] LogOutputStream:75 - [STDERR_REDIRECT] [Fatal Error] :1:1: Premature end of file.
2026-01-16 17:45:50,271 [ERROR] LogOutputStream:75 - [STDERR_REDIRECT] 
2026-01-16 17:45:51,272 [ERROR] LogOutputStream:75 - [STDERR_REDIRECT] [Fatal Error] :1:1: Premature end of file.
2026-01-16 17:45:51,272 [ERROR] LogOutputStream:75 - [STDERR_REDIRECT] 
2026-01-16 17:45:52,279 [ERROR] LogOutputStream:75 - [STDERR_REDIRECT] [Fatal Error] :1:1: Premature end of file.
2026-01-16 17:45:52,279 [ERROR] LogOutputStream:75 - [STDERR_REDIRECT] 
2026-01-16 17:45:53,274 [ERROR] LogOutputStream:75 - [STDERR_REDIRECT] [Fatal Error] :1:1: Premature end of file.
2026-01-16 17:45:53,274 [ERROR] LogOutputStream:75 - [STDERR_REDIRECT] 
2026-01-16 17:45:54,273 [ERROR] LogOutputStream:75 - [STDERR_REDIRECT] [Fatal Error] :1:1: Premature end of file.
2026-01-16 17:45:54,273 [ERROR] LogOutputStream:75 - [STDERR_REDIRECT] 
2026-01-16 17:45:55,272 [ERROR] LogOutputStream:75 - [STDERR_REDIRECT] [Fatal Error] :1:1: Premature end of file.
2026-01-16 17:45:55,272 [ERROR] LogOutputStream:75 - [STDERR_REDIRECT] 
2026-01-16 17:45:56,271 [ERROR] LogOutputStream:75 - [STDERR_REDIRECT] [Fatal Error] :1:1: Premature end of file.
2026-01-16 17:45:56,272 [ERROR] LogOutputStream:75 - [STDERR_REDIRECT] 
2026-01-16 17:45:57,270 [ERROR] LogOutputStream:75 - [STDERR_REDIRECT] [Fatal Error] :1:1: Premature end of file.
2026-01-16 17:45:57,271 [ERROR] LogOutputStream:75 - [STDERR_REDIRECT] 
2026-01-16 17:45:58,272 [ERROR] LogOutputStream:75 - [STDERR_REDIRECT] [Fatal Error] :1:1: Premature end of file.
2026-01-16 17:45:58,273 [ERROR] LogOutputStream:75 - [STDERR_REDIRECT] 
2026-01-16 17:45:59,273 [ERROR] LogOutputStream:75 - [STDERR_REDIRECT] [Fatal Error] :1:1: Premature end of file.
2026-01-16 17:45:59,273 [ERROR] LogOutputStream:75 - [STDERR_REDIRECT] 
2026-01-16 17:46:00,273 [ERROR] LogOutputStream:75 - [STDERR_REDIRECT] [Fatal Error] :1:1: Premature end of file.
2026-01-16 17:46:00,273 [ERROR] LogOutputStream:75 - [STDERR_REDIRECT] 
2026-01-16 17:46:01,272 [ERROR] LogOutputStream:75 - [STDERR_REDIRECT] [Fatal Error] :1:1: Premature end of file.
2026-01-16 17:46:01,273 [ERROR] LogOutputStream:75 - [STDERR_REDIRECT] 
2026-01-16 17:46:02,271 [ERROR] LogOutputStream:75 - [STDERR_REDIRECT] [Fatal Error] :1:1: Premature end of file.
2026-01-16 17:46:02,271 [ERROR] LogOutputStream:75 - [STDERR_REDIRECT] 
2026-01-16 17:46:03,272 [ERROR] LogOutputStream:75 - [STDERR_REDIRECT] [Fatal Error] :1:1: Premature end of file.
2026-01-16 17:46:03,272 [ERROR] LogOutputStream:75 - [STDERR_REDIRECT] 
2026-01-16 17:46:04,272 [ERROR] LogOutputStream:75 - [STDERR_REDIRECT] [Fatal Error] :1:1: Premature end of file.
2026-01-16 17:46:04,273 [ERROR] LogOutputStream:75 - [STDERR_REDIRECT] 
2026-01-16 17:46:05,270 [ERROR] LogOutputStream:75 - [STDERR_REDIRECT] [Fatal Error] :1:1: Premature end of file.
2026-01-16 17:46:05,271 [ERROR] LogOutputStream:75 - [STDERR_REDIRECT] 
2026-01-16 17:46:06,272 [ERROR] LogOutputStream:75 - [STDERR_REDIRECT] [Fatal Error] :1:1: Premature end of file.
2026-01-16 17:46:06,272 [ERROR] LogOutputStream:75 - [STDERR_REDIRECT] 
2026-01-16 17:46:07,271 [ERROR] LogOutputStream:75 - [STDERR_REDIRECT] [Fatal Error] :1:1: Premature end of file.
2026-01-16 17:46:07,271 [ERROR] LogOutputStream:75 - [STDERR_REDIRECT] 
2026-01-16 17:46:08,278 [ERROR] LogOutputStream:75 - [STDERR_REDIRECT] [Fatal Error] :1:1: Premature end of file.
2026-01-16 17:46:08,278 [ERROR] LogOutputStream:75 - [STDERR_REDIRECT] 
2026-01-16 17:46:09,272 [ERROR] LogOutputStream:75 - [STDERR_REDIRECT] [Fatal Error] :1:1: Premature end of file.
2026-01-16 17:46:09,272 [ERROR] LogOutputStream:75 - [STDERR_REDIRECT] 
2026-01-16 17:46:10,303 [ERROR] LogOutputStream:75 - [STDERR_REDIRECT] [Fatal Error] :1:1: Premature end of file.
2026-01-16 17:46:10,303 [ERROR] LogOutputStream:75 - [STDERR_REDIRECT] 
2026-01-16 17:46:11,281 [ERROR] LogOutputStream:75 - [STDERR_REDIRECT] [Fatal Error] :1:1: Premature end of file.
2026-01-16 17:46:11,281 [ERROR] LogOutputStream:75 - [STDERR_REDIRECT] 
2026-01-16 17:46:12,271 [ERROR] LogOutputStream:75 - [STDERR_REDIRECT] [Fatal Error] :1:1: Premature end of file.
2026-01-16 17:46:12,271 [ERROR] LogOutputStream:75 - [STDERR_REDIRECT] 
2026-01-16 17:46:13,274 [ERROR] LogOutputStream:75 - [STDERR_REDIRECT] [Fatal Error] :1:1: Premature end of file.
2026-01-16 17:46:13,274 [ERROR] LogOutputStream:75 - [STDERR_REDIRECT] 
2026-01-16 17:46:14,274 [ERROR] LogOutputStream:75 - [STDERR_REDIRECT] [Fatal Error] :1:1: Premature end of file.
2026-01-16 17:46:14,274 [ERROR] LogOutputStream:75 - [STDERR_REDIRECT] 
2026-01-16 17:46:15,280 [ERROR] LogOutputStream:75 - [STDERR_REDIRECT] [Fatal Error] :1:1: Premature end of file.
2026-01-16 17:46:15,280 [ERROR] LogOutputStream:75 - [STDERR_REDIRECT] 
2026-01-16 17:46:16,271 [ERROR] LogOutputStream:75 - [STDERR_REDIRECT] [Fatal Error] :1:1: Premature end of file.
2026-01-16 17:46:16,271 [ERROR] LogOutputStream:75 - [STDERR_REDIRECT] 
2026-01-16 17:46:17,272 [ERROR] LogOutputStream:75 - [STDERR_REDIRECT] [Fatal Error] :1:1: Premature end of file.
2026-01-16 17:46:17,273 [ERROR] LogOutputStream:75 - [STDERR_REDIRECT] 
2026-01-16 17:46:18,272 [ERROR] LogOutputStream:75 - [STDERR_REDIRECT] [Fatal Error] :1:1: Premature end of file.
2026-01-16 17:46:18,272 [ERROR] LogOutputStream:75 - [STDERR_REDIRECT] 
2026-01-16 17:46:19,271 [ERROR] LogOutputStream:75 - [STDERR_REDIRECT] [Fatal Error] :1:1: Premature end of file.
2026-01-16 17:46:19,271 [ERROR] LogOutputStream:75 - [STDERR_REDIRECT] 
2026-01-16 17:46:20,272 [ERROR] LogOutputStream:75 - [STDERR_REDIRECT] [Fatal Error] :1:1: Premature end of file.
2026-01-16 17:46:20,272 [ERROR] LogOutputStream:75 - [STDERR_REDIRECT] 
2026-01-16 17:46:21,273 [ERROR] LogOutputStream:75 - [STDERR_REDIRECT] [Fatal Error] :1:1: Premature end of file.
2026-01-16 17:46:21,273 [ERROR] LogOutputStream:75 - [STDERR_REDIRECT] 
2026-01-16 17:46:22,271 [ERROR] LogOutputStream:75 - [STDERR_REDIRECT] [Fatal Error] :1:1: Premature end of file.
2026-01-16 17:46:22,272 [ERROR] LogOutputStream:75 - [STDERR_REDIRECT] 
2026-01-16 17:46:23,272 [ERROR] LogOutputStream:75 - [STDERR_REDIRECT] [Fatal Error] :1:1: Premature end of file.
2026-01-16 17:46:23,272 [ERROR] LogOutputStream:75 - [STDERR_REDIRECT] 
2026-01-16 17:46:24,273 [ERROR] LogOutputStream:75 - [STDERR_REDIRECT] [Fatal Error] :1:1: Premature end of file.
2026-01-16 17:46:24,273 [ERROR] LogOutputStream:75 - [STDERR_REDIRECT] 
2026-01-16 17:46:25,271 [ERROR] LogOutputStream:75 - [STDERR_REDIRECT] [Fatal Error] :1:1: Premature end of file.
2026-01-16 17:46:25,271 [ERROR] LogOutputStream:75 - [STDERR_REDIRECT] 
2026-01-16 17:46:26,271 [ERROR] LogOutputStream:75 - [STDERR_REDIRECT] [Fatal Error] :1:1: Premature end of file.
2026-01-16 17:46:26,271 [ERROR] LogOutputStream:75 - [STDERR_REDIRECT] 
2026-01-16 17:46:27,272 [ERROR] LogOutputStream:75 - [STDERR_REDIRECT] [Fatal Error] :1:1: Premature end of file.
2026-01-16 17:46:27,272 [ERROR] LogOutputStream:75 - [STDERR_REDIRECT] 
2026-01-16 17:46:28,272 [ERROR] LogOutputStream:75 - [STDERR_REDIRECT] [Fatal Error] :1:1: Premature end of file.
2026-01-16 17:46:28,272 [ERROR] LogOutputStream:75 - [STDERR_REDIRECT] 
2026-01-16 17:46:29,274 [ERROR] LogOutputStream:75 - [STDERR_REDIRECT] [Fatal Error] :1:1: Premature end of file.
2026-01-16 17:46:29,274 [ERROR] LogOutputStream:75 - [STDERR_REDIRECT] 
2026-01-16 17:46:30,274 [ERROR] LogOutputStream:75 - [STDERR_REDIRECT] [Fatal Error] :1:1: Premature end of file.
2026-01-16 17:46:30,274 [ERROR] LogOutputStream:75 - [STDERR_REDIRECT] 
2026-01-16 17:46:31,273 [ERROR] LogOutputStream:75 - [STDERR_REDIRECT] [Fatal Error] :1:1: Premature end of file.
2026-01-16 17:46:31,273 [ERROR] LogOutputStream:75 - [STDERR_REDIRECT] 
2026-01-16 17:46:32,274 [ERROR] LogOutputStream:75 - [STDERR_REDIRECT] [Fatal Error] :1:1: Premature end of file.
2026-01-16 17:46:32,274 [ERROR] LogOutputStream:75 - [STDERR_REDIRECT] 
2026-01-16 17:46:33,273 [ERROR] LogOutputStream:75 - [STDERR_REDIRECT] [Fatal Error] :1:1: Premature end of file.
2026-01-16 17:46:33,273 [ERROR] LogOutputStream:75 - [STDERR_REDIRECT] 
2026-01-16 17:46:34,271 [ERROR] LogOutputStream:75 - [STDERR_REDIRECT] [Fatal Error] :1:1: Premature end of file.
2026-01-16 17:46:34,271 [ERROR] LogOutputStream:75 - [STDERR_REDIRECT] 
2026-01-16 17:46:35,273 [ERROR] LogOutputStream:75 - [STDERR_REDIRECT] [Fatal Error] :1:1: Premature end of file.
2026-01-16 17:46:35,273 [ERROR] LogOutputStream:75 - [STDERR_REDIRECT] 
2026-01-16 17:46:36,272 [ERROR] LogOutputStream:75 - [STDERR_REDIRECT] [Fatal Error] :1:1: Premature end of file.
2026-01-16 17:46:36,273 [ERROR] LogOutputStream:75 - [STDERR_REDIRECT] 
2026-01-16 17:46:37,271 [ERROR] LogOutputStream:75 - [STDERR_REDIRECT] [Fatal Error] :1:1: Premature end of file.
2026-01-16 17:46:37,271 [ERROR] LogOutputStream:75 - [STDERR_REDIRECT] 
2026-01-16 17:46:38,270 [ERROR] LogOutputStream:75 - [STDERR_REDIRECT] [Fatal Error] :1:1: Premature end of file.
2026-01-16 17:46:38,270 [ERROR] LogOutputStream:75 - [STDERR_REDIRECT] 
2026-01-16 17:46:39,271 [ERROR] LogOutputStream:75 - [STDERR_REDIRECT] [Fatal Error] :1:1: Premature end of file.
2026-01-16 17:46:39,272 [ERROR] LogOutputStream:75 - [STDERR_REDIRECT] 
2026-01-16 17:46:40,272 [ERROR] LogOutputStream:75 - [STDERR_REDIRECT] [Fatal Error] :1:1: Premature end of file.
2026-01-16 17:46:40,272 [ERROR] LogOutputStream:75 - [STDERR_REDIRECT] 
2026-01-16 17:46:41,271 [ERROR] LogOutputStream:75 - [STDERR_REDIRECT] [Fatal Error] :1:1: Premature end of file.
2026-01-16 17:46:41,272 [ERROR] LogOutputStream:75 - [STDERR_REDIRECT] 
2026-01-16 17:46:42,272 [ERROR] LogOutputStream:75 - [STDERR_REDIRECT] [Fatal Error] :1:1: Premature end of file.
2026-01-16 17:46:42,272 [ERROR] LogOutputStream:75 - [STDERR_REDIRECT] 
2026-01-16 17:46:43,271 [ERROR] LogOutputStream:75 - [STDERR_REDIRECT] [Fatal Error] :1:1: Premature end of file.
2026-01-16 17:46:43,271 [ERROR] LogOutputStream:75 - [STDERR_REDIRECT] 
2026-01-16 17:46:44,273 [ERROR] LogOutputStream:75 - [STDERR_REDIRECT] [Fatal Error] :1:1: Premature end of file.
2026-01-16 17:46:44,273 [ERROR] LogOutputStream:75 - [STDERR_REDIRECT] 
2026-01-16 17:46:45,272 [ERROR] LogOutputStream:75 - [STDERR_REDIRECT] [Fatal Error] :1:1: Premature end of file.
2026-01-16 17:46:45,272 [ERROR] LogOutputStream:75 - [STDERR_REDIRECT] 
2026-01-16 17:46:46,271 [ERROR] LogOutputStream:75 - [STDERR_REDIRECT] [Fatal Error] :1:1: Premature end of file.
2026-01-16 17:46:46,271 [ERROR] LogOutputStream:75 - [STDERR_REDIRECT] 
2026-01-16 17:46:47,271 [ERROR] LogOutputStream:75 - [STDERR_REDIRECT] [Fatal Error] :1:1: Premature end of file.
2026-01-16 17:46:47,272 [ERROR] LogOutputStream:75 - [STDERR_REDIRECT] 
2026-01-16 17:46:48,272 [ERROR] LogOutputStream:75 - [STDERR_REDIRECT] [Fatal Error] :1:1: Premature end of file.
2026-01-16 17:46:48,272 [ERROR] LogOutputStream:75 - [STDERR_REDIRECT] 
2026-01-16 17:46:49,272 [ERROR] LogOutputStream:75 - [STDERR_REDIRECT] [Fatal Error] :1:1: Premature end of file.
2026-01-16 17:46:49,273 [ERROR] LogOutputStream:75 - [STDERR_REDIRECT] 
2026-01-16 17:46:50,273 [ERROR] LogOutputStream:75 - [STDERR_REDIRECT] [Fatal Error] :1:1: Premature end of file.
2026-01-16 17:46:50,273 [ERROR] LogOutputStream:75 - [STDERR_REDIRECT] 
2026-01-16 17:46:51,274 [ERROR] LogOutputStream:75 - [STDERR_REDIRECT] [Fatal Error] :1:1: Premature end of file.
2026-01-16 17:46:51,274 [ERROR] LogOutputStream:75 - [STDERR_REDIRECT] 
2026-01-16 17:46:52,273 [ERROR] LogOutputStream:75 - [STDERR_REDIRECT] [Fatal Error] :1:1: Premature end of file.
2026-01-16 17:46:52,273 [ERROR] LogOutputStream:75 - [STDERR_REDIRECT] 
2026-01-16 17:46:53,273 [ERROR] LogOutputStream:75 - [STDERR_REDIRECT] [Fatal Error] :1:1: Premature end of file.
2026-01-16 17:46:53,273 [ERROR] LogOutputStream:75 - [STDERR_REDIRECT] 
2026-01-16 17:46:54,275 [ERROR] LogOutputStream:75 - [STDERR_REDIRECT] [Fatal Error] :1:1: Premature end of file.
2026-01-16 17:46:54,275 [ERROR] LogOutputStream:75 - [STDERR_REDIRECT] 
2026-01-16 17:46:55,273 [ERROR] LogOutputStream:75 - [STDERR_REDIRECT] [Fatal Error] :1:1: Premature end of file.
2026-01-16 17:46:55,273 [ERROR] LogOutputStream:75 - [STDERR_REDIRECT] 
2026-01-16 17:46:56,272 [ERROR] LogOutputStream:75 - [STDERR_REDIRECT] [Fatal Error] :1:1: Premature end of file.
2026-01-16 17:46:56,272 [ERROR] LogOutputStream:75 - [STDERR_REDIRECT] 
2026-01-16 17:46:57,273 [ERROR] LogOutputStream:75 - [STDERR_REDIRECT] [Fatal Error] :1:1: Premature end of file.
2026-01-16 17:46:57,273 [ERROR] LogOutputStream:75 - [STDERR_REDIRECT] 
2026-01-16 17:46:58,274 [ERROR] LogOutputStream:75 - [STDERR_REDIRECT] [Fatal Error] :1:1: Premature end of file.
2026-01-16 17:46:58,274 [ERROR] LogOutputStream:75 - [STDERR_REDIRECT] 
2026-01-16 17:46:59,272 [ERROR] LogOutputStream:75 - [STDERR_REDIRECT] [Fatal Error] :1:1: Premature end of file.
2026-01-16 17:46:59,272 [ERROR] LogOutputStream:75 - [STDERR_REDIRECT] 
2026-01-16 17:47:00,273 [ERROR] LogOutputStream:75 - [STDERR_REDIRECT] [Fatal Error] :1:1: Premature end of file.
2026-01-16 17:47:00,273 [ERROR] LogOutputStream:75 - [STDERR_REDIRECT] 
2026-01-16 17:47:01,273 [ERROR] LogOutputStream:75 - [STDERR_REDIRECT] [Fatal Error] :1:1: Premature end of file.
2026-01-16 17:47:01,273 [ERROR] LogOutputStream:75 - [STDERR_REDIRECT] 
2026-01-16 17:47:02,272 [ERROR] LogOutputStream:75 - [STDERR_REDIRECT] [Fatal Error] :1:1: Premature end of file.
2026-01-16 17:47:02,272 [ERROR] LogOutputStream:75 - [STDERR_REDIRECT] 
2026-01-16 17:47:03,271 [ERROR] LogOutputStream:75 - [STDERR_REDIRECT] [Fatal Error] :1:1: Premature end of file.
2026-01-16 17:47:03,271 [ERROR] LogOutputStream:75 - [STDERR_REDIRECT] 
2026-01-16 17:47:04,271 [ERROR] LogOutputStream:75 - [STDERR_REDIRECT] [Fatal Error] :1:1: Premature end of file.
2026-01-16 17:47:04,271 [ERROR] LogOutputStream:75 - [STDERR_REDIRECT] 
2026-01-16 17:47:05,273 [ERROR] LogOutputStream:75 - [STDERR_REDIRECT] [Fatal Error] :1:1: Premature end of file.
2026-01-16 17:47:05,273 [ERROR] LogOutputStream:75 - [STDERR_REDIRECT] 
2026-01-16 17:47:06,275 [ERROR] LogOutputStream:75 - [STDERR_REDIRECT] [Fatal Error] :1:1: Premature end of file.
2026-01-16 17:47:06,276 [ERROR] LogOutputStream:75 - [STDERR_REDIRECT] 
2026-01-16 17:47:07,271 [ERROR] LogOutputStream:75 - [STDERR_REDIRECT] [Fatal Error] :1:1: Premature end of file.
2026-01-16 17:47:07,271 [ERROR] LogOutputStream:75 - [STDERR_REDIRECT] 
2026-01-16 17:47:08,276 [ERROR] LogOutputStream:75 - [STDERR_REDIRECT] [Fatal Error] :1:1: Premature end of file.
2026-01-16 17:47:08,276 [ERROR] LogOutputStream:75 - [STDERR_REDIRECT] 
2026-01-16 17:47:09,273 [ERROR] LogOutputStream:75 - [STDERR_REDIRECT] [Fatal Error] :1:1: Premature end of file.
2026-01-16 17:47:09,274 [ERROR] LogOutputStream:75 - [STDERR_REDIRECT] 
2026-01-16 17:47:10,273 [ERROR] LogOutputStream:75 - [STDERR_REDIRECT] [Fatal Error] :1:1: Premature end of file.
2026-01-16 17:47:10,273 [ERROR] LogOutputStream:75 - [STDERR_REDIRECT] 
2026-01-16 17:47:11,273 [ERROR] LogOutputStream:75 - [STDERR_REDIRECT] [Fatal Error] :1:1: Premature end of file.
2026-01-16 17:47:11,273 [ERROR] LogOutputStream:75 - [STDERR_REDIRECT] 
2026-01-16 17:47:12,274 [ERROR] LogOutputStream:75 - [STDERR_REDIRECT] [Fatal Error] :1:1: Premature end of file.
2026-01-16 17:47:12,274 [ERROR] LogOutputStream:75 - [STDERR_REDIRECT] 
2026-01-16 17:47:13,273 [ERROR] LogOutputStream:75 - [STDERR_REDIRECT] [Fatal Error] :1:1: Premature end of file.
2026-01-16 17:47:13,273 [ERROR] LogOutputStream:75 - [STDERR_REDIRECT] 
2026-01-16 17:47:14,272 [ERROR] LogOutputStream:75 - [STDERR_REDIRECT] [Fatal Error] :1:1: Premature end of file.
2026-01-16 17:47:14,273 [ERROR] LogOutputStream:75 - [STDERR_REDIRECT] 
2026-01-16 17:47:15,273 [ERROR] LogOutputStream:75 - [STDERR_REDIRECT] [Fatal Error] :1:1: Premature end of file.
2026-01-16 17:47:15,273 [ERROR] LogOutputStream:75 - [STDERR_REDIRECT] 
2026-01-16 17:47:16,272 [ERROR] LogOutputStream:75 - [STDERR_REDIRECT] [Fatal Error] :1:1: Premature end of file.
2026-01-16 17:47:16,272 [ERROR] LogOutputStream:75 - [STDERR_REDIRECT] 
2026-01-16 17:47:17,272 [ERROR] LogOutputStream:75 - [STDERR_REDIRECT] [Fatal Error] :1:1: Premature end of file.
2026-01-16 17:47:17,272 [ERROR] LogOutputStream:75 - [STDERR_REDIRECT] 
2026-01-16 17:47:18,272 [ERROR] LogOutputStream:75 - [STDERR_REDIRECT] [Fatal Error] :1:1: Premature end of file.
2026-01-16 17:47:18,272 [ERROR] LogOutputStream:75 - [STDERR_REDIRECT] 
2026-01-16 17:47:19,271 [ERROR] LogOutputStream:75 - [STDERR_REDIRECT] [Fatal Error] :1:1: Premature end of file.
2026-01-16 17:47:19,271 [ERROR] LogOutputStream:75 - [STDERR_REDIRECT] 
2026-01-16 17:47:20,272 [ERROR] LogOutputStream:75 - [STDERR_REDIRECT] [Fatal Error] :1:1: Premature end of file.
2026-01-16 17:47:20,272 [ERROR] LogOutputStream:75 - [STDERR_REDIRECT] 
2026-01-16 17:47:21,272 [ERROR] LogOutputStream:75 - [STDERR_REDIRECT] [Fatal Error] :1:1: Premature end of file.
2026-01-16 17:47:21,272 [ERROR] LogOutputStream:75 - [STDERR_REDIRECT] 
2026-01-16 17:47:22,272 [ERROR] LogOutputStream:75 - [STDERR_REDIRECT] [Fatal Error] :1:1: Premature end of file.
2026-01-16 17:47:22,272 [ERROR] LogOutputStream:75 - [STDERR_REDIRECT] 
2026-01-16 17:47:23,272 [ERROR] LogOutputStream:75 - [STDERR_REDIRECT] [Fatal Error] :1:1: Premature end of file.
2026-01-16 17:47:23,272 [ERROR] LogOutputStream:75 - [STDERR_REDIRECT] 
2026-01-16 17:47:24,272 [ERROR] LogOutputStream:75 - [STDERR_REDIRECT] [Fatal Error] :1:1: Premature end of file.
2026-01-16 17:47:24,272 [ERROR] LogOutputStream:75 - [STDERR_REDIRECT] 
2026-01-16 17:47:25,272 [ERROR] LogOutputStream:75 - [STDERR_REDIRECT] [Fatal Error] :1:1: Premature end of file.
2026-01-16 17:47:25,272 [ERROR] LogOutputStream:75 - [STDERR_REDIRECT] 
2026-01-16 17:47:26,272 [ERROR] LogOutputStream:75 - [STDERR_REDIRECT] [Fatal Error] :1:1: Premature end of file.
2026-01-16 17:47:26,272 [ERROR] LogOutputStream:75 - [STDERR_REDIRECT] 
2026-01-16 17:47:27,273 [ERROR] LogOutputStream:75 - [STDERR_REDIRECT] [Fatal Error] :1:1: Premature end of file.
2026-01-16 17:47:27,273 [ERROR] LogOutputStream:75 - [STDERR_REDIRECT] 
2026-01-16 17:47:28,273 [ERROR] LogOutputStream:75 - [STDERR_REDIRECT] [Fatal Error] :1:1: Premature end of file.
2026-01-16 17:47:28,273 [ERROR] LogOutputStream:75 - [STDERR_REDIRECT] 
2026-01-16 17:47:29,271 [ERROR] LogOutputStream:75 - [STDERR_REDIRECT] [Fatal Error] :1:1: Premature end of file.
2026-01-16 17:47:29,272 [ERROR] LogOutputStream:75 - [STDERR_REDIRECT] 
2026-01-16 17:47:30,273 [ERROR] LogOutputStream:75 - [STDERR_REDIRECT] [Fatal Error] :1:1: Premature end of file.
2026-01-16 17:47:30,273 [ERROR] LogOutputStream:75 - [STDERR_REDIRECT] 
2026-01-16 17:47:31,274 [ERROR] LogOutputStream:75 - [STDERR_REDIRECT] [Fatal Error] :1:1: Premature end of file.
2026-01-16 17:47:31,274 [ERROR] LogOutputStream:75 - [STDERR_REDIRECT] 
2026-01-16 17:47:32,269 [ERROR] LogOutputStream:75 - [STDERR_REDIRECT] [Fatal Error] :1:1: Premature end of file.
2026-01-16 17:47:32,269 [ERROR] LogOutputStream:75 - [STDERR_REDIRECT] 
2026-01-16 17:47:33,274 [ERROR] LogOutputStream:75 - [STDERR_REDIRECT] [Fatal Error] :1:1: Premature end of file.
2026-01-16 17:47:33,274 [ERROR] LogOutputStream:75 - [STDERR_REDIRECT] 
2026-01-16 17:47:34,271 [ERROR] LogOutputStream:75 - [STDERR_REDIRECT] [Fatal Error] :1:1: Premature end of file.
2026-01-16 17:47:34,272 [ERROR] LogOutputStream:75 - [STDERR_REDIRECT] 
2026-01-16 17:47:35,270 [ERROR] LogOutputStream:75 - [STDERR_REDIRECT] [Fatal Error] :1:1: Premature end of file.
2026-01-16 17:47:35,270 [ERROR] LogOutputStream:75 - [STDERR_REDIRECT] 
2026-01-16 17:47:36,274 [ERROR] LogOutputStream:75 - [STDERR_REDIRECT] [Fatal Error] :1:1: Premature end of file.
2026-01-16 17:47:36,274 [ERROR] LogOutputStream:75 - [STDERR_REDIRECT] 
2026-01-16 17:47:37,274 [ERROR] LogOutputStream:75 - [STDERR_REDIRECT] [Fatal Error] :1:1: Premature end of file.
2026-01-16 17:47:37,275 [ERROR] LogOutputStream:75 - [STDERR_REDIRECT] 
2026-01-16 17:47:38,273 [ERROR] LogOutputStream:75 - [STDERR_REDIRECT] [Fatal Error] :1:1: Premature end of file.
2026-01-16 17:47:38,275 [ERROR] LogOutputStream:75 - [STDERR_REDIRECT] 
2026-01-16 17:47:39,273 [ERROR] LogOutputStream:75 - [STDERR_REDIRECT] [Fatal Error] :1:1: Premature end of file.
2026-01-16 17:47:39,273 [ERROR] LogOutputStream:75 - [STDERR_REDIRECT] 
2026-01-16 17:47:40,273 [ERROR] LogOutputStream:75 - [STDERR_REDIRECT] [Fatal Error] :1:1: Premature end of file.
2026-01-16 17:47:40,274 [ERROR] LogOutputStream:75 - [STDERR_REDIRECT] 
2026-01-16 17:47:41,274 [ERROR] LogOutputStream:75 - [STDERR_REDIRECT] [Fatal Error] :1:1: Premature end of file.
2026-01-16 17:47:41,274 [ERROR] LogOutputStream:75 - [STDERR_REDIRECT] 
2026-01-16 17:47:42,274 [ERROR] LogOutputStream:75 - [STDERR_REDIRECT] [Fatal Error] :1:1: Premature end of file.
2026-01-16 17:47:42,274 [ERROR] LogOutputStream:75 - [STDERR_REDIRECT] 
2026-01-16 17:47:43,274 [ERROR] LogOutputStream:75 - [STDERR_REDIRECT] [Fatal Error] :1:1: Premature end of file.
2026-01-16 17:47:43,274 [ERROR] LogOutputStream:75 - [STDERR_REDIRECT] 
2026-01-16 17:47:44,274 [ERROR] LogOutputStream:75 - [STDERR_REDIRECT] [Fatal Error] :1:1: Premature end of file.
2026-01-16 17:47:44,274 [ERROR] LogOutputStream:75 - [STDERR_REDIRECT] 
2026-01-16 17:47:45,274 [ERROR] LogOutputStream:75 - [STDERR_REDIRECT] [Fatal Error] :1:1: Premature end of file.
2026-01-16 17:47:45,274 [ERROR] LogOutputStream:75 - [STDERR_REDIRECT] 
2026-01-16 17:47:46,274 [ERROR] LogOutputStream:75 - [STDERR_REDIRECT] [Fatal Error] :1:1: Premature end of file.
2026-01-16 17:47:46,274 [ERROR] LogOutputStream:75 - [STDERR_REDIRECT] 
2026-01-16 17:47:47,273 [ERROR] LogOutputStream:75 - [STDERR_REDIRECT] [Fatal Error] :1:1: Premature end of file.
2026-01-16 17:47:47,273 [ERROR] LogOutputStream:75 - [STDERR_REDIRECT] 
2026-01-16 17:47:48,272 [ERROR] LogOutputStream:75 - [STDERR_REDIRECT] [Fatal Error] :1:1: Premature end of file.
2026-01-16 17:47:48,273 [ERROR] LogOutputStream:75 - [STDERR_REDIRECT] 
2026-01-16 17:47:49,307 [ERROR] LogOutputStream:75 - [STDERR_REDIRECT] [Fatal Error] :1:1: Premature end of file.
2026-01-16 17:47:49,307 [ERROR] LogOutputStream:75 - [STDERR_REDIRECT] 
2026-01-16 17:47:50,279 [ERROR] LogOutputStream:75 - [STDERR_REDIRECT] [Fatal Error] :1:1: Premature end of file.
2026-01-16 17:47:50,279 [ERROR] LogOutputStream:75 - [STDERR_REDIRECT] 
2026-01-16 17:47:51,314 [ERROR] LogOutputStream:75 - [STDERR_REDIRECT] [Fatal Error] :1:1: Premature end of file.
2026-01-16 17:47:51,314 [ERROR] LogOutputStream:75 - [STDERR_REDIRECT] 
2026-01-16 17:47:52,270 [ERROR] LogOutputStream:75 - [STDERR_REDIRECT] [Fatal Error] :1:1: Premature end of file.
2026-01-16 17:47:52,270 [ERROR] LogOutputStream:75 - [STDERR_REDIRECT] 
2026-01-16 17:47:53,271 [ERROR] LogOutputStream:75 - [STDERR_REDIRECT] [Fatal Error] :1:1: Premature end of file.
2026-01-16 17:47:53,271 [ERROR] LogOutputStream:75 - [STDERR_REDIRECT] 
2026-01-16 17:47:54,271 [ERROR] LogOutputStream:75 - [STDERR_REDIRECT] [Fatal Error] :1:1: Premature end of file.
2026-01-16 17:47:54,271 [ERROR] LogOutputStream:75 - [STDERR_REDIRECT] 
2026-01-16 17:47:55,270 [ERROR] LogOutputStream:75 - [STDERR_REDIRECT] [Fatal Error] :1:1: Premature end of file.
2026-01-16 17:47:55,270 [ERROR] LogOutputStream:75 - [STDERR_REDIRECT] 
2026-01-16 17:47:56,272 [ERROR] LogOutputStream:75 - [STDERR_REDIRECT] [Fatal Error] :1:1: Premature end of file.
2026-01-16 17:47:56,272 [ERROR] LogOutputStream:75 - [STDERR_REDIRECT] 
2026-01-16 17:47:57,272 [ERROR] LogOutputStream:75 - [STDERR_REDIRECT] [Fatal Error] :1:1: Premature end of file.
2026-01-16 17:47:57,273 [ERROR] LogOutputStream:75 - [STDERR_REDIRECT] 
2026-01-16 17:47:58,271 [ERROR] LogOutputStream:75 - [STDERR_REDIRECT] [Fatal Error] :1:1: Premature end of file.
2026-01-16 17:47:58,271 [ERROR] LogOutputStream:75 - [STDERR_REDIRECT] 
2026-01-16 17:47:59,274 [ERROR] LogOutputStream:75 - [STDERR_REDIRECT] [Fatal Error] :1:1: Premature end of file.
2026-01-16 17:47:59,274 [ERROR] LogOutputStream:75 - [STDERR_REDIRECT] 
2026-01-16 17:48:00,270 [ERROR] LogOutputStream:75 - [STDERR_REDIRECT] [Fatal Error] :1:1: Premature end of file.
2026-01-16 17:48:00,270 [ERROR] LogOutputStream:75 - [STDERR_REDIRECT] 
2026-01-16 17:48:01,270 [ERROR] LogOutputStream:75 - [STDERR_REDIRECT] [Fatal Error] :1:1: Premature end of file.
2026-01-16 17:48:01,271 [ERROR] LogOutputStream:75 - [STDERR_REDIRECT] 
2026-01-16 17:48:02,276 [ERROR] LogOutputStream:75 - [STDERR_REDIRECT] [Fatal Error] :1:1: Premature end of file.
2026-01-16 17:48:02,276 [ERROR] LogOutputStream:75 - [STDERR_REDIRECT] 
2026-01-16 17:48:03,271 [ERROR] LogOutputStream:75 - [STDERR_REDIRECT] [Fatal Error] :1:1: Premature end of file.
2026-01-16 17:48:03,271 [ERROR] LogOutputStream:75 - [STDERR_REDIRECT] 
2026-01-16 17:48:04,272 [ERROR] LogOutputStream:75 - [STDERR_REDIRECT] [Fatal Error] :1:1: Premature end of file.
2026-01-16 17:48:04,272 [ERROR] LogOutputStream:75 - [STDERR_REDIRECT] 
2026-01-16 17:48:05,272 [ERROR] LogOutputStream:75 - [STDERR_REDIRECT] [Fatal Error] :1:1: Premature end of file.
2026-01-16 17:48:05,272 [ERROR] LogOutputStream:75 - [STDERR_REDIRECT] 
2026-01-16 17:48:06,272 [ERROR] LogOutputStream:75 - [STDERR_REDIRECT] [Fatal Error] :1:1: Premature end of file.
2026-01-16 17:48:06,272 [ERROR] LogOutputStream:75 - [STDERR_REDIRECT] 
2026-01-16 17:48:07,267 [ERROR] LogOutputStream:75 - [STDERR_REDIRECT] [Fatal Error] :1:1: Premature end of file.
2026-01-16 17:48:07,267 [ERROR] LogOutputStream:75 - [STDERR_REDIRECT] 
2026-01-16 17:48:08,271 [ERROR] LogOutputStream:75 - [STDERR_REDIRECT] [Fatal Error] :1:1: Premature end of file.
2026-01-16 17:48:08,272 [ERROR] LogOutputStream:75 - [STDERR_REDIRECT] 
2026-01-16 17:48:09,271 [ERROR] LogOutputStream:75 - [STDERR_REDIRECT] [Fatal Error] :1:1: Premature end of file.
2026-01-16 17:48:09,271 [ERROR] LogOutputStream:75 - [STDERR_REDIRECT] 
2026-01-16 17:48:10,269 [ERROR] LogOutputStream:75 - [STDERR_REDIRECT] [Fatal Error] :1:1: Premature end of file.
2026-01-16 17:48:10,270 [ERROR] LogOutputStream:75 - [STDERR_REDIRECT] 
2026-01-16 17:48:11,271 [ERROR] LogOutputStream:75 - [STDERR_REDIRECT] [Fatal Error] :1:1: Premature end of file.
2026-01-16 17:48:11,271 [ERROR] LogOutputStream:75 - [STDERR_REDIRECT] 
2026-01-16 17:48:12,270 [ERROR] LogOutputStream:75 - [STDERR_REDIRECT] [Fatal Error] :1:1: Premature end of file.
2026-01-16 17:48:12,270 [ERROR] LogOutputStream:75 - [STDERR_REDIRECT] 
2026-01-16 17:48:13,268 [ERROR] LogOutputStream:75 - [STDERR_REDIRECT] [Fatal Error] :1:1: Premature end of file.
2026-01-16 17:48:13,268 [ERROR] LogOutputStream:75 - [STDERR_REDIRECT] 
2026-01-16 17:48:14,270 [ERROR] LogOutputStream:75 - [STDERR_REDIRECT] [Fatal Error] :1:1: Premature end of file.
2026-01-16 17:48:14,270 [ERROR] LogOutputStream:75 - [STDERR_REDIRECT] 
2026-01-16 17:48:15,269 [ERROR] LogOutputStream:75 - [STDERR_REDIRECT] [Fatal Error] :1:1: Premature end of file.
2026-01-16 17:48:15,269 [ERROR] LogOutputStream:75 - [STDERR_REDIRECT] 
2026-01-16 17:48:16,271 [ERROR] LogOutputStream:75 - [STDERR_REDIRECT] [Fatal Error] :1:1: Premature end of file.
2026-01-16 17:48:16,271 [ERROR] LogOutputStream:75 - [STDERR_REDIRECT] 
2026-01-16 17:48:17,271 [ERROR] LogOutputStream:75 - [STDERR_REDIRECT] [Fatal Error] :1:1: Premature end of file.
2026-01-16 17:48:17,272 [ERROR] LogOutputStream:75 - [STDERR_REDIRECT] 
2026-01-16 17:48:18,271 [ERROR] LogOutputStream:75 - [STDERR_REDIRECT] [Fatal Error] :1:1: Premature end of file.
2026-01-16 17:48:18,271 [ERROR] LogOutputStream:75 - [STDERR_REDIRECT] 
2026-01-16 17:48:19,271 [ERROR] LogOutputStream:75 - [STDERR_REDIRECT] [Fatal Error] :1:1: Premature end of file.
2026-01-16 17:48:19,271 [ERROR] LogOutputStream:75 - [STDERR_REDIRECT] 
2026-01-16 17:48:20,271 [ERROR] LogOutputStream:75 - [STDERR_REDIRECT] [Fatal Error] :1:1: Premature end of file.
2026-01-16 17:48:20,272 [ERROR] LogOutputStream:75 - [STDERR_REDIRECT] 
2026-01-16 17:48:21,270 [ERROR] LogOutputStream:75 - [STDERR_REDIRECT] [Fatal Error] :1:1: Premature end of file.
2026-01-16 17:48:21,270 [ERROR] LogOutputStream:75 - [STDERR_REDIRECT] 
2026-01-16 17:48:22,272 [ERROR] LogOutputStream:75 - [STDERR_REDIRECT] [Fatal Error] :1:1: Premature end of file.
2026-01-16 17:48:22,272 [ERROR] LogOutputStream:75 - [STDERR_REDIRECT] 
2026-01-16 17:48:23,271 [ERROR] LogOutputStream:75 - [STDERR_REDIRECT] [Fatal Error] :1:1: Premature end of file.
2026-01-16 17:48:23,271 [ERROR] LogOutputStream:75 - [STDERR_REDIRECT] 
2026-01-16 17:48:24,271 [ERROR] LogOutputStream:75 - [STDERR_REDIRECT] [Fatal Error] :1:1: Premature end of file.
2026-01-16 17:48:24,272 [ERROR] LogOutputStream:75 - [STDERR_REDIRECT] 
2026-01-16 17:48:25,270 [ERROR] LogOutputStream:75 - [STDERR_REDIRECT] [Fatal Error] :1:1: Premature end of file.
2026-01-16 17:48:25,270 [ERROR] LogOutputStream:75 - [STDERR_REDIRECT] 
2026-01-16 17:48:26,270 [ERROR] LogOutputStream:75 - [STDERR_REDIRECT] [Fatal Error] :1:1: Premature end of file.
2026-01-16 17:48:26,270 [ERROR] LogOutputStream:75 - [STDERR_REDIRECT] 
2026-01-16 17:48:27,272 [ERROR] LogOutputStream:75 - [STDERR_REDIRECT] [Fatal Error] :1:1: Premature end of file.
2026-01-16 17:48:27,272 [ERROR] LogOutputStream:75 - [STDERR_REDIRECT] 
2026-01-16 17:48:28,272 [ERROR] LogOutputStream:75 - [STDERR_REDIRECT] [Fatal Error] :1:1: Premature end of file.
2026-01-16 17:48:28,272 [ERROR] LogOutputStream:75 - [STDERR_REDIRECT] 
2026-01-16 17:48:29,270 [ERROR] LogOutputStream:75 - [STDERR_REDIRECT] [Fatal Error] :1:1: Premature end of file.
2026-01-16 17:48:29,270 [ERROR] LogOutputStream:75 - [STDERR_REDIRECT] 
2026-01-16 17:48:30,272 [ERROR] LogOutputStream:75 - [STDERR_REDIRECT] [Fatal Error] :1:1: Premature end of file.
2026-01-16 17:48:30,272 [ERROR] LogOutputStream:75 - [STDERR_REDIRECT] 
2026-01-16 17:48:31,270 [ERROR] LogOutputStream:75 - [STDERR_REDIRECT] [Fatal Error] :1:1: Premature end of file.
2026-01-16 17:48:31,270 [ERROR] LogOutputStream:75 - [STDERR_REDIRECT] 
2026-01-16 17:48:32,269 [ERROR] LogOutputStream:75 - [STDERR_REDIRECT] [Fatal Error] :1:1: Premature end of file.
2026-01-16 17:48:32,269 [ERROR] LogOutputStream:75 - [STDERR_REDIRECT] 
2026-01-16 17:48:33,271 [ERROR] LogOutputStream:75 - [STDERR_REDIRECT] [Fatal Error] :1:1: Premature end of file.
2026-01-16 17:48:33,271 [ERROR] LogOutputStream:75 - [STDERR_REDIRECT] 
2026-01-16 17:48:34,269 [ERROR] LogOutputStream:75 - [STDERR_REDIRECT] [Fatal Error] :1:1: Premature end of file.
2026-01-16 17:48:34,269 [ERROR] LogOutputStream:75 - [STDERR_REDIRECT] 
2026-01-16 17:48:35,270 [ERROR] LogOutputStream:75 - [STDERR_REDIRECT] [Fatal Error] :1:1: Premature end of file.
2026-01-16 17:48:35,270 [ERROR] LogOutputStream:75 - [STDERR_REDIRECT] 
2026-01-16 17:48:36,268 [ERROR] LogOutputStream:75 - [STDERR_REDIRECT] [Fatal Error] :1:1: Premature end of file.
2026-01-16 17:48:36,268 [ERROR] LogOutputStream:75 - [STDERR_REDIRECT] 
2026-01-16 17:48:37,275 [ERROR] LogOutputStream:75 - [STDERR_REDIRECT] [Fatal Error] :1:1: Premature end of file.
2026-01-16 17:48:37,275 [ERROR] LogOutputStream:75 - [STDERR_REDIRECT] 
2026-01-16 17:48:38,269 [ERROR] LogOutputStream:75 - [STDERR_REDIRECT] [Fatal Error] :1:1: Premature end of file.
2026-01-16 17:48:38,269 [ERROR] LogOutputStream:75 - [STDERR_REDIRECT] 
2026-01-16 17:48:39,271 [ERROR] LogOutputStream:75 - [STDERR_REDIRECT] [Fatal Error] :1:1: Premature end of file.
2026-01-16 17:48:39,271 [ERROR] LogOutputStream:75 - [STDERR_REDIRECT] 
2026-01-16 17:48:40,271 [ERROR] LogOutputStream:75 - [STDERR_REDIRECT] [Fatal Error] :1:1: Premature end of file.
2026-01-16 17:48:40,271 [ERROR] LogOutputStream:75 - [STDERR_REDIRECT] 
2026-01-16 17:48:41,269 [ERROR] LogOutputStream:75 - [STDERR_REDIRECT] [Fatal Error] :1:1: Premature end of file.
2026-01-16 17:48:41,269 [ERROR] LogOutputStream:75 - [STDERR_REDIRECT] 
2026-01-16 17:48:42,270 [ERROR] LogOutputStream:75 - [STDERR_REDIRECT] [Fatal Error] :1:1: Premature end of file.
2026-01-16 17:48:42,271 [ERROR] LogOutputStream:75 - [STDERR_REDIRECT] 
2026-01-16 17:48:43,271 [ERROR] LogOutputStream:75 - [STDERR_REDIRECT] [Fatal Error] :1:1: Premature end of file.
2026-01-16 17:48:43,271 [ERROR] LogOutputStream:75 - [STDERR_REDIRECT] 
2026-01-16 17:48:44,269 [ERROR] LogOutputStream:75 - [STDERR_REDIRECT] [Fatal Error] :1:1: Premature end of file.
2026-01-16 17:48:44,269 [ERROR] LogOutputStream:75 - [STDERR_REDIRECT] 
2026-01-16 17:48:45,272 [ERROR] LogOutputStream:75 - [STDERR_REDIRECT] [Fatal Error] :1:1: Premature end of file.
2026-01-16 17:48:45,272 [ERROR] LogOutputStream:75 - [STDERR_REDIRECT] 
2026-01-16 17:48:46,271 [ERROR] LogOutputStream:75 - [STDERR_REDIRECT] [Fatal Error] :1:1: Premature end of file.
2026-01-16 17:48:46,271 [ERROR] LogOutputStream:75 - [STDERR_REDIRECT] 
2026-01-16 17:48:47,270 [ERROR] LogOutputStream:75 - [STDERR_REDIRECT] [Fatal Error] :1:1: Premature end of file.
2026-01-16 17:48:47,271 [ERROR] LogOutputStream:75 - [STDERR_REDIRECT] 
2026-01-16 17:48:48,273 [ERROR] LogOutputStream:75 - [STDERR_REDIRECT] [Fatal Error] :1:1: Premature end of file.
2026-01-16 17:48:48,273 [ERROR] LogOutputStream:75 - [STDERR_REDIRECT] 
2026-01-16 17:48:49,271 [ERROR] LogOutputStream:75 - [STDERR_REDIRECT] [Fatal Error] :1:1: Premature end of file.
2026-01-16 17:48:49,271 [ERROR] LogOutputStream:75 - [STDERR_REDIRECT] 
2026-01-16 17:48:50,271 [ERROR] LogOutputStream:75 - [STDERR_REDIRECT] [Fatal Error] :1:1: Premature end of file.
2026-01-16 17:48:50,271 [ERROR] LogOutputStream:75 - [STDERR_REDIRECT] 
2026-01-16 17:48:51,268 [ERROR] LogOutputStream:75 - [STDERR_REDIRECT] [Fatal Error] :1:1: Premature end of file.
2026-01-16 17:48:51,268 [ERROR] LogOutputStream:75 - [STDERR_REDIRECT] 
2026-01-16 17:48:52,271 [ERROR] LogOutputStream:75 - [STDERR_REDIRECT] [Fatal Error] :1:1: Premature end of file.
2026-01-16 17:48:52,271 [ERROR] LogOutputStream:75 - [STDERR_REDIRECT] 
2026-01-16 17:48:53,272 [ERROR] LogOutputStream:75 - [STDERR_REDIRECT] [Fatal Error] :1:1: Premature end of file.
2026-01-16 17:48:53,272 [ERROR] LogOutputStream:75 - [STDERR_REDIRECT] 
2026-01-16 17:48:54,270 [ERROR] LogOutputStream:75 - [STDERR_REDIRECT] [Fatal Error] :1:1: Premature end of file.
2026-01-16 17:48:54,270 [ERROR] LogOutputStream:75 - [STDERR_REDIRECT] 
2026-01-16 17:48:55,272 [ERROR] LogOutputStream:75 - [STDERR_REDIRECT] [Fatal Error] :1:1: Premature end of file.
2026-01-16 17:48:55,272 [ERROR] LogOutputStream:75 - [STDERR_REDIRECT] 
2026-01-16 17:48:56,271 [ERROR] LogOutputStream:75 - [STDERR_REDIRECT] [Fatal Error] :1:1: Premature end of file.
2026-01-16 17:48:56,271 [ERROR] LogOutputStream:75 - [STDERR_REDIRECT] 
2026-01-16 17:48:57,271 [ERROR] LogOutputStream:75 - [STDERR_REDIRECT] [Fatal Error] :1:1: Premature end of file.
2026-01-16 17:48:57,272 [ERROR] LogOutputStream:75 - [STDERR_REDIRECT] 
2026-01-16 17:48:58,273 [ERROR] LogOutputStream:75 - [STDERR_REDIRECT] [Fatal Error] :1:1: Premature end of file.
2026-01-16 17:48:58,273 [ERROR] LogOutputStream:75 - [STDERR_REDIRECT] 
2026-01-16 17:48:59,276 [ERROR] LogOutputStream:75 - [STDERR_REDIRECT] [Fatal Error] :1:1: Premature end of file.
2026-01-16 17:48:59,276 [ERROR] LogOutputStream:75 - [STDERR_REDIRECT] 
2026-01-16 17:49:00,270 [ERROR] LogOutputStream:75 - [STDERR_REDIRECT] [Fatal Error] :1:1: Premature end of file.
2026-01-16 17:49:00,270 [ERROR] LogOutputStream:75 - [STDERR_REDIRECT] 
2026-01-16 17:49:01,271 [ERROR] LogOutputStream:75 - [STDERR_REDIRECT] [Fatal Error] :1:1: Premature end of file.
2026-01-16 17:49:01,271 [ERROR] LogOutputStream:75 - [STDERR_REDIRECT] 
2026-01-16 17:49:02,269 [ERROR] LogOutputStream:75 - [STDERR_REDIRECT] [Fatal Error] :1:1: Premature end of file.
2026-01-16 17:49:02,269 [ERROR] LogOutputStream:75 - [STDERR_REDIRECT] 
2026-01-16 17:49:03,269 [ERROR] LogOutputStream:75 - [STDERR_REDIRECT] [Fatal Error] :1:1: Premature end of file.
2026-01-16 17:49:03,270 [ERROR] LogOutputStream:75 - [STDERR_REDIRECT] 
2026-01-16 17:49:04,271 [ERROR] LogOutputStream:75 - [STDERR_REDIRECT] [Fatal Error] :1:1: Premature end of file.
2026-01-16 17:49:04,271 [ERROR] LogOutputStream:75 - [STDERR_REDIRECT] 
2026-01-16 17:49:05,269 [ERROR] LogOutputStream:75 - [STDERR_REDIRECT] [Fatal Error] :1:1: Premature end of file.
2026-01-16 17:49:05,270 [ERROR] LogOutputStream:75 - [STDERR_REDIRECT] 
2026-01-16 17:49:06,272 [ERROR] LogOutputStream:75 - [STDERR_REDIRECT] [Fatal Error] :1:1: Premature end of file.
2026-01-16 17:49:06,272 [ERROR] LogOutputStream:75 - [STDERR_REDIRECT] 
2026-01-16 17:49:07,273 [ERROR] LogOutputStream:75 - [STDERR_REDIRECT] [Fatal Error] :1:1: Premature end of file.
2026-01-16 17:49:07,273 [ERROR] LogOutputStream:75 - [STDERR_REDIRECT] 
2026-01-16 17:49:08,271 [ERROR] LogOutputStream:75 - [STDERR_REDIRECT] [Fatal Error] :1:1: Premature end of file.
2026-01-16 17:49:08,271 [ERROR] LogOutputStream:75 - [STDERR_REDIRECT] 
2026-01-16 17:49:09,276 [ERROR] LogOutputStream:75 - [STDERR_REDIRECT] [Fatal Error] :1:1: Premature end of file.
2026-01-16 17:49:09,276 [ERROR] LogOutputStream:75 - [STDERR_REDIRECT] 
2026-01-16 17:49:10,272 [ERROR] LogOutputStream:75 - [STDERR_REDIRECT] [Fatal Error] :1:1: Premature end of file.
2026-01-16 17:49:10,272 [ERROR] LogOutputStream:75 - [STDERR_REDIRECT] 
2026-01-16 17:49:11,272 [ERROR] LogOutputStream:75 - [STDERR_REDIRECT] [Fatal Error] :1:1: Premature end of file.
2026-01-16 17:49:11,273 [ERROR] LogOutputStream:75 - [STDERR_REDIRECT] 
2026-01-16 17:49:12,270 [ERROR] LogOutputStream:75 - [STDERR_REDIRECT] [Fatal Error] :1:1: Premature end of file.
2026-01-16 17:49:12,270 [ERROR] LogOutputStream:75 - [STDERR_REDIRECT] 
2026-01-16 17:49:13,272 [ERROR] LogOutputStream:75 - [STDERR_REDIRECT] [Fatal Error] :1:1: Premature end of file.
2026-01-16 17:49:13,272 [ERROR] LogOutputStream:75 - [STDERR_REDIRECT] 
2026-01-16 17:49:14,271 [ERROR] LogOutputStream:75 - [STDERR_REDIRECT] [Fatal Error] :1:1: Premature end of file.
2026-01-16 17:49:14,271 [ERROR] LogOutputStream:75 - [STDERR_REDIRECT] 
2026-01-16 17:49:15,271 [ERROR] LogOutputStream:75 - [STDERR_REDIRECT] [Fatal Error] :1:1: Premature end of file.
2026-01-16 17:49:15,271 [ERROR] LogOutputStream:75 - [STDERR_REDIRECT] 
2026-01-16 17:49:16,271 [ERROR] LogOutputStream:75 - [STDERR_REDIRECT] [Fatal Error] :1:1: Premature end of file.
2026-01-16 17:49:16,271 [ERROR] LogOutputStream:75 - [STDERR_REDIRECT] 
2026-01-16 17:49:17,271 [ERROR] LogOutputStream:75 - [STDERR_REDIRECT] [Fatal Error] :1:1: Premature end of file.
2026-01-16 17:49:17,271 [ERROR] LogOutputStream:75 - [STDERR_REDIRECT] 
2026-01-16 17:49:18,268 [ERROR] LogOutputStream:75 - [STDERR_REDIRECT] [Fatal Error] :1:1: Premature end of file.
2026-01-16 17:49:18,268 [ERROR] LogOutputStream:75 - [STDERR_REDIRECT] 
2026-01-16 17:49:19,272 [ERROR] LogOutputStream:75 - [STDERR_REDIRECT] [Fatal Error] :1:1: Premature end of file.
2026-01-16 17:49:19,272 [ERROR] LogOutputStream:75 - [STDERR_REDIRECT] 
2026-01-16 17:49:20,271 [ERROR] LogOutputStream:75 - [STDERR_REDIRECT] [Fatal Error] :1:1: Premature end of file.
2026-01-16 17:49:20,271 [ERROR] LogOutputStream:75 - [STDERR_REDIRECT] 
2026-01-16 17:49:21,272 [ERROR] LogOutputStream:75 - [STDERR_REDIRECT] [Fatal Error] :1:1: Premature end of file.
2026-01-16 17:49:21,272 [ERROR] LogOutputStream:75 - [STDERR_REDIRECT] 
2026-01-16 17:49:22,268 [ERROR] LogOutputStream:75 - [STDERR_REDIRECT] [Fatal Error] :1:1: Premature end of file.
2026-01-16 17:49:22,268 [ERROR] LogOutputStream:75 - [STDERR_REDIRECT] 
2026-01-16 17:49:23,268 [ERROR] LogOutputStream:75 - [STDERR_REDIRECT] [Fatal Error] :1:1: Premature end of file.
2026-01-16 17:49:23,268 [ERROR] LogOutputStream:75 - [STDERR_REDIRECT] 
2026-01-16 17:49:24,270 [ERROR] LogOutputStream:75 - [STDERR_REDIRECT] [Fatal Error] :1:1: Premature end of file.
2026-01-16 17:49:24,270 [ERROR] LogOutputStream:75 - [STDERR_REDIRECT] 
2026-01-16 17:49:25,270 [ERROR] LogOutputStream:75 - [STDERR_REDIRECT] [Fatal Error] :1:1: Premature end of file.
2026-01-16 17:49:25,270 [ERROR] LogOutputStream:75 - [STDERR_REDIRECT] 
2026-01-16 17:49:26,271 [ERROR] LogOutputStream:75 - [STDERR_REDIRECT] [Fatal Error] :1:1: Premature end of file.
2026-01-16 17:49:26,271 [ERROR] LogOutputStream:75 - [STDERR_REDIRECT] 
2026-01-16 17:49:27,271 [ERROR] LogOutputStream:75 - [STDERR_REDIRECT] [Fatal Error] :1:1: Premature end of file.
2026-01-16 17:49:27,271 [ERROR] LogOutputStream:75 - [STDERR_REDIRECT] 
2026-01-16 17:49:28,273 [ERROR] LogOutputStream:75 - [STDERR_REDIRECT] [Fatal Error] :1:1: Premature end of file.
2026-01-16 17:49:28,273 [ERROR] LogOutputStream:75 - [STDERR_REDIRECT] 
2026-01-16 17:49:29,271 [ERROR] LogOutputStream:75 - [STDERR_REDIRECT] [Fatal Error] :1:1: Premature end of file.
2026-01-16 17:49:29,271 [ERROR] LogOutputStream:75 - [STDERR_REDIRECT] 
2026-01-16 17:49:30,271 [ERROR] LogOutputStream:75 - [STDERR_REDIRECT] [Fatal Error] :1:1: Premature end of file.
2026-01-16 17:49:30,271 [ERROR] LogOutputStream:75 - [STDERR_REDIRECT] 
2026-01-16 17:49:31,271 [ERROR] LogOutputStream:75 - [STDERR_REDIRECT] [Fatal Error] :1:1: Premature end of file.
2026-01-16 17:49:31,271 [ERROR] LogOutputStream:75 - [STDERR_REDIRECT] 
2026-01-16 17:49:32,270 [ERROR] LogOutputStream:75 - [STDERR_REDIRECT] [Fatal Error] :1:1: Premature end of file.
2026-01-16 17:49:32,270 [ERROR] LogOutputStream:75 - [STDERR_REDIRECT] 
2026-01-16 17:49:33,273 [ERROR] LogOutputStream:75 - [STDERR_REDIRECT] [Fatal Error] :1:1: Premature end of file.
2026-01-16 17:49:33,273 [ERROR] LogOutputStream:75 - [STDERR_REDIRECT] 
2026-01-16 17:49:34,273 [ERROR] LogOutputStream:75 - [STDERR_REDIRECT] [Fatal Error] :1:1: Premature end of file.
2026-01-16 17:49:34,273 [ERROR] LogOutputStream:75 - [STDERR_REDIRECT] 
2026-01-16 17:49:35,272 [ERROR] LogOutputStream:75 - [STDERR_REDIRECT] [Fatal Error] :1:1: Premature end of file.
2026-01-16 17:49:35,272 [ERROR] LogOutputStream:75 - [STDERR_REDIRECT] 
2026-01-16 17:49:36,269 [ERROR] LogOutputStream:75 - [STDERR_REDIRECT] [Fatal Error] :1:1: Premature end of file.
2026-01-16 17:49:36,270 [ERROR] LogOutputStream:75 - [STDERR_REDIRECT] 
2026-01-16 17:49:37,272 [ERROR] LogOutputStream:75 - [STDERR_REDIRECT] [Fatal Error] :1:1: Premature end of file.
2026-01-16 17:49:37,272 [ERROR] LogOutputStream:75 - [STDERR_REDIRECT] 
2026-01-16 17:49:38,270 [ERROR] LogOutputStream:75 - [STDERR_REDIRECT] [Fatal Error] :1:1: Premature end of file.
2026-01-16 17:49:38,270 [ERROR] LogOutputStream:75 - [STDERR_REDIRECT] 
2026-01-16 17:49:39,272 [ERROR] LogOutputStream:75 - [STDERR_REDIRECT] [Fatal Error] :1:1: Premature end of file.
2026-01-16 17:49:39,272 [ERROR] LogOutputStream:75 - [STDERR_REDIRECT] 
2026-01-16 17:49:40,271 [ERROR] LogOutputStream:75 - [STDERR_REDIRECT] [Fatal Error] :1:1: Premature end of file.
2026-01-16 17:49:40,271 [ERROR] LogOutputStream:75 - [STDERR_REDIRECT] 
2026-01-16 17:49:41,270 [ERROR] LogOutputStream:75 - [STDERR_REDIRECT] [Fatal Error] :1:1: Premature end of file.
2026-01-16 17:49:41,271 [ERROR] LogOutputStream:75 - [STDERR_REDIRECT] 
2026-01-16 17:49:42,269 [ERROR] LogOutputStream:75 - [STDERR_REDIRECT] [Fatal Error] :1:1: Premature end of file.
2026-01-16 17:49:42,271 [ERROR] LogOutputStream:75 - [STDERR_REDIRECT] 
2026-01-16 17:49:43,271 [ERROR] LogOutputStream:75 - [STDERR_REDIRECT] [Fatal Error] :1:1: Premature end of file.
2026-01-16 17:49:43,272 [ERROR] LogOutputStream:75 - [STDERR_REDIRECT] 
2026-01-16 17:49:44,270 [ERROR] LogOutputStream:75 - [STDERR_REDIRECT] [Fatal Error] :1:1: Premature end of file.
2026-01-16 17:49:44,270 [ERROR] LogOutputStream:75 - [STDERR_REDIRECT] 
2026-01-16 17:49:45,271 [ERROR] LogOutputStream:75 - [STDERR_REDIRECT] [Fatal Error] :1:1: Premature end of file.
2026-01-16 17:49:45,271 [ERROR] LogOutputStream:75 - [STDERR_REDIRECT] 
2026-01-16 17:49:46,271 [ERROR] LogOutputStream:75 - [STDERR_REDIRECT] [Fatal Error] :1:1: Premature end of file.
2026-01-16 17:49:46,271 [ERROR] LogOutputStream:75 - [STDERR_REDIRECT] 
2026-01-16 17:49:47,272 [ERROR] LogOutputStream:75 - [STDERR_REDIRECT] [Fatal Error] :1:1: Premature end of file.
2026-01-16 17:49:47,272 [ERROR] LogOutputStream:75 - [STDERR_REDIRECT] 
2026-01-16 17:49:48,270 [ERROR] LogOutputStream:75 - [STDERR_REDIRECT] [Fatal Error] :1:1: Premature end of file.
2026-01-16 17:49:48,270 [ERROR] LogOutputStream:75 - [STDERR_REDIRECT] 
2026-01-16 17:49:49,272 [ERROR] LogOutputStream:75 - [STDERR_REDIRECT] [Fatal Error] :1:1: Premature end of file.
2026-01-16 17:49:49,272 [ERROR] LogOutputStream:75 - [STDERR_REDIRECT] 
2026-01-16 17:49:50,272 [ERROR] LogOutputStream:75 - [STDERR_REDIRECT] [Fatal Error] :1:1: Premature end of file.
2026-01-16 17:49:50,272 [ERROR] LogOutputStream:75 - [STDERR_REDIRECT] 
2026-01-16 17:49:51,272 [ERROR] LogOutputStream:75 - [STDERR_REDIRECT] [Fatal Error] :1:1: Premature end of file.
2026-01-16 17:49:51,272 [ERROR] LogOutputStream:75 - [STDERR_REDIRECT] 
2026-01-16 17:49:52,270 [ERROR] LogOutputStream:75 - [STDERR_REDIRECT] [Fatal Error] :1:1: Premature end of file.
2026-01-16 17:49:52,270 [ERROR] LogOutputStream:75 - [STDERR_REDIRECT] 
2026-01-16 17:49:53,270 [ERROR] LogOutputStream:75 - [STDERR_REDIRECT] [Fatal Error] :1:1: Premature end of file.
2026-01-16 17:49:53,270 [ERROR] LogOutputStream:75 - [STDERR_REDIRECT] 
2026-01-16 17:49:54,271 [ERROR] LogOutputStream:75 - [STDERR_REDIRECT] [Fatal Error] :1:1: Premature end of file.
2026-01-16 17:49:54,271 [ERROR] LogOutputStream:75 - [STDERR_REDIRECT] 
2026-01-16 17:49:55,271 [ERROR] LogOutputStream:75 - [STDERR_REDIRECT] [Fatal Error] :1:1: Premature end of file.
2026-01-16 17:49:55,271 [ERROR] LogOutputStream:75 - [STDERR_REDIRECT] 
2026-01-16 17:49:56,270 [ERROR] LogOutputStream:75 - [STDERR_REDIRECT] [Fatal Error] :1:1: Premature end of file.
2026-01-16 17:49:56,270 [ERROR] LogOutputStream:75 - [STDERR_REDIRECT] 
2026-01-16 17:49:57,273 [ERROR] LogOutputStream:75 - [STDERR_REDIRECT] [Fatal Error] :1:1: Premature end of file.
2026-01-16 17:49:57,273 [ERROR] LogOutputStream:75 - [STDERR_REDIRECT] 
2026-01-16 17:49:58,271 [ERROR] LogOutputStream:75 - [STDERR_REDIRECT] [Fatal Error] :1:1: Premature end of file.
2026-01-16 17:49:58,271 [ERROR] LogOutputStream:75 - [STDERR_REDIRECT] 
2026-01-16 17:49:59,271 [ERROR] LogOutputStream:75 - [STDERR_REDIRECT] [Fatal Error] :1:1: Premature end of file.
2026-01-16 17:49:59,271 [ERROR] LogOutputStream:75 - [STDERR_REDIRECT] 
2026-01-16 17:50:00,269 [ERROR] LogOutputStream:75 - [STDERR_REDIRECT] [Fatal Error] :1:1: Premature end of file.
2026-01-16 17:50:00,269 [ERROR] LogOutputStream:75 - [STDERR_REDIRECT] 
2026-01-16 17:50:01,270 [ERROR] LogOutputStream:75 - [STDERR_REDIRECT] [Fatal Error] :1:1: Premature end of file.
2026-01-16 17:50:01,270 [ERROR] LogOutputStream:75 - [STDERR_REDIRECT] 
2026-01-16 17:50:02,272 [ERROR] LogOutputStream:75 - [STDERR_REDIRECT] [Fatal Error] :1:1: Premature end of file.
2026-01-16 17:50:02,272 [ERROR] LogOutputStream:75 - [STDERR_REDIRECT] 
2026-01-16 17:50:03,270 [ERROR] LogOutputStream:75 - [STDERR_REDIRECT] [Fatal Error] :1:1: Premature end of file.
2026-01-16 17:50:03,270 [ERROR] LogOutputStream:75 - [STDERR_REDIRECT] 
2026-01-16 17:50:04,271 [ERROR] LogOutputStream:75 - [STDERR_REDIRECT] [Fatal Error] :1:1: Premature end of file.
2026-01-16 17:50:04,272 [ERROR] LogOutputStream:75 - [STDERR_REDIRECT] 
2026-01-16 17:50:05,271 [ERROR] LogOutputStream:75 - [STDERR_REDIRECT] [Fatal Error] :1:1: Premature end of file.
2026-01-16 17:50:05,271 [ERROR] LogOutputStream:75 - [STDERR_REDIRECT] 
2026-01-16 17:50:06,274 [ERROR] LogOutputStream:75 - [STDERR_REDIRECT] [Fatal Error] :1:1: Premature end of file.
2026-01-16 17:50:06,274 [ERROR] LogOutputStream:75 - [STDERR_REDIRECT] 
2026-01-16 17:50:07,273 [ERROR] LogOutputStream:75 - [STDERR_REDIRECT] [Fatal Error] :1:1: Premature end of file.
2026-01-16 17:50:07,273 [ERROR] LogOutputStream:75 - [STDERR_REDIRECT] 
2026-01-16 17:50:08,271 [ERROR] LogOutputStream:75 - [STDERR_REDIRECT] [Fatal Error] :1:1: Premature end of file.
2026-01-16 17:50:08,271 [ERROR] LogOutputStream:75 - [STDERR_REDIRECT] 
2026-01-16 17:50:09,273 [ERROR] LogOutputStream:75 - [STDERR_REDIRECT] [Fatal Error] :1:1: Premature end of file.
2026-01-16 17:50:09,273 [ERROR] LogOutputStream:75 - [STDERR_REDIRECT] 
2026-01-16 17:50:10,270 [ERROR] LogOutputStream:75 - [STDERR_REDIRECT] [Fatal Error] :1:1: Premature end of file.
2026-01-16 17:50:10,270 [ERROR] LogOutputStream:75 - [STDERR_REDIRECT] 
2026-01-16 17:50:11,271 [ERROR] LogOutputStream:75 - [STDERR_REDIRECT] [Fatal Error] :1:1: Premature end of file.
2026-01-16 17:50:11,271 [ERROR] LogOutputStream:75 - [STDERR_REDIRECT] 
2026-01-16 17:50:12,271 [ERROR] LogOutputStream:75 - [STDERR_REDIRECT] [Fatal Error] :1:1: Premature end of file.
2026-01-16 17:50:12,271 [ERROR] LogOutputStream:75 - [STDERR_REDIRECT] 
2026-01-16 17:50:13,271 [ERROR] LogOutputStream:75 - [STDERR_REDIRECT] [Fatal Error] :1:1: Premature end of file.
2026-01-16 17:50:13,271 [ERROR] LogOutputStream:75 - [STDERR_REDIRECT] 
2026-01-16 17:50:14,271 [ERROR] LogOutputStream:75 - [STDERR_REDIRECT] [Fatal Error] :1:1: Premature end of file.
2026-01-16 17:50:14,271 [ERROR] LogOutputStream:75 - [STDERR_REDIRECT] 
2026-01-16 17:50:15,270 [ERROR] LogOutputStream:75 - [STDERR_REDIRECT] [Fatal Error] :1:1: Premature end of file.
2026-01-16 17:50:15,271 [ERROR] LogOutputStream:75 - [STDERR_REDIRECT] 
2026-01-16 17:50:16,270 [ERROR] LogOutputStream:75 - [STDERR_REDIRECT] [Fatal Error] :1:1: Premature end of file.
2026-01-16 17:50:16,271 [ERROR] LogOutputStream:75 - [STDERR_REDIRECT] 
2026-01-16 17:50:17,271 [ERROR] LogOutputStream:75 - [STDERR_REDIRECT] [Fatal Error] :1:1: Premature end of file.
2026-01-16 17:50:17,271 [ERROR] LogOutputStream:75 - [STDERR_REDIRECT] 
2026-01-16 17:50:18,268 [ERROR] LogOutputStream:75 - [STDERR_REDIRECT] [Fatal Error] :1:1: Premature end of file.
2026-01-16 17:50:18,269 [ERROR] LogOutputStream:75 - [STDERR_REDIRECT] 
2026-01-16 17:50:19,271 [ERROR] LogOutputStream:75 - [STDERR_REDIRECT] [Fatal Error] :1:1: Premature end of file.
2026-01-16 17:50:19,272 [ERROR] LogOutputStream:75 - [STDERR_REDIRECT] 
2026-01-16 17:50:20,271 [ERROR] LogOutputStream:75 - [STDERR_REDIRECT] [Fatal Error] :1:1: Premature end of file.
2026-01-16 17:50:20,272 [ERROR] LogOutputStream:75 - [STDERR_REDIRECT] 
2026-01-16 17:50:21,272 [ERROR] LogOutputStream:75 - [STDERR_REDIRECT] [Fatal Error] :1:1: Premature end of file.
2026-01-16 17:50:21,272 [ERROR] LogOutputStream:75 - [STDERR_REDIRECT] 
2026-01-16 17:50:22,270 [ERROR] LogOutputStream:75 - [STDERR_REDIRECT] [Fatal Error] :1:1: Premature end of file.
2026-01-16 17:50:22,270 [ERROR] LogOutputStream:75 - [STDERR_REDIRECT] 
2026-01-16 17:50:23,272 [ERROR] LogOutputStream:75 - [STDERR_REDIRECT] [Fatal Error] :1:1: Premature end of file.
2026-01-16 17:50:23,272 [ERROR] LogOutputStream:75 - [STDERR_REDIRECT] 
2026-01-16 17:50:24,271 [ERROR] LogOutputStream:75 - [STDERR_REDIRECT] [Fatal Error] :1:1: Premature end of file.
2026-01-16 17:50:24,271 [ERROR] LogOutputStream:75 - [STDERR_REDIRECT] 
2026-01-16 17:50:25,271 [ERROR] LogOutputStream:75 - [STDERR_REDIRECT] [Fatal Error] :1:1: Premature end of file.
2026-01-16 17:50:25,272 [ERROR] LogOutputStream:75 - [STDERR_REDIRECT] 
2026-01-16 17:50:26,270 [ERROR] LogOutputStream:75 - [STDERR_REDIRECT] [Fatal Error] :1:1: Premature end of file.
2026-01-16 17:50:26,270 [ERROR] LogOutputStream:75 - [STDERR_REDIRECT] 
2026-01-16 17:50:27,272 [ERROR] LogOutputStream:75 - [STDERR_REDIRECT] [Fatal Error] :1:1: Premature end of file.
2026-01-16 17:50:27,272 [ERROR] LogOutputStream:75 - [STDERR_REDIRECT] 
2026-01-16 17:50:28,270 [ERROR] LogOutputStream:75 - [STDERR_REDIRECT] [Fatal Error] :1:1: Premature end of file.
2026-01-16 17:50:28,270 [ERROR] LogOutputStream:75 - [STDERR_REDIRECT] 
2026-01-16 17:50:29,270 [ERROR] LogOutputStream:75 - [STDERR_REDIRECT] [Fatal Error] :1:1: Premature end of file.
2026-01-16 17:50:29,270 [ERROR] LogOutputStream:75 - [STDERR_REDIRECT] 
2026-01-16 17:50:30,270 [ERROR] LogOutputStream:75 - [STDERR_REDIRECT] [Fatal Error] :1:1: Premature end of file.
2026-01-16 17:50:30,271 [ERROR] LogOutputStream:75 - [STDERR_REDIRECT] 
2026-01-16 17:50:31,271 [ERROR] LogOutputStream:75 - [STDERR_REDIRECT] [Fatal Error] :1:1: Premature end of file.
2026-01-16 17:50:31,271 [ERROR] LogOutputStream:75 - [STDERR_REDIRECT] 
2026-01-16 17:50:32,270 [ERROR] LogOutputStream:75 - [STDERR_REDIRECT] [Fatal Error] :1:1: Premature end of file.
2026-01-16 17:50:32,270 [ERROR] LogOutputStream:75 - [STDERR_REDIRECT] 
2026-01-16 17:50:33,269 [ERROR] LogOutputStream:75 - [STDERR_REDIRECT] [Fatal Error] :1:1: Premature end of file.
2026-01-16 17:50:33,269 [ERROR] LogOutputStream:75 - [STDERR_REDIRECT] 
2026-01-16 17:50:34,270 [ERROR] LogOutputStream:75 - [STDERR_REDIRECT] [Fatal Error] :1:1: Premature end of file.
2026-01-16 17:50:34,270 [ERROR] LogOutputStream:75 - [STDERR_REDIRECT] 
2026-01-16 17:50:35,272 [ERROR] LogOutputStream:75 - [STDERR_REDIRECT] [Fatal Error] :1:1: Premature end of file.
2026-01-16 17:50:35,272 [ERROR] LogOutputStream:75 - [STDERR_REDIRECT] 
2026-01-16 17:50:36,273 [ERROR] LogOutputStream:75 - [STDERR_REDIRECT] [Fatal Error] :1:1: Premature end of file.
2026-01-16 17:50:36,273 [ERROR] LogOutputStream:75 - [STDERR_REDIRECT] 
2026-01-16 17:50:37,270 [ERROR] LogOutputStream:75 - [STDERR_REDIRECT] [Fatal Error] :1:1: Premature end of file.
2026-01-16 17:50:37,270 [ERROR] LogOutputStream:75 - [STDERR_REDIRECT] 
2026-01-16 17:50:38,272 [ERROR] LogOutputStream:75 - [STDERR_REDIRECT] [Fatal Error] :1:1: Premature end of file.
2026-01-16 17:50:38,272 [ERROR] LogOutputStream:75 - [STDERR_REDIRECT] 
2026-01-16 17:50:39,272 [ERROR] LogOutputStream:75 - [STDERR_REDIRECT] [Fatal Error] :1:1: Premature end of file.
2026-01-16 17:50:39,272 [ERROR] LogOutputStream:75 - [STDERR_REDIRECT] 
2026-01-16 17:50:40,270 [ERROR] LogOutputStream:75 - [STDERR_REDIRECT] [Fatal Error] :1:1: Premature end of file.
2026-01-16 17:50:40,270 [ERROR] LogOutputStream:75 - [STDERR_REDIRECT] 
2026-01-16 17:50:41,271 [ERROR] LogOutputStream:75 - [STDERR_REDIRECT] [Fatal Error] :1:1: Premature end of file.
2026-01-16 17:50:41,271 [ERROR] LogOutputStream:75 - [STDERR_REDIRECT] 
2026-01-16 17:50:42,271 [ERROR] LogOutputStream:75 - [STDERR_REDIRECT] [Fatal Error] :1:1: Premature end of file.
2026-01-16 17:50:42,271 [ERROR] LogOutputStream:75 - [STDERR_REDIRECT] 
2026-01-16 17:50:43,271 [ERROR] LogOutputStream:75 - [STDERR_REDIRECT] [Fatal Error] :1:1: Premature end of file.
2026-01-16 17:50:43,271 [ERROR] LogOutputStream:75 - [STDERR_REDIRECT] 
2026-01-16 17:50:44,271 [ERROR] LogOutputStream:75 - [STDERR_REDIRECT] [Fatal Error] :1:1: Premature end of file.
2026-01-16 17:50:44,271 [ERROR] LogOutputStream:75 - [STDERR_REDIRECT] 
2026-01-16 17:50:45,276 [ERROR] LogOutputStream:75 - [STDERR_REDIRECT] [Fatal Error] :1:1: Premature end of file.
2026-01-16 17:50:45,276 [ERROR] LogOutputStream:75 - [STDERR_REDIRECT] 
2026-01-16 17:50:46,271 [ERROR] LogOutputStream:75 - [STDERR_REDIRECT] [Fatal Error] :1:1: Premature end of file.
2026-01-16 17:50:46,271 [ERROR] LogOutputStream:75 - [STDERR_REDIRECT] 
2026-01-16 17:50:47,273 [ERROR] LogOutputStream:75 - [STDERR_REDIRECT] [Fatal Error] :1:1: Premature end of file.
2026-01-16 17:50:47,273 [ERROR] LogOutputStream:75 - [STDERR_REDIRECT] 
2026-01-16 17:50:48,273 [ERROR] LogOutputStream:75 - [STDERR_REDIRECT] [Fatal Error] :1:1: Premature end of file.
2026-01-16 17:50:48,273 [ERROR] LogOutputStream:75 - [STDERR_REDIRECT] 
2026-01-16 17:50:49,285 [ERROR] LogOutputStream:75 - [STDERR_REDIRECT] [Fatal Error] :1:1: Premature end of file.
2026-01-16 17:50:49,285 [ERROR] LogOutputStream:75 - [STDERR_REDIRECT] 
2026-01-16 17:50:50,271 [ERROR] LogOutputStream:75 - [STDERR_REDIRECT] [Fatal Error] :1:1: Premature end of file.
2026-01-16 17:50:50,271 [ERROR] LogOutputStream:75 - [STDERR_REDIRECT] 
2026-01-16 17:50:51,280 [ERROR] LogOutputStream:75 - [STDERR_REDIRECT] [Fatal Error] :1:1: Premature end of file.
2026-01-16 17:50:51,280 [ERROR] LogOutputStream:75 - [STDERR_REDIRECT] 
2026-01-16 17:50:52,270 [ERROR] LogOutputStream:75 - [STDERR_REDIRECT] [Fatal Error] :1:1: Premature end of file.
2026-01-16 17:50:52,271 [ERROR] LogOutputStream:75 - [STDERR_REDIRECT] 
2026-01-16 17:50:53,271 [ERROR] LogOutputStream:75 - [STDERR_REDIRECT] [Fatal Error] :1:1: Premature end of file.
2026-01-16 17:50:53,271 [ERROR] LogOutputStream:75 - [STDERR_REDIRECT] 
2026-01-16 17:50:54,283 [ERROR] LogOutputStream:75 - [STDERR_REDIRECT] [Fatal Error] :1:1: Premature end of file.
2026-01-16 17:50:54,283 [ERROR] LogOutputStream:75 - [STDERR_REDIRECT] 
2026-01-16 17:50:55,281 [ERROR] LogOutputStream:75 - [STDERR_REDIRECT] [Fatal Error] :1:1: Premature end of file.
2026-01-16 17:50:55,281 [ERROR] LogOutputStream:75 - [STDERR_REDIRECT] 
2026-01-16 17:50:56,273 [ERROR] LogOutputStream:75 - [STDERR_REDIRECT] [Fatal Error] :1:1: Premature end of file.
2026-01-16 17:50:56,274 [ERROR] LogOutputStream:75 - [STDERR_REDIRECT] 
2026-01-16 17:50:57,289 [ERROR] LogOutputStream:75 - [STDERR_REDIRECT] [Fatal Error] :1:1: Premature end of file.
2026-01-16 17:50:57,289 [ERROR] LogOutputStream:75 - [STDERR_REDIRECT] 
2026-01-16 17:50:58,301 [ERROR] LogOutputStream:75 - [STDERR_REDIRECT] [Fatal Error] :1:1: Premature end of file.
2026-01-16 17:50:58,301 [ERROR] LogOutputStream:75 - [STDERR_REDIRECT] 
2026-01-16 17:50:59,300 [ERROR] LogOutputStream:75 - [STDERR_REDIRECT] [Fatal Error] :1:1: Premature end of file.
2026-01-16 17:50:59,300 [ERROR] LogOutputStream:75 - [STDERR_REDIRECT] 
2026-01-16 17:51:00,283 [ERROR] LogOutputStream:75 - [STDERR_REDIRECT] [Fatal Error] :1:1: Premature end of file.
2026-01-16 17:51:00,283 [ERROR] LogOutputStream:75 - [STDERR_REDIRECT] 
2026-01-16 17:51:01,276 [ERROR] LogOutputStream:75 - [STDERR_REDIRECT] [Fatal Error] :1:1: Premature end of file.
2026-01-16 17:51:01,276 [ERROR] LogOutputStream:75 - [STDERR_REDIRECT] 
2026-01-16 17:51:02,290 [ERROR] LogOutputStream:75 - [STDERR_REDIRECT] [Fatal Error] :1:1: Premature end of file.
2026-01-16 17:51:02,290 [ERROR] LogOutputStream:75 - [STDERR_REDIRECT] 
2026-01-16 17:51:03,282 [ERROR] LogOutputStream:75 - [STDERR_REDIRECT] [Fatal Error] :1:1: Premature end of file.
2026-01-16 17:51:03,284 [ERROR] LogOutputStream:75 - [STDERR_REDIRECT] 
2026-01-16 17:51:04,276 [ERROR] LogOutputStream:75 - [STDERR_REDIRECT] [Fatal Error] :1:1: Premature end of file.
2026-01-16 17:51:04,276 [ERROR] LogOutputStream:75 - [STDERR_REDIRECT] 
2026-01-16 17:51:05,282 [ERROR] LogOutputStream:75 - [STDERR_REDIRECT] [Fatal Error] :1:1: Premature end of file.
2026-01-16 17:51:05,282 [ERROR] LogOutputStream:75 - [STDERR_REDIRECT] 
2026-01-16 17:51:06,274 [ERROR] LogOutputStream:75 - [STDERR_REDIRECT] [Fatal Error] :1:1: Premature end of file.
2026-01-16 17:51:06,275 [ERROR] LogOutputStream:75 - [STDERR_REDIRECT] 
2026-01-16 17:51:07,286 [ERROR] LogOutputStream:75 - [STDERR_REDIRECT] [Fatal Error] :1:1: Premature end of file.
2026-01-16 17:51:07,286 [ERROR] LogOutputStream:75 - [STDERR_REDIRECT] 
2026-01-16 17:51:08,289 [ERROR] LogOutputStream:75 - [STDERR_REDIRECT] [Fatal Error] :1:1: Premature end of file.
2026-01-16 17:51:08,290 [ERROR] LogOutputStream:75 - [STDERR_REDIRECT] 
2026-01-16 17:51:09,284 [ERROR] LogOutputStream:75 - [STDERR_REDIRECT] [Fatal Error] :1:1: Premature end of file.
2026-01-16 17:51:09,284 [ERROR] LogOutputStream:75 - [STDERR_REDIRECT] 
2026-01-16 17:51:10,275 [ERROR] LogOutputStream:75 - [STDERR_REDIRECT] [Fatal Error] :1:1: Premature end of file.
2026-01-16 17:51:10,276 [ERROR] LogOutputStream:75 - [STDERR_REDIRECT] 
2026-01-16 17:51:11,281 [ERROR] LogOutputStream:75 - [STDERR_REDIRECT] [Fatal Error] :1:1: Premature end of file.
2026-01-16 17:51:11,281 [ERROR] LogOutputStream:75 - [STDERR_REDIRECT] 
2026-01-16 17:51:12,275 [ERROR] LogOutputStream:75 - [STDERR_REDIRECT] [Fatal Error] :1:1: Premature end of file.
2026-01-16 17:51:12,275 [ERROR] LogOutputStream:75 - [STDERR_REDIRECT] 
2026-01-16 17:51:13,277 [ERROR] LogOutputStream:75 - [STDERR_REDIRECT] [Fatal Error] :1:1: Premature end of file.
2026-01-16 17:51:13,277 [ERROR] LogOutputStream:75 - [STDERR_REDIRECT] 
2026-01-16 17:51:14,300 [ERROR] LogOutputStream:75 - [STDERR_REDIRECT] [Fatal Error] :1:1: Premature end of file.
2026-01-16 17:51:14,300 [ERROR] LogOutputStream:75 - [STDERR_REDIRECT] 
2026-01-16 17:51:15,290 [ERROR] LogOutputStream:75 - [STDERR_REDIRECT] [Fatal Error] :1:1: Premature end of file.
2026-01-16 17:51:15,291 [ERROR] LogOutputStream:75 - [STDERR_REDIRECT] 
2026-01-16 17:51:16,282 [ERROR] LogOutputStream:75 - [STDERR_REDIRECT] [Fatal Error] :1:1: Premature end of file.
2026-01-16 17:51:16,282 [ERROR] LogOutputStream:75 - [STDERR_REDIRECT] 
2026-01-16 17:51:17,277 [ERROR] LogOutputStream:75 - [STDERR_REDIRECT] [Fatal Error] :1:1: Premature end of file.
2026-01-16 17:51:17,277 [ERROR] LogOutputStream:75 - [STDERR_REDIRECT] 
2026-01-16 17:51:18,283 [ERROR] LogOutputStream:75 - [STDERR_REDIRECT] [Fatal Error] :1:1: Premature end of file.
2026-01-16 17:51:18,283 [ERROR] LogOutputStream:75 - [STDERR_REDIRECT] 
2026-01-16 17:51:19,289 [ERROR] LogOutputStream:75 - [STDERR_REDIRECT] [Fatal Error] :1:1: Premature end of file.
2026-01-16 17:51:19,289 [ERROR] LogOutputStream:75 - [STDERR_REDIRECT] 
2026-01-16 17:51:20,281 [ERROR] LogOutputStream:75 - [STDERR_REDIRECT] [Fatal Error] :1:1: Premature end of file.
2026-01-16 17:51:20,281 [ERROR] LogOutputStream:75 - [STDERR_REDIRECT] 
2026-01-16 17:51:21,275 [ERROR] LogOutputStream:75 - [STDERR_REDIRECT] [Fatal Error] :1:1: Premature end of file.
2026-01-16 17:51:21,275 [ERROR] LogOutputStream:75 - [STDERR_REDIRECT] 
2026-01-16 17:51:22,276 [ERROR] LogOutputStream:75 - [STDERR_REDIRECT] [Fatal Error] :1:1: Premature end of file.
2026-01-16 17:51:22,276 [ERROR] LogOutputStream:75 - [STDERR_REDIRECT] 
2026-01-16 17:51:23,294 [ERROR] LogOutputStream:75 - [STDERR_REDIRECT] [Fatal Error] :1:1: Premature end of file.
2026-01-16 17:51:23,294 [ERROR] LogOutputStream:75 - [STDERR_REDIRECT] 
2026-01-16 17:51:24,280 [ERROR] LogOutputStream:75 - [STDERR_REDIRECT] [Fatal Error] :1:1: Premature end of file.
2026-01-16 17:51:24,281 [ERROR] LogOutputStream:75 - [STDERR_REDIRECT] 
2026-01-16 17:51:25,271 [ERROR] LogOutputStream:75 - [STDERR_REDIRECT] [Fatal Error] :1:1: Premature end of file.
2026-01-16 17:51:25,271 [ERROR] LogOutputStream:75 - [STDERR_REDIRECT] 
2026-01-16 17:51:26,272 [ERROR] LogOutputStream:75 - [STDERR_REDIRECT] [Fatal Error] :1:1: Premature end of file.
2026-01-16 17:51:26,272 [ERROR] LogOutputStream:75 - [STDERR_REDIRECT] 
2026-01-16 17:51:27,280 [ERROR] LogOutputStream:75 - [STDERR_REDIRECT] [Fatal Error] :1:1: Premature end of file.
2026-01-16 17:51:27,280 [ERROR] LogOutputStream:75 - [STDERR_REDIRECT] 
2026-01-16 17:51:28,271 [ERROR] LogOutputStream:75 - [STDERR_REDIRECT] [Fatal Error] :1:1: Premature end of file.
2026-01-16 17:51:28,271 [ERROR] LogOutputStream:75 - [STDERR_REDIRECT] 
2026-01-16 17:51:29,284 [ERROR] LogOutputStream:75 - [STDERR_REDIRECT] [Fatal Error] :1:1: Premature end of file.
2026-01-16 17:51:29,284 [ERROR] LogOutputStream:75 - [STDERR_REDIRECT] 
2026-01-16 17:51:30,276 [ERROR] LogOutputStream:75 - [STDERR_REDIRECT] [Fatal Error] :1:1: Premature end of file.
2026-01-16 17:51:30,276 [ERROR] LogOutputStream:75 - [STDERR_REDIRECT] 
2026-01-16 17:51:31,276 [ERROR] LogOutputStream:75 - [STDERR_REDIRECT] [Fatal Error] :1:1: Premature end of file.
2026-01-16 17:51:31,276 [ERROR] LogOutputStream:75 - [STDERR_REDIRECT] 
2026-01-16 17:51:32,289 [ERROR] LogOutputStream:75 - [STDERR_REDIRECT] [Fatal Error] :1:1: Premature end of file.
2026-01-16 17:51:32,289 [ERROR] LogOutputStream:75 - [STDERR_REDIRECT] 
2026-01-16 17:51:33,283 [ERROR] LogOutputStream:75 - [STDERR_REDIRECT] [Fatal Error] :1:1: Premature end of file.
2026-01-16 17:51:33,283 [ERROR] LogOutputStream:75 - [STDERR_REDIRECT] 
2026-01-16 17:51:34,273 [ERROR] LogOutputStream:75 - [STDERR_REDIRECT] [Fatal Error] :1:1: Premature end of file.
2026-01-16 17:51:34,273 [ERROR] LogOutputStream:75 - [STDERR_REDIRECT] 
2026-01-16 17:51:35,280 [ERROR] LogOutputStream:75 - [STDERR_REDIRECT] [Fatal Error] :1:1: Premature end of file.
2026-01-16 17:51:35,280 [ERROR] LogOutputStream:75 - [STDERR_REDIRECT] 
2026-01-16 17:51:36,275 [ERROR] LogOutputStream:75 - [STDERR_REDIRECT] [Fatal Error] :1:1: Premature end of file.
2026-01-16 17:51:36,275 [ERROR] LogOutputStream:75 - [STDERR_REDIRECT] 
2026-01-16 17:51:37,275 [ERROR] LogOutputStream:75 - [STDERR_REDIRECT] [Fatal Error] :1:1: Premature end of file.
2026-01-16 17:51:37,275 [ERROR] LogOutputStream:75 - [STDERR_REDIRECT] 
2026-01-16 17:51:38,280 [ERROR] LogOutputStream:75 - [STDERR_REDIRECT] [Fatal Error] :1:1: Premature end of file.
2026-01-16 17:51:38,280 [ERROR] LogOutputStream:75 - [STDERR_REDIRECT] 
2026-01-16 17:51:39,280 [ERROR] LogOutputStream:75 - [STDERR_REDIRECT] [Fatal Error] :1:1: Premature end of file.
2026-01-16 17:51:39,280 [ERROR] LogOutputStream:75 - [STDERR_REDIRECT] 
2026-01-16 17:51:40,289 [ERROR] LogOutputStream:75 - [STDERR_REDIRECT] [Fatal Error] :1:1: Premature end of file.
2026-01-16 17:51:40,289 [ERROR] LogOutputStream:75 - [STDERR_REDIRECT] 
2026-01-16 17:51:41,273 [ERROR] LogOutputStream:75 - [STDERR_REDIRECT] [Fatal Error] :1:1: Premature end of file.
2026-01-16 17:51:41,273 [ERROR] LogOutputStream:75 - [STDERR_REDIRECT] 
2026-01-16 17:51:42,273 [ERROR] LogOutputStream:75 - [STDERR_REDIRECT] [Fatal Error] :1:1: Premature end of file.
2026-01-16 17:51:42,273 [ERROR] LogOutputStream:75 - [STDERR_REDIRECT] 
2026-01-16 17:51:43,284 [ERROR] LogOutputStream:75 - [STDERR_REDIRECT] [Fatal Error] :1:1: Premature end of file.
2026-01-16 17:51:43,284 [ERROR] LogOutputStream:75 - [STDERR_REDIRECT] 
2026-01-16 17:51:44,271 [ERROR] LogOutputStream:75 - [STDERR_REDIRECT] [Fatal Error] :1:1: Premature end of file.
2026-01-16 17:51:44,272 [ERROR] LogOutputStream:75 - [STDERR_REDIRECT] 
2026-01-16 17:51:45,283 [ERROR] LogOutputStream:75 - [STDERR_REDIRECT] [Fatal Error] :1:1: Premature end of file.
2026-01-16 17:51:45,283 [ERROR] LogOutputStream:75 - [STDERR_REDIRECT] 
2026-01-16 17:51:46,279 [ERROR] LogOutputStream:75 - [STDERR_REDIRECT] [Fatal Error] :1:1: Premature end of file.
2026-01-16 17:51:46,279 [ERROR] LogOutputStream:75 - [STDERR_REDIRECT] 
2026-01-16 17:51:47,285 [ERROR] LogOutputStream:75 - [STDERR_REDIRECT] [Fatal Error] :1:1: Premature end of file.
2026-01-16 17:51:47,285 [ERROR] LogOutputStream:75 - [STDERR_REDIRECT] 
2026-01-16 17:51:48,280 [ERROR] LogOutputStream:75 - [STDERR_REDIRECT] [Fatal Error] :1:1: Premature end of file.
2026-01-16 17:51:48,280 [ERROR] LogOutputStream:75 - [STDERR_REDIRECT] 
2026-01-16 17:51:49,282 [ERROR] LogOutputStream:75 - [STDERR_REDIRECT] [Fatal Error] :1:1: Premature end of file.
2026-01-16 17:51:49,283 [ERROR] LogOutputStream:75 - [STDERR_REDIRECT] 
2026-01-16 17:51:50,282 [ERROR] LogOutputStream:75 - [STDERR_REDIRECT] [Fatal Error] :1:1: Premature end of file.
2026-01-16 17:51:50,282 [ERROR] LogOutputStream:75 - [STDERR_REDIRECT] 
2026-01-16 17:51:51,275 [ERROR] LogOutputStream:75 - [STDERR_REDIRECT] [Fatal Error] :1:1: Premature end of file.
2026-01-16 17:51:51,276 [ERROR] LogOutputStream:75 - [STDERR_REDIRECT] 
2026-01-16 17:51:52,282 [ERROR] LogOutputStream:75 - [STDERR_REDIRECT] [Fatal Error] :1:1: Premature end of file.
2026-01-16 17:51:52,282 [ERROR] LogOutputStream:75 - [STDERR_REDIRECT] 
2026-01-16 17:51:53,277 [ERROR] LogOutputStream:75 - [STDERR_REDIRECT] [Fatal Error] :1:1: Premature end of file.
2026-01-16 17:51:53,277 [ERROR] LogOutputStream:75 - [STDERR_REDIRECT] 
2026-01-16 17:51:54,279 [ERROR] LogOutputStream:75 - [STDERR_REDIRECT] [Fatal Error] :1:1: Premature end of file.
2026-01-16 17:51:54,279 [ERROR] LogOutputStream:75 - [STDERR_REDIRECT] 
2026-01-16 17:51:55,285 [ERROR] LogOutputStream:75 - [STDERR_REDIRECT] [Fatal Error] :1:1: Premature end of file.
2026-01-16 17:51:55,285 [ERROR] LogOutputStream:75 - [STDERR_REDIRECT] 
2026-01-16 17:51:56,289 [ERROR] LogOutputStream:75 - [STDERR_REDIRECT] [Fatal Error] :1:1: Premature end of file.
2026-01-16 17:51:56,289 [ERROR] LogOutputStream:75 - [STDERR_REDIRECT] 
2026-01-16 17:51:57,286 [ERROR] LogOutputStream:75 - [STDERR_REDIRECT] [Fatal Error] :1:1: Premature end of file.
2026-01-16 17:51:57,286 [ERROR] LogOutputStream:75 - [STDERR_REDIRECT] 
2026-01-16 17:51:58,285 [ERROR] LogOutputStream:75 - [STDERR_REDIRECT] [Fatal Error] :1:1: Premature end of file.
2026-01-16 17:51:58,286 [ERROR] LogOutputStream:75 - [STDERR_REDIRECT] 
2026-01-16 17:51:59,276 [ERROR] LogOutputStream:75 - [STDERR_REDIRECT] [Fatal Error] :1:1: Premature end of file.
2026-01-16 17:51:59,277 [ERROR] LogOutputStream:75 - [STDERR_REDIRECT] 
2026-01-16 17:52:00,285 [ERROR] LogOutputStream:75 - [STDERR_REDIRECT] [Fatal Error] :1:1: Premature end of file.
2026-01-16 17:52:00,285 [ERROR] LogOutputStream:75 - [STDERR_REDIRECT] 
2026-01-16 17:52:01,282 [ERROR] LogOutputStream:75 - [STDERR_REDIRECT] [Fatal Error] :1:1: Premature end of file.
2026-01-16 17:52:01,282 [ERROR] LogOutputStream:75 - [STDERR_REDIRECT] 
2026-01-16 17:52:02,286 [ERROR] LogOutputStream:75 - [STDERR_REDIRECT] [Fatal Error] :1:1: Premature end of file.
2026-01-16 17:52:02,286 [ERROR] LogOutputStream:75 - [STDERR_REDIRECT] 
2026-01-16 17:52:03,289 [ERROR] LogOutputStream:75 - [STDERR_REDIRECT] [Fatal Error] :1:1: Premature end of file.
2026-01-16 17:52:03,289 [ERROR] LogOutputStream:75 - [STDERR_REDIRECT] 
2026-01-16 17:52:04,291 [ERROR] LogOutputStream:75 - [STDERR_REDIRECT] [Fatal Error] :1:1: Premature end of file.
2026-01-16 17:52:04,291 [ERROR] LogOutputStream:75 - [STDERR_REDIRECT] 
2026-01-16 17:52:05,286 [ERROR] LogOutputStream:75 - [STDERR_REDIRECT] [Fatal Error] :1:1: Premature end of file.
2026-01-16 17:52:05,286 [ERROR] LogOutputStream:75 - [STDERR_REDIRECT] 
2026-01-16 17:52:06,282 [ERROR] LogOutputStream:75 - [STDERR_REDIRECT] [Fatal Error] :1:1: Premature end of file.
2026-01-16 17:52:06,282 [ERROR] LogOutputStream:75 - [STDERR_REDIRECT] 
2026-01-16 17:52:07,291 [ERROR] LogOutputStream:75 - [STDERR_REDIRECT] [Fatal Error] :1:1: Premature end of file.
2026-01-16 17:52:07,291 [ERROR] LogOutputStream:75 - [STDERR_REDIRECT] 
2026-01-16 17:52:08,292 [ERROR] LogOutputStream:75 - [STDERR_REDIRECT] [Fatal Error] :1:1: Premature end of file.
2026-01-16 17:52:08,292 [ERROR] LogOutputStream:75 - [STDERR_REDIRECT] 
2026-01-16 17:52:09,280 [ERROR] LogOutputStream:75 - [STDERR_REDIRECT] [Fatal Error] :1:1: Premature end of file.
2026-01-16 17:52:09,280 [ERROR] LogOutputStream:75 - [STDERR_REDIRECT] 
2026-01-16 17:52:10,282 [ERROR] LogOutputStream:75 - [STDERR_REDIRECT] [Fatal Error] :1:1: Premature end of file.
2026-01-16 17:52:10,283 [ERROR] LogOutputStream:75 - [STDERR_REDIRECT] 
2026-01-16 17:52:11,279 [ERROR] LogOutputStream:75 - [STDERR_REDIRECT] [Fatal Error] :1:1: Premature end of file.
2026-01-16 17:52:11,279 [ERROR] LogOutputStream:75 - [STDERR_REDIRECT] 
2026-01-16 17:52:12,283 [ERROR] LogOutputStream:75 - [STDERR_REDIRECT] [Fatal Error] :1:1: Premature end of file.
2026-01-16 17:52:12,283 [ERROR] LogOutputStream:75 - [STDERR_REDIRECT] 
2026-01-16 17:52:13,279 [ERROR] LogOutputStream:75 - [STDERR_REDIRECT] [Fatal Error] :1:1: Premature end of file.
2026-01-16 17:52:13,279 [ERROR] LogOutputStream:75 - [STDERR_REDIRECT] 
2026-01-16 17:52:14,286 [ERROR] LogOutputStream:75 - [STDERR_REDIRECT] [Fatal Error] :1:1: Premature end of file.
2026-01-16 17:52:14,287 [ERROR] LogOutputStream:75 - [STDERR_REDIRECT] 
2026-01-16 17:52:15,278 [ERROR] LogOutputStream:75 - [STDERR_REDIRECT] [Fatal Error] :1:1: Premature end of file.
2026-01-16 17:52:15,279 [ERROR] LogOutputStream:75 - [STDERR_REDIRECT] 
2026-01-16 17:52:16,270 [ERROR] LogOutputStream:75 - [STDERR_REDIRECT] [Fatal Error] :1:1: Premature end of file.
2026-01-16 17:52:16,272 [ERROR] LogOutputStream:75 - [STDERR_REDIRECT] 
2026-01-16 17:52:17,286 [ERROR] LogOutputStream:75 - [STDERR_REDIRECT] [Fatal Error] :1:1: Premature end of file.
2026-01-16 17:52:17,286 [ERROR] LogOutputStream:75 - [STDERR_REDIRECT] 
2026-01-16 17:52:18,273 [ERROR] LogOutputStream:75 - [STDERR_REDIRECT] [Fatal Error] :1:1: Premature end of file.
2026-01-16 17:52:18,273 [ERROR] LogOutputStream:75 - [STDERR_REDIRECT] 
2026-01-16 17:52:19,285 [ERROR] LogOutputStream:75 - [STDERR_REDIRECT] [Fatal Error] :1:1: Premature end of file.
2026-01-16 17:52:19,285 [ERROR] LogOutputStream:75 - [STDERR_REDIRECT] 
2026-01-16 17:52:20,282 [ERROR] LogOutputStream:75 - [STDERR_REDIRECT] [Fatal Error] :1:1: Premature end of file.
2026-01-16 17:52:20,283 [ERROR] LogOutputStream:75 - [STDERR_REDIRECT] 
2026-01-16 17:52:21,280 [ERROR] LogOutputStream:75 - [STDERR_REDIRECT] [Fatal Error] :1:1: Premature end of file.
2026-01-16 17:52:21,280 [ERROR] LogOutputStream:75 - [STDERR_REDIRECT] 
2026-01-16 17:52:22,275 [ERROR] LogOutputStream:75 - [STDERR_REDIRECT] [Fatal Error] :1:1: Premature end of file.
2026-01-16 17:52:22,275 [ERROR] LogOutputStream:75 - [STDERR_REDIRECT] 
2026-01-16 17:52:23,286 [ERROR] LogOutputStream:75 - [STDERR_REDIRECT] [Fatal Error] :1:1: Premature end of file.
2026-01-16 17:52:23,286 [ERROR] LogOutputStream:75 - [STDERR_REDIRECT] 
2026-01-16 17:52:24,284 [ERROR] LogOutputStream:75 - [STDERR_REDIRECT] [Fatal Error] :1:1: Premature end of file.
2026-01-16 17:52:24,285 [ERROR] LogOutputStream:75 - [STDERR_REDIRECT] 
2026-01-16 17:52:25,280 [ERROR] LogOutputStream:75 - [STDERR_REDIRECT] [Fatal Error] :1:1: Premature end of file.
2026-01-16 17:52:25,280 [ERROR] LogOutputStream:75 - [STDERR_REDIRECT] 
2026-01-16 17:52:26,277 [ERROR] LogOutputStream:75 - [STDERR_REDIRECT] [Fatal Error] :1:1: Premature end of file.
2026-01-16 17:52:26,277 [ERROR] LogOutputStream:75 - [STDERR_REDIRECT] 
2026-01-16 17:52:27,279 [ERROR] LogOutputStream:75 - [STDERR_REDIRECT] [Fatal Error] :1:1: Premature end of file.
2026-01-16 17:52:27,279 [ERROR] LogOutputStream:75 - [STDERR_REDIRECT] 
2026-01-16 17:52:28,280 [ERROR] LogOutputStream:75 - [STDERR_REDIRECT] [Fatal Error] :1:1: Premature end of file.
2026-01-16 17:52:28,280 [ERROR] LogOutputStream:75 - [STDERR_REDIRECT] 
2026-01-16 17:52:29,281 [ERROR] LogOutputStream:75 - [STDERR_REDIRECT] [Fatal Error] :1:1: Premature end of file.
2026-01-16 17:52:29,281 [ERROR] LogOutputStream:75 - [STDERR_REDIRECT] 
2026-01-16 17:52:30,281 [ERROR] LogOutputStream:75 - [STDERR_REDIRECT] [Fatal Error] :1:1: Premature end of file.
2026-01-16 17:52:30,281 [ERROR] LogOutputStream:75 - [STDERR_REDIRECT] 
2026-01-16 17:52:31,274 [ERROR] LogOutputStream:75 - [STDERR_REDIRECT] [Fatal Error] :1:1: Premature end of file.
2026-01-16 17:52:31,274 [ERROR] LogOutputStream:75 - [STDERR_REDIRECT] 
2026-01-16 17:52:32,282 [ERROR] LogOutputStream:75 - [STDERR_REDIRECT] [Fatal Error] :1:1: Premature end of file.
2026-01-16 17:52:32,283 [ERROR] LogOutputStream:75 - [STDERR_REDIRECT] 
2026-01-16 17:52:33,317 [ERROR] LogOutputStream:75 - [STDERR_REDIRECT] [Fatal Error] :1:1: Premature end of file.
2026-01-16 17:52:33,317 [ERROR] LogOutputStream:75 - [STDERR_REDIRECT] 
2026-01-16 17:52:34,282 [ERROR] LogOutputStream:75 - [STDERR_REDIRECT] [Fatal Error] :1:1: Premature end of file.
2026-01-16 17:52:34,282 [ERROR] LogOutputStream:75 - [STDERR_REDIRECT] 
2026-01-16 17:52:35,276 [ERROR] LogOutputStream:75 - [STDERR_REDIRECT] [Fatal Error] :1:1: Premature end of file.
2026-01-16 17:52:35,276 [ERROR] LogOutputStream:75 - [STDERR_REDIRECT] 
2026-01-16 17:52:36,271 [ERROR] LogOutputStream:75 - [STDERR_REDIRECT] [Fatal Error] :1:1: Premature end of file.
2026-01-16 17:52:36,271 [ERROR] LogOutputStream:75 - [STDERR_REDIRECT] 
2026-01-16 17:52:37,269 [ERROR] LogOutputStream:75 - [STDERR_REDIRECT] [Fatal Error] :1:1: Premature end of file.
2026-01-16 17:52:37,269 [ERROR] LogOutputStream:75 - [STDERR_REDIRECT] 
2026-01-16 17:52:38,281 [ERROR] LogOutputStream:75 - [STDERR_REDIRECT] [Fatal Error] :1:1: Premature end of file.
2026-01-16 17:52:38,281 [ERROR] LogOutputStream:75 - [STDERR_REDIRECT] 
2026-01-16 17:52:39,279 [ERROR] LogOutputStream:75 - [STDERR_REDIRECT] [Fatal Error] :1:1: Premature end of file.
2026-01-16 17:52:39,279 [ERROR] LogOutputStream:75 - [STDERR_REDIRECT] 
2026-01-16 17:52:40,271 [ERROR] LogOutputStream:75 - [STDERR_REDIRECT] [Fatal Error] :1:1: Premature end of file.
2026-01-16 17:52:40,271 [ERROR] LogOutputStream:75 - [STDERR_REDIRECT] 
2026-01-16 17:52:41,287 [ERROR] LogOutputStream:75 - [STDERR_REDIRECT] [Fatal Error] :1:1: Premature end of file.
2026-01-16 17:52:41,287 [ERROR] LogOutputStream:75 - [STDERR_REDIRECT] 
2026-01-16 17:52:42,286 [ERROR] LogOutputStream:75 - [STDERR_REDIRECT] [Fatal Error] :1:1: Premature end of file.
2026-01-16 17:52:42,286 [ERROR] LogOutputStream:75 - [STDERR_REDIRECT] 
2026-01-16 17:52:43,285 [ERROR] LogOutputStream:75 - [STDERR_REDIRECT] [Fatal Error] :1:1: Premature end of file.
2026-01-16 17:52:43,286 [ERROR] LogOutputStream:75 - [STDERR_REDIRECT] 
2026-01-16 17:52:44,270 [ERROR] LogOutputStream:75 - [STDERR_REDIRECT] [Fatal Error] :1:1: Premature end of file.
2026-01-16 17:52:44,270 [ERROR] LogOutputStream:75 - [STDERR_REDIRECT] 
2026-01-16 17:52:45,289 [ERROR] LogOutputStream:75 - [STDERR_REDIRECT] [Fatal Error] :1:1: Premature end of file.
2026-01-16 17:52:45,289 [ERROR] LogOutputStream:75 - [STDERR_REDIRECT] 
2026-01-16 17:52:46,285 [ERROR] LogOutputStream:75 - [STDERR_REDIRECT] [Fatal Error] :1:1: Premature end of file.
2026-01-16 17:52:46,286 [ERROR] LogOutputStream:75 - [STDERR_REDIRECT] 
2026-01-16 17:52:47,285 [ERROR] LogOutputStream:75 - [STDERR_REDIRECT] [Fatal Error] :1:1: Premature end of file.
2026-01-16 17:52:47,286 [ERROR] LogOutputStream:75 - [STDERR_REDIRECT] 
2026-01-16 17:52:48,287 [ERROR] LogOutputStream:75 - [STDERR_REDIRECT] [Fatal Error] :1:1: Premature end of file.
2026-01-16 17:52:48,287 [ERROR] LogOutputStream:75 - [STDERR_REDIRECT] 
2026-01-16 17:52:49,279 [ERROR] LogOutputStream:75 - [STDERR_REDIRECT] [Fatal Error] :1:1: Premature end of file.
2026-01-16 17:52:49,279 [ERROR] LogOutputStream:75 - [STDERR_REDIRECT] 
2026-01-16 17:52:50,278 [ERROR] LogOutputStream:75 - [STDERR_REDIRECT] [Fatal Error] :1:1: Premature end of file.
2026-01-16 17:52:50,278 [ERROR] LogOutputStream:75 - [STDERR_REDIRECT] 
2026-01-16 17:52:51,277 [ERROR] LogOutputStream:75 - [STDERR_REDIRECT] [Fatal Error] :1:1: Premature end of file.
2026-01-16 17:52:51,277 [ERROR] LogOutputStream:75 - [STDERR_REDIRECT] 
2026-01-16 17:52:52,289 [ERROR] LogOutputStream:75 - [STDERR_REDIRECT] [Fatal Error] :1:1: Premature end of file.
2026-01-16 17:52:52,289 [ERROR] LogOutputStream:75 - [STDERR_REDIRECT] 
2026-01-16 17:52:53,277 [ERROR] LogOutputStream:75 - [STDERR_REDIRECT] [Fatal Error] :1:1: Premature end of file.
2026-01-16 17:52:53,277 [ERROR] LogOutputStream:75 - [STDERR_REDIRECT] 
2026-01-16 17:52:54,278 [ERROR] LogOutputStream:75 - [STDERR_REDIRECT] [Fatal Error] :1:1: Premature end of file.
2026-01-16 17:52:54,278 [ERROR] LogOutputStream:75 - [STDERR_REDIRECT] 
2026-01-16 17:52:55,285 [ERROR] LogOutputStream:75 - [STDERR_REDIRECT] [Fatal Error] :1:1: Premature end of file.
2026-01-16 17:52:55,285 [ERROR] LogOutputStream:75 - [STDERR_REDIRECT] 
2026-01-16 17:52:56,290 [ERROR] LogOutputStream:75 - [STDERR_REDIRECT] [Fatal Error] :1:1: Premature end of file.
2026-01-16 17:52:56,290 [ERROR] LogOutputStream:75 - [STDERR_REDIRECT] 
2026-01-16 17:52:57,281 [ERROR] LogOutputStream:75 - [STDERR_REDIRECT] [Fatal Error] :1:1: Premature end of file.
2026-01-16 17:52:57,281 [ERROR] LogOutputStream:75 - [STDERR_REDIRECT] 
2026-01-16 17:52:58,276 [ERROR] LogOutputStream:75 - [STDERR_REDIRECT] [Fatal Error] :1:1: Premature end of file.
2026-01-16 17:52:58,276 [ERROR] LogOutputStream:75 - [STDERR_REDIRECT] 
2026-01-16 17:52:59,278 [ERROR] LogOutputStream:75 - [STDERR_REDIRECT] [Fatal Error] :1:1: Premature end of file.
2026-01-16 17:52:59,278 [ERROR] LogOutputStream:75 - [STDERR_REDIRECT] 
2026-01-16 17:53:00,281 [ERROR] LogOutputStream:75 - [STDERR_REDIRECT] [Fatal Error] :1:1: Premature end of file.
2026-01-16 17:53:00,281 [ERROR] LogOutputStream:75 - [STDERR_REDIRECT] 
2026-01-16 17:53:01,282 [ERROR] LogOutputStream:75 - [STDERR_REDIRECT] [Fatal Error] :1:1: Premature end of file.
2026-01-16 17:53:01,282 [ERROR] LogOutputStream:75 - [STDERR_REDIRECT] 
2026-01-16 17:53:02,286 [ERROR] LogOutputStream:75 - [STDERR_REDIRECT] [Fatal Error] :1:1: Premature end of file.
2026-01-16 17:53:02,286 [ERROR] LogOutputStream:75 - [STDERR_REDIRECT] 
2026-01-16 17:53:03,284 [ERROR] LogOutputStream:75 - [STDERR_REDIRECT] [Fatal Error] :1:1: Premature end of file.
2026-01-16 17:53:03,284 [ERROR] LogOutputStream:75 - [STDERR_REDIRECT] 
2026-01-16 17:53:04,278 [ERROR] LogOutputStream:75 - [STDERR_REDIRECT] [Fatal Error] :1:1: Premature end of file.
2026-01-16 17:53:04,278 [ERROR] LogOutputStream:75 - [STDERR_REDIRECT] 
2026-01-16 17:53:05,283 [ERROR] LogOutputStream:75 - [STDERR_REDIRECT] [Fatal Error] :1:1: Premature end of file.
2026-01-16 17:53:05,283 [ERROR] LogOutputStream:75 - [STDERR_REDIRECT] 
2026-01-16 17:53:06,380 [ERROR] LogOutputStream:75 - [STDERR_REDIRECT] [Fatal Error] :1:1: Premature end of file.
2026-01-16 17:53:06,380 [ERROR] LogOutputStream:75 - [STDERR_REDIRECT] 
2026-01-16 17:53:07,294 [ERROR] LogOutputStream:75 - [STDERR_REDIRECT] [Fatal Error] :1:1: Premature end of file.
2026-01-16 17:53:07,295 [ERROR] LogOutputStream:75 - [STDERR_REDIRECT] 
2026-01-16 17:53:08,299 [ERROR] LogOutputStream:75 - [STDERR_REDIRECT] [Fatal Error] :1:1: Premature end of file.
2026-01-16 17:53:08,299 [ERROR] LogOutputStream:75 - [STDERR_REDIRECT] 
2026-01-16 17:53:09,281 [ERROR] LogOutputStream:75 - [STDERR_REDIRECT] [Fatal Error] :1:1: Premature end of file.
2026-01-16 17:53:09,281 [ERROR] LogOutputStream:75 - [STDERR_REDIRECT] 
2026-01-16 17:53:10,275 [ERROR] LogOutputStream:75 - [STDERR_REDIRECT] [Fatal Error] :1:1: Premature end of file.
2026-01-16 17:53:10,275 [ERROR] LogOutputStream:75 - [STDERR_REDIRECT] 
2026-01-16 17:53:11,278 [ERROR] LogOutputStream:75 - [STDERR_REDIRECT] [Fatal Error] :1:1: Premature end of file.
2026-01-16 17:53:11,278 [ERROR] LogOutputStream:75 - [STDERR_REDIRECT] 
2026-01-16 17:53:12,282 [ERROR] LogOutputStream:75 - [STDERR_REDIRECT] [Fatal Error] :1:1: Premature end of file.
2026-01-16 17:53:12,283 [ERROR] LogOutputStream:75 - [STDERR_REDIRECT] 
2026-01-16 17:53:13,270 [ERROR] LogOutputStream:75 - [STDERR_REDIRECT] [Fatal Error] :1:1: Premature end of file.
2026-01-16 17:53:13,271 [ERROR] LogOutputStream:75 - [STDERR_REDIRECT] 
2026-01-16 17:53:14,279 [ERROR] LogOutputStream:75 - [STDERR_REDIRECT] [Fatal Error] :1:1: Premature end of file.
2026-01-16 17:53:14,279 [ERROR] LogOutputStream:75 - [STDERR_REDIRECT] 
2026-01-16 17:53:15,269 [ERROR] LogOutputStream:75 - [STDERR_REDIRECT] [Fatal Error] :1:1: Premature end of file.
2026-01-16 17:53:15,269 [ERROR] LogOutputStream:75 - [STDERR_REDIRECT] 
2026-01-16 17:53:16,282 [ERROR] LogOutputStream:75 - [STDERR_REDIRECT] [Fatal Error] :1:1: Premature end of file.
2026-01-16 17:53:16,282 [ERROR] LogOutputStream:75 - [STDERR_REDIRECT] 
2026-01-16 17:53:17,281 [ERROR] LogOutputStream:75 - [STDERR_REDIRECT] [Fatal Error] :1:1: Premature end of file.
2026-01-16 17:53:17,281 [ERROR] LogOutputStream:75 - [STDERR_REDIRECT] 
2026-01-16 17:53:18,277 [ERROR] LogOutputStream:75 - [STDERR_REDIRECT] [Fatal Error] :1:1: Premature end of file.
2026-01-16 17:53:18,277 [ERROR] LogOutputStream:75 - [STDERR_REDIRECT] 
2026-01-16 17:53:19,271 [ERROR] LogOutputStream:75 - [STDERR_REDIRECT] [Fatal Error] :1:1: Premature end of file.
2026-01-16 17:53:19,271 [ERROR] LogOutputStream:75 - [STDERR_REDIRECT] 
2026-01-16 17:53:20,348 [ERROR] LogOutputStream:75 - [STDERR_REDIRECT] [Fatal Error] :1:1: Premature end of file.
2026-01-16 17:53:20,348 [ERROR] LogOutputStream:75 - [STDERR_REDIRECT] 
2026-01-16 17:53:21,285 [ERROR] LogOutputStream:75 - [STDERR_REDIRECT] [Fatal Error] :1:1: Premature end of file.
2026-01-16 17:53:21,285 [ERROR] LogOutputStream:75 - [STDERR_REDIRECT] 
2026-01-16 17:53:22,280 [ERROR] LogOutputStream:75 - [STDERR_REDIRECT] [Fatal Error] :1:1: Premature end of file.
2026-01-16 17:53:22,280 [ERROR] LogOutputStream:75 - [STDERR_REDIRECT] 
2026-01-16 17:53:23,273 [ERROR] LogOutputStream:75 - [STDERR_REDIRECT] [Fatal Error] :1:1: Premature end of file.
2026-01-16 17:53:23,273 [ERROR] LogOutputStream:75 - [STDERR_REDIRECT] 
2026-01-16 17:53:24,283 [ERROR] LogOutputStream:75 - [STDERR_REDIRECT] [Fatal Error] :1:1: Premature end of file.
2026-01-16 17:53:24,283 [ERROR] LogOutputStream:75 - [STDERR_REDIRECT] 
2026-01-16 17:53:25,280 [ERROR] LogOutputStream:75 - [STDERR_REDIRECT] [Fatal Error] :1:1: Premature end of file.
2026-01-16 17:53:25,280 [ERROR] LogOutputStream:75 - [STDERR_REDIRECT] 
2026-01-16 17:53:26,272 [ERROR] LogOutputStream:75 - [STDERR_REDIRECT] [Fatal Error] :1:1: Premature end of file.
2026-01-16 17:53:26,273 [ERROR] LogOutputStream:75 - [STDERR_REDIRECT] 
2026-01-16 17:53:27,289 [ERROR] LogOutputStream:75 - [STDERR_REDIRECT] [Fatal Error] :1:1: Premature end of file.
2026-01-16 17:53:27,289 [ERROR] LogOutputStream:75 - [STDERR_REDIRECT] 
2026-01-16 17:53:28,285 [ERROR] LogOutputStream:75 - [STDERR_REDIRECT] [Fatal Error] :1:1: Premature end of file.
2026-01-16 17:53:28,285 [ERROR] LogOutputStream:75 - [STDERR_REDIRECT] 
2026-01-16 17:53:29,281 [ERROR] LogOutputStream:75 - [STDERR_REDIRECT] [Fatal Error] :1:1: Premature end of file.
2026-01-16 17:53:29,282 [ERROR] LogOutputStream:75 - [STDERR_REDIRECT] 
2026-01-16 17:53:30,277 [ERROR] LogOutputStream:75 - [STDERR_REDIRECT] [Fatal Error] :1:1: Premature end of file.
2026-01-16 17:53:30,278 [ERROR] LogOutputStream:75 - [STDERR_REDIRECT] 
2026-01-16 17:53:31,286 [ERROR] LogOutputStream:75 - [STDERR_REDIRECT] [Fatal Error] :1:1: Premature end of file.
2026-01-16 17:53:31,286 [ERROR] LogOutputStream:75 - [STDERR_REDIRECT] 
2026-01-16 17:53:32,280 [ERROR] LogOutputStream:75 - [STDERR_REDIRECT] [Fatal Error] :1:1: Premature end of file.
2026-01-16 17:53:32,280 [ERROR] LogOutputStream:75 - [STDERR_REDIRECT] 
2026-01-16 17:53:33,276 [ERROR] LogOutputStream:75 - [STDERR_REDIRECT] [Fatal Error] :1:1: Premature end of file.
2026-01-16 17:53:33,276 [ERROR] LogOutputStream:75 - [STDERR_REDIRECT] 
2026-01-16 17:53:34,287 [ERROR] LogOutputStream:75 - [STDERR_REDIRECT] [Fatal Error] :1:1: Premature end of file.
2026-01-16 17:53:34,287 [ERROR] LogOutputStream:75 - [STDERR_REDIRECT] 
2026-01-16 17:53:35,282 [ERROR] LogOutputStream:75 - [STDERR_REDIRECT] [Fatal Error] :1:1: Premature end of file.
2026-01-16 17:53:35,282 [ERROR] LogOutputStream:75 - [STDERR_REDIRECT] 
2026-01-16 17:53:36,281 [ERROR] LogOutputStream:75 - [STDERR_REDIRECT] [Fatal Error] :1:1: Premature end of file.
2026-01-16 17:53:36,281 [ERROR] LogOutputStream:75 - [STDERR_REDIRECT] 
2026-01-16 17:53:37,279 [ERROR] LogOutputStream:75 - [STDERR_REDIRECT] [Fatal Error] :1:1: Premature end of file.
2026-01-16 17:53:37,279 [ERROR] LogOutputStream:75 - [STDERR_REDIRECT] 
2026-01-16 17:53:38,276 [ERROR] LogOutputStream:75 - [STDERR_REDIRECT] [Fatal Error] :1:1: Premature end of file.
2026-01-16 17:53:38,276 [ERROR] LogOutputStream:75 - [STDERR_REDIRECT] 
2026-01-16 17:53:39,273 [ERROR] LogOutputStream:75 - [STDERR_REDIRECT] [Fatal Error] :1:1: Premature end of file.
2026-01-16 17:53:39,273 [ERROR] LogOutputStream:75 - [STDERR_REDIRECT] 
2026-01-16 17:53:40,286 [ERROR] LogOutputStream:75 - [STDERR_REDIRECT] [Fatal Error] :1:1: Premature end of file.
2026-01-16 17:53:40,286 [ERROR] LogOutputStream:75 - [STDERR_REDIRECT] 
2026-01-16 17:53:41,280 [ERROR] LogOutputStream:75 - [STDERR_REDIRECT] [Fatal Error] :1:1: Premature end of file.
2026-01-16 17:53:41,282 [ERROR] LogOutputStream:75 - [STDERR_REDIRECT] 
2026-01-16 17:53:42,278 [ERROR] LogOutputStream:75 - [STDERR_REDIRECT] [Fatal Error] :1:1: Premature end of file.
2026-01-16 17:53:42,278 [ERROR] LogOutputStream:75 - [STDERR_REDIRECT] 
2026-01-16 17:53:43,274 [ERROR] LogOutputStream:75 - [STDERR_REDIRECT] [Fatal Error] :1:1: Premature end of file.
2026-01-16 17:53:43,275 [ERROR] LogOutputStream:75 - [STDERR_REDIRECT] 
2026-01-16 17:53:44,288 [ERROR] LogOutputStream:75 - [STDERR_REDIRECT] [Fatal Error] :1:1: Premature end of file.
2026-01-16 17:53:44,289 [ERROR] LogOutputStream:75 - [STDERR_REDIRECT] 
2026-01-16 17:53:45,285 [ERROR] LogOutputStream:75 - [STDERR_REDIRECT] [Fatal Error] :1:1: Premature end of file.
2026-01-16 17:53:45,285 [ERROR] LogOutputStream:75 - [STDERR_REDIRECT] 
2026-01-16 17:53:46,278 [ERROR] LogOutputStream:75 - [STDERR_REDIRECT] [Fatal Error] :1:1: Premature end of file.
2026-01-16 17:53:46,278 [ERROR] LogOutputStream:75 - [STDERR_REDIRECT] 
2026-01-16 17:53:47,274 [ERROR] LogOutputStream:75 - [STDERR_REDIRECT] [Fatal Error] :1:1: Premature end of file.
2026-01-16 17:53:47,274 [ERROR] LogOutputStream:75 - [STDERR_REDIRECT] 
2026-01-16 17:53:48,275 [ERROR] LogOutputStream:75 - [STDERR_REDIRECT] [Fatal Error] :1:1: Premature end of file.
2026-01-16 17:53:48,276 [ERROR] LogOutputStream:75 - [STDERR_REDIRECT] 
2026-01-16 17:53:49,285 [ERROR] LogOutputStream:75 - [STDERR_REDIRECT] [Fatal Error] :1:1: Premature end of file.
2026-01-16 17:53:49,285 [ERROR] LogOutputStream:75 - [STDERR_REDIRECT] 
2026-01-16 17:53:50,282 [ERROR] LogOutputStream:75 - [STDERR_REDIRECT] [Fatal Error] :1:1: Premature end of file.
2026-01-16 17:53:50,282 [ERROR] LogOutputStream:75 - [STDERR_REDIRECT] 
2026-01-16 17:53:51,282 [ERROR] LogOutputStream:75 - [STDERR_REDIRECT] [Fatal Error] :1:1: Premature end of file.
2026-01-16 17:53:51,282 [ERROR] LogOutputStream:75 - [STDERR_REDIRECT] 
2026-01-16 17:53:52,276 [ERROR] LogOutputStream:75 - [STDERR_REDIRECT] [Fatal Error] :1:1: Premature end of file.
2026-01-16 17:53:52,277 [ERROR] LogOutputStream:75 - [STDERR_REDIRECT] 
2026-01-16 17:53:53,287 [ERROR] LogOutputStream:75 - [STDERR_REDIRECT] [Fatal Error] :1:1: Premature end of file.
2026-01-16 17:53:53,287 [ERROR] LogOutputStream:75 - [STDERR_REDIRECT] 
2026-01-16 17:53:54,283 [ERROR] LogOutputStream:75 - [STDERR_REDIRECT] [Fatal Error] :1:1: Premature end of file.
2026-01-16 17:53:54,283 [ERROR] LogOutputStream:75 - [STDERR_REDIRECT] 
2026-01-16 17:53:55,280 [ERROR] LogOutputStream:75 - [STDERR_REDIRECT] [Fatal Error] :1:1: Premature end of file.
2026-01-16 17:53:55,280 [ERROR] LogOutputStream:75 - [STDERR_REDIRECT] 
2026-01-16 17:53:56,276 [ERROR] LogOutputStream:75 - [STDERR_REDIRECT] [Fatal Error] :1:1: Premature end of file.
2026-01-16 17:53:56,276 [ERROR] LogOutputStream:75 - [STDERR_REDIRECT] 
2026-01-16 17:53:57,285 [ERROR] LogOutputStream:75 - [STDERR_REDIRECT] [Fatal Error] :1:1: Premature end of file.
2026-01-16 17:53:57,285 [ERROR] LogOutputStream:75 - [STDERR_REDIRECT] 
2026-01-16 17:53:58,277 [ERROR] LogOutputStream:75 - [STDERR_REDIRECT] [Fatal Error] :1:1: Premature end of file.
2026-01-16 17:53:58,277 [ERROR] LogOutputStream:75 - [STDERR_REDIRECT] 
2026-01-16 17:53:59,275 [ERROR] LogOutputStream:75 - [STDERR_REDIRECT] [Fatal Error] :1:1: Premature end of file.
2026-01-16 17:53:59,275 [ERROR] LogOutputStream:75 - [STDERR_REDIRECT] 
2026-01-16 17:54:00,288 [ERROR] LogOutputStream:75 - [STDERR_REDIRECT] [Fatal Error] :1:1: Premature end of file.
2026-01-16 17:54:00,288 [ERROR] LogOutputStream:75 - [STDERR_REDIRECT] 
2026-01-16 17:54:01,279 [ERROR] LogOutputStream:75 - [STDERR_REDIRECT] [Fatal Error] :1:1: Premature end of file.
2026-01-16 17:54:01,279 [ERROR] LogOutputStream:75 - [STDERR_REDIRECT] 
2026-01-16 17:54:02,285 [ERROR] LogOutputStream:75 - [STDERR_REDIRECT] [Fatal Error] :1:1: Premature end of file.
2026-01-16 17:54:02,285 [ERROR] LogOutputStream:75 - [STDERR_REDIRECT] 
2026-01-16 17:54:03,272 [ERROR] LogOutputStream:75 - [STDERR_REDIRECT] [Fatal Error] :1:1: Premature end of file.
2026-01-16 17:54:03,272 [ERROR] LogOutputStream:75 - [STDERR_REDIRECT] 
2026-01-16 17:54:04,276 [ERROR] LogOutputStream:75 - [STDERR_REDIRECT] [Fatal Error] :1:1: Premature end of file.
2026-01-16 17:54:04,276 [ERROR] LogOutputStream:75 - [STDERR_REDIRECT] 
2026-01-16 17:54:05,270 [ERROR] LogOutputStream:75 - [STDERR_REDIRECT] [Fatal Error] :1:1: Premature end of file.
2026-01-16 17:54:05,270 [ERROR] LogOutputStream:75 - [STDERR_REDIRECT] 
2026-01-16 17:54:06,287 [ERROR] LogOutputStream:75 - [STDERR_REDIRECT] [Fatal Error] :1:1: Premature end of file.
2026-01-16 17:54:06,287 [ERROR] LogOutputStream:75 - [STDERR_REDIRECT] 
2026-01-16 17:54:07,282 [ERROR] LogOutputStream:75 - [STDERR_REDIRECT] [Fatal Error] :1:1: Premature end of file.
2026-01-16 17:54:07,282 [ERROR] LogOutputStream:75 - [STDERR_REDIRECT] 
2026-01-16 17:54:08,272 [ERROR] LogOutputStream:75 - [STDERR_REDIRECT] [Fatal Error] :1:1: Premature end of file.
2026-01-16 17:54:08,272 [ERROR] LogOutputStream:75 - [STDERR_REDIRECT] 
2026-01-16 17:54:09,274 [ERROR] LogOutputStream:75 - [STDERR_REDIRECT] [Fatal Error] :1:1: Premature end of file.
2026-01-16 17:54:09,274 [ERROR] LogOutputStream:75 - [STDERR_REDIRECT] 
2026-01-16 17:54:10,287 [ERROR] LogOutputStream:75 - [STDERR_REDIRECT] [Fatal Error] :1:1: Premature end of file.
2026-01-16 17:54:10,287 [ERROR] LogOutputStream:75 - [STDERR_REDIRECT] 
2026-01-16 17:54:11,282 [ERROR] LogOutputStream:75 - [STDERR_REDIRECT] [Fatal Error] :1:1: Premature end of file.
2026-01-16 17:54:11,282 [ERROR] LogOutputStream:75 - [STDERR_REDIRECT] 
2026-01-16 17:54:12,277 [ERROR] LogOutputStream:75 - [STDERR_REDIRECT] [Fatal Error] :1:1: Premature end of file.
2026-01-16 17:54:12,277 [ERROR] LogOutputStream:75 - [STDERR_REDIRECT] 
2026-01-16 17:54:13,274 [ERROR] LogOutputStream:75 - [STDERR_REDIRECT] [Fatal Error] :1:1: Premature end of file.
2026-01-16 17:54:13,274 [ERROR] LogOutputStream:75 - [STDERR_REDIRECT] 
2026-01-16 17:54:14,273 [ERROR] LogOutputStream:75 - [STDERR_REDIRECT] [Fatal Error] :1:1: Premature end of file.
2026-01-16 17:54:14,273 [ERROR] LogOutputStream:75 - [STDERR_REDIRECT] 
2026-01-16 17:54:15,284 [ERROR] LogOutputStream:75 - [STDERR_REDIRECT] [Fatal Error] :1:1: Premature end of file.
2026-01-16 17:54:15,284 [ERROR] LogOutputStream:75 - [STDERR_REDIRECT] 
2026-01-16 17:54:16,278 [ERROR] LogOutputStream:75 - [STDERR_REDIRECT] [Fatal Error] :1:1: Premature end of file.
2026-01-16 17:54:16,278 [ERROR] LogOutputStream:75 - [STDERR_REDIRECT] 
2026-01-16 17:54:17,287 [ERROR] LogOutputStream:75 - [STDERR_REDIRECT] [Fatal Error] :1:1: Premature end of file.
2026-01-16 17:54:17,287 [ERROR] LogOutputStream:75 - [STDERR_REDIRECT] 
2026-01-16 17:54:18,283 [ERROR] LogOutputStream:75 - [STDERR_REDIRECT] [Fatal Error] :1:1: Premature end of file.
2026-01-16 17:54:18,284 [ERROR] LogOutputStream:75 - [STDERR_REDIRECT] 
2026-01-16 17:54:19,279 [ERROR] LogOutputStream:75 - [STDERR_REDIRECT] [Fatal Error] :1:1: Premature end of file.
2026-01-16 17:54:19,279 [ERROR] LogOutputStream:75 - [STDERR_REDIRECT] 
2026-01-16 17:54:20,274 [ERROR] LogOutputStream:75 - [STDERR_REDIRECT] [Fatal Error] :1:1: Premature end of file.
2026-01-16 17:54:20,274 [ERROR] LogOutputStream:75 - [STDERR_REDIRECT] 
2026-01-16 17:54:21,272 [ERROR] LogOutputStream:75 - [STDERR_REDIRECT] [Fatal Error] :1:1: Premature end of file.
2026-01-16 17:54:21,272 [ERROR] LogOutputStream:75 - [STDERR_REDIRECT] 
2026-01-16 17:54:22,289 [ERROR] LogOutputStream:75 - [STDERR_REDIRECT] [Fatal Error] :1:1: Premature end of file.
2026-01-16 17:54:22,289 [ERROR] LogOutputStream:75 - [STDERR_REDIRECT] 
2026-01-16 17:54:23,289 [ERROR] LogOutputStream:75 - [STDERR_REDIRECT] [Fatal Error] :1:1: Premature end of file.
2026-01-16 17:54:23,289 [ERROR] LogOutputStream:75 - [STDERR_REDIRECT] 
2026-01-16 17:54:24,279 [ERROR] LogOutputStream:75 - [STDERR_REDIRECT] [Fatal Error] :1:1: Premature end of file.
2026-01-16 17:54:24,279 [ERROR] LogOutputStream:75 - [STDERR_REDIRECT] 
2026-01-16 17:54:25,286 [ERROR] LogOutputStream:75 - [STDERR_REDIRECT] [Fatal Error] :1:1: Premature end of file.
2026-01-16 17:54:25,286 [ERROR] LogOutputStream:75 - [STDERR_REDIRECT] 
2026-01-16 17:54:26,285 [ERROR] LogOutputStream:75 - [STDERR_REDIRECT] [Fatal Error] :1:1: Premature end of file.
2026-01-16 17:54:26,285 [ERROR] LogOutputStream:75 - [STDERR_REDIRECT] 
2026-01-16 17:54:27,281 [ERROR] LogOutputStream:75 - [STDERR_REDIRECT] [Fatal Error] :1:1: Premature end of file.
2026-01-16 17:54:27,281 [ERROR] LogOutputStream:75 - [STDERR_REDIRECT] 
2026-01-16 17:54:28,282 [ERROR] LogOutputStream:75 - [STDERR_REDIRECT] [Fatal Error] :1:1: Premature end of file.
2026-01-16 17:54:28,282 [ERROR] LogOutputStream:75 - [STDERR_REDIRECT] 
2026-01-16 17:54:29,281 [ERROR] LogOutputStream:75 - [STDERR_REDIRECT] [Fatal Error] :1:1: Premature end of file.
2026-01-16 17:54:29,282 [ERROR] LogOutputStream:75 - [STDERR_REDIRECT] 
2026-01-16 17:54:30,274 [ERROR] LogOutputStream:75 - [STDERR_REDIRECT] [Fatal Error] :1:1: Premature end of file.
2026-01-16 17:54:30,275 [ERROR] LogOutputStream:75 - [STDERR_REDIRECT] 
2026-01-16 17:54:31,286 [ERROR] LogOutputStream:75 - [STDERR_REDIRECT] [Fatal Error] :1:1: Premature end of file.
2026-01-16 17:54:31,287 [ERROR] LogOutputStream:75 - [STDERR_REDIRECT] 
2026-01-16 17:54:32,283 [ERROR] LogOutputStream:75 - [STDERR_REDIRECT] [Fatal Error] :1:1: Premature end of file.
2026-01-16 17:54:32,283 [ERROR] LogOutputStream:75 - [STDERR_REDIRECT] 
2026-01-16 17:54:33,277 [ERROR] LogOutputStream:75 - [STDERR_REDIRECT] [Fatal Error] :1:1: Premature end of file.
2026-01-16 17:54:33,277 [ERROR] LogOutputStream:75 - [STDERR_REDIRECT] 
2026-01-16 17:54:34,275 [ERROR] LogOutputStream:75 - [STDERR_REDIRECT] [Fatal Error] :1:1: Premature end of file.
2026-01-16 17:54:34,275 [ERROR] LogOutputStream:75 - [STDERR_REDIRECT] 
2026-01-16 17:54:35,275 [ERROR] LogOutputStream:75 - [STDERR_REDIRECT] [Fatal Error] :1:1: Premature end of file.
2026-01-16 17:54:35,275 [ERROR] LogOutputStream:75 - [STDERR_REDIRECT] 
2026-01-16 17:54:36,274 [ERROR] LogOutputStream:75 - [STDERR_REDIRECT] [Fatal Error] :1:1: Premature end of file.
2026-01-16 17:54:36,274 [ERROR] LogOutputStream:75 - [STDERR_REDIRECT] 
2026-01-16 17:54:37,285 [ERROR] LogOutputStream:75 - [STDERR_REDIRECT] [Fatal Error] :1:1: Premature end of file.
2026-01-16 17:54:37,285 [ERROR] LogOutputStream:75 - [STDERR_REDIRECT] 
2026-01-16 17:54:38,280 [ERROR] LogOutputStream:75 - [STDERR_REDIRECT] [Fatal Error] :1:1: Premature end of file.
2026-01-16 17:54:38,280 [ERROR] LogOutputStream:75 - [STDERR_REDIRECT] 
2026-01-16 17:54:39,278 [ERROR] LogOutputStream:75 - [STDERR_REDIRECT] [Fatal Error] :1:1: Premature end of file.
2026-01-16 17:54:39,278 [ERROR] LogOutputStream:75 - [STDERR_REDIRECT] 
2026-01-16 17:54:40,271 [ERROR] LogOutputStream:75 - [STDERR_REDIRECT] [Fatal Error] :1:1: Premature end of file.
2026-01-16 17:54:40,271 [ERROR] LogOutputStream:75 - [STDERR_REDIRECT] 
2026-01-16 17:54:41,285 [ERROR] LogOutputStream:75 - [STDERR_REDIRECT] [Fatal Error] :1:1: Premature end of file.
2026-01-16 17:54:41,285 [ERROR] LogOutputStream:75 - [STDERR_REDIRECT] 
2026-01-16 17:54:42,277 [ERROR] LogOutputStream:75 - [STDERR_REDIRECT] [Fatal Error] :1:1: Premature end of file.
2026-01-16 17:54:42,277 [ERROR] LogOutputStream:75 - [STDERR_REDIRECT] 
2026-01-16 17:54:43,286 [ERROR] LogOutputStream:75 - [STDERR_REDIRECT] [Fatal Error] :1:1: Premature end of file.
2026-01-16 17:54:43,287 [ERROR] LogOutputStream:75 - [STDERR_REDIRECT] 
2026-01-16 17:54:44,282 [ERROR] LogOutputStream:75 - [STDERR_REDIRECT] [Fatal Error] :1:1: Premature end of file.
2026-01-16 17:54:44,282 [ERROR] LogOutputStream:75 - [STDERR_REDIRECT] 
2026-01-16 17:54:45,273 [ERROR] LogOutputStream:75 - [STDERR_REDIRECT] [Fatal Error] :1:1: Premature end of file.
2026-01-16 17:54:45,274 [ERROR] LogOutputStream:75 - [STDERR_REDIRECT] 
2026-01-16 17:54:46,284 [ERROR] LogOutputStream:75 - [STDERR_REDIRECT] [Fatal Error] :1:1: Premature end of file.
2026-01-16 17:54:46,284 [ERROR] LogOutputStream:75 - [STDERR_REDIRECT] 
2026-01-16 17:54:47,279 [ERROR] LogOutputStream:75 - [STDERR_REDIRECT] [Fatal Error] :1:1: Premature end of file.
2026-01-16 17:54:47,279 [ERROR] LogOutputStream:75 - [STDERR_REDIRECT] 
2026-01-16 17:54:48,280 [ERROR] LogOutputStream:75 - [STDERR_REDIRECT] [Fatal Error] :1:1: Premature end of file.
2026-01-16 17:54:48,280 [ERROR] LogOutputStream:75 - [STDERR_REDIRECT] 
2026-01-16 17:54:49,278 [ERROR] LogOutputStream:75 - [STDERR_REDIRECT] [Fatal Error] :1:1: Premature end of file.
2026-01-16 17:54:49,278 [ERROR] LogOutputStream:75 - [STDERR_REDIRECT] 
2026-01-16 17:54:50,284 [ERROR] LogOutputStream:75 - [STDERR_REDIRECT] [Fatal Error] :1:1: Premature end of file.
2026-01-16 17:54:50,284 [ERROR] LogOutputStream:75 - [STDERR_REDIRECT] 
2026-01-16 17:54:51,327 [ERROR] LogOutputStream:75 - [STDERR_REDIRECT] [Fatal Error] :1:1: Premature end of file.
2026-01-16 17:54:51,327 [ERROR] LogOutputStream:75 - [STDERR_REDIRECT] 
2026-01-16 17:54:52,279 [ERROR] LogOutputStream:75 - [STDERR_REDIRECT] [Fatal Error] :1:1: Premature end of file.
2026-01-16 17:54:52,279 [ERROR] LogOutputStream:75 - [STDERR_REDIRECT] 
2026-01-16 17:54:53,285 [ERROR] LogOutputStream:75 - [STDERR_REDIRECT] [Fatal Error] :1:1: Premature end of file.
2026-01-16 17:54:53,285 [ERROR] LogOutputStream:75 - [STDERR_REDIRECT] 
2026-01-16 17:54:54,282 [ERROR] LogOutputStream:75 - [STDERR_REDIRECT] [Fatal Error] :1:1: Premature end of file.
2026-01-16 17:54:54,282 [ERROR] LogOutputStream:75 - [STDERR_REDIRECT] 
2026-01-16 17:54:55,281 [ERROR] LogOutputStream:75 - [STDERR_REDIRECT] [Fatal Error] :1:1: Premature end of file.
2026-01-16 17:54:55,281 [ERROR] LogOutputStream:75 - [STDERR_REDIRECT] 
2026-01-16 17:54:56,274 [ERROR] LogOutputStream:75 - [STDERR_REDIRECT] [Fatal Error] :1:1: Premature end of file.
2026-01-16 17:54:56,274 [ERROR] LogOutputStream:75 - [STDERR_REDIRECT] 
2026-01-16 17:54:57,284 [ERROR] LogOutputStream:75 - [STDERR_REDIRECT] [Fatal Error] :1:1: Premature end of file.
2026-01-16 17:54:57,285 [ERROR] LogOutputStream:75 - [STDERR_REDIRECT] 
2026-01-16 17:54:58,282 [ERROR] LogOutputStream:75 - [STDERR_REDIRECT] [Fatal Error] :1:1: Premature end of file.
2026-01-16 17:54:58,282 [ERROR] LogOutputStream:75 - [STDERR_REDIRECT] 
2026-01-16 17:54:59,282 [ERROR] LogOutputStream:75 - [STDERR_REDIRECT] [Fatal Error] :1:1: Premature end of file.
2026-01-16 17:54:59,282 [ERROR] LogOutputStream:75 - [STDERR_REDIRECT] 
2026-01-16 17:55:00,273 [ERROR] LogOutputStream:75 - [STDERR_REDIRECT] [Fatal Error] :1:1: Premature end of file.
2026-01-16 17:55:00,273 [ERROR] LogOutputStream:75 - [STDERR_REDIRECT] 
2026-01-16 17:55:01,284 [ERROR] LogOutputStream:75 - [STDERR_REDIRECT] [Fatal Error] :1:1: Premature end of file.
2026-01-16 17:55:01,285 [ERROR] LogOutputStream:75 - [STDERR_REDIRECT] 
2026-01-16 17:55:02,281 [ERROR] LogOutputStream:75 - [STDERR_REDIRECT] [Fatal Error] :1:1: Premature end of file.
2026-01-16 17:55:02,281 [ERROR] LogOutputStream:75 - [STDERR_REDIRECT] 
2026-01-16 17:55:03,277 [ERROR] LogOutputStream:75 - [STDERR_REDIRECT] [Fatal Error] :1:1: Premature end of file.
2026-01-16 17:55:03,277 [ERROR] LogOutputStream:75 - [STDERR_REDIRECT] 
2026-01-16 17:55:04,285 [ERROR] LogOutputStream:75 - [STDERR_REDIRECT] [Fatal Error] :1:1: Premature end of file.
2026-01-16 17:55:04,285 [ERROR] LogOutputStream:75 - [STDERR_REDIRECT] 
2026-01-16 17:55:05,282 [ERROR] LogOutputStream:75 - [STDERR_REDIRECT] [Fatal Error] :1:1: Premature end of file.
2026-01-16 17:55:05,282 [ERROR] LogOutputStream:75 - [STDERR_REDIRECT] 
2026-01-16 17:55:06,285 [ERROR] LogOutputStream:75 - [STDERR_REDIRECT] [Fatal Error] :1:1: Premature end of file.
2026-01-16 17:55:06,285 [ERROR] LogOutputStream:75 - [STDERR_REDIRECT] 
2026-01-16 17:55:07,285 [ERROR] LogOutputStream:75 - [STDERR_REDIRECT] [Fatal Error] :1:1: Premature end of file.
2026-01-16 17:55:07,285 [ERROR] LogOutputStream:75 - [STDERR_REDIRECT] 
2026-01-16 17:55:08,278 [ERROR] LogOutputStream:75 - [STDERR_REDIRECT] [Fatal Error] :1:1: Premature end of file.
2026-01-16 17:55:08,278 [ERROR] LogOutputStream:75 - [STDERR_REDIRECT] 
2026-01-16 17:55:09,277 [ERROR] LogOutputStream:75 - [STDERR_REDIRECT] [Fatal Error] :1:1: Premature end of file.
2026-01-16 17:55:09,277 [ERROR] LogOutputStream:75 - [STDERR_REDIRECT] 
2026-01-16 17:55:10,277 [ERROR] LogOutputStream:75 - [STDERR_REDIRECT] [Fatal Error] :1:1: Premature end of file.
2026-01-16 17:55:10,277 [ERROR] LogOutputStream:75 - [STDERR_REDIRECT] 
2026-01-16 17:55:11,272 [ERROR] LogOutputStream:75 - [STDERR_REDIRECT] [Fatal Error] :1:1: Premature end of file.
2026-01-16 17:55:11,272 [ERROR] LogOutputStream:75 - [STDERR_REDIRECT] 
2026-01-16 17:55:12,288 [ERROR] LogOutputStream:75 - [STDERR_REDIRECT] [Fatal Error] :1:1: Premature end of file.
2026-01-16 17:55:12,289 [ERROR] LogOutputStream:75 - [STDERR_REDIRECT] 
2026-01-16 17:55:13,285 [ERROR] LogOutputStream:75 - [STDERR_REDIRECT] [Fatal Error] :1:1: Premature end of file.
2026-01-16 17:55:13,285 [ERROR] LogOutputStream:75 - [STDERR_REDIRECT] 
2026-01-16 17:55:14,279 [ERROR] LogOutputStream:75 - [STDERR_REDIRECT] [Fatal Error] :1:1: Premature end of file.
2026-01-16 17:55:14,279 [ERROR] LogOutputStream:75 - [STDERR_REDIRECT] 
2026-01-16 17:55:15,279 [ERROR] LogOutputStream:75 - [STDERR_REDIRECT] [Fatal Error] :1:1: Premature end of file.
2026-01-16 17:55:15,279 [ERROR] LogOutputStream:75 - [STDERR_REDIRECT] 
2026-01-16 17:55:16,278 [ERROR] LogOutputStream:75 - [STDERR_REDIRECT] [Fatal Error] :1:1: Premature end of file.
2026-01-16 17:55:16,278 [ERROR] LogOutputStream:75 - [STDERR_REDIRECT] 
2026-01-16 17:55:17,286 [ERROR] LogOutputStream:75 - [STDERR_REDIRECT] [Fatal Error] :1:1: Premature end of file.
2026-01-16 17:55:17,286 [ERROR] LogOutputStream:75 - [STDERR_REDIRECT] 
2026-01-16 17:55:18,282 [ERROR] LogOutputStream:75 - [STDERR_REDIRECT] [Fatal Error] :1:1: Premature end of file.
2026-01-16 17:55:18,282 [ERROR] LogOutputStream:75 - [STDERR_REDIRECT] 
2026-01-16 17:55:19,276 [ERROR] LogOutputStream:75 - [STDERR_REDIRECT] [Fatal Error] :1:1: Premature end of file.
2026-01-16 17:55:19,276 [ERROR] LogOutputStream:75 - [STDERR_REDIRECT] 
2026-01-16 17:55:20,273 [ERROR] LogOutputStream:75 - [STDERR_REDIRECT] [Fatal Error] :1:1: Premature end of file.
2026-01-16 17:55:20,273 [ERROR] LogOutputStream:75 - [STDERR_REDIRECT] 
2026-01-16 17:55:21,283 [ERROR] LogOutputStream:75 - [STDERR_REDIRECT] [Fatal Error] :1:1: Premature end of file.
2026-01-16 17:55:21,283 [ERROR] LogOutputStream:75 - [STDERR_REDIRECT] 
2026-01-16 17:55:22,276 [ERROR] LogOutputStream:75 - [STDERR_REDIRECT] [Fatal Error] :1:1: Premature end of file.
2026-01-16 17:55:22,276 [ERROR] LogOutputStream:75 - [STDERR_REDIRECT] 
2026-01-16 17:55:23,275 [ERROR] LogOutputStream:75 - [STDERR_REDIRECT] [Fatal Error] :1:1: Premature end of file.
2026-01-16 17:55:23,275 [ERROR] LogOutputStream:75 - [STDERR_REDIRECT] 
2026-01-16 17:55:24,285 [ERROR] LogOutputStream:75 - [STDERR_REDIRECT] [Fatal Error] :1:1: Premature end of file.
2026-01-16 17:55:24,285 [ERROR] LogOutputStream:75 - [STDERR_REDIRECT] 
2026-01-16 17:55:25,283 [ERROR] LogOutputStream:75 - [STDERR_REDIRECT] [Fatal Error] :1:1: Premature end of file.
2026-01-16 17:55:25,283 [ERROR] LogOutputStream:75 - [STDERR_REDIRECT] 
2026-01-16 17:55:26,278 [ERROR] LogOutputStream:75 - [STDERR_REDIRECT] [Fatal Error] :1:1: Premature end of file.
2026-01-16 17:55:26,278 [ERROR] LogOutputStream:75 - [STDERR_REDIRECT] 
2026-01-16 17:55:27,275 [ERROR] LogOutputStream:75 - [STDERR_REDIRECT] [Fatal Error] :1:1: Premature end of file.
2026-01-16 17:55:27,275 [ERROR] LogOutputStream:75 - [STDERR_REDIRECT] 
2026-01-16 17:55:28,272 [ERROR] LogOutputStream:75 - [STDERR_REDIRECT] [Fatal Error] :1:1: Premature end of file.
2026-01-16 17:55:28,272 [ERROR] LogOutputStream:75 - [STDERR_REDIRECT] 
2026-01-16 17:55:29,280 [ERROR] LogOutputStream:75 - [STDERR_REDIRECT] [Fatal Error] :1:1: Premature end of file.
2026-01-16 17:55:29,280 [ERROR] LogOutputStream:75 - [STDERR_REDIRECT] 
2026-01-16 17:55:30,280 [ERROR] LogOutputStream:75 - [STDERR_REDIRECT] [Fatal Error] :1:1: Premature end of file.
2026-01-16 17:55:30,280 [ERROR] LogOutputStream:75 - [STDERR_REDIRECT] 
2026-01-16 17:55:31,275 [ERROR] LogOutputStream:75 - [STDERR_REDIRECT] [Fatal Error] :1:1: Premature end of file.
2026-01-16 17:55:31,275 [ERROR] LogOutputStream:75 - [STDERR_REDIRECT] 
2026-01-16 17:55:32,281 [ERROR] LogOutputStream:75 - [STDERR_REDIRECT] [Fatal Error] :1:1: Premature end of file.
2026-01-16 17:55:32,281 [ERROR] LogOutputStream:75 - [STDERR_REDIRECT] 
2026-01-16 17:55:33,273 [ERROR] LogOutputStream:75 - [STDERR_REDIRECT] [Fatal Error] :1:1: Premature end of file.
2026-01-16 17:55:33,273 [ERROR] LogOutputStream:75 - [STDERR_REDIRECT] 
2026-01-16 17:55:34,287 [ERROR] LogOutputStream:75 - [STDERR_REDIRECT] [Fatal Error] :1:1: Premature end of file.
2026-01-16 17:55:34,287 [ERROR] LogOutputStream:75 - [STDERR_REDIRECT] 
2026-01-16 17:55:35,282 [ERROR] LogOutputStream:75 - [STDERR_REDIRECT] [Fatal Error] :1:1: Premature end of file.
2026-01-16 17:55:35,283 [ERROR] LogOutputStream:75 - [STDERR_REDIRECT] 
2026-01-16 17:55:36,276 [ERROR] LogOutputStream:75 - [STDERR_REDIRECT] [Fatal Error] :1:1: Premature end of file.
2026-01-16 17:55:36,277 [ERROR] LogOutputStream:75 - [STDERR_REDIRECT] 
2026-01-16 17:55:37,288 [ERROR] LogOutputStream:75 - [STDERR_REDIRECT] [Fatal Error] :1:1: Premature end of file.
2026-01-16 17:55:37,288 [ERROR] LogOutputStream:75 - [STDERR_REDIRECT] 
2026-01-16 17:55:38,283 [ERROR] LogOutputStream:75 - [STDERR_REDIRECT] [Fatal Error] :1:1: Premature end of file.
2026-01-16 17:55:38,283 [ERROR] LogOutputStream:75 - [STDERR_REDIRECT] 
2026-01-16 17:55:39,279 [ERROR] LogOutputStream:75 - [STDERR_REDIRECT] [Fatal Error] :1:1: Premature end of file.
2026-01-16 17:55:39,280 [ERROR] LogOutputStream:75 - [STDERR_REDIRECT] 
2026-01-16 17:55:40,273 [ERROR] LogOutputStream:75 - [STDERR_REDIRECT] [Fatal Error] :1:1: Premature end of file.
2026-01-16 17:55:40,273 [ERROR] LogOutputStream:75 - [STDERR_REDIRECT] 
2026-01-16 17:55:41,274 [ERROR] LogOutputStream:75 - [STDERR_REDIRECT] [Fatal Error] :1:1: Premature end of file.
2026-01-16 17:55:41,274 [ERROR] LogOutputStream:75 - [STDERR_REDIRECT] 
2026-01-16 17:55:42,285 [ERROR] LogOutputStream:75 - [STDERR_REDIRECT] [Fatal Error] :1:1: Premature end of file.
2026-01-16 17:55:42,285 [ERROR] LogOutputStream:75 - [STDERR_REDIRECT] 
2026-01-16 17:55:43,282 [ERROR] LogOutputStream:75 - [STDERR_REDIRECT] [Fatal Error] :1:1: Premature end of file.
2026-01-16 17:55:43,282 [ERROR] LogOutputStream:75 - [STDERR_REDIRECT] 
2026-01-16 17:55:44,275 [ERROR] LogOutputStream:75 - [STDERR_REDIRECT] [Fatal Error] :1:1: Premature end of file.
2026-01-16 17:55:44,275 [ERROR] LogOutputStream:75 - [STDERR_REDIRECT] 
2026-01-16 17:55:45,286 [ERROR] LogOutputStream:75 - [STDERR_REDIRECT] [Fatal Error] :1:1: Premature end of file.
2026-01-16 17:55:45,286 [ERROR] LogOutputStream:75 - [STDERR_REDIRECT] 
2026-01-16 17:55:46,280 [ERROR] LogOutputStream:75 - [STDERR_REDIRECT] [Fatal Error] :1:1: Premature end of file.
2026-01-16 17:55:46,280 [ERROR] LogOutputStream:75 - [STDERR_REDIRECT] 
2026-01-16 17:55:47,280 [ERROR] LogOutputStream:75 - [STDERR_REDIRECT] [Fatal Error] :1:1: Premature end of file.
2026-01-16 17:55:47,280 [ERROR] LogOutputStream:75 - [STDERR_REDIRECT] 
2026-01-16 17:55:48,274 [ERROR] LogOutputStream:75 - [STDERR_REDIRECT] [Fatal Error] :1:1: Premature end of file.
2026-01-16 17:55:48,274 [ERROR] LogOutputStream:75 - [STDERR_REDIRECT] 
2026-01-16 17:55:49,286 [ERROR] LogOutputStream:75 - [STDERR_REDIRECT] [Fatal Error] :1:1: Premature end of file.
2026-01-16 17:55:49,286 [ERROR] LogOutputStream:75 - [STDERR_REDIRECT] 
2026-01-16 17:55:50,289 [ERROR] LogOutputStream:75 - [STDERR_REDIRECT] [Fatal Error] :1:1: Premature end of file.
2026-01-16 17:55:50,289 [ERROR] LogOutputStream:75 - [STDERR_REDIRECT] 
2026-01-16 17:55:51,287 [ERROR] LogOutputStream:75 - [STDERR_REDIRECT] [Fatal Error] :1:1: Premature end of file.
2026-01-16 17:55:51,287 [ERROR] LogOutputStream:75 - [STDERR_REDIRECT] 
2026-01-16 17:55:52,284 [ERROR] LogOutputStream:75 - [STDERR_REDIRECT] [Fatal Error] :1:1: Premature end of file.
2026-01-16 17:55:52,284 [ERROR] LogOutputStream:75 - [STDERR_REDIRECT] 
2026-01-16 17:55:53,278 [ERROR] LogOutputStream:75 - [STDERR_REDIRECT] [Fatal Error] :1:1: Premature end of file.
2026-01-16 17:55:53,278 [ERROR] LogOutputStream:75 - [STDERR_REDIRECT] 
2026-01-16 17:55:54,274 [ERROR] LogOutputStream:75 - [STDERR_REDIRECT] [Fatal Error] :1:1: Premature end of file.
2026-01-16 17:55:54,274 [ERROR] LogOutputStream:75 - [STDERR_REDIRECT] 
2026-01-16 17:55:55,286 [ERROR] LogOutputStream:75 - [STDERR_REDIRECT] [Fatal Error] :1:1: Premature end of file.
2026-01-16 17:55:55,286 [ERROR] LogOutputStream:75 - [STDERR_REDIRECT] 
2026-01-16 17:55:56,285 [ERROR] LogOutputStream:75 - [STDERR_REDIRECT] [Fatal Error] :1:1: Premature end of file.
2026-01-16 17:55:56,285 [ERROR] LogOutputStream:75 - [STDERR_REDIRECT] 
2026-01-16 17:55:57,279 [ERROR] LogOutputStream:75 - [STDERR_REDIRECT] [Fatal Error] :1:1: Premature end of file.
2026-01-16 17:55:57,279 [ERROR] LogOutputStream:75 - [STDERR_REDIRECT] 
2026-01-16 17:55:58,279 [ERROR] LogOutputStream:75 - [STDERR_REDIRECT] [Fatal Error] :1:1: Premature end of file.
2026-01-16 17:55:58,279 [ERROR] LogOutputStream:75 - [STDERR_REDIRECT] 
2026-01-16 17:55:59,277 [ERROR] LogOutputStream:75 - [STDERR_REDIRECT] [Fatal Error] :1:1: Premature end of file.
2026-01-16 17:55:59,277 [ERROR] LogOutputStream:75 - [STDERR_REDIRECT] 
2026-01-16 17:56:00,283 [ERROR] LogOutputStream:75 - [STDERR_REDIRECT] [Fatal Error] :1:1: Premature end of file.
2026-01-16 17:56:00,283 [ERROR] LogOutputStream:75 - [STDERR_REDIRECT] 
2026-01-16 17:56:01,281 [ERROR] LogOutputStream:75 - [STDERR_REDIRECT] [Fatal Error] :1:1: Premature end of file.
2026-01-16 17:56:01,281 [ERROR] LogOutputStream:75 - [STDERR_REDIRECT] 
2026-01-16 17:56:02,280 [ERROR] LogOutputStream:75 - [STDERR_REDIRECT] [Fatal Error] :1:1: Premature end of file.
2026-01-16 17:56:02,280 [ERROR] LogOutputStream:75 - [STDERR_REDIRECT] 
2026-01-16 17:56:03,277 [ERROR] LogOutputStream:75 - [STDERR_REDIRECT] [Fatal Error] :1:1: Premature end of file.
2026-01-16 17:56:03,277 [ERROR] LogOutputStream:75 - [STDERR_REDIRECT] 
2026-01-16 17:56:04,287 [ERROR] LogOutputStream:75 - [STDERR_REDIRECT] [Fatal Error] :1:1: Premature end of file.
2026-01-16 17:56:04,288 [ERROR] LogOutputStream:75 - [STDERR_REDIRECT] 
2026-01-16 17:56:05,282 [ERROR] LogOutputStream:75 - [STDERR_REDIRECT] [Fatal Error] :1:1: Premature end of file.
2026-01-16 17:56:05,282 [ERROR] LogOutputStream:75 - [STDERR_REDIRECT] 
2026-01-16 17:56:06,272 [ERROR] LogOutputStream:75 - [STDERR_REDIRECT] [Fatal Error] :1:1: Premature end of file.
2026-01-16 17:56:06,272 [ERROR] LogOutputStream:75 - [STDERR_REDIRECT] 
2026-01-16 17:56:07,292 [ERROR] LogOutputStream:75 - [STDERR_REDIRECT] [Fatal Error] :1:1: Premature end of file.
2026-01-16 17:56:07,292 [ERROR] LogOutputStream:75 - [STDERR_REDIRECT] 
2026-01-16 17:56:08,282 [ERROR] LogOutputStream:75 - [STDERR_REDIRECT] [Fatal Error] :1:1: Premature end of file.
2026-01-16 17:56:08,282 [ERROR] LogOutputStream:75 - [STDERR_REDIRECT] 
2026-01-16 17:56:09,276 [ERROR] LogOutputStream:75 - [STDERR_REDIRECT] [Fatal Error] :1:1: Premature end of file.
2026-01-16 17:56:09,276 [ERROR] LogOutputStream:75 - [STDERR_REDIRECT] 
2026-01-16 17:56:10,273 [ERROR] LogOutputStream:75 - [STDERR_REDIRECT] [Fatal Error] :1:1: Premature end of file.
2026-01-16 17:56:10,273 [ERROR] LogOutputStream:75 - [STDERR_REDIRECT] 
2026-01-16 17:56:11,290 [ERROR] LogOutputStream:75 - [STDERR_REDIRECT] [Fatal Error] :1:1: Premature end of file.
2026-01-16 17:56:11,290 [ERROR] LogOutputStream:75 - [STDERR_REDIRECT] 
2026-01-16 17:56:12,282 [ERROR] LogOutputStream:75 - [STDERR_REDIRECT] [Fatal Error] :1:1: Premature end of file.
2026-01-16 17:56:12,282 [ERROR] LogOutputStream:75 - [STDERR_REDIRECT] 
2026-01-16 17:56:13,277 [ERROR] LogOutputStream:75 - [STDERR_REDIRECT] [Fatal Error] :1:1: Premature end of file.
2026-01-16 17:56:13,277 [ERROR] LogOutputStream:75 - [STDERR_REDIRECT] 
2026-01-16 17:56:14,273 [ERROR] LogOutputStream:75 - [STDERR_REDIRECT] [Fatal Error] :1:1: Premature end of file.
2026-01-16 17:56:14,273 [ERROR] LogOutputStream:75 - [STDERR_REDIRECT] 
2026-01-16 17:56:15,287 [ERROR] LogOutputStream:75 - [STDERR_REDIRECT] [Fatal Error] :1:1: Premature end of file.
2026-01-16 17:56:15,287 [ERROR] LogOutputStream:75 - [STDERR_REDIRECT] 
2026-01-16 17:56:16,285 [ERROR] LogOutputStream:75 - [STDERR_REDIRECT] [Fatal Error] :1:1: Premature end of file.
2026-01-16 17:56:16,286 [ERROR] LogOutputStream:75 - [STDERR_REDIRECT] 
2026-01-16 17:56:17,279 [ERROR] LogOutputStream:75 - [STDERR_REDIRECT] [Fatal Error] :1:1: Premature end of file.
2026-01-16 17:56:17,279 [ERROR] LogOutputStream:75 - [STDERR_REDIRECT] 
2026-01-16 17:56:18,278 [ERROR] LogOutputStream:75 - [STDERR_REDIRECT] [Fatal Error] :1:1: Premature end of file.
2026-01-16 17:56:18,278 [ERROR] LogOutputStream:75 - [STDERR_REDIRECT] 
2026-01-16 17:56:19,284 [ERROR] LogOutputStream:75 - [STDERR_REDIRECT] [Fatal Error] :1:1: Premature end of file.
2026-01-16 17:56:19,284 [ERROR] LogOutputStream:75 - [STDERR_REDIRECT] 
2026-01-16 17:56:20,288 [ERROR] LogOutputStream:75 - [STDERR_REDIRECT] [Fatal Error] :1:1: Premature end of file.
2026-01-16 17:56:20,289 [ERROR] LogOutputStream:75 - [STDERR_REDIRECT] 
2026-01-16 17:56:21,279 [ERROR] LogOutputStream:75 - [STDERR_REDIRECT] [Fatal Error] :1:1: Premature end of file.
2026-01-16 17:56:21,279 [ERROR] LogOutputStream:75 - [STDERR_REDIRECT] 
2026-01-16 17:56:22,277 [ERROR] LogOutputStream:75 - [STDERR_REDIRECT] [Fatal Error] :1:1: Premature end of file.
2026-01-16 17:56:22,277 [ERROR] LogOutputStream:75 - [STDERR_REDIRECT] 
2026-01-16 17:56:23,274 [ERROR] LogOutputStream:75 - [STDERR_REDIRECT] [Fatal Error] :1:1: Premature end of file.
2026-01-16 17:56:23,275 [ERROR] LogOutputStream:75 - [STDERR_REDIRECT] 
2026-01-16 17:56:24,273 [ERROR] LogOutputStream:75 - [STDERR_REDIRECT] [Fatal Error] :1:1: Premature end of file.
2026-01-16 17:56:24,273 [ERROR] LogOutputStream:75 - [STDERR_REDIRECT] 
2026-01-16 17:56:25,273 [ERROR] LogOutputStream:75 - [STDERR_REDIRECT] [Fatal Error] :1:1: Premature end of file.
2026-01-16 17:56:25,273 [ERROR] LogOutputStream:75 - [STDERR_REDIRECT] 
2026-01-16 17:56:26,284 [ERROR] LogOutputStream:75 - [STDERR_REDIRECT] [Fatal Error] :1:1: Premature end of file.
2026-01-16 17:56:26,284 [ERROR] LogOutputStream:75 - [STDERR_REDIRECT] 
2026-01-16 17:56:27,272 [ERROR] LogOutputStream:75 - [STDERR_REDIRECT] [Fatal Error] :1:1: Premature end of file.
2026-01-16 17:56:27,272 [ERROR] LogOutputStream:75 - [STDERR_REDIRECT] 
2026-01-16 17:56:28,282 [ERROR] LogOutputStream:75 - [STDERR_REDIRECT] [Fatal Error] :1:1: Premature end of file.
2026-01-16 17:56:28,282 [ERROR] LogOutputStream:75 - [STDERR_REDIRECT] 
2026-01-16 17:56:29,283 [ERROR] LogOutputStream:75 - [STDERR_REDIRECT] [Fatal Error] :1:1: Premature end of file.
2026-01-16 17:56:29,283 [ERROR] LogOutputStream:75 - [STDERR_REDIRECT] 
2026-01-16 17:56:30,280 [ERROR] LogOutputStream:75 - [STDERR_REDIRECT] [Fatal Error] :1:1: Premature end of file.
2026-01-16 17:56:30,281 [ERROR] LogOutputStream:75 - [STDERR_REDIRECT] 
2026-01-16 17:56:31,275 [ERROR] LogOutputStream:75 - [STDERR_REDIRECT] [Fatal Error] :1:1: Premature end of file.
2026-01-16 17:56:31,275 [ERROR] LogOutputStream:75 - [STDERR_REDIRECT] 
2026-01-16 17:56:32,285 [ERROR] LogOutputStream:75 - [STDERR_REDIRECT] [Fatal Error] :1:1: Premature end of file.
2026-01-16 17:56:32,285 [ERROR] LogOutputStream:75 - [STDERR_REDIRECT] 
2026-01-16 17:56:33,292 [ERROR] LogOutputStream:75 - [STDERR_REDIRECT] [Fatal Error] :1:1: Premature end of file.
2026-01-16 17:56:33,292 [ERROR] LogOutputStream:75 - [STDERR_REDIRECT] 
2026-01-16 17:56:34,283 [ERROR] LogOutputStream:75 - [STDERR_REDIRECT] [Fatal Error] :1:1: Premature end of file.
2026-01-16 17:56:34,283 [ERROR] LogOutputStream:75 - [STDERR_REDIRECT] 
2026-01-16 17:56:35,283 [ERROR] LogOutputStream:75 - [STDERR_REDIRECT] [Fatal Error] :1:1: Premature end of file.
2026-01-16 17:56:35,283 [ERROR] LogOutputStream:75 - [STDERR_REDIRECT] 
2026-01-16 17:56:36,282 [ERROR] LogOutputStream:75 - [STDERR_REDIRECT] [Fatal Error] :1:1: Premature end of file.
2026-01-16 17:56:36,282 [ERROR] LogOutputStream:75 - [STDERR_REDIRECT] 
2026-01-16 17:56:37,272 [ERROR] LogOutputStream:75 - [STDERR_REDIRECT] [Fatal Error] :1:1: Premature end of file.
2026-01-16 17:56:37,272 [ERROR] LogOutputStream:75 - [STDERR_REDIRECT] 
2026-01-16 17:56:38,273 [ERROR] LogOutputStream:75 - [STDERR_REDIRECT] [Fatal Error] :1:1: Premature end of file.
2026-01-16 17:56:38,273 [ERROR] LogOutputStream:75 - [STDERR_REDIRECT] 
2026-01-16 17:56:39,274 [ERROR] LogOutputStream:75 - [STDERR_REDIRECT] [Fatal Error] :1:1: Premature end of file.
2026-01-16 17:56:39,274 [ERROR] LogOutputStream:75 - [STDERR_REDIRECT] 
2026-01-16 17:56:40,272 [ERROR] LogOutputStream:75 - [STDERR_REDIRECT] [Fatal Error] :1:1: Premature end of file.
2026-01-16 17:56:40,272 [ERROR] LogOutputStream:75 - [STDERR_REDIRECT] 
2026-01-16 17:56:41,287 [ERROR] LogOutputStream:75 - [STDERR_REDIRECT] [Fatal Error] :1:1: Premature end of file.
2026-01-16 17:56:41,287 [ERROR] LogOutputStream:75 - [STDERR_REDIRECT] 
2026-01-16 17:56:42,279 [ERROR] LogOutputStream:75 - [STDERR_REDIRECT] [Fatal Error] :1:1: Premature end of file.
2026-01-16 17:56:42,279 [ERROR] LogOutputStream:75 - [STDERR_REDIRECT] 
2026-01-16 17:56:43,278 [ERROR] LogOutputStream:75 - [STDERR_REDIRECT] [Fatal Error] :1:1: Premature end of file.
2026-01-16 17:56:43,278 [ERROR] LogOutputStream:75 - [STDERR_REDIRECT] 
2026-01-16 17:56:44,276 [ERROR] LogOutputStream:75 - [STDERR_REDIRECT] [Fatal Error] :1:1: Premature end of file.
2026-01-16 17:56:44,277 [ERROR] LogOutputStream:75 - [STDERR_REDIRECT] 
2026-01-16 17:56:45,273 [ERROR] LogOutputStream:75 - [STDERR_REDIRECT] [Fatal Error] :1:1: Premature end of file.
2026-01-16 17:56:45,273 [ERROR] LogOutputStream:75 - [STDERR_REDIRECT] 
2026-01-16 17:56:46,285 [ERROR] LogOutputStream:75 - [STDERR_REDIRECT] [Fatal Error] :1:1: Premature end of file.
2026-01-16 17:56:46,285 [ERROR] LogOutputStream:75 - [STDERR_REDIRECT] 
2026-01-16 17:56:47,283 [ERROR] LogOutputStream:75 - [STDERR_REDIRECT] [Fatal Error] :1:1: Premature end of file.
2026-01-16 17:56:47,283 [ERROR] LogOutputStream:75 - [STDERR_REDIRECT] 
2026-01-16 17:56:48,275 [ERROR] LogOutputStream:75 - [STDERR_REDIRECT] [Fatal Error] :1:1: Premature end of file.
2026-01-16 17:56:48,275 [ERROR] LogOutputStream:75 - [STDERR_REDIRECT] 
2026-01-16 17:56:49,271 [ERROR] LogOutputStream:75 - [STDERR_REDIRECT] [Fatal Error] :1:1: Premature end of file.
2026-01-16 17:56:49,271 [ERROR] LogOutputStream:75 - [STDERR_REDIRECT] 
2026-01-16 17:56:50,270 [ERROR] LogOutputStream:75 - [STDERR_REDIRECT] [Fatal Error] :1:1: Premature end of file.
2026-01-16 17:56:50,270 [ERROR] LogOutputStream:75 - [STDERR_REDIRECT] 
2026-01-16 17:56:51,279 [ERROR] LogOutputStream:75 - [STDERR_REDIRECT] [Fatal Error] :1:1: Premature end of file.
2026-01-16 17:56:51,279 [ERROR] LogOutputStream:75 - [STDERR_REDIRECT] 
2026-01-16 17:56:52,275 [ERROR] LogOutputStream:75 - [STDERR_REDIRECT] [Fatal Error] :1:1: Premature end of file.
2026-01-16 17:56:52,275 [ERROR] LogOutputStream:75 - [STDERR_REDIRECT] 
2026-01-16 17:56:53,273 [ERROR] LogOutputStream:75 - [STDERR_REDIRECT] [Fatal Error] :1:1: Premature end of file.
2026-01-16 17:56:53,273 [ERROR] LogOutputStream:75 - [STDERR_REDIRECT] 
2026-01-16 17:56:54,283 [ERROR] LogOutputStream:75 - [STDERR_REDIRECT] [Fatal Error] :1:1: Premature end of file.
2026-01-16 17:56:54,283 [ERROR] LogOutputStream:75 - [STDERR_REDIRECT] 
2026-01-16 17:56:55,278 [ERROR] LogOutputStream:75 - [STDERR_REDIRECT] [Fatal Error] :1:1: Premature end of file.
2026-01-16 17:56:55,279 [ERROR] LogOutputStream:75 - [STDERR_REDIRECT] 
2026-01-16 17:56:56,273 [ERROR] LogOutputStream:75 - [STDERR_REDIRECT] [Fatal Error] :1:1: Premature end of file.
2026-01-16 17:56:56,273 [ERROR] LogOutputStream:75 - [STDERR_REDIRECT] 
2026-01-16 17:56:57,282 [ERROR] LogOutputStream:75 - [STDERR_REDIRECT] [Fatal Error] :1:1: Premature end of file.
2026-01-16 17:56:57,282 [ERROR] LogOutputStream:75 - [STDERR_REDIRECT] 
2026-01-16 17:56:58,274 [ERROR] LogOutputStream:75 - [STDERR_REDIRECT] [Fatal Error] :1:1: Premature end of file.
2026-01-16 17:56:58,275 [ERROR] LogOutputStream:75 - [STDERR_REDIRECT] 
2026-01-16 17:56:59,275 [ERROR] LogOutputStream:75 - [STDERR_REDIRECT] [Fatal Error] :1:1: Premature end of file.
2026-01-16 17:56:59,275 [ERROR] LogOutputStream:75 - [STDERR_REDIRECT] 
2026-01-16 17:57:00,273 [ERROR] LogOutputStream:75 - [STDERR_REDIRECT] [Fatal Error] :1:1: Premature end of file.
2026-01-16 17:57:00,273 [ERROR] LogOutputStream:75 - [STDERR_REDIRECT] 
2026-01-16 17:57:01,286 [ERROR] LogOutputStream:75 - [STDERR_REDIRECT] [Fatal Error] :1:1: Premature end of file.
2026-01-16 17:57:01,286 [ERROR] LogOutputStream:75 - [STDERR_REDIRECT] 
2026-01-16 17:57:02,285 [ERROR] LogOutputStream:75 - [STDERR_REDIRECT] [Fatal Error] :1:1: Premature end of file.
2026-01-16 17:57:02,285 [ERROR] LogOutputStream:75 - [STDERR_REDIRECT] 
2026-01-16 17:57:03,282 [ERROR] LogOutputStream:75 - [STDERR_REDIRECT] [Fatal Error] :1:1: Premature end of file.
2026-01-16 17:57:03,282 [ERROR] LogOutputStream:75 - [STDERR_REDIRECT] 
2026-01-16 17:57:04,284 [ERROR] LogOutputStream:75 - [STDERR_REDIRECT] [Fatal Error] :1:1: Premature end of file.
2026-01-16 17:57:04,285 [ERROR] LogOutputStream:75 - [STDERR_REDIRECT] 
2026-01-16 17:57:05,285 [ERROR] LogOutputStream:75 - [STDERR_REDIRECT] [Fatal Error] :1:1: Premature end of file.
2026-01-16 17:57:05,285 [ERROR] LogOutputStream:75 - [STDERR_REDIRECT] 
2026-01-16 17:57:06,274 [ERROR] LogOutputStream:75 - [STDERR_REDIRECT] [Fatal Error] :1:1: Premature end of file.
2026-01-16 17:57:06,274 [ERROR] LogOutputStream:75 - [STDERR_REDIRECT] 
2026-01-16 17:57:07,281 [ERROR] LogOutputStream:75 - [STDERR_REDIRECT] [Fatal Error] :1:1: Premature end of file.
2026-01-16 17:57:07,282 [ERROR] LogOutputStream:75 - [STDERR_REDIRECT] 
2026-01-16 17:57:08,284 [ERROR] LogOutputStream:75 - [STDERR_REDIRECT] [Fatal Error] :1:1: Premature end of file.
2026-01-16 17:57:08,284 [ERROR] LogOutputStream:75 - [STDERR_REDIRECT] 
2026-01-16 17:57:09,278 [ERROR] LogOutputStream:75 - [STDERR_REDIRECT] [Fatal Error] :1:1: Premature end of file.
2026-01-16 17:57:09,278 [ERROR] LogOutputStream:75 - [STDERR_REDIRECT] 
2026-01-16 17:57:10,279 [ERROR] LogOutputStream:75 - [STDERR_REDIRECT] [Fatal Error] :1:1: Premature end of file.
2026-01-16 17:57:10,279 [ERROR] LogOutputStream:75 - [STDERR_REDIRECT] 
2026-01-16 17:57:11,284 [ERROR] LogOutputStream:75 - [STDERR_REDIRECT] [Fatal Error] :1:1: Premature end of file.
2026-01-16 17:57:11,284 [ERROR] LogOutputStream:75 - [STDERR_REDIRECT] 
2026-01-16 17:57:12,282 [ERROR] LogOutputStream:75 - [STDERR_REDIRECT] [Fatal Error] :1:1: Premature end of file.
2026-01-16 17:57:12,282 [ERROR] LogOutputStream:75 - [STDERR_REDIRECT] 
2026-01-16 17:57:13,283 [ERROR] LogOutputStream:75 - [STDERR_REDIRECT] [Fatal Error] :1:1: Premature end of file.
2026-01-16 17:57:13,283 [ERROR] LogOutputStream:75 - [STDERR_REDIRECT] 
2026-01-16 17:57:14,303 [ERROR] LogOutputStream:75 - [STDERR_REDIRECT] [Fatal Error] :1:1: Premature end of file.
2026-01-16 17:57:14,304 [ERROR] LogOutputStream:75 - [STDERR_REDIRECT] 
2026-01-16 17:57:15,293 [ERROR] LogOutputStream:75 - [STDERR_REDIRECT] [Fatal Error] :1:1: Premature end of file.
2026-01-16 17:57:15,293 [ERROR] LogOutputStream:75 - [STDERR_REDIRECT] 
2026-01-16 17:57:16,280 [ERROR] LogOutputStream:75 - [STDERR_REDIRECT] [Fatal Error] :1:1: Premature end of file.
2026-01-16 17:57:16,280 [ERROR] LogOutputStream:75 - [STDERR_REDIRECT] 
2026-01-16 17:57:17,293 [ERROR] LogOutputStream:75 - [STDERR_REDIRECT] [Fatal Error] :1:1: Premature end of file.
2026-01-16 17:57:17,293 [ERROR] LogOutputStream:75 - [STDERR_REDIRECT] 
2026-01-16 17:57:18,289 [ERROR] LogOutputStream:75 - [STDERR_REDIRECT] [Fatal Error] :1:1: Premature end of file.
2026-01-16 17:57:18,289 [ERROR] LogOutputStream:75 - [STDERR_REDIRECT] 
2026-01-16 17:57:19,276 [ERROR] LogOutputStream:75 - [STDERR_REDIRECT] [Fatal Error] :1:1: Premature end of file.
2026-01-16 17:57:19,276 [ERROR] LogOutputStream:75 - [STDERR_REDIRECT] 
2026-01-16 17:57:20,287 [ERROR] LogOutputStream:75 - [STDERR_REDIRECT] [Fatal Error] :1:1: Premature end of file.
2026-01-16 17:57:20,287 [ERROR] LogOutputStream:75 - [STDERR_REDIRECT] 
2026-01-16 17:57:21,283 [ERROR] LogOutputStream:75 - [STDERR_REDIRECT] [Fatal Error] :1:1: Premature end of file.
2026-01-16 17:57:21,283 [ERROR] LogOutputStream:75 - [STDERR_REDIRECT] 
2026-01-16 17:57:22,275 [ERROR] LogOutputStream:75 - [STDERR_REDIRECT] [Fatal Error] :1:1: Premature end of file.
2026-01-16 17:57:22,275 [ERROR] LogOutputStream:75 - [STDERR_REDIRECT] 
2026-01-16 17:57:23,285 [ERROR] LogOutputStream:75 - [STDERR_REDIRECT] [Fatal Error] :1:1: Premature end of file.
2026-01-16 17:57:23,285 [ERROR] LogOutputStream:75 - [STDERR_REDIRECT] 
2026-01-16 17:57:24,280 [ERROR] LogOutputStream:75 - [STDERR_REDIRECT] [Fatal Error] :1:1: Premature end of file.
2026-01-16 17:57:24,280 [ERROR] LogOutputStream:75 - [STDERR_REDIRECT] 
2026-01-16 17:57:25,277 [ERROR] LogOutputStream:75 - [STDERR_REDIRECT] [Fatal Error] :1:1: Premature end of file.
2026-01-16 17:57:25,277 [ERROR] LogOutputStream:75 - [STDERR_REDIRECT] 
2026-01-16 17:57:26,282 [ERROR] LogOutputStream:75 - [STDERR_REDIRECT] [Fatal Error] :1:1: Premature end of file.
2026-01-16 17:57:26,282 [ERROR] LogOutputStream:75 - [STDERR_REDIRECT] 
2026-01-16 17:57:27,284 [ERROR] LogOutputStream:75 - [STDERR_REDIRECT] [Fatal Error] :1:1: Premature end of file.
2026-01-16 17:57:27,284 [ERROR] LogOutputStream:75 - [STDERR_REDIRECT] 
2026-01-16 17:57:28,282 [ERROR] LogOutputStream:75 - [STDERR_REDIRECT] [Fatal Error] :1:1: Premature end of file.
2026-01-16 17:57:28,283 [ERROR] LogOutputStream:75 - [STDERR_REDIRECT] 
2026-01-16 17:57:29,277 [ERROR] LogOutputStream:75 - [STDERR_REDIRECT] [Fatal Error] :1:1: Premature end of file.
2026-01-16 17:57:29,277 [ERROR] LogOutputStream:75 - [STDERR_REDIRECT] 
2026-01-16 17:57:30,294 [ERROR] LogOutputStream:75 - [STDERR_REDIRECT] [Fatal Error] :1:1: Premature end of file.
2026-01-16 17:57:30,294 [ERROR] LogOutputStream:75 - [STDERR_REDIRECT] 
2026-01-16 17:57:31,287 [ERROR] LogOutputStream:75 - [STDERR_REDIRECT] [Fatal Error] :1:1: Premature end of file.
2026-01-16 17:57:31,288 [ERROR] LogOutputStream:75 - [STDERR_REDIRECT] 
2026-01-16 17:57:32,281 [ERROR] LogOutputStream:75 - [STDERR_REDIRECT] [Fatal Error] :1:1: Premature end of file.
2026-01-16 17:57:32,281 [ERROR] LogOutputStream:75 - [STDERR_REDIRECT] 
2026-01-16 17:57:33,290 [ERROR] LogOutputStream:75 - [STDERR_REDIRECT] [Fatal Error] :1:1: Premature end of file.
2026-01-16 17:57:33,290 [ERROR] LogOutputStream:75 - [STDERR_REDIRECT] 
2026-01-16 17:57:34,282 [ERROR] LogOutputStream:75 - [STDERR_REDIRECT] [Fatal Error] :1:1: Premature end of file.
2026-01-16 17:57:34,282 [ERROR] LogOutputStream:75 - [STDERR_REDIRECT] 
2026-01-16 17:57:35,283 [ERROR] LogOutputStream:75 - [STDERR_REDIRECT] [Fatal Error] :1:1: Premature end of file.
2026-01-16 17:57:35,283 [ERROR] LogOutputStream:75 - [STDERR_REDIRECT] 
2026-01-16 17:57:36,278 [ERROR] LogOutputStream:75 - [STDERR_REDIRECT] [Fatal Error] :1:1: Premature end of file.
2026-01-16 17:57:36,278 [ERROR] LogOutputStream:75 - [STDERR_REDIRECT] 
2026-01-16 17:57:37,275 [ERROR] LogOutputStream:75 - [STDERR_REDIRECT] [Fatal Error] :1:1: Premature end of file.
2026-01-16 17:57:37,275 [ERROR] LogOutputStream:75 - [STDERR_REDIRECT] 
2026-01-16 17:57:38,289 [ERROR] LogOutputStream:75 - [STDERR_REDIRECT] [Fatal Error] :1:1: Premature end of file.
2026-01-16 17:57:38,289 [ERROR] LogOutputStream:75 - [STDERR_REDIRECT] 
2026-01-16 17:57:39,285 [ERROR] LogOutputStream:75 - [STDERR_REDIRECT] [Fatal Error] :1:1: Premature end of file.
2026-01-16 17:57:39,286 [ERROR] LogOutputStream:75 - [STDERR_REDIRECT] 
2026-01-16 17:57:40,283 [ERROR] LogOutputStream:75 - [STDERR_REDIRECT] [Fatal Error] :1:1: Premature end of file.
2026-01-16 17:57:40,283 [ERROR] LogOutputStream:75 - [STDERR_REDIRECT] 
2026-01-16 17:57:41,293 [ERROR] LogOutputStream:75 - [STDERR_REDIRECT] [Fatal Error] :1:1: Premature end of file.
2026-01-16 17:57:41,293 [ERROR] LogOutputStream:75 - [STDERR_REDIRECT] 
2026-01-16 17:57:42,289 [ERROR] LogOutputStream:75 - [STDERR_REDIRECT] [Fatal Error] :1:1: Premature end of file.
2026-01-16 17:57:42,289 [ERROR] LogOutputStream:75 - [STDERR_REDIRECT] 
2026-01-16 17:57:43,283 [ERROR] LogOutputStream:75 - [STDERR_REDIRECT] [Fatal Error] :1:1: Premature end of file.
2026-01-16 17:57:43,283 [ERROR] LogOutputStream:75 - [STDERR_REDIRECT] 
2026-01-16 17:57:44,279 [ERROR] LogOutputStream:75 - [STDERR_REDIRECT] [Fatal Error] :1:1: Premature end of file.
2026-01-16 17:57:44,279 [ERROR] LogOutputStream:75 - [STDERR_REDIRECT] 
2026-01-16 17:57:45,283 [ERROR] LogOutputStream:75 - [STDERR_REDIRECT] [Fatal Error] :1:1: Premature end of file.
2026-01-16 17:57:45,284 [ERROR] LogOutputStream:75 - [STDERR_REDIRECT] 
2026-01-16 17:57:46,279 [ERROR] LogOutputStream:75 - [STDERR_REDIRECT] [Fatal Error] :1:1: Premature end of file.
2026-01-16 17:57:46,279 [ERROR] LogOutputStream:75 - [STDERR_REDIRECT] 
2026-01-16 17:57:47,283 [ERROR] LogOutputStream:75 - [STDERR_REDIRECT] [Fatal Error] :1:1: Premature end of file.
2026-01-16 17:57:47,283 [ERROR] LogOutputStream:75 - [STDERR_REDIRECT] 
2026-01-16 17:57:48,285 [ERROR] LogOutputStream:75 - [STDERR_REDIRECT] [Fatal Error] :1:1: Premature end of file.
2026-01-16 17:57:48,285 [ERROR] LogOutputStream:75 - [STDERR_REDIRECT] 
2026-01-16 17:57:49,277 [ERROR] LogOutputStream:75 - [STDERR_REDIRECT] [Fatal Error] :1:1: Premature end of file.
2026-01-16 17:57:49,278 [ERROR] LogOutputStream:75 - [STDERR_REDIRECT] 
2026-01-16 17:57:50,275 [ERROR] LogOutputStream:75 - [STDERR_REDIRECT] [Fatal Error] :1:1: Premature end of file.
2026-01-16 17:57:50,275 [ERROR] LogOutputStream:75 - [STDERR_REDIRECT] 
2026-01-16 17:57:51,279 [ERROR] LogOutputStream:75 - [STDERR_REDIRECT] [Fatal Error] :1:1: Premature end of file.
2026-01-16 17:57:51,279 [ERROR] LogOutputStream:75 - [STDERR_REDIRECT] 
2026-01-16 17:57:52,275 [ERROR] LogOutputStream:75 - [STDERR_REDIRECT] [Fatal Error] :1:1: Premature end of file.
2026-01-16 17:57:52,275 [ERROR] LogOutputStream:75 - [STDERR_REDIRECT] 
2026-01-16 17:57:53,290 [ERROR] LogOutputStream:75 - [STDERR_REDIRECT] [Fatal Error] :1:1: Premature end of file.
2026-01-16 17:57:53,290 [ERROR] LogOutputStream:75 - [STDERR_REDIRECT] 
2026-01-16 17:57:54,276 [ERROR] LogOutputStream:75 - [STDERR_REDIRECT] [Fatal Error] :1:1: Premature end of file.
2026-01-16 17:57:54,276 [ERROR] LogOutputStream:75 - [STDERR_REDIRECT] 
2026-01-16 17:57:55,273 [ERROR] LogOutputStream:75 - [STDERR_REDIRECT] [Fatal Error] :1:1: Premature end of file.
2026-01-16 17:57:55,273 [ERROR] LogOutputStream:75 - [STDERR_REDIRECT] 
2026-01-16 17:57:56,290 [ERROR] LogOutputStream:75 - [STDERR_REDIRECT] [Fatal Error] :1:1: Premature end of file.
2026-01-16 17:57:56,290 [ERROR] LogOutputStream:75 - [STDERR_REDIRECT] 
2026-01-16 17:57:57,287 [ERROR] LogOutputStream:75 - [STDERR_REDIRECT] [Fatal Error] :1:1: Premature end of file.
2026-01-16 17:57:57,289 [ERROR] LogOutputStream:75 - [STDERR_REDIRECT] 
2026-01-16 17:57:58,282 [ERROR] LogOutputStream:75 - [STDERR_REDIRECT] [Fatal Error] :1:1: Premature end of file.
2026-01-16 17:57:58,282 [ERROR] LogOutputStream:75 - [STDERR_REDIRECT] 
2026-01-16 17:57:59,274 [ERROR] LogOutputStream:75 - [STDERR_REDIRECT] [Fatal Error] :1:1: Premature end of file.
2026-01-16 17:57:59,274 [ERROR] LogOutputStream:75 - [STDERR_REDIRECT] 
2026-01-16 17:58:00,289 [ERROR] LogOutputStream:75 - [STDERR_REDIRECT] [Fatal Error] :1:1: Premature end of file.
2026-01-16 17:58:00,289 [ERROR] LogOutputStream:75 - [STDERR_REDIRECT] 
2026-01-16 17:58:01,279 [ERROR] LogOutputStream:75 - [STDERR_REDIRECT] [Fatal Error] :1:1: Premature end of file.
2026-01-16 17:58:01,279 [ERROR] LogOutputStream:75 - [STDERR_REDIRECT] 
2026-01-16 17:58:02,276 [ERROR] LogOutputStream:75 - [STDERR_REDIRECT] [Fatal Error] :1:1: Premature end of file.
2026-01-16 17:58:02,276 [ERROR] LogOutputStream:75 - [STDERR_REDIRECT] 
2026-01-16 17:58:03,289 [ERROR] LogOutputStream:75 - [STDERR_REDIRECT] [Fatal Error] :1:1: Premature end of file.
2026-01-16 17:58:03,289 [ERROR] LogOutputStream:75 - [STDERR_REDIRECT] 
2026-01-16 17:58:04,282 [ERROR] LogOutputStream:75 - [STDERR_REDIRECT] [Fatal Error] :1:1: Premature end of file.
2026-01-16 17:58:04,283 [ERROR] LogOutputStream:75 - [STDERR_REDIRECT] 
2026-01-16 17:58:05,281 [ERROR] LogOutputStream:75 - [STDERR_REDIRECT] [Fatal Error] :1:1: Premature end of file.
2026-01-16 17:58:05,282 [ERROR] LogOutputStream:75 - [STDERR_REDIRECT] 
2026-01-16 17:58:06,280 [ERROR] LogOutputStream:75 - [STDERR_REDIRECT] [Fatal Error] :1:1: Premature end of file.
2026-01-16 17:58:06,280 [ERROR] LogOutputStream:75 - [STDERR_REDIRECT] 
2026-01-16 17:58:07,278 [ERROR] LogOutputStream:75 - [STDERR_REDIRECT] [Fatal Error] :1:1: Premature end of file.
2026-01-16 17:58:07,278 [ERROR] LogOutputStream:75 - [STDERR_REDIRECT] 
2026-01-16 17:58:08,290 [ERROR] LogOutputStream:75 - [STDERR_REDIRECT] [Fatal Error] :1:1: Premature end of file.
2026-01-16 17:58:08,290 [ERROR] LogOutputStream:75 - [STDERR_REDIRECT] 
2026-01-16 17:58:09,287 [ERROR] LogOutputStream:75 - [STDERR_REDIRECT] [Fatal Error] :1:1: Premature end of file.
2026-01-16 17:58:09,287 [ERROR] LogOutputStream:75 - [STDERR_REDIRECT] 
2026-01-16 17:58:10,275 [ERROR] LogOutputStream:75 - [STDERR_REDIRECT] [Fatal Error] :1:1: Premature end of file.
2026-01-16 17:58:10,275 [ERROR] LogOutputStream:75 - [STDERR_REDIRECT] 
2026-01-16 17:58:11,274 [ERROR] LogOutputStream:75 - [STDERR_REDIRECT] [Fatal Error] :1:1: Premature end of file.
2026-01-16 17:58:11,274 [ERROR] LogOutputStream:75 - [STDERR_REDIRECT] 
2026-01-16 17:58:12,288 [ERROR] LogOutputStream:75 - [STDERR_REDIRECT] [Fatal Error] :1:1: Premature end of file.
2026-01-16 17:58:12,288 [ERROR] LogOutputStream:75 - [STDERR_REDIRECT] 
2026-01-16 17:58:13,285 [ERROR] LogOutputStream:75 - [STDERR_REDIRECT] [Fatal Error] :1:1: Premature end of file.
2026-01-16 17:58:13,285 [ERROR] LogOutputStream:75 - [STDERR_REDIRECT] 
2026-01-16 17:58:14,283 [ERROR] LogOutputStream:75 - [STDERR_REDIRECT] [Fatal Error] :1:1: Premature end of file.
2026-01-16 17:58:14,283 [ERROR] LogOutputStream:75 - [STDERR_REDIRECT] 
2026-01-16 17:58:15,284 [ERROR] LogOutputStream:75 - [STDERR_REDIRECT] [Fatal Error] :1:1: Premature end of file.
2026-01-16 17:58:15,284 [ERROR] LogOutputStream:75 - [STDERR_REDIRECT] 
2026-01-16 17:58:16,276 [ERROR] LogOutputStream:75 - [STDERR_REDIRECT] [Fatal Error] :1:1: Premature end of file.
2026-01-16 17:58:16,277 [ERROR] LogOutputStream:75 - [STDERR_REDIRECT] 
2026-01-16 17:58:17,272 [ERROR] LogOutputStream:75 - [STDERR_REDIRECT] [Fatal Error] :1:1: Premature end of file.
2026-01-16 17:58:17,272 [ERROR] LogOutputStream:75 - [STDERR_REDIRECT] 
2026-01-16 17:58:18,271 [ERROR] LogOutputStream:75 - [STDERR_REDIRECT] [Fatal Error] :1:1: Premature end of file.
2026-01-16 17:58:18,271 [ERROR] LogOutputStream:75 - [STDERR_REDIRECT] 
2026-01-16 17:58:19,286 [ERROR] LogOutputStream:75 - [STDERR_REDIRECT] [Fatal Error] :1:1: Premature end of file.
2026-01-16 17:58:19,286 [ERROR] LogOutputStream:75 - [STDERR_REDIRECT] 
2026-01-16 17:58:20,282 [ERROR] LogOutputStream:75 - [STDERR_REDIRECT] [Fatal Error] :1:1: Premature end of file.
2026-01-16 17:58:20,282 [ERROR] LogOutputStream:75 - [STDERR_REDIRECT] 
2026-01-16 17:58:21,280 [ERROR] LogOutputStream:75 - [STDERR_REDIRECT] [Fatal Error] :1:1: Premature end of file.
2026-01-16 17:58:21,280 [ERROR] LogOutputStream:75 - [STDERR_REDIRECT] 
2026-01-16 17:58:22,278 [ERROR] LogOutputStream:75 - [STDERR_REDIRECT] [Fatal Error] :1:1: Premature end of file.
2026-01-16 17:58:22,278 [ERROR] LogOutputStream:75 - [STDERR_REDIRECT] 
2026-01-16 17:58:23,275 [ERROR] LogOutputStream:75 - [STDERR_REDIRECT] [Fatal Error] :1:1: Premature end of file.
2026-01-16 17:58:23,275 [ERROR] LogOutputStream:75 - [STDERR_REDIRECT] 
2026-01-16 17:58:24,271 [ERROR] LogOutputStream:75 - [STDERR_REDIRECT] [Fatal Error] :1:1: Premature end of file.
2026-01-16 17:58:24,271 [ERROR] LogOutputStream:75 - [STDERR_REDIRECT] 
2026-01-16 17:58:25,281 [ERROR] LogOutputStream:75 - [STDERR_REDIRECT] [Fatal Error] :1:1: Premature end of file.
2026-01-16 17:58:25,281 [ERROR] LogOutputStream:75 - [STDERR_REDIRECT] 
2026-01-16 17:58:26,277 [ERROR] LogOutputStream:75 - [STDERR_REDIRECT] [Fatal Error] :1:1: Premature end of file.
2026-01-16 17:58:26,277 [ERROR] LogOutputStream:75 - [STDERR_REDIRECT] 
2026-01-16 17:58:27,275 [ERROR] LogOutputStream:75 - [STDERR_REDIRECT] [Fatal Error] :1:1: Premature end of file.
2026-01-16 17:58:27,275 [ERROR] LogOutputStream:75 - [STDERR_REDIRECT] 
2026-01-16 17:58:28,272 [ERROR] LogOutputStream:75 - [STDERR_REDIRECT] [Fatal Error] :1:1: Premature end of file.
2026-01-16 17:58:28,272 [ERROR] LogOutputStream:75 - [STDERR_REDIRECT] 
2026-01-16 17:58:29,271 [ERROR] LogOutputStream:75 - [STDERR_REDIRECT] [Fatal Error] :1:1: Premature end of file.
2026-01-16 17:58:29,272 [ERROR] LogOutputStream:75 - [STDERR_REDIRECT] 
2026-01-16 17:58:30,284 [ERROR] LogOutputStream:75 - [STDERR_REDIRECT] [Fatal Error] :1:1: Premature end of file.
2026-01-16 17:58:30,284 [ERROR] LogOutputStream:75 - [STDERR_REDIRECT] 
2026-01-16 17:58:31,283 [ERROR] LogOutputStream:75 - [STDERR_REDIRECT] [Fatal Error] :1:1: Premature end of file.
2026-01-16 17:58:31,283 [ERROR] LogOutputStream:75 - [STDERR_REDIRECT] 
2026-01-16 17:58:32,285 [ERROR] LogOutputStream:75 - [STDERR_REDIRECT] [Fatal Error] :1:1: Premature end of file.
2026-01-16 17:58:32,285 [ERROR] LogOutputStream:75 - [STDERR_REDIRECT] 
2026-01-16 17:58:33,282 [ERROR] LogOutputStream:75 - [STDERR_REDIRECT] [Fatal Error] :1:1: Premature end of file.
2026-01-16 17:58:33,282 [ERROR] LogOutputStream:75 - [STDERR_REDIRECT] 
2026-01-16 17:58:34,282 [ERROR] LogOutputStream:75 - [STDERR_REDIRECT] [Fatal Error] :1:1: Premature end of file.
2026-01-16 17:58:34,283 [ERROR] LogOutputStream:75 - [STDERR_REDIRECT] 
2026-01-16 17:58:35,280 [ERROR] LogOutputStream:75 - [STDERR_REDIRECT] [Fatal Error] :1:1: Premature end of file.
2026-01-16 17:58:35,280 [ERROR] LogOutputStream:75 - [STDERR_REDIRECT] 
2026-01-16 17:58:36,276 [ERROR] LogOutputStream:75 - [STDERR_REDIRECT] [Fatal Error] :1:1: Premature end of file.
2026-01-16 17:58:36,277 [ERROR] LogOutputStream:75 - [STDERR_REDIRECT] 
2026-01-16 17:58:37,275 [ERROR] LogOutputStream:75 - [STDERR_REDIRECT] [Fatal Error] :1:1: Premature end of file.
2026-01-16 17:58:37,275 [ERROR] LogOutputStream:75 - [STDERR_REDIRECT] 
2026-01-16 17:58:38,271 [ERROR] LogOutputStream:75 - [STDERR_REDIRECT] [Fatal Error] :1:1: Premature end of file.
2026-01-16 17:58:38,271 [ERROR] LogOutputStream:75 - [STDERR_REDIRECT] 
2026-01-16 17:58:39,283 [ERROR] LogOutputStream:75 - [STDERR_REDIRECT] [Fatal Error] :1:1: Premature end of file.
2026-01-16 17:58:39,283 [ERROR] LogOutputStream:75 - [STDERR_REDIRECT] 
2026-01-16 17:58:40,282 [ERROR] LogOutputStream:75 - [STDERR_REDIRECT] [Fatal Error] :1:1: Premature end of file.
2026-01-16 17:58:40,282 [ERROR] LogOutputStream:75 - [STDERR_REDIRECT] 
2026-01-16 17:58:41,278 [ERROR] LogOutputStream:75 - [STDERR_REDIRECT] [Fatal Error] :1:1: Premature end of file.
2026-01-16 17:58:41,278 [ERROR] LogOutputStream:75 - [STDERR_REDIRECT] 
2026-01-16 17:58:42,275 [ERROR] LogOutputStream:75 - [STDERR_REDIRECT] [Fatal Error] :1:1: Premature end of file.
2026-01-16 17:58:42,275 [ERROR] LogOutputStream:75 - [STDERR_REDIRECT] 
2026-01-16 17:58:43,272 [ERROR] LogOutputStream:75 - [STDERR_REDIRECT] [Fatal Error] :1:1: Premature end of file.
2026-01-16 17:58:43,273 [ERROR] LogOutputStream:75 - [STDERR_REDIRECT] 
2026-01-16 17:58:44,284 [ERROR] LogOutputStream:75 - [STDERR_REDIRECT] [Fatal Error] :1:1: Premature end of file.
2026-01-16 17:58:44,284 [ERROR] LogOutputStream:75 - [STDERR_REDIRECT] 
2026-01-16 17:58:45,280 [ERROR] LogOutputStream:75 - [STDERR_REDIRECT] [Fatal Error] :1:1: Premature end of file.
2026-01-16 17:58:45,281 [ERROR] LogOutputStream:75 - [STDERR_REDIRECT] 
2026-01-16 17:58:46,278 [ERROR] LogOutputStream:75 - [STDERR_REDIRECT] [Fatal Error] :1:1: Premature end of file.
2026-01-16 17:58:46,278 [ERROR] LogOutputStream:75 - [STDERR_REDIRECT] 
2026-01-16 17:58:47,275 [ERROR] LogOutputStream:75 - [STDERR_REDIRECT] [Fatal Error] :1:1: Premature end of file.
2026-01-16 17:58:47,275 [ERROR] LogOutputStream:75 - [STDERR_REDIRECT] 
2026-01-16 17:58:48,274 [ERROR] LogOutputStream:75 - [STDERR_REDIRECT] [Fatal Error] :1:1: Premature end of file.
2026-01-16 17:58:48,274 [ERROR] LogOutputStream:75 - [STDERR_REDIRECT] 
2026-01-16 17:58:49,281 [ERROR] LogOutputStream:75 - [STDERR_REDIRECT] [Fatal Error] :1:1: Premature end of file.
2026-01-16 17:58:49,281 [ERROR] LogOutputStream:75 - [STDERR_REDIRECT] 
2026-01-16 17:58:50,280 [ERROR] LogOutputStream:75 - [STDERR_REDIRECT] [Fatal Error] :1:1: Premature end of file.
2026-01-16 17:58:50,280 [ERROR] LogOutputStream:75 - [STDERR_REDIRECT] 
2026-01-16 17:58:51,280 [ERROR] LogOutputStream:75 - [STDERR_REDIRECT] [Fatal Error] :1:1: Premature end of file.
2026-01-16 17:58:51,281 [ERROR] LogOutputStream:75 - [STDERR_REDIRECT] 
2026-01-16 17:58:52,275 [ERROR] LogOutputStream:75 - [STDERR_REDIRECT] [Fatal Error] :1:1: Premature end of file.
2026-01-16 17:58:52,276 [ERROR] LogOutputStream:75 - [STDERR_REDIRECT] 
2026-01-16 17:58:53,271 [ERROR] LogOutputStream:75 - [STDERR_REDIRECT] [Fatal Error] :1:1: Premature end of file.
2026-01-16 17:58:53,271 [ERROR] LogOutputStream:75 - [STDERR_REDIRECT] 
2026-01-16 17:58:54,271 [ERROR] LogOutputStream:75 - [STDERR_REDIRECT] [Fatal Error] :1:1: Premature end of file.
2026-01-16 17:58:54,271 [ERROR] LogOutputStream:75 - [STDERR_REDIRECT] 
2026-01-16 17:58:55,286 [ERROR] LogOutputStream:75 - [STDERR_REDIRECT] [Fatal Error] :1:1: Premature end of file.
2026-01-16 17:58:55,286 [ERROR] LogOutputStream:75 - [STDERR_REDIRECT] 
2026-01-16 17:58:56,285 [ERROR] LogOutputStream:75 - [STDERR_REDIRECT] [Fatal Error] :1:1: Premature end of file.
2026-01-16 17:58:56,286 [ERROR] LogOutputStream:75 - [STDERR_REDIRECT] 
2026-01-16 17:58:57,284 [ERROR] LogOutputStream:75 - [STDERR_REDIRECT] [Fatal Error] :1:1: Premature end of file.
2026-01-16 17:58:57,284 [ERROR] LogOutputStream:75 - [STDERR_REDIRECT] 
2026-01-16 17:58:58,278 [ERROR] LogOutputStream:75 - [STDERR_REDIRECT] [Fatal Error] :1:1: Premature end of file.
2026-01-16 17:58:58,278 [ERROR] LogOutputStream:75 - [STDERR_REDIRECT] 
2026-01-16 17:58:59,278 [ERROR] LogOutputStream:75 - [STDERR_REDIRECT] [Fatal Error] :1:1: Premature end of file.
2026-01-16 17:58:59,278 [ERROR] LogOutputStream:75 - [STDERR_REDIRECT] 
2026-01-16 17:59:00,275 [ERROR] LogOutputStream:75 - [STDERR_REDIRECT] [Fatal Error] :1:1: Premature end of file.
2026-01-16 17:59:00,275 [ERROR] LogOutputStream:75 - [STDERR_REDIRECT] 
2026-01-16 17:59:01,276 [ERROR] LogOutputStream:75 - [STDERR_REDIRECT] [Fatal Error] :1:1: Premature end of file.
2026-01-16 17:59:01,276 [ERROR] LogOutputStream:75 - [STDERR_REDIRECT] 
2026-01-16 17:59:02,285 [ERROR] LogOutputStream:75 - [STDERR_REDIRECT] [Fatal Error] :1:1: Premature end of file.
2026-01-16 17:59:02,286 [ERROR] LogOutputStream:75 - [STDERR_REDIRECT] 
2026-01-16 17:59:03,271 [ERROR] LogOutputStream:75 - [STDERR_REDIRECT] [Fatal Error] :1:1: Premature end of file.
2026-01-16 17:59:03,271 [ERROR] LogOutputStream:75 - [STDERR_REDIRECT] 
2026-01-16 17:59:04,286 [ERROR] LogOutputStream:75 - [STDERR_REDIRECT] [Fatal Error] :1:1: Premature end of file.
2026-01-16 17:59:04,286 [ERROR] LogOutputStream:75 - [STDERR_REDIRECT] 
2026-01-16 17:59:05,283 [ERROR] LogOutputStream:75 - [STDERR_REDIRECT] [Fatal Error] :1:1: Premature end of file.
2026-01-16 17:59:05,283 [ERROR] LogOutputStream:75 - [STDERR_REDIRECT] 
2026-01-16 17:59:06,286 [ERROR] LogOutputStream:75 - [STDERR_REDIRECT] [Fatal Error] :1:1: Premature end of file.
2026-01-16 17:59:06,286 [ERROR] LogOutputStream:75 - [STDERR_REDIRECT] 
2026-01-16 17:59:07,284 [ERROR] LogOutputStream:75 - [STDERR_REDIRECT] [Fatal Error] :1:1: Premature end of file.
2026-01-16 17:59:07,284 [ERROR] LogOutputStream:75 - [STDERR_REDIRECT] 
2026-01-16 17:59:08,280 [ERROR] LogOutputStream:75 - [STDERR_REDIRECT] [Fatal Error] :1:1: Premature end of file.
2026-01-16 17:59:08,280 [ERROR] LogOutputStream:75 - [STDERR_REDIRECT] 
2026-01-16 17:59:09,279 [ERROR] LogOutputStream:75 - [STDERR_REDIRECT] [Fatal Error] :1:1: Premature end of file.
2026-01-16 17:59:09,279 [ERROR] LogOutputStream:75 - [STDERR_REDIRECT] 
2026-01-16 17:59:10,277 [ERROR] LogOutputStream:75 - [STDERR_REDIRECT] [Fatal Error] :1:1: Premature end of file.
2026-01-16 17:59:10,277 [ERROR] LogOutputStream:75 - [STDERR_REDIRECT] 
2026-01-16 17:59:11,281 [ERROR] LogOutputStream:75 - [STDERR_REDIRECT] [Fatal Error] :1:1: Premature end of file.
2026-01-16 17:59:11,281 [ERROR] LogOutputStream:75 - [STDERR_REDIRECT] 
2026-01-16 17:59:12,274 [ERROR] LogOutputStream:75 - [STDERR_REDIRECT] [Fatal Error] :1:1: Premature end of file.
2026-01-16 17:59:12,274 [ERROR] LogOutputStream:75 - [STDERR_REDIRECT] 
2026-01-16 17:59:13,275 [ERROR] LogOutputStream:75 - [STDERR_REDIRECT] [Fatal Error] :1:1: Premature end of file.
2026-01-16 17:59:13,275 [ERROR] LogOutputStream:75 - [STDERR_REDIRECT] 
2026-01-16 17:59:14,284 [ERROR] LogOutputStream:75 - [STDERR_REDIRECT] [Fatal Error] :1:1: Premature end of file.
2026-01-16 17:59:14,284 [ERROR] LogOutputStream:75 - [STDERR_REDIRECT] 
2026-01-16 17:59:15,283 [ERROR] LogOutputStream:75 - [STDERR_REDIRECT] [Fatal Error] :1:1: Premature end of file.
2026-01-16 17:59:15,283 [ERROR] LogOutputStream:75 - [STDERR_REDIRECT] 
2026-01-16 17:59:16,279 [ERROR] LogOutputStream:75 - [STDERR_REDIRECT] [Fatal Error] :1:1: Premature end of file.
2026-01-16 17:59:16,279 [ERROR] LogOutputStream:75 - [STDERR_REDIRECT] 
2026-01-16 17:59:17,276 [ERROR] LogOutputStream:75 - [STDERR_REDIRECT] [Fatal Error] :1:1: Premature end of file.
2026-01-16 17:59:17,276 [ERROR] LogOutputStream:75 - [STDERR_REDIRECT] 
2026-01-16 17:59:18,271 [ERROR] LogOutputStream:75 - [STDERR_REDIRECT] [Fatal Error] :1:1: Premature end of file.
2026-01-16 17:59:18,271 [ERROR] LogOutputStream:75 - [STDERR_REDIRECT] 
2026-01-16 17:59:19,286 [ERROR] LogOutputStream:75 - [STDERR_REDIRECT] [Fatal Error] :1:1: Premature end of file.
2026-01-16 17:59:19,286 [ERROR] LogOutputStream:75 - [STDERR_REDIRECT] 
2026-01-16 17:59:20,286 [ERROR] LogOutputStream:75 - [STDERR_REDIRECT] [Fatal Error] :1:1: Premature end of file.
2026-01-16 17:59:20,286 [ERROR] LogOutputStream:75 - [STDERR_REDIRECT] 
2026-01-16 17:59:21,283 [ERROR] LogOutputStream:75 - [STDERR_REDIRECT] [Fatal Error] :1:1: Premature end of file.
2026-01-16 17:59:21,283 [ERROR] LogOutputStream:75 - [STDERR_REDIRECT] 
2026-01-16 17:59:22,283 [ERROR] LogOutputStream:75 - [STDERR_REDIRECT] [Fatal Error] :1:1: Premature end of file.
2026-01-16 17:59:22,283 [ERROR] LogOutputStream:75 - [STDERR_REDIRECT] 
2026-01-16 17:59:23,279 [ERROR] LogOutputStream:75 - [STDERR_REDIRECT] [Fatal Error] :1:1: Premature end of file.
2026-01-16 17:59:23,279 [ERROR] LogOutputStream:75 - [STDERR_REDIRECT] 
2026-01-16 17:59:24,277 [ERROR] LogOutputStream:75 - [STDERR_REDIRECT] [Fatal Error] :1:1: Premature end of file.
2026-01-16 17:59:24,278 [ERROR] LogOutputStream:75 - [STDERR_REDIRECT] 
2026-01-16 17:59:25,274 [ERROR] LogOutputStream:75 - [STDERR_REDIRECT] [Fatal Error] :1:1: Premature end of file.
2026-01-16 17:59:25,274 [ERROR] LogOutputStream:75 - [STDERR_REDIRECT] 
2026-01-16 17:59:26,272 [ERROR] LogOutputStream:75 - [STDERR_REDIRECT] [Fatal Error] :1:1: Premature end of file.
2026-01-16 17:59:26,272 [ERROR] LogOutputStream:75 - [STDERR_REDIRECT] 
2026-01-16 17:59:27,273 [ERROR] LogOutputStream:75 - [STDERR_REDIRECT] [Fatal Error] :1:1: Premature end of file.
2026-01-16 17:59:27,273 [ERROR] LogOutputStream:75 - [STDERR_REDIRECT] 
2026-01-16 17:59:28,286 [ERROR] LogOutputStream:75 - [STDERR_REDIRECT] [Fatal Error] :1:1: Premature end of file.
2026-01-16 17:59:28,286 [ERROR] LogOutputStream:75 - [STDERR_REDIRECT] 
2026-01-16 17:59:29,283 [ERROR] LogOutputStream:75 - [STDERR_REDIRECT] [Fatal Error] :1:1: Premature end of file.
2026-01-16 17:59:29,283 [ERROR] LogOutputStream:75 - [STDERR_REDIRECT] 
2026-01-16 17:59:30,280 [ERROR] LogOutputStream:75 - [STDERR_REDIRECT] [Fatal Error] :1:1: Premature end of file.
2026-01-16 17:59:30,281 [ERROR] LogOutputStream:75 - [STDERR_REDIRECT] 
2026-01-16 17:59:31,282 [ERROR] LogOutputStream:75 - [STDERR_REDIRECT] [Fatal Error] :1:1: Premature end of file.
2026-01-16 17:59:31,282 [ERROR] LogOutputStream:75 - [STDERR_REDIRECT] 
2026-01-16 17:59:32,278 [ERROR] LogOutputStream:75 - [STDERR_REDIRECT] [Fatal Error] :1:1: Premature end of file.
2026-01-16 17:59:32,278 [ERROR] LogOutputStream:75 - [STDERR_REDIRECT] 
2026-01-16 17:59:33,277 [ERROR] LogOutputStream:75 - [STDERR_REDIRECT] [Fatal Error] :1:1: Premature end of file.
2026-01-16 17:59:33,277 [ERROR] LogOutputStream:75 - [STDERR_REDIRECT] 
2026-01-16 17:59:34,274 [ERROR] LogOutputStream:75 - [STDERR_REDIRECT] [Fatal Error] :1:1: Premature end of file.
2026-01-16 17:59:34,274 [ERROR] LogOutputStream:75 - [STDERR_REDIRECT] 
2026-01-16 17:59:35,275 [ERROR] LogOutputStream:75 - [STDERR_REDIRECT] [Fatal Error] :1:1: Premature end of file.
2026-01-16 17:59:35,275 [ERROR] LogOutputStream:75 - [STDERR_REDIRECT] 
2026-01-16 17:59:36,272 [ERROR] LogOutputStream:75 - [STDERR_REDIRECT] [Fatal Error] :1:1: Premature end of file.
2026-01-16 17:59:36,272 [ERROR] LogOutputStream:75 - [STDERR_REDIRECT] 
2026-01-16 17:59:37,282 [ERROR] LogOutputStream:75 - [STDERR_REDIRECT] [Fatal Error] :1:1: Premature end of file.
2026-01-16 17:59:37,282 [ERROR] LogOutputStream:75 - [STDERR_REDIRECT] 
2026-01-16 17:59:38,278 [ERROR] LogOutputStream:75 - [STDERR_REDIRECT] [Fatal Error] :1:1: Premature end of file.
2026-01-16 17:59:38,278 [ERROR] LogOutputStream:75 - [STDERR_REDIRECT] 
2026-01-16 17:59:39,276 [ERROR] LogOutputStream:75 - [STDERR_REDIRECT] [Fatal Error] :1:1: Premature end of file.
2026-01-16 17:59:39,276 [ERROR] LogOutputStream:75 - [STDERR_REDIRECT] 
2026-01-16 17:59:40,274 [ERROR] LogOutputStream:75 - [STDERR_REDIRECT] [Fatal Error] :1:1: Premature end of file.
2026-01-16 17:59:40,274 [ERROR] LogOutputStream:75 - [STDERR_REDIRECT] 
2026-01-16 17:59:41,271 [ERROR] LogOutputStream:75 - [STDERR_REDIRECT] [Fatal Error] :1:1: Premature end of file.
2026-01-16 17:59:41,271 [ERROR] LogOutputStream:75 - [STDERR_REDIRECT] 
2026-01-16 17:59:42,284 [ERROR] LogOutputStream:75 - [STDERR_REDIRECT] [Fatal Error] :1:1: Premature end of file.
2026-01-16 17:59:42,284 [ERROR] LogOutputStream:75 - [STDERR_REDIRECT] 
2026-01-16 17:59:43,284 [ERROR] LogOutputStream:75 - [STDERR_REDIRECT] [Fatal Error] :1:1: Premature end of file.
2026-01-16 17:59:43,284 [ERROR] LogOutputStream:75 - [STDERR_REDIRECT] 
2026-01-16 17:59:44,283 [ERROR] LogOutputStream:75 - [STDERR_REDIRECT] [Fatal Error] :1:1: Premature end of file.
2026-01-16 17:59:44,283 [ERROR] LogOutputStream:75 - [STDERR_REDIRECT] 
2026-01-16 17:59:45,281 [ERROR] LogOutputStream:75 - [STDERR_REDIRECT] [Fatal Error] :1:1: Premature end of file.
2026-01-16 17:59:45,281 [ERROR] LogOutputStream:75 - [STDERR_REDIRECT] 
2026-01-16 17:59:46,281 [ERROR] LogOutputStream:75 - [STDERR_REDIRECT] [Fatal Error] :1:1: Premature end of file.
2026-01-16 17:59:46,281 [ERROR] LogOutputStream:75 - [STDERR_REDIRECT] 
2026-01-16 17:59:47,277 [ERROR] LogOutputStream:75 - [STDERR_REDIRECT] [Fatal Error] :1:1: Premature end of file.
2026-01-16 17:59:47,277 [ERROR] LogOutputStream:75 - [STDERR_REDIRECT] 
2026-01-16 17:59:48,284 [ERROR] LogOutputStream:75 - [STDERR_REDIRECT] [Fatal Error] :1:1: Premature end of file.
2026-01-16 17:59:48,284 [ERROR] LogOutputStream:75 - [STDERR_REDIRECT] 
2026-01-16 17:59:49,282 [ERROR] LogOutputStream:75 - [STDERR_REDIRECT] [Fatal Error] :1:1: Premature end of file.
2026-01-16 17:59:49,282 [ERROR] LogOutputStream:75 - [STDERR_REDIRECT] 
2026-01-16 17:59:50,279 [ERROR] LogOutputStream:75 - [STDERR_REDIRECT] [Fatal Error] :1:1: Premature end of file.
2026-01-16 17:59:50,279 [ERROR] LogOutputStream:75 - [STDERR_REDIRECT] 
2026-01-16 17:59:51,277 [ERROR] LogOutputStream:75 - [STDERR_REDIRECT] [Fatal Error] :1:1: Premature end of file.
2026-01-16 17:59:51,277 [ERROR] LogOutputStream:75 - [STDERR_REDIRECT] 
2026-01-16 17:59:52,272 [ERROR] LogOutputStream:75 - [STDERR_REDIRECT] [Fatal Error] :1:1: Premature end of file.
2026-01-16 17:59:52,272 [ERROR] LogOutputStream:75 - [STDERR_REDIRECT] 
2026-01-16 17:59:53,283 [ERROR] LogOutputStream:75 - [STDERR_REDIRECT] [Fatal Error] :1:1: Premature end of file.
2026-01-16 17:59:53,283 [ERROR] LogOutputStream:75 - [STDERR_REDIRECT] 
2026-01-16 17:59:54,278 [ERROR] LogOutputStream:75 - [STDERR_REDIRECT] [Fatal Error] :1:1: Premature end of file.
2026-01-16 17:59:54,278 [ERROR] LogOutputStream:75 - [STDERR_REDIRECT] 
2026-01-16 17:59:55,290 [ERROR] LogOutputStream:75 - [STDERR_REDIRECT] [Fatal Error] :1:1: Premature end of file.
2026-01-16 17:59:55,290 [ERROR] LogOutputStream:75 - [STDERR_REDIRECT] 
2026-01-16 17:59:56,290 [ERROR] LogOutputStream:75 - [STDERR_REDIRECT] [Fatal Error] :1:1: Premature end of file.
2026-01-16 17:59:56,291 [ERROR] LogOutputStream:75 - [STDERR_REDIRECT] 
2026-01-16 17:59:57,283 [ERROR] LogOutputStream:75 - [STDERR_REDIRECT] [Fatal Error] :1:1: Premature end of file.
2026-01-16 17:59:57,284 [ERROR] LogOutputStream:75 - [STDERR_REDIRECT] 
2026-01-16 17:59:58,279 [ERROR] LogOutputStream:75 - [STDERR_REDIRECT] [Fatal Error] :1:1: Premature end of file.
2026-01-16 17:59:58,279 [ERROR] LogOutputStream:75 - [STDERR_REDIRECT] 
2026-01-16 17:59:59,288 [ERROR] LogOutputStream:75 - [STDERR_REDIRECT] [Fatal Error] :1:1: Premature end of file.
2026-01-16 17:59:59,288 [ERROR] LogOutputStream:75 - [STDERR_REDIRECT] 
2026-01-16 18:00:00,283 [ERROR] LogOutputStream:75 - [STDERR_REDIRECT] [Fatal Error] :1:1: Premature end of file.
2026-01-16 18:00:00,283 [ERROR] LogOutputStream:75 - [STDERR_REDIRECT] 
2026-01-16 18:00:01,283 [ERROR] LogOutputStream:75 - [STDERR_REDIRECT] [Fatal Error] :1:1: Premature end of file.
2026-01-16 18:00:01,283 [ERROR] LogOutputStream:75 - [STDERR_REDIRECT] 
2026-01-16 18:00:02,274 [ERROR] LogOutputStream:75 - [STDERR_REDIRECT] [Fatal Error] :1:1: Premature end of file.
2026-01-16 18:00:02,274 [ERROR] LogOutputStream:75 - [STDERR_REDIRECT] 
2026-01-16 18:00:03,285 [ERROR] LogOutputStream:75 - [STDERR_REDIRECT] [Fatal Error] :1:1: Premature end of file.
2026-01-16 18:00:03,285 [ERROR] LogOutputStream:75 - [STDERR_REDIRECT] 
2026-01-16 18:00:04,274 [ERROR] LogOutputStream:75 - [STDERR_REDIRECT] [Fatal Error] :1:1: Premature end of file.
2026-01-16 18:00:04,274 [ERROR] LogOutputStream:75 - [STDERR_REDIRECT] 
2026-01-16 18:00:05,280 [ERROR] LogOutputStream:75 - [STDERR_REDIRECT] [Fatal Error] :1:1: Premature end of file.
2026-01-16 18:00:05,280 [ERROR] LogOutputStream:75 - [STDERR_REDIRECT] 
2026-01-16 18:00:06,276 [ERROR] LogOutputStream:75 - [STDERR_REDIRECT] [Fatal Error] :1:1: Premature end of file.
2026-01-16 18:00:06,276 [ERROR] LogOutputStream:75 - [STDERR_REDIRECT] 
2026-01-16 18:00:07,285 [ERROR] LogOutputStream:75 - [STDERR_REDIRECT] [Fatal Error] :1:1: Premature end of file.
2026-01-16 18:00:07,285 [ERROR] LogOutputStream:75 - [STDERR_REDIRECT] 
2026-01-16 18:00:08,287 [ERROR] LogOutputStream:75 - [STDERR_REDIRECT] [Fatal Error] :1:1: Premature end of file.
2026-01-16 18:00:08,287 [ERROR] LogOutputStream:75 - [STDERR_REDIRECT] 
2026-01-16 18:00:09,281 [ERROR] LogOutputStream:75 - [STDERR_REDIRECT] [Fatal Error] :1:1: Premature end of file.
2026-01-16 18:00:09,281 [ERROR] LogOutputStream:75 - [STDERR_REDIRECT] 
2026-01-16 18:00:10,277 [ERROR] LogOutputStream:75 - [STDERR_REDIRECT] [Fatal Error] :1:1: Premature end of file.
2026-01-16 18:00:10,277 [ERROR] LogOutputStream:75 - [STDERR_REDIRECT] 
2026-01-16 18:00:11,287 [ERROR] LogOutputStream:75 - [STDERR_REDIRECT] [Fatal Error] :1:1: Premature end of file.
2026-01-16 18:00:11,288 [ERROR] LogOutputStream:75 - [STDERR_REDIRECT] 
2026-01-16 18:00:12,284 [ERROR] LogOutputStream:75 - [STDERR_REDIRECT] [Fatal Error] :1:1: Premature end of file.
2026-01-16 18:00:12,284 [ERROR] LogOutputStream:75 - [STDERR_REDIRECT] 
2026-01-16 18:00:13,282 [ERROR] LogOutputStream:75 - [STDERR_REDIRECT] [Fatal Error] :1:1: Premature end of file.
2026-01-16 18:00:13,282 [ERROR] LogOutputStream:75 - [STDERR_REDIRECT] 
2026-01-16 18:00:14,277 [ERROR] LogOutputStream:75 - [STDERR_REDIRECT] [Fatal Error] :1:1: Premature end of file.
2026-01-16 18:00:14,277 [ERROR] LogOutputStream:75 - [STDERR_REDIRECT] 
2026-01-16 18:00:15,290 [ERROR] LogOutputStream:75 - [STDERR_REDIRECT] [Fatal Error] :1:1: Premature end of file.
2026-01-16 18:00:15,290 [ERROR] LogOutputStream:75 - [STDERR_REDIRECT] 
2026-01-16 18:00:16,278 [ERROR] LogOutputStream:75 - [STDERR_REDIRECT] [Fatal Error] :1:1: Premature end of file.
2026-01-16 18:00:16,279 [ERROR] LogOutputStream:75 - [STDERR_REDIRECT] 
2026-01-16 18:00:17,288 [ERROR] LogOutputStream:75 - [STDERR_REDIRECT] [Fatal Error] :1:1: Premature end of file.
2026-01-16 18:00:17,288 [ERROR] LogOutputStream:75 - [STDERR_REDIRECT] 
2026-01-16 18:00:18,286 [ERROR] LogOutputStream:75 - [STDERR_REDIRECT] [Fatal Error] :1:1: Premature end of file.
2026-01-16 18:00:18,286 [ERROR] LogOutputStream:75 - [STDERR_REDIRECT] 
2026-01-16 18:00:19,283 [ERROR] LogOutputStream:75 - [STDERR_REDIRECT] [Fatal Error] :1:1: Premature end of file.
2026-01-16 18:00:19,283 [ERROR] LogOutputStream:75 - [STDERR_REDIRECT] 
2026-01-16 18:00:20,281 [ERROR] LogOutputStream:75 - [STDERR_REDIRECT] [Fatal Error] :1:1: Premature end of file.
2026-01-16 18:00:20,281 [ERROR] LogOutputStream:75 - [STDERR_REDIRECT] 
2026-01-16 18:00:21,270 [ERROR] LogOutputStream:75 - [STDERR_REDIRECT] [Fatal Error] :1:1: Premature end of file.
2026-01-16 18:00:21,271 [ERROR] LogOutputStream:75 - [STDERR_REDIRECT] 
2026-01-16 18:00:22,282 [ERROR] LogOutputStream:75 - [STDERR_REDIRECT] [Fatal Error] :1:1: Premature end of file.
2026-01-16 18:00:22,283 [ERROR] LogOutputStream:75 - [STDERR_REDIRECT] 
2026-01-16 18:00:23,279 [ERROR] LogOutputStream:75 - [STDERR_REDIRECT] [Fatal Error] :1:1: Premature end of file.
2026-01-16 18:00:23,279 [ERROR] LogOutputStream:75 - [STDERR_REDIRECT] 
2026-01-16 18:00:24,280 [ERROR] LogOutputStream:75 - [STDERR_REDIRECT] [Fatal Error] :1:1: Premature end of file.
2026-01-16 18:00:24,280 [ERROR] LogOutputStream:75 - [STDERR_REDIRECT] 
2026-01-16 18:00:25,282 [ERROR] LogOutputStream:75 - [STDERR_REDIRECT] [Fatal Error] :1:1: Premature end of file.
2026-01-16 18:00:25,282 [ERROR] LogOutputStream:75 - [STDERR_REDIRECT] 
2026-01-16 18:00:26,276 [ERROR] LogOutputStream:75 - [STDERR_REDIRECT] [Fatal Error] :1:1: Premature end of file.
2026-01-16 18:00:26,276 [ERROR] LogOutputStream:75 - [STDERR_REDIRECT] 
2026-01-16 18:00:27,282 [ERROR] LogOutputStream:75 - [STDERR_REDIRECT] [Fatal Error] :1:1: Premature end of file.
2026-01-16 18:00:27,282 [ERROR] LogOutputStream:75 - [STDERR_REDIRECT] 
2026-01-16 18:00:28,282 [ERROR] LogOutputStream:75 - [STDERR_REDIRECT] [Fatal Error] :1:1: Premature end of file.
2026-01-16 18:00:28,283 [ERROR] LogOutputStream:75 - [STDERR_REDIRECT] 
2026-01-16 18:00:29,276 [ERROR] LogOutputStream:75 - [STDERR_REDIRECT] [Fatal Error] :1:1: Premature end of file.
2026-01-16 18:00:29,276 [ERROR] LogOutputStream:75 - [STDERR_REDIRECT] 
2026-01-16 18:00:30,280 [ERROR] LogOutputStream:75 - [STDERR_REDIRECT] [Fatal Error] :1:1: Premature end of file.
2026-01-16 18:00:30,280 [ERROR] LogOutputStream:75 - [STDERR_REDIRECT] 
2026-01-16 18:00:31,274 [ERROR] LogOutputStream:75 - [STDERR_REDIRECT] [Fatal Error] :1:1: Premature end of file.
2026-01-16 18:00:31,274 [ERROR] LogOutputStream:75 - [STDERR_REDIRECT] 
2026-01-16 18:00:32,279 [ERROR] LogOutputStream:75 - [STDERR_REDIRECT] [Fatal Error] :1:1: Premature end of file.
2026-01-16 18:00:32,279 [ERROR] LogOutputStream:75 - [STDERR_REDIRECT] 
2026-01-16 18:00:33,279 [ERROR] LogOutputStream:75 - [STDERR_REDIRECT] [Fatal Error] :1:1: Premature end of file.
2026-01-16 18:00:33,280 [ERROR] LogOutputStream:75 - [STDERR_REDIRECT] 
2026-01-16 18:00:34,280 [ERROR] LogOutputStream:75 - [STDERR_REDIRECT] [Fatal Error] :1:1: Premature end of file.
2026-01-16 18:00:34,280 [ERROR] LogOutputStream:75 - [STDERR_REDIRECT] 
2026-01-16 18:00:35,276 [ERROR] LogOutputStream:75 - [STDERR_REDIRECT] [Fatal Error] :1:1: Premature end of file.
2026-01-16 18:00:35,276 [ERROR] LogOutputStream:75 - [STDERR_REDIRECT] 
2026-01-16 18:00:36,284 [ERROR] LogOutputStream:75 - [STDERR_REDIRECT] [Fatal Error] :1:1: Premature end of file.
2026-01-16 18:00:36,284 [ERROR] LogOutputStream:75 - [STDERR_REDIRECT] 
2026-01-16 18:00:37,274 [ERROR] LogOutputStream:75 - [STDERR_REDIRECT] [Fatal Error] :1:1: Premature end of file.
2026-01-16 18:00:37,274 [ERROR] LogOutputStream:75 - [STDERR_REDIRECT] 
2026-01-16 18:00:38,289 [ERROR] LogOutputStream:75 - [STDERR_REDIRECT] [Fatal Error] :1:1: Premature end of file.
2026-01-16 18:00:38,289 [ERROR] LogOutputStream:75 - [STDERR_REDIRECT] 
2026-01-16 18:00:39,286 [ERROR] LogOutputStream:75 - [STDERR_REDIRECT] [Fatal Error] :1:1: Premature end of file.
2026-01-16 18:00:39,286 [ERROR] LogOutputStream:75 - [STDERR_REDIRECT] 
2026-01-16 18:00:40,285 [ERROR] LogOutputStream:75 - [STDERR_REDIRECT] [Fatal Error] :1:1: Premature end of file.
2026-01-16 18:00:40,285 [ERROR] LogOutputStream:75 - [STDERR_REDIRECT] 
2026-01-16 18:00:41,281 [ERROR] LogOutputStream:75 - [STDERR_REDIRECT] [Fatal Error] :1:1: Premature end of file.
2026-01-16 18:00:41,282 [ERROR] LogOutputStream:75 - [STDERR_REDIRECT] 
2026-01-16 18:00:42,278 [ERROR] LogOutputStream:75 - [STDERR_REDIRECT] [Fatal Error] :1:1: Premature end of file.
2026-01-16 18:00:42,278 [ERROR] LogOutputStream:75 - [STDERR_REDIRECT] 
2026-01-16 18:00:43,286 [ERROR] LogOutputStream:75 - [STDERR_REDIRECT] [Fatal Error] :1:1: Premature end of file.
2026-01-16 18:00:43,286 [ERROR] LogOutputStream:75 - [STDERR_REDIRECT] 
2026-01-16 18:00:44,282 [ERROR] LogOutputStream:75 - [STDERR_REDIRECT] [Fatal Error] :1:1: Premature end of file.
2026-01-16 18:00:44,282 [ERROR] LogOutputStream:75 - [STDERR_REDIRECT] 
2026-01-16 18:00:45,278 [ERROR] LogOutputStream:75 - [STDERR_REDIRECT] [Fatal Error] :1:1: Premature end of file.
2026-01-16 18:00:45,278 [ERROR] LogOutputStream:75 - [STDERR_REDIRECT] 
2026-01-16 18:00:46,274 [ERROR] LogOutputStream:75 - [STDERR_REDIRECT] [Fatal Error] :1:1: Premature end of file.
2026-01-16 18:00:46,274 [ERROR] LogOutputStream:75 - [STDERR_REDIRECT] 
2026-01-16 18:00:47,288 [ERROR] LogOutputStream:75 - [STDERR_REDIRECT] [Fatal Error] :1:1: Premature end of file.
2026-01-16 18:00:47,288 [ERROR] LogOutputStream:75 - [STDERR_REDIRECT] 
2026-01-16 18:00:48,281 [ERROR] LogOutputStream:75 - [STDERR_REDIRECT] [Fatal Error] :1:1: Premature end of file.
2026-01-16 18:00:48,281 [ERROR] LogOutputStream:75 - [STDERR_REDIRECT] 
2026-01-16 18:00:49,292 [ERROR] LogOutputStream:75 - [STDERR_REDIRECT] [Fatal Error] :1:1: Premature end of file.
2026-01-16 18:00:49,293 [ERROR] LogOutputStream:75 - [STDERR_REDIRECT] 
2026-01-16 18:00:50,287 [ERROR] LogOutputStream:75 - [STDERR_REDIRECT] [Fatal Error] :1:1: Premature end of file.
2026-01-16 18:00:50,287 [ERROR] LogOutputStream:75 - [STDERR_REDIRECT] 
2026-01-16 18:00:51,280 [ERROR] LogOutputStream:75 - [STDERR_REDIRECT] [Fatal Error] :1:1: Premature end of file.
2026-01-16 18:00:51,280 [ERROR] LogOutputStream:75 - [STDERR_REDIRECT] 
2026-01-16 18:00:52,275 [ERROR] LogOutputStream:75 - [STDERR_REDIRECT] [Fatal Error] :1:1: Premature end of file.
2026-01-16 18:00:52,276 [ERROR] LogOutputStream:75 - [STDERR_REDIRECT] 
2026-01-16 18:00:53,273 [ERROR] LogOutputStream:75 - [STDERR_REDIRECT] [Fatal Error] :1:1: Premature end of file.
2026-01-16 18:00:53,273 [ERROR] LogOutputStream:75 - [STDERR_REDIRECT] 
2026-01-16 18:00:54,276 [ERROR] LogOutputStream:75 - [STDERR_REDIRECT] [Fatal Error] :1:1: Premature end of file.
2026-01-16 18:00:54,276 [ERROR] LogOutputStream:75 - [STDERR_REDIRECT] 
2026-01-16 18:00:55,284 [ERROR] LogOutputStream:75 - [STDERR_REDIRECT] [Fatal Error] :1:1: Premature end of file.
2026-01-16 18:00:55,284 [ERROR] LogOutputStream:75 - [STDERR_REDIRECT] 
2026-01-16 18:00:56,283 [ERROR] LogOutputStream:75 - [STDERR_REDIRECT] [Fatal Error] :1:1: Premature end of file.
2026-01-16 18:00:56,283 [ERROR] LogOutputStream:75 - [STDERR_REDIRECT] 
2026-01-16 18:00:57,273 [ERROR] LogOutputStream:75 - [STDERR_REDIRECT] [Fatal Error] :1:1: Premature end of file.
2026-01-16 18:00:57,273 [ERROR] LogOutputStream:75 - [STDERR_REDIRECT] 
2026-01-16 18:00:58,286 [ERROR] LogOutputStream:75 - [STDERR_REDIRECT] [Fatal Error] :1:1: Premature end of file.
2026-01-16 18:00:58,286 [ERROR] LogOutputStream:75 - [STDERR_REDIRECT] 
2026-01-16 18:00:59,286 [ERROR] LogOutputStream:75 - [STDERR_REDIRECT] [Fatal Error] :1:1: Premature end of file.
2026-01-16 18:00:59,286 [ERROR] LogOutputStream:75 - [STDERR_REDIRECT] 
2026-01-16 18:01:00,284 [ERROR] LogOutputStream:75 - [STDERR_REDIRECT] [Fatal Error] :1:1: Premature end of file.
2026-01-16 18:01:00,284 [ERROR] LogOutputStream:75 - [STDERR_REDIRECT] 
2026-01-16 18:01:01,281 [ERROR] LogOutputStream:75 - [STDERR_REDIRECT] [Fatal Error] :1:1: Premature end of file.
2026-01-16 18:01:01,282 [ERROR] LogOutputStream:75 - [STDERR_REDIRECT] 
2026-01-16 18:01:02,278 [ERROR] LogOutputStream:75 - [STDERR_REDIRECT] [Fatal Error] :1:1: Premature end of file.
2026-01-16 18:01:02,278 [ERROR] LogOutputStream:75 - [STDERR_REDIRECT] 
2026-01-16 18:01:03,277 [ERROR] LogOutputStream:75 - [STDERR_REDIRECT] [Fatal Error] :1:1: Premature end of file.
2026-01-16 18:01:03,277 [ERROR] LogOutputStream:75 - [STDERR_REDIRECT] 
2026-01-16 18:01:04,284 [ERROR] LogOutputStream:75 - [STDERR_REDIRECT] [Fatal Error] :1:1: Premature end of file.
2026-01-16 18:01:04,286 [ERROR] LogOutputStream:75 - [STDERR_REDIRECT] 
2026-01-16 18:01:05,279 [ERROR] LogOutputStream:75 - [STDERR_REDIRECT] [Fatal Error] :1:1: Premature end of file.
2026-01-16 18:01:05,279 [ERROR] LogOutputStream:75 - [STDERR_REDIRECT] 
2026-01-16 18:01:06,282 [ERROR] LogOutputStream:75 - [STDERR_REDIRECT] [Fatal Error] :1:1: Premature end of file.
2026-01-16 18:01:06,282 [ERROR] LogOutputStream:75 - [STDERR_REDIRECT] 
2026-01-16 18:01:07,281 [ERROR] LogOutputStream:75 - [STDERR_REDIRECT] [Fatal Error] :1:1: Premature end of file.
2026-01-16 18:01:07,281 [ERROR] LogOutputStream:75 - [STDERR_REDIRECT] 
2026-01-16 18:01:08,279 [ERROR] LogOutputStream:75 - [STDERR_REDIRECT] [Fatal Error] :1:1: Premature end of file.
2026-01-16 18:01:08,279 [ERROR] LogOutputStream:75 - [STDERR_REDIRECT] 
2026-01-16 18:01:09,287 [ERROR] LogOutputStream:75 - [STDERR_REDIRECT] [Fatal Error] :1:1: Premature end of file.
2026-01-16 18:01:09,287 [ERROR] LogOutputStream:75 - [STDERR_REDIRECT] 
2026-01-16 18:01:10,284 [ERROR] LogOutputStream:75 - [STDERR_REDIRECT] [Fatal Error] :1:1: Premature end of file.
2026-01-16 18:01:10,284 [ERROR] LogOutputStream:75 - [STDERR_REDIRECT] 
2026-01-16 18:01:11,275 [ERROR] LogOutputStream:75 - [STDERR_REDIRECT] [Fatal Error] :1:1: Premature end of file.
2026-01-16 18:01:11,277 [ERROR] LogOutputStream:75 - [STDERR_REDIRECT] 
2026-01-16 18:01:12,277 [ERROR] LogOutputStream:75 - [STDERR_REDIRECT] [Fatal Error] :1:1: Premature end of file.
2026-01-16 18:01:12,278 [ERROR] LogOutputStream:75 - [STDERR_REDIRECT] 
2026-01-16 18:01:13,290 [ERROR] LogOutputStream:75 - [STDERR_REDIRECT] [Fatal Error] :1:1: Premature end of file.
2026-01-16 18:01:13,290 [ERROR] LogOutputStream:75 - [STDERR_REDIRECT] 
2026-01-16 18:01:14,286 [ERROR] LogOutputStream:75 - [STDERR_REDIRECT] [Fatal Error] :1:1: Premature end of file.
2026-01-16 18:01:14,286 [ERROR] LogOutputStream:75 - [STDERR_REDIRECT] 
2026-01-16 18:01:15,283 [ERROR] LogOutputStream:75 - [STDERR_REDIRECT] [Fatal Error] :1:1: Premature end of file.
2026-01-16 18:01:15,283 [ERROR] LogOutputStream:75 - [STDERR_REDIRECT] 
2026-01-16 18:01:16,281 [ERROR] LogOutputStream:75 - [STDERR_REDIRECT] [Fatal Error] :1:1: Premature end of file.
2026-01-16 18:01:16,281 [ERROR] LogOutputStream:75 - [STDERR_REDIRECT] 
2026-01-16 18:01:17,284 [ERROR] LogOutputStream:75 - [STDERR_REDIRECT] [Fatal Error] :1:1: Premature end of file.
2026-01-16 18:01:17,284 [ERROR] LogOutputStream:75 - [STDERR_REDIRECT] 
2026-01-16 18:01:18,279 [ERROR] LogOutputStream:75 - [STDERR_REDIRECT] [Fatal Error] :1:1: Premature end of file.
2026-01-16 18:01:18,279 [ERROR] LogOutputStream:75 - [STDERR_REDIRECT] 
2026-01-16 18:01:19,278 [ERROR] LogOutputStream:75 - [STDERR_REDIRECT] [Fatal Error] :1:1: Premature end of file.
2026-01-16 18:01:19,279 [ERROR] LogOutputStream:75 - [STDERR_REDIRECT] 
2026-01-16 18:01:20,277 [ERROR] LogOutputStream:75 - [STDERR_REDIRECT] [Fatal Error] :1:1: Premature end of file.
2026-01-16 18:01:20,277 [ERROR] LogOutputStream:75 - [STDERR_REDIRECT] 
2026-01-16 18:01:21,292 [ERROR] LogOutputStream:75 - [STDERR_REDIRECT] [Fatal Error] :1:1: Premature end of file.
2026-01-16 18:01:21,292 [ERROR] LogOutputStream:75 - [STDERR_REDIRECT] 
2026-01-16 18:01:22,280 [ERROR] LogOutputStream:75 - [STDERR_REDIRECT] [Fatal Error] :1:1: Premature end of file.
2026-01-16 18:01:22,280 [ERROR] LogOutputStream:75 - [STDERR_REDIRECT] 
2026-01-16 18:01:23,279 [ERROR] LogOutputStream:75 - [STDERR_REDIRECT] [Fatal Error] :1:1: Premature end of file.
2026-01-16 18:01:23,279 [ERROR] LogOutputStream:75 - [STDERR_REDIRECT] 
2026-01-16 18:01:24,291 [ERROR] LogOutputStream:75 - [STDERR_REDIRECT] [Fatal Error] :1:1: Premature end of file.
2026-01-16 18:01:24,291 [ERROR] LogOutputStream:75 - [STDERR_REDIRECT] 
2026-01-16 18:01:25,283 [ERROR] LogOutputStream:75 - [STDERR_REDIRECT] [Fatal Error] :1:1: Premature end of file.
2026-01-16 18:01:25,283 [ERROR] LogOutputStream:75 - [STDERR_REDIRECT] 
2026-01-16 18:01:26,276 [ERROR] LogOutputStream:75 - [STDERR_REDIRECT] [Fatal Error] :1:1: Premature end of file.
2026-01-16 18:01:26,276 [ERROR] LogOutputStream:75 - [STDERR_REDIRECT] 
2026-01-16 18:01:27,274 [ERROR] LogOutputStream:75 - [STDERR_REDIRECT] [Fatal Error] :1:1: Premature end of file.
2026-01-16 18:01:27,274 [ERROR] LogOutputStream:75 - [STDERR_REDIRECT] 
2026-01-16 18:01:28,285 [ERROR] LogOutputStream:75 - [STDERR_REDIRECT] [Fatal Error] :1:1: Premature end of file.
2026-01-16 18:01:28,285 [ERROR] LogOutputStream:75 - [STDERR_REDIRECT] 
2026-01-16 18:01:29,277 [ERROR] LogOutputStream:75 - [STDERR_REDIRECT] [Fatal Error] :1:1: Premature end of file.
2026-01-16 18:01:29,277 [ERROR] LogOutputStream:75 - [STDERR_REDIRECT] 
2026-01-16 18:01:30,285 [ERROR] LogOutputStream:75 - [STDERR_REDIRECT] [Fatal Error] :1:1: Premature end of file.
2026-01-16 18:01:30,287 [ERROR] LogOutputStream:75 - [STDERR_REDIRECT] 
2026-01-16 18:01:31,284 [ERROR] LogOutputStream:75 - [STDERR_REDIRECT] [Fatal Error] :1:1: Premature end of file.
2026-01-16 18:01:31,284 [ERROR] LogOutputStream:75 - [STDERR_REDIRECT] 
2026-01-16 18:01:32,279 [ERROR] LogOutputStream:75 - [STDERR_REDIRECT] [Fatal Error] :1:1: Premature end of file.
2026-01-16 18:01:32,279 [ERROR] LogOutputStream:75 - [STDERR_REDIRECT] 
2026-01-16 18:01:33,284 [ERROR] LogOutputStream:75 - [STDERR_REDIRECT] [Fatal Error] :1:1: Premature end of file.
2026-01-16 18:01:33,284 [ERROR] LogOutputStream:75 - [STDERR_REDIRECT] 
2026-01-16 18:01:34,283 [ERROR] LogOutputStream:75 - [STDERR_REDIRECT] [Fatal Error] :1:1: Premature end of file.
2026-01-16 18:01:34,283 [ERROR] LogOutputStream:75 - [STDERR_REDIRECT] 
2026-01-16 18:01:35,278 [ERROR] LogOutputStream:75 - [STDERR_REDIRECT] [Fatal Error] :1:1: Premature end of file.
2026-01-16 18:01:35,278 [ERROR] LogOutputStream:75 - [STDERR_REDIRECT] 
2026-01-16 18:01:36,273 [ERROR] LogOutputStream:75 - [STDERR_REDIRECT] [Fatal Error] :1:1: Premature end of file.
2026-01-16 18:01:36,273 [ERROR] LogOutputStream:75 - [STDERR_REDIRECT] 
2026-01-16 18:01:37,284 [ERROR] LogOutputStream:75 - [STDERR_REDIRECT] [Fatal Error] :1:1: Premature end of file.
2026-01-16 18:01:37,285 [ERROR] LogOutputStream:75 - [STDERR_REDIRECT] 
2026-01-16 18:01:38,283 [ERROR] LogOutputStream:75 - [STDERR_REDIRECT] [Fatal Error] :1:1: Premature end of file.
2026-01-16 18:01:38,283 [ERROR] LogOutputStream:75 - [STDERR_REDIRECT] 
2026-01-16 18:01:39,278 [ERROR] LogOutputStream:75 - [STDERR_REDIRECT] [Fatal Error] :1:1: Premature end of file.
2026-01-16 18:01:39,278 [ERROR] LogOutputStream:75 - [STDERR_REDIRECT] 
2026-01-16 18:01:40,282 [ERROR] LogOutputStream:75 - [STDERR_REDIRECT] [Fatal Error] :1:1: Premature end of file.
2026-01-16 18:01:40,282 [ERROR] LogOutputStream:75 - [STDERR_REDIRECT] 
2026-01-16 18:01:41,288 [ERROR] LogOutputStream:75 - [STDERR_REDIRECT] [Fatal Error] :1:1: Premature end of file.
2026-01-16 18:01:41,288 [ERROR] LogOutputStream:75 - [STDERR_REDIRECT] 
2026-01-16 18:01:42,285 [ERROR] LogOutputStream:75 - [STDERR_REDIRECT] [Fatal Error] :1:1: Premature end of file.
2026-01-16 18:01:42,285 [ERROR] LogOutputStream:75 - [STDERR_REDIRECT] 
2026-01-16 18:01:43,279 [ERROR] LogOutputStream:75 - [STDERR_REDIRECT] [Fatal Error] :1:1: Premature end of file.
2026-01-16 18:01:43,279 [ERROR] LogOutputStream:75 - [STDERR_REDIRECT] 
2026-01-16 18:01:44,290 [ERROR] LogOutputStream:75 - [STDERR_REDIRECT] [Fatal Error] :1:1: Premature end of file.
2026-01-16 18:01:44,290 [ERROR] LogOutputStream:75 - [STDERR_REDIRECT] 
2026-01-16 18:01:45,284 [ERROR] LogOutputStream:75 - [STDERR_REDIRECT] [Fatal Error] :1:1: Premature end of file.
2026-01-16 18:01:45,284 [ERROR] LogOutputStream:75 - [STDERR_REDIRECT] 
2026-01-16 18:01:46,281 [ERROR] LogOutputStream:75 - [STDERR_REDIRECT] [Fatal Error] :1:1: Premature end of file.
2026-01-16 18:01:46,282 [ERROR] LogOutputStream:75 - [STDERR_REDIRECT] 
2026-01-16 18:01:47,276 [ERROR] LogOutputStream:75 - [STDERR_REDIRECT] [Fatal Error] :1:1: Premature end of file.
2026-01-16 18:01:47,277 [ERROR] LogOutputStream:75 - [STDERR_REDIRECT] 
2026-01-16 18:01:48,275 [ERROR] LogOutputStream:75 - [STDERR_REDIRECT] [Fatal Error] :1:1: Premature end of file.
2026-01-16 18:01:48,275 [ERROR] LogOutputStream:75 - [STDERR_REDIRECT] 
2026-01-16 18:01:49,285 [ERROR] LogOutputStream:75 - [STDERR_REDIRECT] [Fatal Error] :1:1: Premature end of file.
2026-01-16 18:01:49,285 [ERROR] LogOutputStream:75 - [STDERR_REDIRECT] 
2026-01-16 18:01:50,274 [ERROR] LogOutputStream:75 - [STDERR_REDIRECT] [Fatal Error] :1:1: Premature end of file.
2026-01-16 18:01:50,274 [ERROR] LogOutputStream:75 - [STDERR_REDIRECT] 
2026-01-16 18:01:51,283 [ERROR] LogOutputStream:75 - [STDERR_REDIRECT] [Fatal Error] :1:1: Premature end of file.
2026-01-16 18:01:51,283 [ERROR] LogOutputStream:75 - [STDERR_REDIRECT] 
2026-01-16 18:01:52,280 [ERROR] LogOutputStream:75 - [STDERR_REDIRECT] [Fatal Error] :1:1: Premature end of file.
2026-01-16 18:01:52,280 [ERROR] LogOutputStream:75 - [STDERR_REDIRECT] 
2026-01-16 18:01:53,279 [ERROR] LogOutputStream:75 - [STDERR_REDIRECT] [Fatal Error] :1:1: Premature end of file.
2026-01-16 18:01:53,279 [ERROR] LogOutputStream:75 - [STDERR_REDIRECT] 
2026-01-16 18:01:54,280 [ERROR] LogOutputStream:75 - [STDERR_REDIRECT] [Fatal Error] :1:1: Premature end of file.
2026-01-16 18:01:54,280 [ERROR] LogOutputStream:75 - [STDERR_REDIRECT] 
2026-01-16 18:01:55,284 [ERROR] LogOutputStream:75 - [STDERR_REDIRECT] [Fatal Error] :1:1: Premature end of file.
2026-01-16 18:01:55,284 [ERROR] LogOutputStream:75 - [STDERR_REDIRECT] 
2026-01-16 18:01:56,282 [ERROR] LogOutputStream:75 - [STDERR_REDIRECT] [Fatal Error] :1:1: Premature end of file.
2026-01-16 18:01:56,282 [ERROR] LogOutputStream:75 - [STDERR_REDIRECT] 
2026-01-16 18:01:57,279 [ERROR] LogOutputStream:75 - [STDERR_REDIRECT] [Fatal Error] :1:1: Premature end of file.
2026-01-16 18:01:57,279 [ERROR] LogOutputStream:75 - [STDERR_REDIRECT] 
2026-01-16 18:01:58,281 [ERROR] LogOutputStream:75 - [STDERR_REDIRECT] [Fatal Error] :1:1: Premature end of file.
2026-01-16 18:01:58,281 [ERROR] LogOutputStream:75 - [STDERR_REDIRECT] 
2026-01-16 18:01:59,292 [ERROR] LogOutputStream:75 - [STDERR_REDIRECT] [Fatal Error] :1:1: Premature end of file.
2026-01-16 18:01:59,292 [ERROR] LogOutputStream:75 - [STDERR_REDIRECT] 
2026-01-16 18:02:00,289 [ERROR] LogOutputStream:75 - [STDERR_REDIRECT] [Fatal Error] :1:1: Premature end of file.
2026-01-16 18:02:00,289 [ERROR] LogOutputStream:75 - [STDERR_REDIRECT] 
2026-01-16 18:02:01,287 [ERROR] LogOutputStream:75 - [STDERR_REDIRECT] [Fatal Error] :1:1: Premature end of file.
2026-01-16 18:02:01,287 [ERROR] LogOutputStream:75 - [STDERR_REDIRECT] 
2026-01-16 18:02:02,281 [ERROR] LogOutputStream:75 - [STDERR_REDIRECT] [Fatal Error] :1:1: Premature end of file.
2026-01-16 18:02:02,281 [ERROR] LogOutputStream:75 - [STDERR_REDIRECT] 
2026-01-16 18:02:03,274 [ERROR] LogOutputStream:75 - [STDERR_REDIRECT] [Fatal Error] :1:1: Premature end of file.
2026-01-16 18:02:03,274 [ERROR] LogOutputStream:75 - [STDERR_REDIRECT] 
2026-01-16 18:02:04,284 [ERROR] LogOutputStream:75 - [STDERR_REDIRECT] [Fatal Error] :1:1: Premature end of file.
2026-01-16 18:02:04,284 [ERROR] LogOutputStream:75 - [STDERR_REDIRECT] 
2026-01-16 18:02:05,277 [ERROR] LogOutputStream:75 - [STDERR_REDIRECT] [Fatal Error] :1:1: Premature end of file.
2026-01-16 18:02:05,277 [ERROR] LogOutputStream:75 - [STDERR_REDIRECT] 
2026-01-16 18:02:06,278 [ERROR] LogOutputStream:75 - [STDERR_REDIRECT] [Fatal Error] :1:1: Premature end of file.
2026-01-16 18:02:06,278 [ERROR] LogOutputStream:75 - [STDERR_REDIRECT] 
2026-01-16 18:02:07,288 [ERROR] LogOutputStream:75 - [STDERR_REDIRECT] [Fatal Error] :1:1: Premature end of file.
2026-01-16 18:02:07,288 [ERROR] LogOutputStream:75 - [STDERR_REDIRECT] 
2026-01-16 18:02:08,287 [ERROR] LogOutputStream:75 - [STDERR_REDIRECT] [Fatal Error] :1:1: Premature end of file.
2026-01-16 18:02:08,288 [ERROR] LogOutputStream:75 - [STDERR_REDIRECT] 
2026-01-16 18:02:09,282 [ERROR] LogOutputStream:75 - [STDERR_REDIRECT] [Fatal Error] :1:1: Premature end of file.
2026-01-16 18:02:09,283 [ERROR] LogOutputStream:75 - [STDERR_REDIRECT] 
2026-01-16 18:02:10,279 [ERROR] LogOutputStream:75 - [STDERR_REDIRECT] [Fatal Error] :1:1: Premature end of file.
2026-01-16 18:02:10,279 [ERROR] LogOutputStream:75 - [STDERR_REDIRECT] 
2026-01-16 18:02:11,319 [ERROR] LogOutputStream:75 - [STDERR_REDIRECT] [Fatal Error] :1:1: Premature end of file.
2026-01-16 18:02:11,319 [ERROR] LogOutputStream:75 - [STDERR_REDIRECT] 
2026-01-16 18:02:12,284 [ERROR] LogOutputStream:75 - [STDERR_REDIRECT] [Fatal Error] :1:1: Premature end of file.
2026-01-16 18:02:12,284 [ERROR] LogOutputStream:75 - [STDERR_REDIRECT] 
2026-01-16 18:02:13,281 [ERROR] LogOutputStream:75 - [STDERR_REDIRECT] [Fatal Error] :1:1: Premature end of file.
2026-01-16 18:02:13,281 [ERROR] LogOutputStream:75 - [STDERR_REDIRECT] 
2026-01-16 18:02:14,285 [ERROR] LogOutputStream:75 - [STDERR_REDIRECT] [Fatal Error] :1:1: Premature end of file.
2026-01-16 18:02:14,285 [ERROR] LogOutputStream:75 - [STDERR_REDIRECT] 
2026-01-16 18:02:15,280 [ERROR] LogOutputStream:75 - [STDERR_REDIRECT] [Fatal Error] :1:1: Premature end of file.
2026-01-16 18:02:15,280 [ERROR] LogOutputStream:75 - [STDERR_REDIRECT] 
2026-01-16 18:02:16,276 [ERROR] LogOutputStream:75 - [STDERR_REDIRECT] [Fatal Error] :1:1: Premature end of file.
2026-01-16 18:02:16,276 [ERROR] LogOutputStream:75 - [STDERR_REDIRECT] 
2026-01-16 18:02:17,284 [ERROR] LogOutputStream:75 - [STDERR_REDIRECT] [Fatal Error] :1:1: Premature end of file.
2026-01-16 18:02:17,285 [ERROR] LogOutputStream:75 - [STDERR_REDIRECT] 
2026-01-16 18:02:18,277 [ERROR] LogOutputStream:75 - [STDERR_REDIRECT] [Fatal Error] :1:1: Premature end of file.
2026-01-16 18:02:18,277 [ERROR] LogOutputStream:75 - [STDERR_REDIRECT] 
2026-01-16 18:02:19,273 [ERROR] LogOutputStream:75 - [STDERR_REDIRECT] [Fatal Error] :1:1: Premature end of file.
2026-01-16 18:02:19,273 [ERROR] LogOutputStream:75 - [STDERR_REDIRECT] 
2026-01-16 18:02:20,272 [ERROR] LogOutputStream:75 - [STDERR_REDIRECT] [Fatal Error] :1:1: Premature end of file.
2026-01-16 18:02:20,273 [ERROR] LogOutputStream:75 - [STDERR_REDIRECT] 
2026-01-16 18:02:21,271 [ERROR] LogOutputStream:75 - [STDERR_REDIRECT] [Fatal Error] :1:1: Premature end of file.
2026-01-16 18:02:21,271 [ERROR] LogOutputStream:75 - [STDERR_REDIRECT] 
2026-01-16 18:02:22,272 [ERROR] LogOutputStream:75 - [STDERR_REDIRECT] [Fatal Error] :1:1: Premature end of file.
2026-01-16 18:02:22,272 [ERROR] LogOutputStream:75 - [STDERR_REDIRECT] 
2026-01-16 18:02:23,273 [ERROR] LogOutputStream:75 - [STDERR_REDIRECT] [Fatal Error] :1:1: Premature end of file.
2026-01-16 18:02:23,273 [ERROR] LogOutputStream:75 - [STDERR_REDIRECT] 
2026-01-16 18:02:24,276 [ERROR] LogOutputStream:75 - [STDERR_REDIRECT] [Fatal Error] :1:1: Premature end of file.
2026-01-16 18:02:24,276 [ERROR] LogOutputStream:75 - [STDERR_REDIRECT] 
2026-01-16 18:02:25,271 [ERROR] LogOutputStream:75 - [STDERR_REDIRECT] [Fatal Error] :1:1: Premature end of file.
2026-01-16 18:02:25,271 [ERROR] LogOutputStream:75 - [STDERR_REDIRECT] 
2026-01-16 18:02:26,274 [ERROR] LogOutputStream:75 - [STDERR_REDIRECT] [Fatal Error] :1:1: Premature end of file.
2026-01-16 18:02:26,274 [ERROR] LogOutputStream:75 - [STDERR_REDIRECT] 
2026-01-16 18:02:27,270 [ERROR] LogOutputStream:75 - [STDERR_REDIRECT] [Fatal Error] :1:1: Premature end of file.
2026-01-16 18:02:27,270 [ERROR] LogOutputStream:75 - [STDERR_REDIRECT] 
2026-01-16 18:02:28,274 [ERROR] LogOutputStream:75 - [STDERR_REDIRECT] [Fatal Error] :1:1: Premature end of file.
2026-01-16 18:02:28,274 [ERROR] LogOutputStream:75 - [STDERR_REDIRECT] 
2026-01-16 18:02:29,270 [ERROR] LogOutputStream:75 - [STDERR_REDIRECT] [Fatal Error] :1:1: Premature end of file.
2026-01-16 18:02:29,270 [ERROR] LogOutputStream:75 - [STDERR_REDIRECT] 
2026-01-16 18:02:30,270 [ERROR] LogOutputStream:75 - [STDERR_REDIRECT] [Fatal Error] :1:1: Premature end of file.
2026-01-16 18:02:30,270 [ERROR] LogOutputStream:75 - [STDERR_REDIRECT] 
2026-01-16 18:02:31,279 [ERROR] LogOutputStream:75 - [STDERR_REDIRECT] [Fatal Error] :1:1: Premature end of file.
2026-01-16 18:02:31,279 [ERROR] LogOutputStream:75 - [STDERR_REDIRECT] 
2026-01-16 18:02:32,274 [ERROR] LogOutputStream:75 - [STDERR_REDIRECT] [Fatal Error] :1:1: Premature end of file.
2026-01-16 18:02:32,275 [ERROR] LogOutputStream:75 - [STDERR_REDIRECT] 
2026-01-16 18:02:33,274 [ERROR] LogOutputStream:75 - [STDERR_REDIRECT] [Fatal Error] :1:1: Premature end of file.
2026-01-16 18:02:33,274 [ERROR] LogOutputStream:75 - [STDERR_REDIRECT] 
2026-01-16 18:02:34,271 [ERROR] LogOutputStream:75 - [STDERR_REDIRECT] [Fatal Error] :1:1: Premature end of file.
2026-01-16 18:02:34,271 [ERROR] LogOutputStream:75 - [STDERR_REDIRECT] 
2026-01-16 18:02:35,271 [ERROR] LogOutputStream:75 - [STDERR_REDIRECT] [Fatal Error] :1:1: Premature end of file.
2026-01-16 18:02:35,271 [ERROR] LogOutputStream:75 - [STDERR_REDIRECT] 
2026-01-16 18:02:36,274 [ERROR] LogOutputStream:75 - [STDERR_REDIRECT] [Fatal Error] :1:1: Premature end of file.
2026-01-16 18:02:36,274 [ERROR] LogOutputStream:75 - [STDERR_REDIRECT] 
2026-01-16 18:02:37,273 [ERROR] LogOutputStream:75 - [STDERR_REDIRECT] [Fatal Error] :1:1: Premature end of file.
2026-01-16 18:02:37,275 [ERROR] LogOutputStream:75 - [STDERR_REDIRECT] 
2026-01-16 18:02:38,272 [ERROR] LogOutputStream:75 - [STDERR_REDIRECT] [Fatal Error] :1:1: Premature end of file.
2026-01-16 18:02:38,273 [ERROR] LogOutputStream:75 - [STDERR_REDIRECT] 
2026-01-16 18:02:39,277 [ERROR] LogOutputStream:75 - [STDERR_REDIRECT] [Fatal Error] :1:1: Premature end of file.
2026-01-16 18:02:39,277 [ERROR] LogOutputStream:75 - [STDERR_REDIRECT] 
2026-01-16 18:02:40,272 [ERROR] LogOutputStream:75 - [STDERR_REDIRECT] [Fatal Error] :1:1: Premature end of file.
2026-01-16 18:02:40,272 [ERROR] LogOutputStream:75 - [STDERR_REDIRECT] 
2026-01-16 18:02:41,272 [ERROR] LogOutputStream:75 - [STDERR_REDIRECT] [Fatal Error] :1:1: Premature end of file.
2026-01-16 18:02:41,273 [ERROR] LogOutputStream:75 - [STDERR_REDIRECT] 
2026-01-16 18:02:42,273 [ERROR] LogOutputStream:75 - [STDERR_REDIRECT] [Fatal Error] :1:1: Premature end of file.
2026-01-16 18:02:42,274 [ERROR] LogOutputStream:75 - [STDERR_REDIRECT] 
2026-01-16 18:02:43,270 [ERROR] LogOutputStream:75 - [STDERR_REDIRECT] [Fatal Error] :1:1: Premature end of file.
2026-01-16 18:02:43,270 [ERROR] LogOutputStream:75 - [STDERR_REDIRECT] 
2026-01-16 18:02:44,271 [ERROR] LogOutputStream:75 - [STDERR_REDIRECT] [Fatal Error] :1:1: Premature end of file.
2026-01-16 18:02:44,271 [ERROR] LogOutputStream:75 - [STDERR_REDIRECT] 
2026-01-16 18:02:45,272 [ERROR] LogOutputStream:75 - [STDERR_REDIRECT] [Fatal Error] :1:1: Premature end of file.
2026-01-16 18:02:45,272 [ERROR] LogOutputStream:75 - [STDERR_REDIRECT] 
2026-01-16 18:02:46,272 [ERROR] LogOutputStream:75 - [STDERR_REDIRECT] [Fatal Error] :1:1: Premature end of file.
2026-01-16 18:02:46,272 [ERROR] LogOutputStream:75 - [STDERR_REDIRECT] 
2026-01-16 18:02:47,296 [ERROR] LogOutputStream:75 - [STDERR_REDIRECT] [Fatal Error] :1:1: Premature end of file.
2026-01-16 18:02:47,296 [ERROR] LogOutputStream:75 - [STDERR_REDIRECT] 
2026-01-16 18:02:48,274 [ERROR] LogOutputStream:75 - [STDERR_REDIRECT] [Fatal Error] :1:1: Premature end of file.
2026-01-16 18:02:48,274 [ERROR] LogOutputStream:75 - [STDERR_REDIRECT] 
2026-01-16 18:02:49,275 [ERROR] LogOutputStream:75 - [STDERR_REDIRECT] [Fatal Error] :1:1: Premature end of file.
2026-01-16 18:02:49,277 [ERROR] LogOutputStream:75 - [STDERR_REDIRECT] 
2026-01-16 18:02:50,274 [ERROR] LogOutputStream:75 - [STDERR_REDIRECT] [Fatal Error] :1:1: Premature end of file.
2026-01-16 18:02:50,274 [ERROR] LogOutputStream:75 - [STDERR_REDIRECT] 
2026-01-16 18:02:51,273 [ERROR] LogOutputStream:75 - [STDERR_REDIRECT] [Fatal Error] :1:1: Premature end of file.
2026-01-16 18:02:51,274 [ERROR] LogOutputStream:75 - [STDERR_REDIRECT] 
2026-01-16 18:02:52,270 [ERROR] LogOutputStream:75 - [STDERR_REDIRECT] [Fatal Error] :1:1: Premature end of file.
2026-01-16 18:02:52,270 [ERROR] LogOutputStream:75 - [STDERR_REDIRECT] 
2026-01-16 18:02:53,272 [ERROR] LogOutputStream:75 - [STDERR_REDIRECT] [Fatal Error] :1:1: Premature end of file.
2026-01-16 18:02:53,272 [ERROR] LogOutputStream:75 - [STDERR_REDIRECT] 
2026-01-16 18:02:54,295 [ERROR] LogOutputStream:75 - [STDERR_REDIRECT] [Fatal Error] :1:1: Premature end of file.
2026-01-16 18:02:54,296 [ERROR] LogOutputStream:75 - [STDERR_REDIRECT] 
2026-01-16 18:02:55,273 [ERROR] LogOutputStream:75 - [STDERR_REDIRECT] [Fatal Error] :1:1: Premature end of file.
2026-01-16 18:02:55,274 [ERROR] LogOutputStream:75 - [STDERR_REDIRECT] 
2026-01-16 18:02:56,272 [ERROR] LogOutputStream:75 - [STDERR_REDIRECT] [Fatal Error] :1:1: Premature end of file.
2026-01-16 18:02:56,272 [ERROR] LogOutputStream:75 - [STDERR_REDIRECT] 
2026-01-16 18:02:57,272 [ERROR] LogOutputStream:75 - [STDERR_REDIRECT] [Fatal Error] :1:1: Premature end of file.
2026-01-16 18:02:57,272 [ERROR] LogOutputStream:75 - [STDERR_REDIRECT] 
2026-01-16 18:02:58,269 [ERROR] LogOutputStream:75 - [STDERR_REDIRECT] [Fatal Error] :1:1: Premature end of file.
2026-01-16 18:02:58,269 [ERROR] LogOutputStream:75 - [STDERR_REDIRECT] 
2026-01-16 18:02:59,271 [ERROR] LogOutputStream:75 - [STDERR_REDIRECT] [Fatal Error] :1:1: Premature end of file.
2026-01-16 18:02:59,271 [ERROR] LogOutputStream:75 - [STDERR_REDIRECT] 
2026-01-16 18:03:00,270 [ERROR] LogOutputStream:75 - [STDERR_REDIRECT] [Fatal Error] :1:1: Premature end of file.
2026-01-16 18:03:00,270 [ERROR] LogOutputStream:75 - [STDERR_REDIRECT] 
2026-01-16 18:03:01,276 [ERROR] LogOutputStream:75 - [STDERR_REDIRECT] [Fatal Error] :1:1: Premature end of file.
2026-01-16 18:03:01,276 [ERROR] LogOutputStream:75 - [STDERR_REDIRECT] 
2026-01-16 18:03:02,271 [ERROR] LogOutputStream:75 - [STDERR_REDIRECT] [Fatal Error] :1:1: Premature end of file.
2026-01-16 18:03:02,271 [ERROR] LogOutputStream:75 - [STDERR_REDIRECT] 
2026-01-16 18:03:03,272 [ERROR] LogOutputStream:75 - [STDERR_REDIRECT] [Fatal Error] :1:1: Premature end of file.
2026-01-16 18:03:03,272 [ERROR] LogOutputStream:75 - [STDERR_REDIRECT] 
2026-01-16 18:03:04,277 [ERROR] LogOutputStream:75 - [STDERR_REDIRECT] [Fatal Error] :1:1: Premature end of file.
2026-01-16 18:03:04,278 [ERROR] LogOutputStream:75 - [STDERR_REDIRECT] 
2026-01-16 18:03:05,271 [ERROR] LogOutputStream:75 - [STDERR_REDIRECT] [Fatal Error] :1:1: Premature end of file.
2026-01-16 18:03:05,271 [ERROR] LogOutputStream:75 - [STDERR_REDIRECT] 
2026-01-16 18:03:06,271 [ERROR] LogOutputStream:75 - [STDERR_REDIRECT] [Fatal Error] :1:1: Premature end of file.
2026-01-16 18:03:06,271 [ERROR] LogOutputStream:75 - [STDERR_REDIRECT] 
2026-01-16 18:03:07,274 [ERROR] LogOutputStream:75 - [STDERR_REDIRECT] [Fatal Error] :1:1: Premature end of file.
2026-01-16 18:03:07,274 [ERROR] LogOutputStream:75 - [STDERR_REDIRECT] 
2026-01-16 18:03:08,272 [ERROR] LogOutputStream:75 - [STDERR_REDIRECT] [Fatal Error] :1:1: Premature end of file.
2026-01-16 18:03:08,273 [ERROR] LogOutputStream:75 - [STDERR_REDIRECT] 
2026-01-16 18:03:09,274 [ERROR] LogOutputStream:75 - [STDERR_REDIRECT] [Fatal Error] :1:1: Premature end of file.
2026-01-16 18:03:09,274 [ERROR] LogOutputStream:75 - [STDERR_REDIRECT] 
2026-01-16 18:03:10,287 [ERROR] LogOutputStream:75 - [STDERR_REDIRECT] [Fatal Error] :1:1: Premature end of file.
2026-01-16 18:03:10,288 [ERROR] LogOutputStream:75 - [STDERR_REDIRECT] 
2026-01-16 18:03:11,281 [ERROR] LogOutputStream:75 - [STDERR_REDIRECT] [Fatal Error] :1:1: Premature end of file.
2026-01-16 18:03:11,281 [ERROR] LogOutputStream:75 - [STDERR_REDIRECT] 
2026-01-16 18:03:12,272 [ERROR] LogOutputStream:75 - [STDERR_REDIRECT] [Fatal Error] :1:1: Premature end of file.
2026-01-16 18:03:12,272 [ERROR] LogOutputStream:75 - [STDERR_REDIRECT] 
2026-01-16 18:03:13,287 [ERROR] LogOutputStream:75 - [STDERR_REDIRECT] [Fatal Error] :1:1: Premature end of file.
2026-01-16 18:03:13,287 [ERROR] LogOutputStream:75 - [STDERR_REDIRECT] 
2026-01-16 18:03:14,302 [ERROR] LogOutputStream:75 - [STDERR_REDIRECT] [Fatal Error] :1:1: Premature end of file.
2026-01-16 18:03:14,302 [ERROR] LogOutputStream:75 - [STDERR_REDIRECT] 
2026-01-16 18:03:15,280 [ERROR] LogOutputStream:75 - [STDERR_REDIRECT] [Fatal Error] :1:1: Premature end of file.
2026-01-16 18:03:15,280 [ERROR] LogOutputStream:75 - [STDERR_REDIRECT] 
2026-01-16 18:03:16,272 [ERROR] LogOutputStream:75 - [STDERR_REDIRECT] [Fatal Error] :1:1: Premature end of file.
2026-01-16 18:03:16,272 [ERROR] LogOutputStream:75 - [STDERR_REDIRECT] 
2026-01-16 18:03:17,276 [ERROR] LogOutputStream:75 - [STDERR_REDIRECT] [Fatal Error] :1:1: Premature end of file.
2026-01-16 18:03:17,276 [ERROR] LogOutputStream:75 - [STDERR_REDIRECT] 
2026-01-16 18:03:18,269 [ERROR] LogOutputStream:75 - [STDERR_REDIRECT] [Fatal Error] :1:1: Premature end of file.
2026-01-16 18:03:18,269 [ERROR] LogOutputStream:75 - [STDERR_REDIRECT] 
2026-01-16 18:03:19,273 [ERROR] LogOutputStream:75 - [STDERR_REDIRECT] [Fatal Error] :1:1: Premature end of file.
2026-01-16 18:03:19,273 [ERROR] LogOutputStream:75 - [STDERR_REDIRECT] 
2026-01-16 18:03:20,275 [ERROR] LogOutputStream:75 - [STDERR_REDIRECT] [Fatal Error] :1:1: Premature end of file.
2026-01-16 18:03:20,275 [ERROR] LogOutputStream:75 - [STDERR_REDIRECT] 
2026-01-16 18:03:21,275 [ERROR] LogOutputStream:75 - [STDERR_REDIRECT] [Fatal Error] :1:1: Premature end of file.
2026-01-16 18:03:21,275 [ERROR] LogOutputStream:75 - [STDERR_REDIRECT] 
2026-01-16 18:03:22,273 [ERROR] LogOutputStream:75 - [STDERR_REDIRECT] [Fatal Error] :1:1: Premature end of file.
2026-01-16 18:03:22,273 [ERROR] LogOutputStream:75 - [STDERR_REDIRECT] 
2026-01-16 18:03:23,281 [ERROR] LogOutputStream:75 - [STDERR_REDIRECT] [Fatal Error] :1:1: Premature end of file.
2026-01-16 18:03:23,281 [ERROR] LogOutputStream:75 - [STDERR_REDIRECT] 
2026-01-16 18:03:24,270 [ERROR] LogOutputStream:75 - [STDERR_REDIRECT] [Fatal Error] :1:1: Premature end of file.
2026-01-16 18:03:24,270 [ERROR] LogOutputStream:75 - [STDERR_REDIRECT] 
2026-01-16 18:03:25,273 [ERROR] LogOutputStream:75 - [STDERR_REDIRECT] [Fatal Error] :1:1: Premature end of file.
2026-01-16 18:03:25,273 [ERROR] LogOutputStream:75 - [STDERR_REDIRECT] 
2026-01-16 18:03:26,270 [ERROR] LogOutputStream:75 - [STDERR_REDIRECT] [Fatal Error] :1:1: Premature end of file.
2026-01-16 18:03:26,270 [ERROR] LogOutputStream:75 - [STDERR_REDIRECT] 
2026-01-16 18:03:27,270 [ERROR] LogOutputStream:75 - [STDERR_REDIRECT] [Fatal Error] :1:1: Premature end of file.
2026-01-16 18:03:27,270 [ERROR] LogOutputStream:75 - [STDERR_REDIRECT] 
2026-01-16 18:03:28,270 [ERROR] LogOutputStream:75 - [STDERR_REDIRECT] [Fatal Error] :1:1: Premature end of file.
2026-01-16 18:03:28,270 [ERROR] LogOutputStream:75 - [STDERR_REDIRECT] 
2026-01-16 18:03:29,270 [ERROR] LogOutputStream:75 - [STDERR_REDIRECT] [Fatal Error] :1:1: Premature end of file.
2026-01-16 18:03:29,271 [ERROR] LogOutputStream:75 - [STDERR_REDIRECT] 
2026-01-16 18:03:30,272 [ERROR] LogOutputStream:75 - [STDERR_REDIRECT] [Fatal Error] :1:1: Premature end of file.
2026-01-16 18:03:30,272 [ERROR] LogOutputStream:75 - [STDERR_REDIRECT] 
2026-01-16 18:03:31,270 [ERROR] LogOutputStream:75 - [STDERR_REDIRECT] [Fatal Error] :1:1: Premature end of file.
2026-01-16 18:03:31,270 [ERROR] LogOutputStream:75 - [STDERR_REDIRECT] 
2026-01-16 18:03:32,276 [ERROR] LogOutputStream:75 - [STDERR_REDIRECT] [Fatal Error] :1:1: Premature end of file.
2026-01-16 18:03:32,276 [ERROR] LogOutputStream:75 - [STDERR_REDIRECT] 
2026-01-16 18:03:33,269 [ERROR] LogOutputStream:75 - [STDERR_REDIRECT] [Fatal Error] :1:1: Premature end of file.
2026-01-16 18:03:33,269 [ERROR] LogOutputStream:75 - [STDERR_REDIRECT] 
2026-01-16 18:03:34,270 [ERROR] LogOutputStream:75 - [STDERR_REDIRECT] [Fatal Error] :1:1: Premature end of file.
2026-01-16 18:03:34,270 [ERROR] LogOutputStream:75 - [STDERR_REDIRECT] 
2026-01-16 18:03:35,271 [ERROR] LogOutputStream:75 - [STDERR_REDIRECT] [Fatal Error] :1:1: Premature end of file.
2026-01-16 18:03:35,271 [ERROR] LogOutputStream:75 - [STDERR_REDIRECT] 
2026-01-16 18:03:36,269 [ERROR] LogOutputStream:75 - [STDERR_REDIRECT] [Fatal Error] :1:1: Premature end of file.
2026-01-16 18:03:36,269 [ERROR] LogOutputStream:75 - [STDERR_REDIRECT] 
2026-01-16 18:03:37,271 [ERROR] LogOutputStream:75 - [STDERR_REDIRECT] [Fatal Error] :1:1: Premature end of file.
2026-01-16 18:03:37,271 [ERROR] LogOutputStream:75 - [STDERR_REDIRECT] 
2026-01-16 18:03:38,273 [ERROR] LogOutputStream:75 - [STDERR_REDIRECT] [Fatal Error] :1:1: Premature end of file.
2026-01-16 18:03:38,273 [ERROR] LogOutputStream:75 - [STDERR_REDIRECT] 
2026-01-16 18:03:39,271 [ERROR] LogOutputStream:75 - [STDERR_REDIRECT] [Fatal Error] :1:1: Premature end of file.
2026-01-16 18:03:39,271 [ERROR] LogOutputStream:75 - [STDERR_REDIRECT] 
2026-01-16 18:03:40,271 [ERROR] LogOutputStream:75 - [STDERR_REDIRECT] [Fatal Error] :1:1: Premature end of file.
2026-01-16 18:03:40,271 [ERROR] LogOutputStream:75 - [STDERR_REDIRECT] 
2026-01-16 18:03:41,269 [ERROR] LogOutputStream:75 - [STDERR_REDIRECT] [Fatal Error] :1:1: Premature end of file.
2026-01-16 18:03:41,269 [ERROR] LogOutputStream:75 - [STDERR_REDIRECT] 
2026-01-16 18:03:42,272 [ERROR] LogOutputStream:75 - [STDERR_REDIRECT] [Fatal Error] :1:1: Premature end of file.
2026-01-16 18:03:42,272 [ERROR] LogOutputStream:75 - [STDERR_REDIRECT] 
2026-01-16 18:03:43,272 [ERROR] LogOutputStream:75 - [STDERR_REDIRECT] [Fatal Error] :1:1: Premature end of file.
2026-01-16 18:03:43,272 [ERROR] LogOutputStream:75 - [STDERR_REDIRECT] 
2026-01-16 18:03:44,272 [ERROR] LogOutputStream:75 - [STDERR_REDIRECT] [Fatal Error] :1:1: Premature end of file.
2026-01-16 18:03:44,272 [ERROR] LogOutputStream:75 - [STDERR_REDIRECT] 
2026-01-16 18:03:45,272 [ERROR] LogOutputStream:75 - [STDERR_REDIRECT] [Fatal Error] :1:1: Premature end of file.
2026-01-16 18:03:45,272 [ERROR] LogOutputStream:75 - [STDERR_REDIRECT] 
2026-01-16 18:03:46,271 [ERROR] LogOutputStream:75 - [STDERR_REDIRECT] [Fatal Error] :1:1: Premature end of file.
2026-01-16 18:03:46,271 [ERROR] LogOutputStream:75 - [STDERR_REDIRECT] 
2026-01-16 18:03:47,270 [ERROR] LogOutputStream:75 - [STDERR_REDIRECT] [Fatal Error] :1:1: Premature end of file.
2026-01-16 18:03:47,270 [ERROR] LogOutputStream:75 - [STDERR_REDIRECT] 
2026-01-16 18:03:48,271 [ERROR] LogOutputStream:75 - [STDERR_REDIRECT] [Fatal Error] :1:1: Premature end of file.
2026-01-16 18:03:48,271 [ERROR] LogOutputStream:75 - [STDERR_REDIRECT] 
2026-01-16 18:03:49,277 [ERROR] LogOutputStream:75 - [STDERR_REDIRECT] [Fatal Error] :1:1: Premature end of file.
2026-01-16 18:03:49,277 [ERROR] LogOutputStream:75 - [STDERR_REDIRECT] 
2026-01-16 18:03:50,020 [ERROR] LogOutputStream:75 - [STDERR_REDIRECT] 
2026-01-16 18:03:50,021 [ERROR] LogOutputStream:75 - [STDERR_REDIRECT] 
2026-01-16 18:04:15,831 [INFO] Activator:176 - 


2026-01-16 18:04:15,832 [INFO] Activator:177 - !SESSION log4j initialized
2026-01-16 18:04:20,388 [INFO] LogOutputStream:77 - [STDOUT_REDIRECT] 
2026-01-16 18:04:26,087 [INFO] ApplicationProperties:184 - Using Application install path: C:\ST\STM32CubeIDE_1.19.0\STM32CubeIDE\plugins\com.st.stm32cube.common.mx_6.15.0.202507011659
2026-01-16 18:04:26,098 [INFO] DbMcusXml:78 - Set database path to: C:\ST\STM32CubeIDE_1.19.0\STM32CubeIDE\plugins\com.st.stm32cube.common.mx_6.15.0.202507011659\\db\/mcu/
2026-01-16 18:04:26,099 [INFO] ApiDb:274 - Set plugin database path to: C:\ST\STM32CubeIDE_1.19.0\STM32CubeIDE\plugins\com.st.stm32cube.common.mx_6.15.0.202507011659\\db\/plugins/boardmanager/
2026-01-16 18:04:26,099 [WARN] ApiDb:259 - Overriding images path with different value:  => C:\ST\STM32CubeIDE_1.19.0\STM32CubeIDE\plugins\com.st.stm32cube.common.mx_6.15.0.202507011659\\db\/plugins/mcufinder/images/
2026-01-16 18:04:26,103 [INFO] ApiDb:250 - Set database path to: C:\Users\Harshil\.stmcufinder\plugins\mcufinder//mcu/
2026-01-16 18:04:26,103 [INFO] DbMcusAds:125 - Set database path to: C:\Users\Harshil\.stmcufinder\plugins\mcufinder//mcu/
2026-01-16 18:04:26,105 [INFO] CrossReferenceDbSqlite:203 - Set database path to: C:\Users\Harshil\.stmcufinder\plugins\mcufinder//mcu/cs/
2026-01-16 18:04:26,198 [INFO] RulesReader:64 - Compatibility file has been processed (317 Rules)
2026-01-16 18:04:26,258 [INFO] DbMcusXml:78 - Set database path to: C:\ST\STM32CubeIDE_1.19.0\STM32CubeIDE\plugins\com.st.stm32cube.common.mx_6.15.0.202507011659\\db\/mcu/
2026-01-16 18:04:26,258 [INFO] ApiDb:274 - Set plugin database path to: C:\ST\STM32CubeIDE_1.19.0\STM32CubeIDE\plugins\com.st.stm32cube.common.mx_6.15.0.202507011659\\db\/plugins/boardmanager/
2026-01-16 18:04:26,258 [INFO] ApiDb:261 - Set plugin images path to: C:\ST\STM32CubeIDE_1.19.0\STM32CubeIDE\plugins\com.st.stm32cube.common.mx_6.15.0.202507011659\\db\/plugins/mcufinder/images/
2026-01-16 18:04:26,258 [WARN] DbFile:41 - Overriding database path with different value: C:\Users\Harshil\.stmcufinder\plugins\mcufinder/ => C:\Users\Harshil\.stmcufinder\plugins\mcufinder
2026-01-16 18:04:26,258 [INFO] ApiDb:250 - Set database path to: C:\Users\Harshil\.stmcufinder\plugins\mcufinder//mcu/
2026-01-16 18:04:26,258 [WARN] DbFile:41 - Overriding database path with different value: C:\Users\Harshil\.stmcufinder\plugins\mcufinder/ => C:\Users\Harshil\.stmcufinder\plugins\mcufinder
2026-01-16 18:04:26,258 [INFO] DbMcusAds:125 - Set database path to: C:\Users\Harshil\.stmcufinder\plugins\mcufinder//mcu/
2026-01-16 18:04:26,258 [WARN] DbFile:41 - Overriding database path with different value: C:\Users\Harshil\.stmcufinder\plugins\mcufinder/ => C:\Users\Harshil\.stmcufinder\plugins\mcufinder
2026-01-16 18:04:26,259 [WARN] DbFile:41 - Overriding database path with different value: C:\Users\Harshil\.stmcufinder\plugins\mcufinder/ => C:\Users\Harshil\.stmcufinder\plugins\mcufinder
2026-01-16 18:04:26,259 [INFO] CrossReferenceDbSqlite:203 - Set database path to: C:\Users\Harshil\.stmcufinder\plugins\mcufinder//mcu/cs/
2026-01-16 18:04:26,318 [INFO] MainPanel:274 - HeapMemory: 268435456
2026-01-16 18:04:26,391 [INFO] DbMcusXml:78 - Set database path to: C:\ST\STM32CubeIDE_1.19.0\STM32CubeIDE\plugins\com.st.stm32cube.common.mx_6.15.0.202507011659\\db\/mcu/
2026-01-16 18:04:26,391 [INFO] ApiDb:274 - Set plugin database path to: C:\ST\STM32CubeIDE_1.19.0\STM32CubeIDE\plugins\com.st.stm32cube.common.mx_6.15.0.202507011659\\db\/plugins/boardmanager/
2026-01-16 18:04:26,392 [INFO] ApiDb:261 - Set plugin images path to: C:\ST\STM32CubeIDE_1.19.0\STM32CubeIDE\plugins\com.st.stm32cube.common.mx_6.15.0.202507011659\\db\/plugins/mcufinder/images/
2026-01-16 18:04:26,392 [WARN] DbFile:41 - Overriding database path with different value: C:\Users\Harshil\.stmcufinder\plugins\mcufinder/ => C:\Users\Harshil\.stmcufinder\plugins\mcufinder
2026-01-16 18:04:26,392 [INFO] ApiDb:250 - Set database path to: C:\Users\Harshil\.stmcufinder\plugins\mcufinder//mcu/
2026-01-16 18:04:26,392 [WARN] DbFile:41 - Overriding database path with different value: C:\Users\Harshil\.stmcufinder\plugins\mcufinder/ => C:\Users\Harshil\.stmcufinder\plugins\mcufinder
2026-01-16 18:04:26,392 [INFO] DbMcusAds:125 - Set database path to: C:\Users\Harshil\.stmcufinder\plugins\mcufinder//mcu/
2026-01-16 18:04:26,392 [WARN] DbFile:41 - Overriding database path with different value: C:\Users\Harshil\.stmcufinder\plugins\mcufinder/ => C:\Users\Harshil\.stmcufinder\plugins\mcufinder
2026-01-16 18:04:26,392 [WARN] DbFile:41 - Overriding database path with different value: C:\Users\Harshil\.stmcufinder\plugins\mcufinder/ => C:\Users\Harshil\.stmcufinder\plugins\mcufinder
2026-01-16 18:04:26,392 [INFO] CrossReferenceDbSqlite:203 - Set database path to: C:\Users\Harshil\.stmcufinder\plugins\mcufinder//mcu/cs/
2026-01-16 18:04:26,407 [INFO] ApplicationProperties:184 - Using Application install path: C:\ST\STM32CubeIDE_1.19.0\STM32CubeIDE\plugins\com.st.stm32cube.common.mx_6.15.0.202507011659
2026-01-16 18:04:26,408 [INFO] PluginManage:196 - Search for loadable plugins [exclusion list=, ]
2026-01-16 18:04:26,408 [INFO] PluginManage:310 - Check plugin analytics
2026-01-16 18:04:31,154 [INFO] AnalyticsPlugin:253 - Accepted Software Licenses: 
2026-01-16 18:04:31,155 [INFO] AnalyticsPlugin:255 - Accepted CMSIS Pack Licenses: 
2026-01-16 18:04:31,155 [INFO] AnalyticsPlugin:257 - Accepted Firmware Licenses: 
2026-01-16 18:04:31,157 [INFO] PluginManage:359 - Loaded plugin analytics (category:tool,tabindex:-1)
2026-01-16 18:04:31,157 [INFO] PluginManage:310 - Check plugin cadmodel
2026-01-16 18:04:31,162 [INFO] CADModel:105 - Init CAD model plugin
2026-01-16 18:04:31,162 [INFO] PluginManage:359 - Loaded plugin cadmodel (category:power,tabindex:5)
2026-01-16 18:04:31,162 [INFO] PluginManage:310 - Check plugin clock
2026-01-16 18:04:31,169 [INFO] PluginManage:359 - Loaded plugin clock (category:base,tabindex:2)
2026-01-16 18:04:31,169 [INFO] PluginManage:310 - Check plugin ddr
2026-01-16 18:04:31,170 [INFO] PluginManage:359 - Loaded plugin ddr (category:tool,tabindex:6)
2026-01-16 18:04:31,171 [INFO] PluginManage:310 - Check plugin filemanager
2026-01-16 18:04:31,292 [INFO] PluginManage:359 - Loaded plugin filemanager (category:base,tabindex:10)
2026-01-16 18:04:31,292 [INFO] PluginManage:310 - Check plugin ipmanager
2026-01-16 18:04:31,298 [INFO] PluginManage:359 - Loaded plugin ipmanager (category:base,tabindex:5)
2026-01-16 18:04:31,298 [INFO] PluginManage:310 - Check plugin lpbam
2026-01-16 18:04:31,304 [INFO] PluginManage:359 - Loaded plugin lpbam (category:base,tabindex:0)
2026-01-16 18:04:31,304 [INFO] PluginManage:310 - Check plugin memorymap
2026-01-16 18:04:31,314 [INFO] PluginManage:359 - Loaded plugin memorymap (category:base,tabindex:4)
2026-01-16 18:04:31,314 [INFO] PluginManage:310 - Check plugin pinoutandconfiguration
2026-01-16 18:04:31,320 [INFO] PluginManage:359 - Loaded plugin pinoutandconfiguration (category:base,tabindex:1)
2026-01-16 18:04:31,320 [INFO] PluginManage:310 - Check plugin pinoutconfig
2026-01-16 18:04:31,399 [WARN] SupportedApi:132 - Cannot load RTOS API schema: s4s-elt-must-match.1: The content of 'definitions' must match (annotation?, (simpleType | complexType)?, (unique | key | keyref)*)). A problem was found starting at: attribute.
2026-01-16 18:04:31,522 [INFO] PluginManage:359 - Loaded plugin pinoutconfig (category:base,tabindex:0)
2026-01-16 18:04:31,522 [INFO] PluginManage:310 - Check plugin power
2026-01-16 18:04:31,529 [INFO] PluginManage:359 - Loaded plugin power (category:power,tabindex:4)
2026-01-16 18:04:31,530 [INFO] PluginManage:310 - Check plugin projectmanager
2026-01-16 18:04:31,544 [INFO] PluginManage:359 - Loaded plugin projectmanager (category:projectmanager,tabindex:4)
2026-01-16 18:04:31,544 [INFO] PluginManage:310 - Check plugin rif
2026-01-16 18:04:31,552 [INFO] PluginManage:359 - Loaded plugin rif (category:base,tabindex:3)
2026-01-16 18:04:31,552 [INFO] PluginManage:310 - Check plugin thirdparty
2026-01-16 18:04:31,652 [INFO] PluginManage:359 - Loaded plugin thirdparty (category:base,tabindex:-1)
2026-01-16 18:04:31,652 [WARN] IntegrityCheckThread:84 - waiting for thirdparty lock release [integrity check]
2026-01-16 18:04:31,652 [INFO] PluginManage:310 - Check plugin tools
2026-01-16 18:04:31,652 [INFO] IntegrityCheckThread:86 - entering critical section [integrity check]
2026-01-16 18:04:31,666 [INFO] ThirdPartyUpdaterWithRetryManager:70 - Updater plugin not ready yet. [1/15]
2026-01-16 18:04:31,669 [INFO] PluginManage:359 - Loaded plugin tools (category:base,tabindex:7)
2026-01-16 18:04:31,670 [INFO] PluginManage:310 - Check plugin tutovideos
2026-01-16 18:04:31,820 [INFO] PluginManage:359 - Loaded plugin tutovideos (category:base,tabindex:-1)
2026-01-16 18:04:31,820 [INFO] PluginManage:310 - Check plugin updater
2026-01-16 18:04:31,835 [INFO] PluginManage:359 - Loaded plugin updater (category:base,tabindex:12)
2026-01-16 18:04:31,835 [INFO] PluginManage:310 - Check plugin userauth
2026-01-16 18:04:31,838 [INFO] UserAuth:118 - Init User Auth plugin
2026-01-16 18:04:31,839 [INFO] PluginManage:359 - Loaded plugin userauth (category:base,tabindex:14)
2026-01-16 18:04:31,840 [INFO] PluginManage:283 - PluginManage : Loaded plugins [18]
2026-01-16 18:04:31,991 [INFO] PinOutPanel:1589 - setPackage(No Configuration,No Configuration)
2026-01-16 18:04:32,058 [INFO] CADModel:165 - CPN selected for project level
2026-01-16 18:04:32,060 [INFO] CADModel:114 - Register for checkConnection events
2026-01-16 18:04:32,072 [INFO] IPUIPlugin:80 - create IPUIPlugin
2026-01-16 18:04:32,072 [INFO] PluginManager:220 - loadIPPluginJar : add adc
2026-01-16 18:04:32,075 [INFO] IPUIPlugin:80 - create IPUIPlugin
2026-01-16 18:04:32,075 [INFO] PluginManager:220 - loadIPPluginJar : add aes
2026-01-16 18:04:32,077 [INFO] IPUIPlugin:80 - create IPUIPlugin
2026-01-16 18:04:32,077 [INFO] PluginManager:220 - loadIPPluginJar : add can
2026-01-16 18:04:32,078 [INFO] IPUIPlugin:80 - create IPUIPlugin
2026-01-16 18:04:32,079 [INFO] PluginManager:220 - loadIPPluginJar : add comp
2026-01-16 18:04:32,080 [INFO] IPUIPlugin:80 - create IPUIPlugin
2026-01-16 18:04:32,080 [INFO] PluginManager:220 - loadIPPluginJar : add cryp
2026-01-16 18:04:32,082 [INFO] IPUIPlugin:80 - create IPUIPlugin
2026-01-16 18:04:32,083 [INFO] PluginManager:220 - loadIPPluginJar : add ddr_ctrl_phy
2026-01-16 18:04:32,084 [INFO] IPUIPlugin:80 - create IPUIPlugin
2026-01-16 18:04:32,084 [INFO] PluginManager:220 - loadIPPluginJar : add dfsdm
2026-01-16 18:04:32,089 [INFO] IPUIPlugin:80 - create IPUIPlugin
2026-01-16 18:04:32,090 [INFO] PluginManager:220 - loadIPPluginJar : add dma
2026-01-16 18:04:32,092 [INFO] IPUIPlugin:80 - create IPUIPlugin
2026-01-16 18:04:32,092 [INFO] PluginManager:220 - loadIPPluginJar : add dma3
2026-01-16 18:04:32,095 [INFO] IPUIPlugin:80 - create IPUIPlugin
2026-01-16 18:04:32,095 [INFO] PluginManager:220 - loadIPPluginJar : add extmemmanager
2026-01-16 18:04:32,097 [INFO] IPUIPlugin:80 - create IPUIPlugin
2026-01-16 18:04:32,097 [INFO] PluginManager:220 - loadIPPluginJar : add fatfs
2026-01-16 18:04:32,101 [INFO] IPUIPlugin:80 - create IPUIPlugin
2026-01-16 18:04:32,101 [INFO] PluginManager:220 - loadIPPluginJar : add fmc
2026-01-16 18:04:32,108 [INFO] IPUIPlugin:80 - create IPUIPlugin
2026-01-16 18:04:32,108 [INFO] PluginManager:220 - loadIPPluginJar : add freertos
2026-01-16 18:04:32,108 [INFO] IPUIPlugin:80 - create IPUIPlugin
2026-01-16 18:04:32,109 [INFO] PluginManager:220 - loadIPPluginJar : add genericplugin
2026-01-16 18:04:32,111 [INFO] IPUIPlugin:80 - create IPUIPlugin
2026-01-16 18:04:32,111 [INFO] PluginManager:220 - loadIPPluginJar : add gfxmmu
2026-01-16 18:04:32,115 [INFO] IPUIPlugin:80 - create IPUIPlugin
2026-01-16 18:04:32,115 [INFO] PluginManager:220 - loadIPPluginJar : add gic
2026-01-16 18:04:32,119 [INFO] IPUIPlugin:80 - create IPUIPlugin
2026-01-16 18:04:32,119 [INFO] PluginManager:220 - loadIPPluginJar : add gpio
2026-01-16 18:04:32,121 [INFO] IPUIPlugin:80 - create IPUIPlugin
2026-01-16 18:04:32,121 [INFO] PluginManager:220 - loadIPPluginJar : add gtzc
2026-01-16 18:04:32,123 [INFO] IPUIPlugin:80 - create IPUIPlugin
2026-01-16 18:04:32,123 [INFO] PluginManager:220 - loadIPPluginJar : add hash
2026-01-16 18:04:32,125 [INFO] IPUIPlugin:80 - create IPUIPlugin
2026-01-16 18:04:32,125 [INFO] PluginManager:220 - loadIPPluginJar : add i2c
2026-01-16 18:04:32,127 [INFO] IPUIPlugin:80 - create IPUIPlugin
2026-01-16 18:04:32,127 [INFO] PluginManager:220 - loadIPPluginJar : add i2s
2026-01-16 18:04:32,129 [INFO] IPUIPlugin:80 - create IPUIPlugin
2026-01-16 18:04:32,130 [INFO] PluginManager:220 - loadIPPluginJar : add i3c
2026-01-16 18:04:32,132 [INFO] IPUIPlugin:80 - create IPUIPlugin
2026-01-16 18:04:32,132 [INFO] PluginManager:220 - loadIPPluginJar : add ipddr
2026-01-16 18:04:32,137 [INFO] IPUIPlugin:80 - create IPUIPlugin
2026-01-16 18:04:32,138 [INFO] PluginManager:220 - loadIPPluginJar : add linkedlist
2026-01-16 18:04:32,140 [INFO] IPUIPlugin:80 - create IPUIPlugin
2026-01-16 18:04:32,140 [INFO] PluginManager:220 - loadIPPluginJar : add lorawan
2026-01-16 18:04:32,141 [INFO] IPUIPlugin:80 - create IPUIPlugin
2026-01-16 18:04:32,141 [INFO] PluginManager:220 - loadIPPluginJar : add ltdc
2026-01-16 18:04:32,146 [INFO] IPUIPlugin:80 - create IPUIPlugin
2026-01-16 18:04:32,146 [INFO] PluginManager:220 - loadIPPluginJar : add mdma
2026-01-16 18:04:32,149 [INFO] IPUIPlugin:80 - create IPUIPlugin
2026-01-16 18:04:32,149 [INFO] PluginManager:220 - loadIPPluginJar : add nvic
2026-01-16 18:04:32,151 [INFO] IPUIPlugin:80 - create IPUIPlugin
2026-01-16 18:04:32,151 [INFO] PluginManager:220 - loadIPPluginJar : add opamp
2026-01-16 18:04:32,154 [INFO] IPUIPlugin:80 - create IPUIPlugin
2026-01-16 18:04:32,154 [INFO] PluginManager:220 - loadIPPluginJar : add openamp
2026-01-16 18:04:32,156 [INFO] IPUIPlugin:80 - create IPUIPlugin
2026-01-16 18:04:32,156 [INFO] PluginManager:220 - loadIPPluginJar : add pdm2pcm
2026-01-16 18:04:32,161 [INFO] IPUIPlugin:80 - create IPUIPlugin
2026-01-16 18:04:32,164 [INFO] PluginManager:220 - loadIPPluginJar : add plateformsettings
2026-01-16 18:04:32,165 [INFO] IPUIPlugin:80 - create IPUIPlugin
2026-01-16 18:04:32,165 [INFO] PluginManager:220 - loadIPPluginJar : add quadspi
2026-01-16 18:04:32,167 [INFO] IPUIPlugin:80 - create IPUIPlugin
2026-01-16 18:04:32,167 [INFO] PluginManager:220 - loadIPPluginJar : add radio
2026-01-16 18:04:32,169 [INFO] IPUIPlugin:80 - create IPUIPlugin
2026-01-16 18:04:32,169 [INFO] PluginManager:220 - loadIPPluginJar : add resmgrutility
2026-01-16 18:04:32,172 [INFO] IPUIPlugin:80 - create IPUIPlugin
2026-01-16 18:04:32,173 [INFO] PluginManager:220 - loadIPPluginJar : add sai
2026-01-16 18:04:32,174 [INFO] IPUIPlugin:80 - create IPUIPlugin
2026-01-16 18:04:32,175 [INFO] PluginManager:220 - loadIPPluginJar : add spi
2026-01-16 18:04:32,180 [INFO] IPUIPlugin:80 - create IPUIPlugin
2026-01-16 18:04:32,180 [INFO] PluginManager:220 - loadIPPluginJar : add stm32_wpan
2026-01-16 18:04:32,182 [INFO] IPUIPlugin:80 - create IPUIPlugin
2026-01-16 18:04:32,182 [INFO] PluginManager:220 - loadIPPluginJar : add tim
2026-01-16 18:04:32,184 [INFO] IPUIPlugin:80 - create IPUIPlugin
2026-01-16 18:04:32,185 [INFO] PluginManager:220 - loadIPPluginJar : add touchsensing
2026-01-16 18:04:32,187 [INFO] IPUIPlugin:80 - create IPUIPlugin
2026-01-16 18:04:32,187 [INFO] PluginManager:220 - loadIPPluginJar : add tracer_emb
2026-01-16 18:04:32,188 [INFO] IPUIPlugin:80 - create IPUIPlugin
2026-01-16 18:04:32,188 [INFO] PluginManager:220 - loadIPPluginJar : add ts
2026-01-16 18:04:32,190 [INFO] IPUIPlugin:80 - create IPUIPlugin
2026-01-16 18:04:32,190 [INFO] PluginManager:220 - loadIPPluginJar : add tsc
2026-01-16 18:04:32,191 [INFO] IPUIPlugin:80 - create IPUIPlugin
2026-01-16 18:04:32,191 [INFO] PluginManager:220 - loadIPPluginJar : add ucpd
2026-01-16 18:04:32,194 [INFO] IPUIPlugin:80 - create IPUIPlugin
2026-01-16 18:04:32,194 [INFO] PluginManager:220 - loadIPPluginJar : add usart
2026-01-16 18:04:32,196 [INFO] IPUIPlugin:80 - create IPUIPlugin
2026-01-16 18:04:32,196 [INFO] PluginManager:220 - loadIPPluginJar : add usbx
2026-01-16 18:04:32,312 [FATAL] Updater:351 - Updater called before beeing initialized
2026-01-16 18:04:32,333 [INFO] RulesReader:64 - Compatibility file has been processed (317 Rules)
2026-01-16 18:04:32,343 [INFO] RulesReader:64 - Compatibility file has been processed (317 Rules)
2026-01-16 18:04:32,351 [INFO] CADModel:165 - CPN selected for project level
2026-01-16 18:04:32,351 [INFO] CADModel:114 - Register for checkConnection events
2026-01-16 18:04:32,351 [FATAL] Updater:351 - Updater called before beeing initialized
2026-01-16 18:04:32,351 [ERROR] CADModel:125 - Updater not yet initialized, retry later 
2026-01-16 18:04:32,483 [FATAL] Updater:351 - Updater called before beeing initialized
2026-01-16 18:04:32,485 [INFO] CADModel:165 - CPN selected for project level
2026-01-16 18:04:32,485 [INFO] CADModel:114 - Register for checkConnection events
2026-01-16 18:04:32,485 [FATAL] Updater:351 - Updater called before beeing initialized
2026-01-16 18:04:32,485 [ERROR] CADModel:125 - Updater not yet initialized, retry later 
2026-01-16 18:04:32,488 [FATAL] Updater:351 - Updater called before beeing initialized
2026-01-16 18:04:32,612 [FATAL] Updater:351 - Updater called before beeing initialized
2026-01-16 18:04:32,616 [INFO] DbMcusAds:53 - JSON generation date=Tue Jul 08 13:44:23 IST 2025 (1751962463582)
2026-01-16 18:04:32,616 [FATAL] Updater:351 - Updater called before beeing initialized
2026-01-16 18:04:32,646 [WARN] DetailPanel:346 - Failed to get advertising image, set to default
2026-01-16 18:04:32,716 [FATAL] Updater:351 - Updater called before beeing initialized
2026-01-16 18:04:32,718 [FATAL] Updater:351 - Updater called before beeing initialized
2026-01-16 18:04:32,718 [FATAL] Updater:351 - Updater called before beeing initialized
2026-01-16 18:04:32,718 [WARN] DetailPanel:346 - Failed to get advertising image, set to default
2026-01-16 18:04:32,719 [FATAL] Updater:351 - Updater called before beeing initialized
2026-01-16 18:04:32,757 [ERROR] Updater:1198 - MainUpdater not yet initialized. External WinMGr cannot be set.
2026-01-16 18:04:32,759 [INFO] Updater:1134 - Updater Version found : 6.15.0
2026-01-16 18:04:32,771 [INFO] ApplicationProperties:184 - Using Application install path: C:\ST\STM32CubeIDE_1.19.0\STM32CubeIDE\plugins\com.st.stm32cube.common.mx_6.15.0.202507011659
2026-01-16 18:04:32,980 [INFO] MainUpdater:2872 - connection check result : 10
2026-01-16 18:04:32,980 [INFO] MainUpdater:289 - Updater Check For Update Now.
2026-01-16 18:04:32,980 [INFO] MicroXplorer:498 - Change Database Version : DB.6.0.150
2026-01-16 18:04:32,988 [INFO] McuFinderGlobals:63 - Set McuFinder mode to 2 (CubeIDE integrated)
2026-01-16 18:04:32,988 [INFO] UserAuth:171 - activating auth plugin
2026-01-16 18:04:32,991 [INFO] UserAuth:487 - Internet connection configuration mode: 1
2026-01-16 18:04:33,014 [INFO] JxBrowserEngine:152 - Initiate JxBrowser Engine with user profile folder
2026-01-16 18:04:33,171 [INFO] CheckServerUpdateThread:120 - End of CheckServer Thread
2026-01-16 18:04:33,590 [INFO] WebApp:169 - Instantiating new browser for Auth
2026-01-16 18:04:34,229 [INFO] WebApp:463 - Apply proxy settings
2026-01-16 18:04:34,229 [INFO] WebApp:548 - Chromium requires no authentication
2026-01-16 18:04:34,235 [INFO] WebApp:491 - Direct internet connection detected
2026-01-16 18:04:34,252 [INFO] WebApp:900 - Register for checkConnection events
2026-01-16 18:04:34,252 [INFO] WebApp:463 - Apply proxy settings
2026-01-16 18:04:34,252 [INFO] WebApp:548 - Chromium requires no authentication
2026-01-16 18:04:34,252 [INFO] WebApp:491 - Direct internet connection detected
2026-01-16 18:04:34,373 [INFO] WebApp:225 - Starting web application
2026-01-16 18:04:34,373 [INFO] WebApp:593 - Web application path used C:\ST\STM32CubeIDE_1.19.0\STM32CubeIDE\plugins\com.st.stm32cube.common.mx_6.15.0.202507011659\db\plugins\mcufinder\reactClient1\index.html
2026-01-16 18:04:34,540 [ERROR] LogOutputStream:75 - [STDERR_REDIRECT] [Fatal Error] :1:1: Premature end of file.
2026-01-16 18:04:34,541 [ERROR] LogOutputStream:75 - [STDERR_REDIRECT] 
2026-01-16 18:04:34,882 [WARN] PackLoader:240 - Cannot read IP mode file for STMicroelectronics.FP-SNS-MOTENVWB1.1.4.0
2026-01-16 18:04:34,893 [WARN] PackLoader:240 - Cannot read IP mode file for STMicroelectronics.FP-ATR-ASTRA1.2.0.2
2026-01-16 18:04:34,903 [WARN] PackLoader:240 - Cannot read IP mode file for STMicroelectronics.X-CUBE-SMBUS.2.1.0
2026-01-16 18:04:34,937 [WARN] PackLoader:240 - Cannot read IP mode file for STMicroelectronics.X-CUBE-AZRTOS-F7.1.1.0
2026-01-16 18:04:34,946 [WARN] PackLoader:240 - Cannot read IP mode file for STMicroelectronics.FP-SNS-MOTENV1.5.1.0
2026-01-16 18:04:34,957 [WARN] PackLoader:240 - Cannot read IP mode file for WES.I-CUBE-Cesium.1.4.0
2026-01-16 18:04:34,985 [WARN] PackLoader:240 - Cannot read IP mode file for STMicroelectronics.X-CUBE-AZRTOS-H7.3.4.0
2026-01-16 18:04:34,996 [WARN] PackLoader:240 - Cannot read IP mode file for STMicroelectronics.X-CUBE-DISPLAY.3.0.0
2026-01-16 18:04:35,011 [WARN] PackLoader:240 - Cannot read IP mode file for STMicroelectronics.X-CUBE-NFC10.1.0.0
2026-01-16 18:04:35,020 [WARN] PackLoader:240 - Cannot read IP mode file for STMicroelectronics.X-CUBE-ST60.1.1.0
2026-01-16 18:04:35,029 [WARN] PackLoader:240 - Cannot read IP mode file for emotas.I-CUBE-CANOPEN.1.3.0
2026-01-16 18:04:35,036 [WARN] PackLoader:240 - Cannot read IP mode file for STMicroelectronics.X-CUBE-GNSS1.7.1.0
2026-01-16 18:04:35,047 [WARN] PackLoader:240 - Cannot read IP mode file for STMicroelectronics.FP-SNS-STBOX1.2.1.0
2026-01-16 18:04:35,055 [WARN] PackLoader:240 - Cannot read IP mode file for STMicroelectronics.FP-SNS-SMARTAG2.1.2.0
2026-01-16 18:04:35,061 [WARN] PackLoader:240 - Cannot read IP mode file for STMicroelectronics.FP-SNS-FLIGHT1.5.1.0
2026-01-16 18:04:35,072 [INFO] LogOutputStream:77 - [STDOUT_REDIRECT] 1 : Invalid condition id : UX_CORESTACK_Condition cause : null
2026-01-16 18:04:35,072 [INFO] LogOutputStream:77 - [STDOUT_REDIRECT] 1 : Invalid condition id : UX_CORESTACK_Condition cause : null
2026-01-16 18:04:35,074 [INFO] LogOutputStream:77 - [STDOUT_REDIRECT] 1 : Invalid condition id : UX_CORESTACK_Condition cause : null
2026-01-16 18:04:35,075 [INFO] LogOutputStream:77 - [STDOUT_REDIRECT] 1 : Invalid condition id : UX_CORESTACK_Condition cause : null
2026-01-16 18:04:35,076 [INFO] LogOutputStream:77 - [STDOUT_REDIRECT] 1 : Invalid condition id : UX_CORESTACK_Condition cause : null
2026-01-16 18:04:35,080 [WARN] PackLoader:240 - Cannot read IP mode file for STMicroelectronics.X-CUBE-AZRTOS-WL.2.0.0
2026-01-16 18:04:35,086 [WARN] PackLoader:240 - Cannot read IP mode file for STMicroelectronics.FP-SNS-MOTENV1.5.0.0
2026-01-16 18:04:35,111 [WARN] PackLoader:240 - Cannot read IP mode file for STMicroelectronics.X-CUBE-AZRTOS-H7RS.1.2.0
2026-01-16 18:04:35,120 [WARN] PackLoader:240 - Cannot read IP mode file for STMicroelectronics.X-CUBE-BLE2.3.3.0
2026-01-16 18:04:35,161 [INFO] WebApp:191 - Connection restablished
2026-01-16 18:04:35,167 [WARN] PackLoader:240 - Cannot read IP mode file for Infineon.AIROC-Wi-Fi-Bluetooth-STM32.1.8.0
2026-01-16 18:04:35,181 [WARN] PackLoader:240 - Cannot read IP mode file for STMicroelectronics.X-CUBE-NFC9.1.0.0
2026-01-16 18:04:35,189 [WARN] PackLoader:240 - Cannot read IP mode file for STMicroelectronics.X-CUBE-BLE1.7.1.0
2026-01-16 18:04:35,205 [WARN] PackLoader:240 - Cannot read IP mode file for wolfSSL.I-CUBE-wolfMQTT.1.19.2
2026-01-16 18:04:35,211 [WARN] PackLoader:240 - Cannot read IP mode file for STMicroelectronics.X-CUBE-FREERTOS.1.4.0
2026-01-16 18:04:35,218 [WARN] PackLoader:240 - Cannot read IP mode file for STMicroelectronics.X-CUBE-EEPRMA1.5.2.0
2026-01-16 18:04:35,226 [WARN] PackLoader:240 - Cannot read IP mode file for wolfSSL.I-CUBE-wolfSSL.5.8.4
2026-01-16 18:04:35,231 [WARN] PackLoader:240 - Cannot read IP mode file for Cesanta.I-CUBE-Mongoose.7.20.0
2026-01-16 18:04:35,237 [WARN] PackLoader:240 - Cannot read IP mode file for STMicroelectronics.X-CUBE-ST67W61.1.1.0
2026-01-16 18:04:35,281 [WARN] PackLoader:240 - Cannot read IP mode file for STMicroelectronics.X-CUBE-MEMS1.12.0.0
2026-01-16 18:04:35,364 [WARN] PackLoader:240 - Cannot read IP mode file for STMicroelectronics.X-CUBE-AZRTOS-G0.1.1.0
2026-01-16 18:04:35,371 [WARN] PackLoader:240 - Cannot read IP mode file for STMicroelectronics.X-CUBE-NFC4.3.0.0
2026-01-16 18:04:35,379 [WARN] PackLoader:240 - Cannot read IP mode file for EmbeddedOffice.I-CUBE-FS-RTOS.1.0.1
2026-01-16 18:04:35,382 [WARN] PackLoader:240 - Cannot read IP mode file for STMicroelectronics.X-CUBE-WB05N.2.0.0
2026-01-16 18:04:35,385 [WARN] PackLoader:240 - Cannot read IP mode file for wolfSSL.I-CUBE-wolfTPM.3.8.0
2026-01-16 18:04:35,391 [WARN] PackLoader:240 - Cannot read IP mode file for STMicroelectronics.X-CUBE-TCPP.4.2.0
2026-01-16 18:04:35,395 [WARN] PackLoader:240 - Cannot read IP mode file for RealThread.X-CUBE-RT-Thread_Nano.4.1.1
2026-01-16 18:04:35,399 [WARN] PackLoader:240 - Cannot read IP mode file for STMicroelectronics.FP-ATR-SIGFOX1.3.2.0
2026-01-16 18:04:35,412 [WARN] PackLoader:240 - Cannot read IP mode file for ITTIA_DB.I-CUBE-ITTIADB.8.9.0
2026-01-16 18:04:35,416 [WARN] PackLoader:240 - Cannot read IP mode file for STMicroelectronics.X-CUBE-AI.10.2.0
2026-01-16 18:04:35,447 [WARN] PackLoader:240 - Cannot read IP mode file for SEGGER.I-CUBE-embOS.1.3.1
2026-01-16 18:04:35,532 [WARN] PackLoader:240 - Cannot read IP mode file for STMicroelectronics.X-CUBE-ALGOBUILD.1.4.0
2026-01-16 18:04:35,541 [WARN] PackLoader:240 - Cannot read IP mode file for STMicroelectronics.X-CUBE-PM33A1.1.0.0
2026-01-16 18:04:35,568 [WARN] PackLoader:240 - Cannot read IP mode file for STMicroelectronics.X-CUBE-AZRTOS-F4.1.1.0
2026-01-16 18:04:35,580 [ERROR] LogOutputStream:75 - [STDERR_REDIRECT] [Fatal Error] :1:1: Premature end of file.
2026-01-16 18:04:35,581 [ERROR] LogOutputStream:75 - [STDERR_REDIRECT] 
2026-01-16 18:04:35,583 [WARN] PackLoader:240 - Cannot read IP mode file for STMicroelectronics.X-CUBE-ISPU.2.1.0
2026-01-16 18:04:35,605 [WARN] PackLoader:240 - Cannot read IP mode file for STMicroelectronics.X-CUBE-IPS.3.2.0
2026-01-16 18:04:35,618 [WARN] PackLoader:240 - Cannot read IP mode file for STMicroelectronics.X-CUBE-NFC12.1.0.0
2026-01-16 18:04:35,634 [WARN] PackLoader:240 - Cannot read IP mode file for STMicroelectronics.X-CUBE-AZRTOS-L5.2.0.0
2026-01-16 18:04:35,644 [WARN] PackLoader:240 - Cannot read IP mode file for STMicroelectronics.X-CUBE-NFC6.3.1.0
2026-01-16 18:04:35,652 [WARN] PackLoader:240 - Cannot read IP mode file for STMicroelectronics.X-CUBE-TOUCHGFX.4.26.0
2026-01-16 18:04:35,658 [WARN] PackLoader:240 - Cannot read IP mode file for STMicroelectronics.FP-SNS-STAIOTCFT.1.0.0
2026-01-16 18:04:35,664 [WARN] PackLoader:240 - Cannot read IP mode file for STMicroelectronics.X-CUBE-DPower.1.3.0
2026-01-16 18:04:35,680 [WARN] ConditionMgr:438 - getConditionDescription Invalid condition id : LAN8742 Phy interface Condition cause : null
2026-01-16 18:04:35,680 [WARN] PackLoader:240 - Cannot read IP mode file for STMicroelectronics.X-CUBE-AZRTOS-L4.2.0.0
2026-01-16 18:04:35,681 [WARN] ConditionMgr:1044 - genDependencies : Invalid condition id : LAN8742 Phy interface Condition cause : null
2026-01-16 18:04:35,682 [WARN] ConditionMgr:1044 - genDependencies : Invalid condition id : LAN8742 Phy interface Condition cause : null
2026-01-16 18:04:35,682 [WARN] ConditionMgr:1044 - genDependencies : Invalid condition id : LAN8742 Phy interface Condition cause : null
2026-01-16 18:04:35,693 [WARN] PackLoader:240 - Cannot read IP mode file for STMicroelectronics.X-CUBE-SFXS2LP1.4.0.0
2026-01-16 18:04:35,704 [WARN] PackLoader:240 - Cannot read IP mode file for STMicroelectronics.X-CUBE-BLEMGR.4.1.0
2026-01-16 18:04:35,718 [WARN] ConditionMgr:438 - getConditionDescription Invalid condition id : UX DEVICE CLASS RTOS Condition cause : null
2026-01-16 18:04:35,718 [WARN] ConditionMgr:438 - getConditionDescription Invalid condition id : UX DEVICE CLASS RTOS Condition cause : null
2026-01-16 18:04:35,720 [WARN] PackLoader:240 - Cannot read IP mode file for STMicroelectronics.X-CUBE-AZRTOS-WB.2.0.0
2026-01-16 18:04:35,721 [WARN] ConditionMgr:1044 - genDependencies : Invalid condition id : UX DEVICE CLASS RTOS Condition cause : null
2026-01-16 18:04:35,721 [WARN] ConditionMgr:1044 - genDependencies : Invalid condition id : UX DEVICE CLASS RTOS Condition cause : null
2026-01-16 18:04:35,721 [WARN] ConditionMgr:1044 - genDependencies : Invalid condition id : UX DEVICE CLASS RTOS Condition cause : null
2026-01-16 18:04:35,721 [WARN] ConditionMgr:1044 - genDependencies : Invalid condition id : UX DEVICE CLASS RTOS Condition cause : null
2026-01-16 18:04:35,721 [WARN] ConditionMgr:1044 - genDependencies : Invalid condition id : UX DEVICE CLASS RTOS Condition cause : null
2026-01-16 18:04:35,726 [WARN] ConditionMgr:438 - getConditionDescription Invalid condition id : Cortex-A Device cause : null
2026-01-16 18:04:35,734 [WARN] ConditionMgr:1044 - genDependencies : Invalid condition id : Cortex-A Device cause : null
2026-01-16 18:04:35,734 [WARN] ConditionMgr:1044 - genDependencies : Invalid condition id : Cortex-A Device cause : null
2026-01-16 18:04:35,734 [WARN] ConditionMgr:1044 - genDependencies : Invalid condition id : Cortex-A Device cause : null
2026-01-16 18:04:35,741 [WARN] PackLoader:240 - Cannot read IP mode file for STMicroelectronics.X-CUBE-SUBG2.5.0.0
2026-01-16 18:04:35,754 [WARN] PackLoader:240 - Cannot read IP mode file for STMicroelectronics.X-CUBE-AZRTOS-G4.2.0.0
2026-01-16 18:04:35,759 [WARN] PackLoader:240 - Cannot read IP mode file for wolfSSL.I-CUBE-wolfSSH.1.4.20
2026-01-16 18:04:35,764 [WARN] PackLoader:240 - Cannot read IP mode file for STMicroelectronics.X-CUBE-NFC7.2.0.0
2026-01-16 18:04:35,768 [WARN] PackLoader:240 - Cannot read IP mode file for STMicroelectronics.X-CUBE-ALS.1.0.2
2026-01-16 18:04:35,775 [WARN] PackLoader:240 - Cannot read IP mode file for STMicroelectronics.X-CUBE-STSE01.1.0.0
2026-01-16 18:04:35,786 [WARN] PackLoader:240 - Cannot read IP mode file for STMicroelectronics.X-CUBE-TOF1.3.4.3
2026-01-16 18:04:35,794 [INFO] ThirdParty:978 - Integrity check success = true
2026-01-16 18:04:35,795 [INFO] IntegrityCheckThread:100 - exiting critical section [integrity check]
2026-01-16 18:04:35,795 [INFO] IntegrityCheckThread:103 - End integrity checks thread
2026-01-16 18:04:36,525 [ERROR] LogOutputStream:75 - [STDERR_REDIRECT] [Fatal Error] :1:1: Premature end of file.
2026-01-16 18:04:36,526 [ERROR] LogOutputStream:75 - [STDERR_REDIRECT] 
2026-01-16 18:04:37,529 [ERROR] LogOutputStream:75 - [STDERR_REDIRECT] [Fatal Error] :1:1: Premature end of file.
2026-01-16 18:04:37,529 [ERROR] LogOutputStream:75 - [STDERR_REDIRECT] 
2026-01-16 18:04:38,522 [ERROR] LogOutputStream:75 - [STDERR_REDIRECT] [Fatal Error] :1:1: Premature end of file.
2026-01-16 18:04:38,522 [ERROR] LogOutputStream:75 - [STDERR_REDIRECT] 
2026-01-16 18:04:39,527 [ERROR] LogOutputStream:75 - [STDERR_REDIRECT] [Fatal Error] :1:1: Premature end of file.
2026-01-16 18:04:39,527 [ERROR] LogOutputStream:75 - [STDERR_REDIRECT] 
2026-01-16 18:04:40,519 [ERROR] LogOutputStream:75 - [STDERR_REDIRECT] [Fatal Error] :1:1: Premature end of file.
2026-01-16 18:04:40,519 [ERROR] LogOutputStream:75 - [STDERR_REDIRECT] 
2026-01-16 18:04:41,519 [ERROR] LogOutputStream:75 - [STDERR_REDIRECT] [Fatal Error] :1:1: Premature end of file.
2026-01-16 18:04:41,519 [ERROR] LogOutputStream:75 - [STDERR_REDIRECT] 
2026-01-16 18:04:42,520 [ERROR] LogOutputStream:75 - [STDERR_REDIRECT] [Fatal Error] :1:1: Premature end of file.
2026-01-16 18:04:42,520 [ERROR] LogOutputStream:75 - [STDERR_REDIRECT] 
2026-01-16 18:04:43,520 [ERROR] LogOutputStream:75 - [STDERR_REDIRECT] [Fatal Error] :1:1: Premature end of file.
2026-01-16 18:04:43,520 [ERROR] LogOutputStream:75 - [STDERR_REDIRECT] 
2026-01-16 18:04:44,518 [ERROR] LogOutputStream:75 - [STDERR_REDIRECT] [Fatal Error] :1:1: Premature end of file.
2026-01-16 18:04:44,518 [ERROR] LogOutputStream:75 - [STDERR_REDIRECT] 
2026-01-16 18:04:45,519 [ERROR] LogOutputStream:75 - [STDERR_REDIRECT] [Fatal Error] :1:1: Premature end of file.
2026-01-16 18:04:45,519 [ERROR] LogOutputStream:75 - [STDERR_REDIRECT] 
2026-01-16 18:04:46,519 [ERROR] LogOutputStream:75 - [STDERR_REDIRECT] [Fatal Error] :1:1: Premature end of file.
2026-01-16 18:04:46,519 [ERROR] LogOutputStream:75 - [STDERR_REDIRECT] 
2026-01-16 18:04:47,519 [ERROR] LogOutputStream:75 - [STDERR_REDIRECT] [Fatal Error] :1:1: Premature end of file.
2026-01-16 18:04:47,519 [ERROR] LogOutputStream:75 - [STDERR_REDIRECT] 
2026-01-16 18:04:48,519 [ERROR] LogOutputStream:75 - [STDERR_REDIRECT] [Fatal Error] :1:1: Premature end of file.
2026-01-16 18:04:48,519 [ERROR] LogOutputStream:75 - [STDERR_REDIRECT] 
2026-01-16 18:04:49,520 [ERROR] LogOutputStream:75 - [STDERR_REDIRECT] [Fatal Error] :1:1: Premature end of file.
2026-01-16 18:04:49,520 [ERROR] LogOutputStream:75 - [STDERR_REDIRECT] 
2026-01-16 18:04:50,522 [ERROR] LogOutputStream:75 - [STDERR_REDIRECT] [Fatal Error] :1:1: Premature end of file.
2026-01-16 18:04:50,522 [ERROR] LogOutputStream:75 - [STDERR_REDIRECT] 
2026-01-16 18:04:51,518 [ERROR] LogOutputStream:75 - [STDERR_REDIRECT] [Fatal Error] :1:1: Premature end of file.
2026-01-16 18:04:51,518 [ERROR] LogOutputStream:75 - [STDERR_REDIRECT] 
2026-01-16 18:04:52,519 [ERROR] LogOutputStream:75 - [STDERR_REDIRECT] [Fatal Error] :1:1: Premature end of file.
2026-01-16 18:04:52,519 [ERROR] LogOutputStream:75 - [STDERR_REDIRECT] 
2026-01-16 18:04:53,521 [ERROR] LogOutputStream:75 - [STDERR_REDIRECT] [Fatal Error] :1:1: Premature end of file.
2026-01-16 18:04:53,522 [ERROR] LogOutputStream:75 - [STDERR_REDIRECT] 
2026-01-16 18:04:54,520 [ERROR] LogOutputStream:75 - [STDERR_REDIRECT] [Fatal Error] :1:1: Premature end of file.
2026-01-16 18:04:54,521 [ERROR] LogOutputStream:75 - [STDERR_REDIRECT] 
2026-01-16 18:04:55,538 [ERROR] LogOutputStream:75 - [STDERR_REDIRECT] [Fatal Error] :1:1: Premature end of file.
2026-01-16 18:04:55,539 [ERROR] LogOutputStream:75 - [STDERR_REDIRECT] 
2026-01-16 18:04:56,523 [ERROR] LogOutputStream:75 - [STDERR_REDIRECT] [Fatal Error] :1:1: Premature end of file.
2026-01-16 18:04:56,523 [ERROR] LogOutputStream:75 - [STDERR_REDIRECT] 
2026-01-16 18:04:57,522 [ERROR] LogOutputStream:75 - [STDERR_REDIRECT] [Fatal Error] :1:1: Premature end of file.
2026-01-16 18:04:57,522 [ERROR] LogOutputStream:75 - [STDERR_REDIRECT] 
2026-01-16 18:04:58,521 [ERROR] LogOutputStream:75 - [STDERR_REDIRECT] [Fatal Error] :1:1: Premature end of file.
2026-01-16 18:04:58,521 [ERROR] LogOutputStream:75 - [STDERR_REDIRECT] 
2026-01-16 18:04:59,524 [ERROR] LogOutputStream:75 - [STDERR_REDIRECT] [Fatal Error] :1:1: Premature end of file.
2026-01-16 18:04:59,524 [ERROR] LogOutputStream:75 - [STDERR_REDIRECT] 
2026-01-16 18:05:00,523 [ERROR] LogOutputStream:75 - [STDERR_REDIRECT] [Fatal Error] :1:1: Premature end of file.
2026-01-16 18:05:00,523 [ERROR] LogOutputStream:75 - [STDERR_REDIRECT] 
2026-01-16 18:05:01,520 [ERROR] LogOutputStream:75 - [STDERR_REDIRECT] [Fatal Error] :1:1: Premature end of file.
2026-01-16 18:05:01,520 [ERROR] LogOutputStream:75 - [STDERR_REDIRECT] 
2026-01-16 18:05:02,519 [ERROR] LogOutputStream:75 - [STDERR_REDIRECT] [Fatal Error] :1:1: Premature end of file.
2026-01-16 18:05:02,519 [ERROR] LogOutputStream:75 - [STDERR_REDIRECT] 
2026-01-16 18:05:03,524 [ERROR] LogOutputStream:75 - [STDERR_REDIRECT] [Fatal Error] :1:1: Premature end of file.
2026-01-16 18:05:03,524 [ERROR] LogOutputStream:75 - [STDERR_REDIRECT] 
2026-01-16 18:05:04,523 [ERROR] LogOutputStream:75 - [STDERR_REDIRECT] [Fatal Error] :1:1: Premature end of file.
2026-01-16 18:05:04,524 [ERROR] LogOutputStream:75 - [STDERR_REDIRECT] 
2026-01-16 18:05:05,522 [ERROR] LogOutputStream:75 - [STDERR_REDIRECT] [Fatal Error] :1:1: Premature end of file.
2026-01-16 18:05:05,522 [ERROR] LogOutputStream:75 - [STDERR_REDIRECT] 
2026-01-16 18:05:06,530 [ERROR] LogOutputStream:75 - [STDERR_REDIRECT] [Fatal Error] :1:1: Premature end of file.
2026-01-16 18:05:06,530 [ERROR] LogOutputStream:75 - [STDERR_REDIRECT] 
2026-01-16 18:05:07,525 [ERROR] LogOutputStream:75 - [STDERR_REDIRECT] [Fatal Error] :1:1: Premature end of file.
2026-01-16 18:05:07,526 [ERROR] LogOutputStream:75 - [STDERR_REDIRECT] 
2026-01-16 18:05:08,519 [ERROR] LogOutputStream:75 - [STDERR_REDIRECT] [Fatal Error] :1:1: Premature end of file.
2026-01-16 18:05:08,520 [ERROR] LogOutputStream:75 - [STDERR_REDIRECT] 
2026-01-16 18:05:09,524 [ERROR] LogOutputStream:75 - [STDERR_REDIRECT] [Fatal Error] :1:1: Premature end of file.
2026-01-16 18:05:09,524 [ERROR] LogOutputStream:75 - [STDERR_REDIRECT] 
2026-01-16 18:05:10,521 [ERROR] LogOutputStream:75 - [STDERR_REDIRECT] [Fatal Error] :1:1: Premature end of file.
2026-01-16 18:05:10,521 [ERROR] LogOutputStream:75 - [STDERR_REDIRECT] 
2026-01-16 18:05:11,519 [ERROR] LogOutputStream:75 - [STDERR_REDIRECT] [Fatal Error] :1:1: Premature end of file.
2026-01-16 18:05:11,519 [ERROR] LogOutputStream:75 - [STDERR_REDIRECT] 
2026-01-16 18:05:12,521 [ERROR] LogOutputStream:75 - [STDERR_REDIRECT] [Fatal Error] :1:1: Premature end of file.
2026-01-16 18:05:12,521 [ERROR] LogOutputStream:75 - [STDERR_REDIRECT] 
2026-01-16 18:05:13,525 [ERROR] LogOutputStream:75 - [STDERR_REDIRECT] [Fatal Error] :1:1: Premature end of file.
2026-01-16 18:05:13,525 [ERROR] LogOutputStream:75 - [STDERR_REDIRECT] 
2026-01-16 18:05:14,520 [ERROR] LogOutputStream:75 - [STDERR_REDIRECT] [Fatal Error] :1:1: Premature end of file.
2026-01-16 18:05:14,521 [ERROR] LogOutputStream:75 - [STDERR_REDIRECT] 
2026-01-16 18:05:15,522 [ERROR] LogOutputStream:75 - [STDERR_REDIRECT] [Fatal Error] :1:1: Premature end of file.
2026-01-16 18:05:15,522 [ERROR] LogOutputStream:75 - [STDERR_REDIRECT] 
2026-01-16 18:05:16,522 [ERROR] LogOutputStream:75 - [STDERR_REDIRECT] [Fatal Error] :1:1: Premature end of file.
2026-01-16 18:05:16,522 [ERROR] LogOutputStream:75 - [STDERR_REDIRECT] 
2026-01-16 18:05:17,520 [ERROR] LogOutputStream:75 - [STDERR_REDIRECT] [Fatal Error] :1:1: Premature end of file.
2026-01-16 18:05:17,520 [ERROR] LogOutputStream:75 - [STDERR_REDIRECT] 
2026-01-16 18:05:18,528 [ERROR] LogOutputStream:75 - [STDERR_REDIRECT] [Fatal Error] :1:1: Premature end of file.
2026-01-16 18:05:18,529 [ERROR] LogOutputStream:75 - [STDERR_REDIRECT] 
2026-01-16 18:05:19,520 [ERROR] LogOutputStream:75 - [STDERR_REDIRECT] [Fatal Error] :1:1: Premature end of file.
2026-01-16 18:05:19,521 [ERROR] LogOutputStream:75 - [STDERR_REDIRECT] 
2026-01-16 18:05:20,520 [ERROR] LogOutputStream:75 - [STDERR_REDIRECT] [Fatal Error] :1:1: Premature end of file.
2026-01-16 18:05:20,521 [ERROR] LogOutputStream:75 - [STDERR_REDIRECT] 
2026-01-16 18:05:21,522 [ERROR] LogOutputStream:75 - [STDERR_REDIRECT] [Fatal Error] :1:1: Premature end of file.
2026-01-16 18:05:21,524 [ERROR] LogOutputStream:75 - [STDERR_REDIRECT] 
2026-01-16 18:05:22,524 [ERROR] LogOutputStream:75 - [STDERR_REDIRECT] [Fatal Error] :1:1: Premature end of file.
2026-01-16 18:05:22,524 [ERROR] LogOutputStream:75 - [STDERR_REDIRECT] 
2026-01-16 18:05:23,519 [ERROR] LogOutputStream:75 - [STDERR_REDIRECT] [Fatal Error] :1:1: Premature end of file.
2026-01-16 18:05:23,519 [ERROR] LogOutputStream:75 - [STDERR_REDIRECT] 
2026-01-16 18:05:24,523 [ERROR] LogOutputStream:75 - [STDERR_REDIRECT] [Fatal Error] :1:1: Premature end of file.
2026-01-16 18:05:24,523 [ERROR] LogOutputStream:75 - [STDERR_REDIRECT] 
2026-01-16 18:05:25,520 [ERROR] LogOutputStream:75 - [STDERR_REDIRECT] [Fatal Error] :1:1: Premature end of file.
2026-01-16 18:05:25,520 [ERROR] LogOutputStream:75 - [STDERR_REDIRECT] 
2026-01-16 18:05:26,520 [ERROR] LogOutputStream:75 - [STDERR_REDIRECT] [Fatal Error] :1:1: Premature end of file.
2026-01-16 18:05:26,521 [ERROR] LogOutputStream:75 - [STDERR_REDIRECT] 
2026-01-16 18:05:27,523 [ERROR] LogOutputStream:75 - [STDERR_REDIRECT] [Fatal Error] :1:1: Premature end of file.
2026-01-16 18:05:27,523 [ERROR] LogOutputStream:75 - [STDERR_REDIRECT] 
2026-01-16 18:05:28,521 [ERROR] LogOutputStream:75 - [STDERR_REDIRECT] [Fatal Error] :1:1: Premature end of file.
2026-01-16 18:05:28,521 [ERROR] LogOutputStream:75 - [STDERR_REDIRECT] 
2026-01-16 18:05:29,520 [ERROR] LogOutputStream:75 - [STDERR_REDIRECT] [Fatal Error] :1:1: Premature end of file.
2026-01-16 18:05:29,521 [ERROR] LogOutputStream:75 - [STDERR_REDIRECT] 
2026-01-16 18:05:30,521 [ERROR] LogOutputStream:75 - [STDERR_REDIRECT] [Fatal Error] :1:1: Premature end of file.
2026-01-16 18:05:30,521 [ERROR] LogOutputStream:75 - [STDERR_REDIRECT] 
2026-01-16 18:05:31,520 [ERROR] LogOutputStream:75 - [STDERR_REDIRECT] [Fatal Error] :1:1: Premature end of file.
2026-01-16 18:05:31,520 [ERROR] LogOutputStream:75 - [STDERR_REDIRECT] 
2026-01-16 18:05:32,520 [ERROR] LogOutputStream:75 - [STDERR_REDIRECT] [Fatal Error] :1:1: Premature end of file.
2026-01-16 18:05:32,520 [ERROR] LogOutputStream:75 - [STDERR_REDIRECT] 
2026-01-16 18:05:33,524 [ERROR] LogOutputStream:75 - [STDERR_REDIRECT] [Fatal Error] :1:1: Premature end of file.
2026-01-16 18:05:33,524 [ERROR] LogOutputStream:75 - [STDERR_REDIRECT] 
2026-01-16 18:05:34,519 [ERROR] LogOutputStream:75 - [STDERR_REDIRECT] [Fatal Error] :1:1: Premature end of file.
2026-01-16 18:05:34,520 [ERROR] LogOutputStream:75 - [STDERR_REDIRECT] 
2026-01-16 18:05:35,522 [ERROR] LogOutputStream:75 - [STDERR_REDIRECT] [Fatal Error] :1:1: Premature end of file.
2026-01-16 18:05:35,522 [ERROR] LogOutputStream:75 - [STDERR_REDIRECT] 
2026-01-16 18:05:36,518 [ERROR] LogOutputStream:75 - [STDERR_REDIRECT] [Fatal Error] :1:1: Premature end of file.
2026-01-16 18:05:36,518 [ERROR] LogOutputStream:75 - [STDERR_REDIRECT] 
2026-01-16 18:05:37,528 [ERROR] LogOutputStream:75 - [STDERR_REDIRECT] [Fatal Error] :1:1: Premature end of file.
2026-01-16 18:05:37,528 [ERROR] LogOutputStream:75 - [STDERR_REDIRECT] 
2026-01-16 18:05:38,517 [ERROR] LogOutputStream:75 - [STDERR_REDIRECT] [Fatal Error] :1:1: Premature end of file.
2026-01-16 18:05:38,517 [ERROR] LogOutputStream:75 - [STDERR_REDIRECT] 
2026-01-16 18:05:39,519 [ERROR] LogOutputStream:75 - [STDERR_REDIRECT] [Fatal Error] :1:1: Premature end of file.
2026-01-16 18:05:39,520 [ERROR] LogOutputStream:75 - [STDERR_REDIRECT] 
2026-01-16 18:05:40,522 [ERROR] LogOutputStream:75 - [STDERR_REDIRECT] [Fatal Error] :1:1: Premature end of file.
2026-01-16 18:05:40,522 [ERROR] LogOutputStream:75 - [STDERR_REDIRECT] 
2026-01-16 18:05:41,521 [ERROR] LogOutputStream:75 - [STDERR_REDIRECT] [Fatal Error] :1:1: Premature end of file.
2026-01-16 18:05:41,521 [ERROR] LogOutputStream:75 - [STDERR_REDIRECT] 
2026-01-16 18:05:42,519 [ERROR] LogOutputStream:75 - [STDERR_REDIRECT] [Fatal Error] :1:1: Premature end of file.
2026-01-16 18:05:42,519 [ERROR] LogOutputStream:75 - [STDERR_REDIRECT] 
2026-01-16 18:05:43,519 [ERROR] LogOutputStream:75 - [STDERR_REDIRECT] [Fatal Error] :1:1: Premature end of file.
2026-01-16 18:05:43,519 [ERROR] LogOutputStream:75 - [STDERR_REDIRECT] 
2026-01-16 18:05:44,521 [ERROR] LogOutputStream:75 - [STDERR_REDIRECT] [Fatal Error] :1:1: Premature end of file.
2026-01-16 18:05:44,521 [ERROR] LogOutputStream:75 - [STDERR_REDIRECT] 
2026-01-16 18:05:45,526 [ERROR] LogOutputStream:75 - [STDERR_REDIRECT] [Fatal Error] :1:1: Premature end of file.
2026-01-16 18:05:45,526 [ERROR] LogOutputStream:75 - [STDERR_REDIRECT] 
2026-01-16 18:05:46,519 [ERROR] LogOutputStream:75 - [STDERR_REDIRECT] [Fatal Error] :1:1: Premature end of file.
2026-01-16 18:05:46,520 [ERROR] LogOutputStream:75 - [STDERR_REDIRECT] 
2026-01-16 18:05:47,522 [ERROR] LogOutputStream:75 - [STDERR_REDIRECT] [Fatal Error] :1:1: Premature end of file.
2026-01-16 18:05:47,522 [ERROR] LogOutputStream:75 - [STDERR_REDIRECT] 
2026-01-16 18:05:48,527 [ERROR] LogOutputStream:75 - [STDERR_REDIRECT] [Fatal Error] :1:1: Premature end of file.
2026-01-16 18:05:48,528 [ERROR] LogOutputStream:75 - [STDERR_REDIRECT] 
2026-01-16 18:05:49,523 [ERROR] LogOutputStream:75 - [STDERR_REDIRECT] [Fatal Error] :1:1: Premature end of file.
2026-01-16 18:05:49,523 [ERROR] LogOutputStream:75 - [STDERR_REDIRECT] 
2026-01-16 18:05:50,523 [ERROR] LogOutputStream:75 - [STDERR_REDIRECT] [Fatal Error] :1:1: Premature end of file.
2026-01-16 18:05:50,523 [ERROR] LogOutputStream:75 - [STDERR_REDIRECT] 
2026-01-16 18:05:51,524 [ERROR] LogOutputStream:75 - [STDERR_REDIRECT] [Fatal Error] :1:1: Premature end of file.
2026-01-16 18:05:51,525 [ERROR] LogOutputStream:75 - [STDERR_REDIRECT] 
2026-01-16 18:05:52,522 [ERROR] LogOutputStream:75 - [STDERR_REDIRECT] [Fatal Error] :1:1: Premature end of file.
2026-01-16 18:05:52,522 [ERROR] LogOutputStream:75 - [STDERR_REDIRECT] 
2026-01-16 18:05:53,522 [ERROR] LogOutputStream:75 - [STDERR_REDIRECT] [Fatal Error] :1:1: Premature end of file.
2026-01-16 18:05:53,522 [ERROR] LogOutputStream:75 - [STDERR_REDIRECT] 
2026-01-16 18:05:54,519 [ERROR] LogOutputStream:75 - [STDERR_REDIRECT] [Fatal Error] :1:1: Premature end of file.
2026-01-16 18:05:54,520 [ERROR] LogOutputStream:75 - [STDERR_REDIRECT] 
2026-01-16 18:05:55,521 [ERROR] LogOutputStream:75 - [STDERR_REDIRECT] [Fatal Error] :1:1: Premature end of file.
2026-01-16 18:05:55,521 [ERROR] LogOutputStream:75 - [STDERR_REDIRECT] 
2026-01-16 18:05:56,521 [ERROR] LogOutputStream:75 - [STDERR_REDIRECT] [Fatal Error] :1:1: Premature end of file.
2026-01-16 18:05:56,521 [ERROR] LogOutputStream:75 - [STDERR_REDIRECT] 
2026-01-16 18:05:57,523 [ERROR] LogOutputStream:75 - [STDERR_REDIRECT] [Fatal Error] :1:1: Premature end of file.
2026-01-16 18:05:57,523 [ERROR] LogOutputStream:75 - [STDERR_REDIRECT] 
2026-01-16 18:05:58,529 [ERROR] LogOutputStream:75 - [STDERR_REDIRECT] [Fatal Error] :1:1: Premature end of file.
2026-01-16 18:05:58,529 [ERROR] LogOutputStream:75 - [STDERR_REDIRECT] 
2026-01-16 18:05:59,531 [ERROR] LogOutputStream:75 - [STDERR_REDIRECT] [Fatal Error] :1:1: Premature end of file.
2026-01-16 18:05:59,531 [ERROR] LogOutputStream:75 - [STDERR_REDIRECT] 
2026-01-16 18:06:00,533 [ERROR] LogOutputStream:75 - [STDERR_REDIRECT] [Fatal Error] :1:1: Premature end of file.
2026-01-16 18:06:00,533 [ERROR] LogOutputStream:75 - [STDERR_REDIRECT] 
2026-01-16 18:06:01,529 [ERROR] LogOutputStream:75 - [STDERR_REDIRECT] [Fatal Error] :1:1: Premature end of file.
2026-01-16 18:06:01,530 [ERROR] LogOutputStream:75 - [STDERR_REDIRECT] 
2026-01-16 18:06:02,531 [ERROR] LogOutputStream:75 - [STDERR_REDIRECT] [Fatal Error] :1:1: Premature end of file.
2026-01-16 18:06:02,532 [ERROR] LogOutputStream:75 - [STDERR_REDIRECT] 
2026-01-16 18:06:03,527 [ERROR] LogOutputStream:75 - [STDERR_REDIRECT] [Fatal Error] :1:1: Premature end of file.
2026-01-16 18:06:03,527 [ERROR] LogOutputStream:75 - [STDERR_REDIRECT] 
2026-01-16 18:06:04,535 [ERROR] LogOutputStream:75 - [STDERR_REDIRECT] [Fatal Error] :1:1: Premature end of file.
2026-01-16 18:06:04,535 [ERROR] LogOutputStream:75 - [STDERR_REDIRECT] 
2026-01-16 18:06:05,532 [ERROR] LogOutputStream:75 - [STDERR_REDIRECT] [Fatal Error] :1:1: Premature end of file.
2026-01-16 18:06:05,532 [ERROR] LogOutputStream:75 - [STDERR_REDIRECT] 
2026-01-16 18:06:06,533 [ERROR] LogOutputStream:75 - [STDERR_REDIRECT] [Fatal Error] :1:1: Premature end of file.
2026-01-16 18:06:06,533 [ERROR] LogOutputStream:75 - [STDERR_REDIRECT] 
2026-01-16 18:06:07,531 [ERROR] LogOutputStream:75 - [STDERR_REDIRECT] [Fatal Error] :1:1: Premature end of file.
2026-01-16 18:06:07,531 [ERROR] LogOutputStream:75 - [STDERR_REDIRECT] 
2026-01-16 18:06:08,530 [ERROR] LogOutputStream:75 - [STDERR_REDIRECT] [Fatal Error] :1:1: Premature end of file.
2026-01-16 18:06:08,530 [ERROR] LogOutputStream:75 - [STDERR_REDIRECT] 
2026-01-16 18:06:09,528 [ERROR] LogOutputStream:75 - [STDERR_REDIRECT] [Fatal Error] :1:1: Premature end of file.
2026-01-16 18:06:09,529 [ERROR] LogOutputStream:75 - [STDERR_REDIRECT] 
2026-01-16 18:06:10,539 [ERROR] LogOutputStream:75 - [STDERR_REDIRECT] [Fatal Error] :1:1: Premature end of file.
2026-01-16 18:06:10,539 [ERROR] LogOutputStream:75 - [STDERR_REDIRECT] 
2026-01-16 18:06:11,529 [ERROR] LogOutputStream:75 - [STDERR_REDIRECT] [Fatal Error] :1:1: Premature end of file.
2026-01-16 18:06:11,529 [ERROR] LogOutputStream:75 - [STDERR_REDIRECT] 
2026-01-16 18:06:12,540 [ERROR] LogOutputStream:75 - [STDERR_REDIRECT] [Fatal Error] :1:1: Premature end of file.
2026-01-16 18:06:12,540 [ERROR] LogOutputStream:75 - [STDERR_REDIRECT] 
2026-01-16 18:06:13,536 [ERROR] LogOutputStream:75 - [STDERR_REDIRECT] [Fatal Error] :1:1: Premature end of file.
2026-01-16 18:06:13,536 [ERROR] LogOutputStream:75 - [STDERR_REDIRECT] 
2026-01-16 18:06:14,536 [ERROR] LogOutputStream:75 - [STDERR_REDIRECT] [Fatal Error] :1:1: Premature end of file.
2026-01-16 18:06:14,536 [ERROR] LogOutputStream:75 - [STDERR_REDIRECT] 
2026-01-16 18:06:15,534 [ERROR] LogOutputStream:75 - [STDERR_REDIRECT] [Fatal Error] :1:1: Premature end of file.
2026-01-16 18:06:15,534 [ERROR] LogOutputStream:75 - [STDERR_REDIRECT] 
2026-01-16 18:06:16,524 [ERROR] LogOutputStream:75 - [STDERR_REDIRECT] [Fatal Error] :1:1: Premature end of file.
2026-01-16 18:06:16,525 [ERROR] LogOutputStream:75 - [STDERR_REDIRECT] 
2026-01-16 18:06:17,535 [ERROR] LogOutputStream:75 - [STDERR_REDIRECT] [Fatal Error] :1:1: Premature end of file.
2026-01-16 18:06:17,535 [ERROR] LogOutputStream:75 - [STDERR_REDIRECT] 
2026-01-16 18:06:18,533 [ERROR] LogOutputStream:75 - [STDERR_REDIRECT] [Fatal Error] :1:1: Premature end of file.
2026-01-16 18:06:18,533 [ERROR] LogOutputStream:75 - [STDERR_REDIRECT] 
2026-01-16 18:06:19,527 [ERROR] LogOutputStream:75 - [STDERR_REDIRECT] [Fatal Error] :1:1: Premature end of file.
2026-01-16 18:06:19,527 [ERROR] LogOutputStream:75 - [STDERR_REDIRECT] 
2026-01-16 18:06:20,538 [ERROR] LogOutputStream:75 - [STDERR_REDIRECT] [Fatal Error] :1:1: Premature end of file.
2026-01-16 18:06:20,538 [ERROR] LogOutputStream:75 - [STDERR_REDIRECT] 
2026-01-16 18:06:21,535 [ERROR] LogOutputStream:75 - [STDERR_REDIRECT] [Fatal Error] :1:1: Premature end of file.
2026-01-16 18:06:21,535 [ERROR] LogOutputStream:75 - [STDERR_REDIRECT] 
2026-01-16 18:06:22,552 [ERROR] LogOutputStream:75 - [STDERR_REDIRECT] [Fatal Error] :1:1: Premature end of file.
2026-01-16 18:06:22,553 [ERROR] LogOutputStream:75 - [STDERR_REDIRECT] 
2026-01-16 18:06:23,526 [ERROR] LogOutputStream:75 - [STDERR_REDIRECT] [Fatal Error] :1:1: Premature end of file.
2026-01-16 18:06:23,526 [ERROR] LogOutputStream:75 - [STDERR_REDIRECT] 
2026-01-16 18:06:24,538 [ERROR] LogOutputStream:75 - [STDERR_REDIRECT] [Fatal Error] :1:1: Premature end of file.
2026-01-16 18:06:24,538 [ERROR] LogOutputStream:75 - [STDERR_REDIRECT] 
2026-01-16 18:06:25,531 [ERROR] LogOutputStream:75 - [STDERR_REDIRECT] [Fatal Error] :1:1: Premature end of file.
2026-01-16 18:06:25,532 [ERROR] LogOutputStream:75 - [STDERR_REDIRECT] 
2026-01-16 18:06:26,531 [ERROR] LogOutputStream:75 - [STDERR_REDIRECT] [Fatal Error] :1:1: Premature end of file.
2026-01-16 18:06:26,531 [ERROR] LogOutputStream:75 - [STDERR_REDIRECT] 
2026-01-16 18:06:27,525 [ERROR] LogOutputStream:75 - [STDERR_REDIRECT] [Fatal Error] :1:1: Premature end of file.
2026-01-16 18:06:27,525 [ERROR] LogOutputStream:75 - [STDERR_REDIRECT] 
2026-01-16 18:06:28,532 [ERROR] LogOutputStream:75 - [STDERR_REDIRECT] [Fatal Error] :1:1: Premature end of file.
2026-01-16 18:06:28,532 [ERROR] LogOutputStream:75 - [STDERR_REDIRECT] 
2026-01-16 18:06:29,540 [ERROR] LogOutputStream:75 - [STDERR_REDIRECT] [Fatal Error] :1:1: Premature end of file.
2026-01-16 18:06:29,541 [ERROR] LogOutputStream:75 - [STDERR_REDIRECT] 
2026-01-16 18:06:30,540 [ERROR] LogOutputStream:75 - [STDERR_REDIRECT] [Fatal Error] :1:1: Premature end of file.
2026-01-16 18:06:30,540 [ERROR] LogOutputStream:75 - [STDERR_REDIRECT] 
2026-01-16 18:06:31,539 [ERROR] LogOutputStream:75 - [STDERR_REDIRECT] [Fatal Error] :1:1: Premature end of file.
2026-01-16 18:06:31,539 [ERROR] LogOutputStream:75 - [STDERR_REDIRECT] 
2026-01-16 18:06:32,536 [ERROR] LogOutputStream:75 - [STDERR_REDIRECT] [Fatal Error] :1:1: Premature end of file.
2026-01-16 18:06:32,538 [ERROR] LogOutputStream:75 - [STDERR_REDIRECT] 
2026-01-16 18:06:33,534 [ERROR] LogOutputStream:75 - [STDERR_REDIRECT] [Fatal Error] :1:1: Premature end of file.
2026-01-16 18:06:33,534 [ERROR] LogOutputStream:75 - [STDERR_REDIRECT] 
2026-01-16 18:06:34,530 [ERROR] LogOutputStream:75 - [STDERR_REDIRECT] [Fatal Error] :1:1: Premature end of file.
2026-01-16 18:06:34,530 [ERROR] LogOutputStream:75 - [STDERR_REDIRECT] 
2026-01-16 18:06:35,530 [ERROR] LogOutputStream:75 - [STDERR_REDIRECT] [Fatal Error] :1:1: Premature end of file.
2026-01-16 18:06:35,530 [ERROR] LogOutputStream:75 - [STDERR_REDIRECT] 
2026-01-16 18:06:36,529 [ERROR] LogOutputStream:75 - [STDERR_REDIRECT] [Fatal Error] :1:1: Premature end of file.
2026-01-16 18:06:36,529 [ERROR] LogOutputStream:75 - [STDERR_REDIRECT] 
2026-01-16 18:06:37,526 [ERROR] LogOutputStream:75 - [STDERR_REDIRECT] [Fatal Error] :1:1: Premature end of file.
2026-01-16 18:06:37,526 [ERROR] LogOutputStream:75 - [STDERR_REDIRECT] 
2026-01-16 18:06:38,524 [ERROR] LogOutputStream:75 - [STDERR_REDIRECT] [Fatal Error] :1:1: Premature end of file.
2026-01-16 18:06:38,525 [ERROR] LogOutputStream:75 - [STDERR_REDIRECT] 
2026-01-16 18:06:39,521 [ERROR] LogOutputStream:75 - [STDERR_REDIRECT] [Fatal Error] :1:1: Premature end of file.
2026-01-16 18:06:39,522 [ERROR] LogOutputStream:75 - [STDERR_REDIRECT] 
2026-01-16 18:06:40,521 [ERROR] LogOutputStream:75 - [STDERR_REDIRECT] [Fatal Error] :1:1: Premature end of file.
2026-01-16 18:06:40,521 [ERROR] LogOutputStream:75 - [STDERR_REDIRECT] 
2026-01-16 18:06:41,525 [ERROR] LogOutputStream:75 - [STDERR_REDIRECT] [Fatal Error] :1:1: Premature end of file.
2026-01-16 18:06:41,526 [ERROR] LogOutputStream:75 - [STDERR_REDIRECT] 
2026-01-16 18:06:42,538 [ERROR] LogOutputStream:75 - [STDERR_REDIRECT] [Fatal Error] :1:1: Premature end of file.
2026-01-16 18:06:42,538 [ERROR] LogOutputStream:75 - [STDERR_REDIRECT] 
2026-01-16 18:06:43,524 [ERROR] LogOutputStream:75 - [STDERR_REDIRECT] [Fatal Error] :1:1: Premature end of file.
2026-01-16 18:06:43,524 [ERROR] LogOutputStream:75 - [STDERR_REDIRECT] 
2026-01-16 18:06:44,522 [ERROR] LogOutputStream:75 - [STDERR_REDIRECT] [Fatal Error] :1:1: Premature end of file.
2026-01-16 18:06:44,522 [ERROR] LogOutputStream:75 - [STDERR_REDIRECT] 
2026-01-16 18:06:45,523 [ERROR] LogOutputStream:75 - [STDERR_REDIRECT] [Fatal Error] :1:1: Premature end of file.
2026-01-16 18:06:45,523 [ERROR] LogOutputStream:75 - [STDERR_REDIRECT] 
2026-01-16 18:06:46,520 [ERROR] LogOutputStream:75 - [STDERR_REDIRECT] [Fatal Error] :1:1: Premature end of file.
2026-01-16 18:06:46,520 [ERROR] LogOutputStream:75 - [STDERR_REDIRECT] 
2026-01-16 18:06:47,524 [ERROR] LogOutputStream:75 - [STDERR_REDIRECT] [Fatal Error] :1:1: Premature end of file.
2026-01-16 18:06:47,524 [ERROR] LogOutputStream:75 - [STDERR_REDIRECT] 
2026-01-16 18:06:48,522 [ERROR] LogOutputStream:75 - [STDERR_REDIRECT] [Fatal Error] :1:1: Premature end of file.
2026-01-16 18:06:48,522 [ERROR] LogOutputStream:75 - [STDERR_REDIRECT] 
2026-01-16 18:06:49,520 [ERROR] LogOutputStream:75 - [STDERR_REDIRECT] [Fatal Error] :1:1: Premature end of file.
2026-01-16 18:06:49,520 [ERROR] LogOutputStream:75 - [STDERR_REDIRECT] 
2026-01-16 18:06:50,521 [ERROR] LogOutputStream:75 - [STDERR_REDIRECT] [Fatal Error] :1:1: Premature end of file.
2026-01-16 18:06:50,521 [ERROR] LogOutputStream:75 - [STDERR_REDIRECT] 
2026-01-16 18:06:51,536 [ERROR] LogOutputStream:75 - [STDERR_REDIRECT] [Fatal Error] :1:1: Premature end of file.
2026-01-16 18:06:51,536 [ERROR] LogOutputStream:75 - [STDERR_REDIRECT] 
2026-01-16 18:06:52,535 [ERROR] LogOutputStream:75 - [STDERR_REDIRECT] [Fatal Error] :1:1: Premature end of file.
2026-01-16 18:06:52,535 [ERROR] LogOutputStream:75 - [STDERR_REDIRECT] 
2026-01-16 18:06:53,521 [ERROR] LogOutputStream:75 - [STDERR_REDIRECT] [Fatal Error] :1:1: Premature end of file.
2026-01-16 18:06:53,521 [ERROR] LogOutputStream:75 - [STDERR_REDIRECT] 
2026-01-16 18:06:54,527 [ERROR] LogOutputStream:75 - [STDERR_REDIRECT] [Fatal Error] :1:1: Premature end of file.
2026-01-16 18:06:54,528 [ERROR] LogOutputStream:75 - [STDERR_REDIRECT] 
2026-01-16 18:06:55,533 [ERROR] LogOutputStream:75 - [STDERR_REDIRECT] [Fatal Error] :1:1: Premature end of file.
2026-01-16 18:06:55,533 [ERROR] LogOutputStream:75 - [STDERR_REDIRECT] 
2026-01-16 18:06:56,549 [ERROR] LogOutputStream:75 - [STDERR_REDIRECT] [Fatal Error] :1:1: Premature end of file.
2026-01-16 18:06:56,549 [ERROR] LogOutputStream:75 - [STDERR_REDIRECT] 
2026-01-16 18:06:57,530 [ERROR] LogOutputStream:75 - [STDERR_REDIRECT] [Fatal Error] :1:1: Premature end of file.
2026-01-16 18:06:57,530 [ERROR] LogOutputStream:75 - [STDERR_REDIRECT] 
2026-01-16 18:06:58,569 [ERROR] LogOutputStream:75 - [STDERR_REDIRECT] [Fatal Error] :1:1: Premature end of file.
2026-01-16 18:06:58,570 [ERROR] LogOutputStream:75 - [STDERR_REDIRECT] 
2026-01-16 18:06:59,526 [ERROR] LogOutputStream:75 - [STDERR_REDIRECT] [Fatal Error] :1:1: Premature end of file.
2026-01-16 18:06:59,526 [ERROR] LogOutputStream:75 - [STDERR_REDIRECT] 
2026-01-16 18:07:00,550 [ERROR] LogOutputStream:75 - [STDERR_REDIRECT] [Fatal Error] :1:1: Premature end of file.
2026-01-16 18:07:00,550 [ERROR] LogOutputStream:75 - [STDERR_REDIRECT] 
2026-01-16 18:07:01,523 [ERROR] LogOutputStream:75 - [STDERR_REDIRECT] [Fatal Error] :1:1: Premature end of file.
2026-01-16 18:07:01,524 [ERROR] LogOutputStream:75 - [STDERR_REDIRECT] 
2026-01-16 18:07:02,521 [ERROR] LogOutputStream:75 - [STDERR_REDIRECT] [Fatal Error] :1:1: Premature end of file.
2026-01-16 18:07:02,522 [ERROR] LogOutputStream:75 - [STDERR_REDIRECT] 
2026-01-16 18:07:03,523 [ERROR] LogOutputStream:75 - [STDERR_REDIRECT] [Fatal Error] :1:1: Premature end of file.
2026-01-16 18:07:03,523 [ERROR] LogOutputStream:75 - [STDERR_REDIRECT] 
2026-01-16 18:07:04,522 [ERROR] LogOutputStream:75 - [STDERR_REDIRECT] [Fatal Error] :1:1: Premature end of file.
2026-01-16 18:07:04,522 [ERROR] LogOutputStream:75 - [STDERR_REDIRECT] 
2026-01-16 18:07:05,522 [ERROR] LogOutputStream:75 - [STDERR_REDIRECT] [Fatal Error] :1:1: Premature end of file.
2026-01-16 18:07:05,522 [ERROR] LogOutputStream:75 - [STDERR_REDIRECT] 
2026-01-16 18:07:06,521 [ERROR] LogOutputStream:75 - [STDERR_REDIRECT] [Fatal Error] :1:1: Premature end of file.
2026-01-16 18:07:06,521 [ERROR] LogOutputStream:75 - [STDERR_REDIRECT] 
2026-01-16 18:07:07,527 [ERROR] LogOutputStream:75 - [STDERR_REDIRECT] [Fatal Error] :1:1: Premature end of file.
2026-01-16 18:07:07,527 [ERROR] LogOutputStream:75 - [STDERR_REDIRECT] 
2026-01-16 18:07:08,530 [ERROR] LogOutputStream:75 - [STDERR_REDIRECT] [Fatal Error] :1:1: Premature end of file.
2026-01-16 18:07:08,530 [ERROR] LogOutputStream:75 - [STDERR_REDIRECT] 
2026-01-16 18:07:09,521 [ERROR] LogOutputStream:75 - [STDERR_REDIRECT] [Fatal Error] :1:1: Premature end of file.
2026-01-16 18:07:09,521 [ERROR] LogOutputStream:75 - [STDERR_REDIRECT] 
2026-01-16 18:07:10,522 [ERROR] LogOutputStream:75 - [STDERR_REDIRECT] [Fatal Error] :1:1: Premature end of file.
2026-01-16 18:07:10,522 [ERROR] LogOutputStream:75 - [STDERR_REDIRECT] 
2026-01-16 18:07:11,522 [ERROR] LogOutputStream:75 - [STDERR_REDIRECT] [Fatal Error] :1:1: Premature end of file.
2026-01-16 18:07:11,522 [ERROR] LogOutputStream:75 - [STDERR_REDIRECT] 
2026-01-16 18:07:12,522 [ERROR] LogOutputStream:75 - [STDERR_REDIRECT] [Fatal Error] :1:1: Premature end of file.
2026-01-16 18:07:12,522 [ERROR] LogOutputStream:75 - [STDERR_REDIRECT] 
2026-01-16 18:07:13,527 [ERROR] LogOutputStream:75 - [STDERR_REDIRECT] [Fatal Error] :1:1: Premature end of file.
2026-01-16 18:07:13,527 [ERROR] LogOutputStream:75 - [STDERR_REDIRECT] 
2026-01-16 18:07:14,525 [ERROR] LogOutputStream:75 - [STDERR_REDIRECT] [Fatal Error] :1:1: Premature end of file.
2026-01-16 18:07:14,525 [ERROR] LogOutputStream:75 - [STDERR_REDIRECT] 
2026-01-16 18:07:15,533 [ERROR] LogOutputStream:75 - [STDERR_REDIRECT] [Fatal Error] :1:1: Premature end of file.
2026-01-16 18:07:15,533 [ERROR] LogOutputStream:75 - [STDERR_REDIRECT] 
2026-01-16 18:07:16,533 [ERROR] LogOutputStream:75 - [STDERR_REDIRECT] [Fatal Error] :1:1: Premature end of file.
2026-01-16 18:07:16,533 [ERROR] LogOutputStream:75 - [STDERR_REDIRECT] 
2026-01-16 18:07:17,531 [ERROR] LogOutputStream:75 - [STDERR_REDIRECT] [Fatal Error] :1:1: Premature end of file.
2026-01-16 18:07:17,532 [ERROR] LogOutputStream:75 - [STDERR_REDIRECT] 
2026-01-16 18:07:18,533 [ERROR] LogOutputStream:75 - [STDERR_REDIRECT] [Fatal Error] :1:1: Premature end of file.
2026-01-16 18:07:18,533 [ERROR] LogOutputStream:75 - [STDERR_REDIRECT] 
2026-01-16 18:07:19,532 [ERROR] LogOutputStream:75 - [STDERR_REDIRECT] [Fatal Error] :1:1: Premature end of file.
2026-01-16 18:07:19,533 [ERROR] LogOutputStream:75 - [STDERR_REDIRECT] 
2026-01-16 18:07:20,530 [ERROR] LogOutputStream:75 - [STDERR_REDIRECT] [Fatal Error] :1:1: Premature end of file.
2026-01-16 18:07:20,531 [ERROR] LogOutputStream:75 - [STDERR_REDIRECT] 
2026-01-16 18:07:21,528 [ERROR] LogOutputStream:75 - [STDERR_REDIRECT] [Fatal Error] :1:1: Premature end of file.
2026-01-16 18:07:21,528 [ERROR] LogOutputStream:75 - [STDERR_REDIRECT] 
2026-01-16 18:07:22,527 [ERROR] LogOutputStream:75 - [STDERR_REDIRECT] [Fatal Error] :1:1: Premature end of file.
2026-01-16 18:07:22,527 [ERROR] LogOutputStream:75 - [STDERR_REDIRECT] 
2026-01-16 18:07:23,537 [ERROR] LogOutputStream:75 - [STDERR_REDIRECT] [Fatal Error] :1:1: Premature end of file.
2026-01-16 18:07:23,537 [ERROR] LogOutputStream:75 - [STDERR_REDIRECT] 
2026-01-16 18:07:24,527 [ERROR] LogOutputStream:75 - [STDERR_REDIRECT] [Fatal Error] :1:1: Premature end of file.
2026-01-16 18:07:24,527 [ERROR] LogOutputStream:75 - [STDERR_REDIRECT] 
2026-01-16 18:07:25,526 [ERROR] LogOutputStream:75 - [STDERR_REDIRECT] [Fatal Error] :1:1: Premature end of file.
2026-01-16 18:07:25,526 [ERROR] LogOutputStream:75 - [STDERR_REDIRECT] 
2026-01-16 18:07:26,526 [ERROR] LogOutputStream:75 - [STDERR_REDIRECT] [Fatal Error] :1:1: Premature end of file.
2026-01-16 18:07:26,526 [ERROR] LogOutputStream:75 - [STDERR_REDIRECT] 
2026-01-16 18:07:27,534 [ERROR] LogOutputStream:75 - [STDERR_REDIRECT] [Fatal Error] :1:1: Premature end of file.
2026-01-16 18:07:27,535 [ERROR] LogOutputStream:75 - [STDERR_REDIRECT] 
2026-01-16 18:07:28,537 [ERROR] LogOutputStream:75 - [STDERR_REDIRECT] [Fatal Error] :1:1: Premature end of file.
2026-01-16 18:07:28,537 [ERROR] LogOutputStream:75 - [STDERR_REDIRECT] 
2026-01-16 18:07:29,530 [ERROR] LogOutputStream:75 - [STDERR_REDIRECT] [Fatal Error] :1:1: Premature end of file.
2026-01-16 18:07:29,530 [ERROR] LogOutputStream:75 - [STDERR_REDIRECT] 
2026-01-16 18:07:30,523 [ERROR] LogOutputStream:75 - [STDERR_REDIRECT] [Fatal Error] :1:1: Premature end of file.
2026-01-16 18:07:30,525 [ERROR] LogOutputStream:75 - [STDERR_REDIRECT] 
2026-01-16 18:07:31,537 [ERROR] LogOutputStream:75 - [STDERR_REDIRECT] [Fatal Error] :1:1: Premature end of file.
2026-01-16 18:07:31,537 [ERROR] LogOutputStream:75 - [STDERR_REDIRECT] 
2026-01-16 18:07:32,535 [ERROR] LogOutputStream:75 - [STDERR_REDIRECT] [Fatal Error] :1:1: Premature end of file.
2026-01-16 18:07:32,535 [ERROR] LogOutputStream:75 - [STDERR_REDIRECT] 
2026-01-16 18:07:33,531 [ERROR] LogOutputStream:75 - [STDERR_REDIRECT] [Fatal Error] :1:1: Premature end of file.
2026-01-16 18:07:33,531 [ERROR] LogOutputStream:75 - [STDERR_REDIRECT] 
2026-01-16 18:07:34,533 [ERROR] LogOutputStream:75 - [STDERR_REDIRECT] [Fatal Error] :1:1: Premature end of file.
2026-01-16 18:07:34,533 [ERROR] LogOutputStream:75 - [STDERR_REDIRECT] 
2026-01-16 18:07:35,525 [ERROR] LogOutputStream:75 - [STDERR_REDIRECT] [Fatal Error] :1:1: Premature end of file.
2026-01-16 18:07:35,525 [ERROR] LogOutputStream:75 - [STDERR_REDIRECT] 
2026-01-16 18:07:36,521 [ERROR] LogOutputStream:75 - [STDERR_REDIRECT] [Fatal Error] :1:1: Premature end of file.
2026-01-16 18:07:36,521 [ERROR] LogOutputStream:75 - [STDERR_REDIRECT] 
2026-01-16 18:07:37,531 [ERROR] LogOutputStream:75 - [STDERR_REDIRECT] [Fatal Error] :1:1: Premature end of file.
2026-01-16 18:07:37,531 [ERROR] LogOutputStream:75 - [STDERR_REDIRECT] 
2026-01-16 18:07:38,528 [ERROR] LogOutputStream:75 - [STDERR_REDIRECT] [Fatal Error] :1:1: Premature end of file.
2026-01-16 18:07:38,529 [ERROR] LogOutputStream:75 - [STDERR_REDIRECT] 
2026-01-16 18:07:39,528 [ERROR] LogOutputStream:75 - [STDERR_REDIRECT] [Fatal Error] :1:1: Premature end of file.
2026-01-16 18:07:39,528 [ERROR] LogOutputStream:75 - [STDERR_REDIRECT] 
2026-01-16 18:07:40,531 [ERROR] LogOutputStream:75 - [STDERR_REDIRECT] [Fatal Error] :1:1: Premature end of file.
2026-01-16 18:07:40,531 [ERROR] LogOutputStream:75 - [STDERR_REDIRECT] 
2026-01-16 18:07:41,525 [ERROR] LogOutputStream:75 - [STDERR_REDIRECT] [Fatal Error] :1:1: Premature end of file.
2026-01-16 18:07:41,526 [ERROR] LogOutputStream:75 - [STDERR_REDIRECT] 
2026-01-16 18:07:42,526 [ERROR] LogOutputStream:75 - [STDERR_REDIRECT] [Fatal Error] :1:1: Premature end of file.
2026-01-16 18:07:42,527 [ERROR] LogOutputStream:75 - [STDERR_REDIRECT] 
2026-01-16 18:07:43,525 [ERROR] LogOutputStream:75 - [STDERR_REDIRECT] [Fatal Error] :1:1: Premature end of file.
2026-01-16 18:07:43,525 [ERROR] LogOutputStream:75 - [STDERR_REDIRECT] 
2026-01-16 18:07:44,523 [ERROR] LogOutputStream:75 - [STDERR_REDIRECT] [Fatal Error] :1:1: Premature end of file.
2026-01-16 18:07:44,523 [ERROR] LogOutputStream:75 - [STDERR_REDIRECT] 
2026-01-16 18:07:45,533 [ERROR] LogOutputStream:75 - [STDERR_REDIRECT] [Fatal Error] :1:1: Premature end of file.
2026-01-16 18:07:45,533 [ERROR] LogOutputStream:75 - [STDERR_REDIRECT] 
2026-01-16 18:07:46,532 [ERROR] LogOutputStream:75 - [STDERR_REDIRECT] [Fatal Error] :1:1: Premature end of file.
2026-01-16 18:07:46,532 [ERROR] LogOutputStream:75 - [STDERR_REDIRECT] 
2026-01-16 18:07:47,532 [ERROR] LogOutputStream:75 - [STDERR_REDIRECT] [Fatal Error] :1:1: Premature end of file.
2026-01-16 18:07:47,532 [ERROR] LogOutputStream:75 - [STDERR_REDIRECT] 
2026-01-16 18:07:48,531 [ERROR] LogOutputStream:75 - [STDERR_REDIRECT] [Fatal Error] :1:1: Premature end of file.
2026-01-16 18:07:48,532 [ERROR] LogOutputStream:75 - [STDERR_REDIRECT] 
2026-01-16 18:07:49,529 [ERROR] LogOutputStream:75 - [STDERR_REDIRECT] [Fatal Error] :1:1: Premature end of file.
2026-01-16 18:07:49,529 [ERROR] LogOutputStream:75 - [STDERR_REDIRECT] 
2026-01-16 18:07:50,524 [ERROR] LogOutputStream:75 - [STDERR_REDIRECT] [Fatal Error] :1:1: Premature end of file.
2026-01-16 18:07:50,525 [ERROR] LogOutputStream:75 - [STDERR_REDIRECT] 
2026-01-16 18:07:51,525 [ERROR] LogOutputStream:75 - [STDERR_REDIRECT] [Fatal Error] :1:1: Premature end of file.
2026-01-16 18:07:51,525 [ERROR] LogOutputStream:75 - [STDERR_REDIRECT] 
2026-01-16 18:07:52,534 [ERROR] LogOutputStream:75 - [STDERR_REDIRECT] [Fatal Error] :1:1: Premature end of file.
2026-01-16 18:07:52,534 [ERROR] LogOutputStream:75 - [STDERR_REDIRECT] 
2026-01-16 18:07:53,530 [ERROR] LogOutputStream:75 - [STDERR_REDIRECT] [Fatal Error] :1:1: Premature end of file.
2026-01-16 18:07:53,530 [ERROR] LogOutputStream:75 - [STDERR_REDIRECT] 
2026-01-16 18:07:54,528 [ERROR] LogOutputStream:75 - [STDERR_REDIRECT] [Fatal Error] :1:1: Premature end of file.
2026-01-16 18:07:54,528 [ERROR] LogOutputStream:75 - [STDERR_REDIRECT] 
2026-01-16 18:07:55,522 [ERROR] LogOutputStream:75 - [STDERR_REDIRECT] [Fatal Error] :1:1: Premature end of file.
2026-01-16 18:07:55,522 [ERROR] LogOutputStream:75 - [STDERR_REDIRECT] 
2026-01-16 18:07:56,522 [ERROR] LogOutputStream:75 - [STDERR_REDIRECT] [Fatal Error] :1:1: Premature end of file.
2026-01-16 18:07:56,522 [ERROR] LogOutputStream:75 - [STDERR_REDIRECT] 
2026-01-16 18:07:57,534 [ERROR] LogOutputStream:75 - [STDERR_REDIRECT] [Fatal Error] :1:1: Premature end of file.
2026-01-16 18:07:57,534 [ERROR] LogOutputStream:75 - [STDERR_REDIRECT] 
2026-01-16 18:07:58,530 [ERROR] LogOutputStream:75 - [STDERR_REDIRECT] [Fatal Error] :1:1: Premature end of file.
2026-01-16 18:07:58,530 [ERROR] LogOutputStream:75 - [STDERR_REDIRECT] 
2026-01-16 18:07:59,536 [ERROR] LogOutputStream:75 - [STDERR_REDIRECT] [Fatal Error] :1:1: Premature end of file.
2026-01-16 18:07:59,536 [ERROR] LogOutputStream:75 - [STDERR_REDIRECT] 
2026-01-16 18:08:00,528 [ERROR] LogOutputStream:75 - [STDERR_REDIRECT] [Fatal Error] :1:1: Premature end of file.
2026-01-16 18:08:00,529 [ERROR] LogOutputStream:75 - [STDERR_REDIRECT] 
2026-01-16 18:08:01,526 [ERROR] LogOutputStream:75 - [STDERR_REDIRECT] [Fatal Error] :1:1: Premature end of file.
2026-01-16 18:08:01,526 [ERROR] LogOutputStream:75 - [STDERR_REDIRECT] 
2026-01-16 18:08:02,522 [ERROR] LogOutputStream:75 - [STDERR_REDIRECT] [Fatal Error] :1:1: Premature end of file.
2026-01-16 18:08:02,522 [ERROR] LogOutputStream:75 - [STDERR_REDIRECT] 
2026-01-16 18:08:03,535 [ERROR] LogOutputStream:75 - [STDERR_REDIRECT] [Fatal Error] :1:1: Premature end of file.
2026-01-16 18:08:03,536 [ERROR] LogOutputStream:75 - [STDERR_REDIRECT] 
2026-01-16 18:08:04,532 [ERROR] LogOutputStream:75 - [STDERR_REDIRECT] [Fatal Error] :1:1: Premature end of file.
2026-01-16 18:08:04,533 [ERROR] LogOutputStream:75 - [STDERR_REDIRECT] 
2026-01-16 18:08:05,532 [ERROR] LogOutputStream:75 - [STDERR_REDIRECT] [Fatal Error] :1:1: Premature end of file.
2026-01-16 18:08:05,532 [ERROR] LogOutputStream:75 - [STDERR_REDIRECT] 
2026-01-16 18:08:06,529 [ERROR] LogOutputStream:75 - [STDERR_REDIRECT] [Fatal Error] :1:1: Premature end of file.
2026-01-16 18:08:06,529 [ERROR] LogOutputStream:75 - [STDERR_REDIRECT] 
2026-01-16 18:08:07,528 [ERROR] LogOutputStream:75 - [STDERR_REDIRECT] [Fatal Error] :1:1: Premature end of file.
2026-01-16 18:08:07,528 [ERROR] LogOutputStream:75 - [STDERR_REDIRECT] 
2026-01-16 18:08:08,525 [ERROR] LogOutputStream:75 - [STDERR_REDIRECT] [Fatal Error] :1:1: Premature end of file.
2026-01-16 18:08:08,525 [ERROR] LogOutputStream:75 - [STDERR_REDIRECT] 
2026-01-16 18:08:09,524 [ERROR] LogOutputStream:75 - [STDERR_REDIRECT] [Fatal Error] :1:1: Premature end of file.
2026-01-16 18:08:09,524 [ERROR] LogOutputStream:75 - [STDERR_REDIRECT] 
2026-01-16 18:08:10,523 [ERROR] LogOutputStream:75 - [STDERR_REDIRECT] [Fatal Error] :1:1: Premature end of file.
2026-01-16 18:08:10,523 [ERROR] LogOutputStream:75 - [STDERR_REDIRECT] 
2026-01-16 18:08:11,521 [ERROR] LogOutputStream:75 - [STDERR_REDIRECT] [Fatal Error] :1:1: Premature end of file.
2026-01-16 18:08:11,521 [ERROR] LogOutputStream:75 - [STDERR_REDIRECT] 
2026-01-16 18:08:12,535 [ERROR] LogOutputStream:75 - [STDERR_REDIRECT] [Fatal Error] :1:1: Premature end of file.
2026-01-16 18:08:12,535 [ERROR] LogOutputStream:75 - [STDERR_REDIRECT] 
2026-01-16 18:08:13,532 [ERROR] LogOutputStream:75 - [STDERR_REDIRECT] [Fatal Error] :1:1: Premature end of file.
2026-01-16 18:08:13,532 [ERROR] LogOutputStream:75 - [STDERR_REDIRECT] 
2026-01-16 18:08:14,529 [ERROR] LogOutputStream:75 - [STDERR_REDIRECT] [Fatal Error] :1:1: Premature end of file.
2026-01-16 18:08:14,529 [ERROR] LogOutputStream:75 - [STDERR_REDIRECT] 
2026-01-16 18:08:15,524 [ERROR] LogOutputStream:75 - [STDERR_REDIRECT] [Fatal Error] :1:1: Premature end of file.
2026-01-16 18:08:15,525 [ERROR] LogOutputStream:75 - [STDERR_REDIRECT] 
2026-01-16 18:08:16,521 [ERROR] LogOutputStream:75 - [STDERR_REDIRECT] [Fatal Error] :1:1: Premature end of file.
2026-01-16 18:08:16,522 [ERROR] LogOutputStream:75 - [STDERR_REDIRECT] 
2026-01-16 18:08:17,534 [ERROR] LogOutputStream:75 - [STDERR_REDIRECT] [Fatal Error] :1:1: Premature end of file.
2026-01-16 18:08:17,534 [ERROR] LogOutputStream:75 - [STDERR_REDIRECT] 
2026-01-16 18:08:18,533 [ERROR] LogOutputStream:75 - [STDERR_REDIRECT] [Fatal Error] :1:1: Premature end of file.
2026-01-16 18:08:18,533 [ERROR] LogOutputStream:75 - [STDERR_REDIRECT] 
2026-01-16 18:08:19,530 [ERROR] LogOutputStream:75 - [STDERR_REDIRECT] [Fatal Error] :1:1: Premature end of file.
2026-01-16 18:08:19,530 [ERROR] LogOutputStream:75 - [STDERR_REDIRECT] 
2026-01-16 18:08:20,526 [ERROR] LogOutputStream:75 - [STDERR_REDIRECT] [Fatal Error] :1:1: Premature end of file.
2026-01-16 18:08:20,526 [ERROR] LogOutputStream:75 - [STDERR_REDIRECT] 
2026-01-16 18:08:21,520 [ERROR] LogOutputStream:75 - [STDERR_REDIRECT] [Fatal Error] :1:1: Premature end of file.
2026-01-16 18:08:21,520 [ERROR] LogOutputStream:75 - [STDERR_REDIRECT] 
2026-01-16 18:08:22,531 [ERROR] LogOutputStream:75 - [STDERR_REDIRECT] [Fatal Error] :1:1: Premature end of file.
2026-01-16 18:08:22,531 [ERROR] LogOutputStream:75 - [STDERR_REDIRECT] 
2026-01-16 18:08:23,529 [ERROR] LogOutputStream:75 - [STDERR_REDIRECT] [Fatal Error] :1:1: Premature end of file.
2026-01-16 18:08:23,529 [ERROR] LogOutputStream:75 - [STDERR_REDIRECT] 
2026-01-16 18:08:24,525 [ERROR] LogOutputStream:75 - [STDERR_REDIRECT] [Fatal Error] :1:1: Premature end of file.
2026-01-16 18:08:24,525 [ERROR] LogOutputStream:75 - [STDERR_REDIRECT] 
2026-01-16 18:08:25,525 [ERROR] LogOutputStream:75 - [STDERR_REDIRECT] [Fatal Error] :1:1: Premature end of file.
2026-01-16 18:08:25,525 [ERROR] LogOutputStream:75 - [STDERR_REDIRECT] 
2026-01-16 18:08:26,523 [ERROR] LogOutputStream:75 - [STDERR_REDIRECT] [Fatal Error] :1:1: Premature end of file.
2026-01-16 18:08:26,523 [ERROR] LogOutputStream:75 - [STDERR_REDIRECT] 
2026-01-16 18:08:27,524 [ERROR] LogOutputStream:75 - [STDERR_REDIRECT] [Fatal Error] :1:1: Premature end of file.
2026-01-16 18:08:27,524 [ERROR] LogOutputStream:75 - [STDERR_REDIRECT] 
2026-01-16 18:08:28,525 [ERROR] LogOutputStream:75 - [STDERR_REDIRECT] [Fatal Error] :1:1: Premature end of file.
2026-01-16 18:08:28,525 [ERROR] LogOutputStream:75 - [STDERR_REDIRECT] 
2026-01-16 18:08:29,523 [ERROR] LogOutputStream:75 - [STDERR_REDIRECT] [Fatal Error] :1:1: Premature end of file.
2026-01-16 18:08:29,523 [ERROR] LogOutputStream:75 - [STDERR_REDIRECT] 
2026-01-16 18:08:30,536 [ERROR] LogOutputStream:75 - [STDERR_REDIRECT] [Fatal Error] :1:1: Premature end of file.
2026-01-16 18:08:30,536 [ERROR] LogOutputStream:75 - [STDERR_REDIRECT] 
2026-01-16 18:08:31,532 [ERROR] LogOutputStream:75 - [STDERR_REDIRECT] [Fatal Error] :1:1: Premature end of file.
2026-01-16 18:08:31,532 [ERROR] LogOutputStream:75 - [STDERR_REDIRECT] 
2026-01-16 18:08:32,530 [ERROR] LogOutputStream:75 - [STDERR_REDIRECT] [Fatal Error] :1:1: Premature end of file.
2026-01-16 18:08:32,530 [ERROR] LogOutputStream:75 - [STDERR_REDIRECT] 
2026-01-16 18:08:33,531 [ERROR] LogOutputStream:75 - [STDERR_REDIRECT] [Fatal Error] :1:1: Premature end of file.
2026-01-16 18:08:33,531 [ERROR] LogOutputStream:75 - [STDERR_REDIRECT] 
2026-01-16 18:08:34,526 [ERROR] LogOutputStream:75 - [STDERR_REDIRECT] [Fatal Error] :1:1: Premature end of file.
2026-01-16 18:08:34,527 [ERROR] LogOutputStream:75 - [STDERR_REDIRECT] 
2026-01-16 18:08:35,523 [ERROR] LogOutputStream:75 - [STDERR_REDIRECT] [Fatal Error] :1:1: Premature end of file.
2026-01-16 18:08:35,523 [ERROR] LogOutputStream:75 - [STDERR_REDIRECT] 
2026-01-16 18:08:36,531 [ERROR] LogOutputStream:75 - [STDERR_REDIRECT] [Fatal Error] :1:1: Premature end of file.
2026-01-16 18:08:36,531 [ERROR] LogOutputStream:75 - [STDERR_REDIRECT] 
2026-01-16 18:08:37,532 [ERROR] LogOutputStream:75 - [STDERR_REDIRECT] [Fatal Error] :1:1: Premature end of file.
2026-01-16 18:08:37,532 [ERROR] LogOutputStream:75 - [STDERR_REDIRECT] 
2026-01-16 18:08:38,531 [ERROR] LogOutputStream:75 - [STDERR_REDIRECT] [Fatal Error] :1:1: Premature end of file.
2026-01-16 18:08:38,531 [ERROR] LogOutputStream:75 - [STDERR_REDIRECT] 
2026-01-16 18:08:39,531 [ERROR] LogOutputStream:75 - [STDERR_REDIRECT] [Fatal Error] :1:1: Premature end of file.
2026-01-16 18:08:39,531 [ERROR] LogOutputStream:75 - [STDERR_REDIRECT] 
2026-01-16 18:08:40,531 [ERROR] LogOutputStream:75 - [STDERR_REDIRECT] [Fatal Error] :1:1: Premature end of file.
2026-01-16 18:08:40,531 [ERROR] LogOutputStream:75 - [STDERR_REDIRECT] 
2026-01-16 18:08:41,525 [ERROR] LogOutputStream:75 - [STDERR_REDIRECT] [Fatal Error] :1:1: Premature end of file.
2026-01-16 18:08:41,525 [ERROR] LogOutputStream:75 - [STDERR_REDIRECT] 
2026-01-16 18:08:42,534 [ERROR] LogOutputStream:75 - [STDERR_REDIRECT] [Fatal Error] :1:1: Premature end of file.
2026-01-16 18:08:42,534 [ERROR] LogOutputStream:75 - [STDERR_REDIRECT] 
2026-01-16 18:08:43,531 [ERROR] LogOutputStream:75 - [STDERR_REDIRECT] [Fatal Error] :1:1: Premature end of file.
2026-01-16 18:08:43,532 [ERROR] LogOutputStream:75 - [STDERR_REDIRECT] 
2026-01-16 18:08:44,527 [ERROR] LogOutputStream:75 - [STDERR_REDIRECT] [Fatal Error] :1:1: Premature end of file.
2026-01-16 18:08:44,527 [ERROR] LogOutputStream:75 - [STDERR_REDIRECT] 
2026-01-16 18:08:45,524 [ERROR] LogOutputStream:75 - [STDERR_REDIRECT] [Fatal Error] :1:1: Premature end of file.
2026-01-16 18:08:45,524 [ERROR] LogOutputStream:75 - [STDERR_REDIRECT] 
2026-01-16 18:08:46,524 [ERROR] LogOutputStream:75 - [STDERR_REDIRECT] [Fatal Error] :1:1: Premature end of file.
2026-01-16 18:08:46,524 [ERROR] LogOutputStream:75 - [STDERR_REDIRECT] 
2026-01-16 18:08:47,537 [ERROR] LogOutputStream:75 - [STDERR_REDIRECT] [Fatal Error] :1:1: Premature end of file.
2026-01-16 18:08:47,537 [ERROR] LogOutputStream:75 - [STDERR_REDIRECT] 
2026-01-16 18:08:48,530 [ERROR] LogOutputStream:75 - [STDERR_REDIRECT] [Fatal Error] :1:1: Premature end of file.
2026-01-16 18:08:48,530 [ERROR] LogOutputStream:75 - [STDERR_REDIRECT] 
2026-01-16 18:08:49,524 [ERROR] LogOutputStream:75 - [STDERR_REDIRECT] [Fatal Error] :1:1: Premature end of file.
2026-01-16 18:08:49,524 [ERROR] LogOutputStream:75 - [STDERR_REDIRECT] 
2026-01-16 18:08:50,537 [ERROR] LogOutputStream:75 - [STDERR_REDIRECT] [Fatal Error] :1:1: Premature end of file.
2026-01-16 18:08:50,537 [ERROR] LogOutputStream:75 - [STDERR_REDIRECT] 
2026-01-16 18:08:51,525 [ERROR] LogOutputStream:75 - [STDERR_REDIRECT] [Fatal Error] :1:1: Premature end of file.
2026-01-16 18:08:51,525 [ERROR] LogOutputStream:75 - [STDERR_REDIRECT] 
2026-01-16 18:08:52,526 [ERROR] LogOutputStream:75 - [STDERR_REDIRECT] [Fatal Error] :1:1: Premature end of file.
2026-01-16 18:08:52,526 [ERROR] LogOutputStream:75 - [STDERR_REDIRECT] 
2026-01-16 18:08:53,524 [ERROR] LogOutputStream:75 - [STDERR_REDIRECT] [Fatal Error] :1:1: Premature end of file.
2026-01-16 18:08:53,525 [ERROR] LogOutputStream:75 - [STDERR_REDIRECT] 
2026-01-16 18:08:54,535 [ERROR] LogOutputStream:75 - [STDERR_REDIRECT] [Fatal Error] :1:1: Premature end of file.
2026-01-16 18:08:54,535 [ERROR] LogOutputStream:75 - [STDERR_REDIRECT] 
2026-01-16 18:08:55,533 [ERROR] LogOutputStream:75 - [STDERR_REDIRECT] [Fatal Error] :1:1: Premature end of file.
2026-01-16 18:08:55,533 [ERROR] LogOutputStream:75 - [STDERR_REDIRECT] 
2026-01-16 18:08:56,528 [ERROR] LogOutputStream:75 - [STDERR_REDIRECT] [Fatal Error] :1:1: Premature end of file.
2026-01-16 18:08:56,529 [ERROR] LogOutputStream:75 - [STDERR_REDIRECT] 
2026-01-16 18:08:57,524 [ERROR] LogOutputStream:75 - [STDERR_REDIRECT] [Fatal Error] :1:1: Premature end of file.
2026-01-16 18:08:57,524 [ERROR] LogOutputStream:75 - [STDERR_REDIRECT] 
2026-01-16 18:08:58,524 [ERROR] LogOutputStream:75 - [STDERR_REDIRECT] [Fatal Error] :1:1: Premature end of file.
2026-01-16 18:08:58,524 [ERROR] LogOutputStream:75 - [STDERR_REDIRECT] 
2026-01-16 18:08:59,528 [ERROR] LogOutputStream:75 - [STDERR_REDIRECT] [Fatal Error] :1:1: Premature end of file.
2026-01-16 18:08:59,528 [ERROR] LogOutputStream:75 - [STDERR_REDIRECT] 
2026-01-16 18:09:00,526 [ERROR] LogOutputStream:75 - [STDERR_REDIRECT] [Fatal Error] :1:1: Premature end of file.
2026-01-16 18:09:00,526 [ERROR] LogOutputStream:75 - [STDERR_REDIRECT] 
2026-01-16 18:09:01,526 [ERROR] LogOutputStream:75 - [STDERR_REDIRECT] [Fatal Error] :1:1: Premature end of file.
2026-01-16 18:09:01,526 [ERROR] LogOutputStream:75 - [STDERR_REDIRECT] 
2026-01-16 18:09:02,530 [ERROR] LogOutputStream:75 - [STDERR_REDIRECT] [Fatal Error] :1:1: Premature end of file.
2026-01-16 18:09:02,530 [ERROR] LogOutputStream:75 - [STDERR_REDIRECT] 
2026-01-16 18:09:03,524 [ERROR] LogOutputStream:75 - [STDERR_REDIRECT] [Fatal Error] :1:1: Premature end of file.
2026-01-16 18:09:03,524 [ERROR] LogOutputStream:75 - [STDERR_REDIRECT] 
2026-01-16 18:09:04,534 [ERROR] LogOutputStream:75 - [STDERR_REDIRECT] [Fatal Error] :1:1: Premature end of file.
2026-01-16 18:09:04,534 [ERROR] LogOutputStream:75 - [STDERR_REDIRECT] 
2026-01-16 18:09:05,524 [ERROR] LogOutputStream:75 - [STDERR_REDIRECT] [Fatal Error] :1:1: Premature end of file.
2026-01-16 18:09:05,524 [ERROR] LogOutputStream:75 - [STDERR_REDIRECT] 
2026-01-16 18:09:06,525 [ERROR] LogOutputStream:75 - [STDERR_REDIRECT] [Fatal Error] :1:1: Premature end of file.
2026-01-16 18:09:06,525 [ERROR] LogOutputStream:75 - [STDERR_REDIRECT] 
2026-01-16 18:09:07,524 [ERROR] LogOutputStream:75 - [STDERR_REDIRECT] [Fatal Error] :1:1: Premature end of file.
2026-01-16 18:09:07,524 [ERROR] LogOutputStream:75 - [STDERR_REDIRECT] 
2026-01-16 18:09:08,520 [ERROR] LogOutputStream:75 - [STDERR_REDIRECT] [Fatal Error] :1:1: Premature end of file.
2026-01-16 18:09:08,520 [ERROR] LogOutputStream:75 - [STDERR_REDIRECT] 
2026-01-16 18:09:09,537 [ERROR] LogOutputStream:75 - [STDERR_REDIRECT] [Fatal Error] :1:1: Premature end of file.
2026-01-16 18:09:09,537 [ERROR] LogOutputStream:75 - [STDERR_REDIRECT] 
2026-01-16 18:09:10,537 [ERROR] LogOutputStream:75 - [STDERR_REDIRECT] [Fatal Error] :1:1: Premature end of file.
2026-01-16 18:09:10,537 [ERROR] LogOutputStream:75 - [STDERR_REDIRECT] 
2026-01-16 18:09:11,530 [ERROR] LogOutputStream:75 - [STDERR_REDIRECT] [Fatal Error] :1:1: Premature end of file.
2026-01-16 18:09:11,530 [ERROR] LogOutputStream:75 - [STDERR_REDIRECT] 
2026-01-16 18:09:12,525 [ERROR] LogOutputStream:75 - [STDERR_REDIRECT] [Fatal Error] :1:1: Premature end of file.
2026-01-16 18:09:12,526 [ERROR] LogOutputStream:75 - [STDERR_REDIRECT] 
2026-01-16 18:09:13,522 [ERROR] LogOutputStream:75 - [STDERR_REDIRECT] [Fatal Error] :1:1: Premature end of file.
2026-01-16 18:09:13,522 [ERROR] LogOutputStream:75 - [STDERR_REDIRECT] 
2026-01-16 18:09:14,553 [ERROR] LogOutputStream:75 - [STDERR_REDIRECT] [Fatal Error] :1:1: Premature end of file.
2026-01-16 18:09:14,554 [ERROR] LogOutputStream:75 - [STDERR_REDIRECT] 
2026-01-16 18:09:15,529 [ERROR] LogOutputStream:75 - [STDERR_REDIRECT] [Fatal Error] :1:1: Premature end of file.
2026-01-16 18:09:15,529 [ERROR] LogOutputStream:75 - [STDERR_REDIRECT] 
2026-01-16 18:09:16,524 [ERROR] LogOutputStream:75 - [STDERR_REDIRECT] [Fatal Error] :1:1: Premature end of file.
2026-01-16 18:09:16,524 [ERROR] LogOutputStream:75 - [STDERR_REDIRECT] 
2026-01-16 18:09:17,524 [ERROR] LogOutputStream:75 - [STDERR_REDIRECT] [Fatal Error] :1:1: Premature end of file.
2026-01-16 18:09:17,524 [ERROR] LogOutputStream:75 - [STDERR_REDIRECT] 
2026-01-16 18:09:18,520 [ERROR] LogOutputStream:75 - [STDERR_REDIRECT] [Fatal Error] :1:1: Premature end of file.
2026-01-16 18:09:18,520 [ERROR] LogOutputStream:75 - [STDERR_REDIRECT] 
2026-01-16 18:09:19,519 [ERROR] LogOutputStream:75 - [STDERR_REDIRECT] [Fatal Error] :1:1: Premature end of file.
2026-01-16 18:09:19,519 [ERROR] LogOutputStream:75 - [STDERR_REDIRECT] 
2026-01-16 18:09:20,522 [ERROR] LogOutputStream:75 - [STDERR_REDIRECT] [Fatal Error] :1:1: Premature end of file.
2026-01-16 18:09:20,522 [ERROR] LogOutputStream:75 - [STDERR_REDIRECT] 
2026-01-16 18:09:21,521 [ERROR] LogOutputStream:75 - [STDERR_REDIRECT] [Fatal Error] :1:1: Premature end of file.
2026-01-16 18:09:21,521 [ERROR] LogOutputStream:75 - [STDERR_REDIRECT] 
2026-01-16 18:09:22,523 [ERROR] LogOutputStream:75 - [STDERR_REDIRECT] [Fatal Error] :1:1: Premature end of file.
2026-01-16 18:09:22,523 [ERROR] LogOutputStream:75 - [STDERR_REDIRECT] 
2026-01-16 18:09:23,521 [ERROR] LogOutputStream:75 - [STDERR_REDIRECT] [Fatal Error] :1:1: Premature end of file.
2026-01-16 18:09:23,521 [ERROR] LogOutputStream:75 - [STDERR_REDIRECT] 
2026-01-16 18:09:24,521 [ERROR] LogOutputStream:75 - [STDERR_REDIRECT] [Fatal Error] :1:1: Premature end of file.
2026-01-16 18:09:24,521 [ERROR] LogOutputStream:75 - [STDERR_REDIRECT] 
2026-01-16 18:09:25,520 [ERROR] LogOutputStream:75 - [STDERR_REDIRECT] [Fatal Error] :1:1: Premature end of file.
2026-01-16 18:09:25,521 [ERROR] LogOutputStream:75 - [STDERR_REDIRECT] 
2026-01-16 18:09:26,521 [ERROR] LogOutputStream:75 - [STDERR_REDIRECT] [Fatal Error] :1:1: Premature end of file.
2026-01-16 18:09:26,521 [ERROR] LogOutputStream:75 - [STDERR_REDIRECT] 
2026-01-16 18:09:27,521 [ERROR] LogOutputStream:75 - [STDERR_REDIRECT] [Fatal Error] :1:1: Premature end of file.
2026-01-16 18:09:27,521 [ERROR] LogOutputStream:75 - [STDERR_REDIRECT] 
2026-01-16 18:09:28,520 [ERROR] LogOutputStream:75 - [STDERR_REDIRECT] [Fatal Error] :1:1: Premature end of file.
2026-01-16 18:09:28,520 [ERROR] LogOutputStream:75 - [STDERR_REDIRECT] 
2026-01-16 18:09:29,521 [ERROR] LogOutputStream:75 - [STDERR_REDIRECT] [Fatal Error] :1:1: Premature end of file.
2026-01-16 18:09:29,521 [ERROR] LogOutputStream:75 - [STDERR_REDIRECT] 
2026-01-16 18:09:30,520 [ERROR] LogOutputStream:75 - [STDERR_REDIRECT] [Fatal Error] :1:1: Premature end of file.
2026-01-16 18:09:30,520 [ERROR] LogOutputStream:75 - [STDERR_REDIRECT] 
2026-01-16 18:09:31,520 [ERROR] LogOutputStream:75 - [STDERR_REDIRECT] [Fatal Error] :1:1: Premature end of file.
2026-01-16 18:09:31,520 [ERROR] LogOutputStream:75 - [STDERR_REDIRECT] 
2026-01-16 18:09:32,521 [ERROR] LogOutputStream:75 - [STDERR_REDIRECT] [Fatal Error] :1:1: Premature end of file.
2026-01-16 18:09:32,521 [ERROR] LogOutputStream:75 - [STDERR_REDIRECT] 
2026-01-16 18:09:33,523 [ERROR] LogOutputStream:75 - [STDERR_REDIRECT] [Fatal Error] :1:1: Premature end of file.
2026-01-16 18:09:33,523 [ERROR] LogOutputStream:75 - [STDERR_REDIRECT] 
2026-01-16 18:09:34,520 [ERROR] LogOutputStream:75 - [STDERR_REDIRECT] [Fatal Error] :1:1: Premature end of file.
2026-01-16 18:09:34,520 [ERROR] LogOutputStream:75 - [STDERR_REDIRECT] 
2026-01-16 18:09:35,521 [ERROR] LogOutputStream:75 - [STDERR_REDIRECT] [Fatal Error] :1:1: Premature end of file.
2026-01-16 18:09:35,522 [ERROR] LogOutputStream:75 - [STDERR_REDIRECT] 
2026-01-16 18:09:36,519 [ERROR] LogOutputStream:75 - [STDERR_REDIRECT] [Fatal Error] :1:1: Premature end of file.
2026-01-16 18:09:36,519 [ERROR] LogOutputStream:75 - [STDERR_REDIRECT] 
2026-01-16 18:09:37,523 [ERROR] LogOutputStream:75 - [STDERR_REDIRECT] [Fatal Error] :1:1: Premature end of file.
2026-01-16 18:09:37,523 [ERROR] LogOutputStream:75 - [STDERR_REDIRECT] 
2026-01-16 18:09:38,519 [ERROR] LogOutputStream:75 - [STDERR_REDIRECT] [Fatal Error] :1:1: Premature end of file.
2026-01-16 18:09:38,519 [ERROR] LogOutputStream:75 - [STDERR_REDIRECT] 
2026-01-16 18:09:39,520 [ERROR] LogOutputStream:75 - [STDERR_REDIRECT] [Fatal Error] :1:1: Premature end of file.
2026-01-16 18:09:39,520 [ERROR] LogOutputStream:75 - [STDERR_REDIRECT] 
2026-01-16 18:09:40,522 [ERROR] LogOutputStream:75 - [STDERR_REDIRECT] [Fatal Error] :1:1: Premature end of file.
2026-01-16 18:09:40,522 [ERROR] LogOutputStream:75 - [STDERR_REDIRECT] 
2026-01-16 18:09:41,518 [ERROR] LogOutputStream:75 - [STDERR_REDIRECT] [Fatal Error] :1:1: Premature end of file.
2026-01-16 18:09:41,518 [ERROR] LogOutputStream:75 - [STDERR_REDIRECT] 
2026-01-16 18:09:42,522 [ERROR] LogOutputStream:75 - [STDERR_REDIRECT] [Fatal Error] :1:1: Premature end of file.
2026-01-16 18:09:42,523 [ERROR] LogOutputStream:75 - [STDERR_REDIRECT] 
2026-01-16 18:09:43,521 [ERROR] LogOutputStream:75 - [STDERR_REDIRECT] [Fatal Error] :1:1: Premature end of file.
2026-01-16 18:09:43,521 [ERROR] LogOutputStream:75 - [STDERR_REDIRECT] 
2026-01-16 18:09:44,521 [ERROR] LogOutputStream:75 - [STDERR_REDIRECT] [Fatal Error] :1:1: Premature end of file.
2026-01-16 18:09:44,521 [ERROR] LogOutputStream:75 - [STDERR_REDIRECT] 
2026-01-16 18:09:45,520 [ERROR] LogOutputStream:75 - [STDERR_REDIRECT] [Fatal Error] :1:1: Premature end of file.
2026-01-16 18:09:45,520 [ERROR] LogOutputStream:75 - [STDERR_REDIRECT] 
2026-01-16 18:09:46,519 [ERROR] LogOutputStream:75 - [STDERR_REDIRECT] [Fatal Error] :1:1: Premature end of file.
2026-01-16 18:09:46,519 [ERROR] LogOutputStream:75 - [STDERR_REDIRECT] 
2026-01-16 18:09:47,521 [ERROR] LogOutputStream:75 - [STDERR_REDIRECT] [Fatal Error] :1:1: Premature end of file.
2026-01-16 18:09:47,522 [ERROR] LogOutputStream:75 - [STDERR_REDIRECT] 
2026-01-16 18:09:48,519 [ERROR] LogOutputStream:75 - [STDERR_REDIRECT] [Fatal Error] :1:1: Premature end of file.
2026-01-16 18:09:48,520 [ERROR] LogOutputStream:75 - [STDERR_REDIRECT] 
2026-01-16 18:09:49,522 [ERROR] LogOutputStream:75 - [STDERR_REDIRECT] [Fatal Error] :1:1: Premature end of file.
2026-01-16 18:09:49,522 [ERROR] LogOutputStream:75 - [STDERR_REDIRECT] 
2026-01-16 18:09:50,521 [ERROR] LogOutputStream:75 - [STDERR_REDIRECT] [Fatal Error] :1:1: Premature end of file.
2026-01-16 18:09:50,521 [ERROR] LogOutputStream:75 - [STDERR_REDIRECT] 
2026-01-16 18:09:51,521 [ERROR] LogOutputStream:75 - [STDERR_REDIRECT] [Fatal Error] :1:1: Premature end of file.
2026-01-16 18:09:51,521 [ERROR] LogOutputStream:75 - [STDERR_REDIRECT] 
2026-01-16 18:09:52,528 [ERROR] LogOutputStream:75 - [STDERR_REDIRECT] [Fatal Error] :1:1: Premature end of file.
2026-01-16 18:09:52,528 [ERROR] LogOutputStream:75 - [STDERR_REDIRECT] 
2026-01-16 18:09:53,519 [ERROR] LogOutputStream:75 - [STDERR_REDIRECT] [Fatal Error] :1:1: Premature end of file.
2026-01-16 18:09:53,520 [ERROR] LogOutputStream:75 - [STDERR_REDIRECT] 
2026-01-16 18:09:54,532 [ERROR] LogOutputStream:75 - [STDERR_REDIRECT] [Fatal Error] :1:1: Premature end of file.
2026-01-16 18:09:54,532 [ERROR] LogOutputStream:75 - [STDERR_REDIRECT] 
2026-01-16 18:09:55,519 [ERROR] LogOutputStream:75 - [STDERR_REDIRECT] [Fatal Error] :1:1: Premature end of file.
2026-01-16 18:09:55,519 [ERROR] LogOutputStream:75 - [STDERR_REDIRECT] 
2026-01-16 18:09:56,520 [ERROR] LogOutputStream:75 - [STDERR_REDIRECT] [Fatal Error] :1:1: Premature end of file.
2026-01-16 18:09:56,520 [ERROR] LogOutputStream:75 - [STDERR_REDIRECT] 
2026-01-16 18:09:57,520 [ERROR] LogOutputStream:75 - [STDERR_REDIRECT] [Fatal Error] :1:1: Premature end of file.
2026-01-16 18:09:57,520 [ERROR] LogOutputStream:75 - [STDERR_REDIRECT] 
2026-01-16 18:09:58,519 [ERROR] LogOutputStream:75 - [STDERR_REDIRECT] [Fatal Error] :1:1: Premature end of file.
2026-01-16 18:09:58,520 [ERROR] LogOutputStream:75 - [STDERR_REDIRECT] 
2026-01-16 18:09:59,521 [ERROR] LogOutputStream:75 - [STDERR_REDIRECT] [Fatal Error] :1:1: Premature end of file.
2026-01-16 18:09:59,521 [ERROR] LogOutputStream:75 - [STDERR_REDIRECT] 
2026-01-16 18:10:00,521 [ERROR] LogOutputStream:75 - [STDERR_REDIRECT] [Fatal Error] :1:1: Premature end of file.
2026-01-16 18:10:00,521 [ERROR] LogOutputStream:75 - [STDERR_REDIRECT] 
2026-01-16 18:10:01,521 [ERROR] LogOutputStream:75 - [STDERR_REDIRECT] [Fatal Error] :1:1: Premature end of file.
2026-01-16 18:10:01,521 [ERROR] LogOutputStream:75 - [STDERR_REDIRECT] 
2026-01-16 18:10:02,521 [ERROR] LogOutputStream:75 - [STDERR_REDIRECT] [Fatal Error] :1:1: Premature end of file.
2026-01-16 18:10:02,521 [ERROR] LogOutputStream:75 - [STDERR_REDIRECT] 
2026-01-16 18:10:03,521 [ERROR] LogOutputStream:75 - [STDERR_REDIRECT] [Fatal Error] :1:1: Premature end of file.
2026-01-16 18:10:03,521 [ERROR] LogOutputStream:75 - [STDERR_REDIRECT] 
2026-01-16 18:10:04,520 [ERROR] LogOutputStream:75 - [STDERR_REDIRECT] [Fatal Error] :1:1: Premature end of file.
2026-01-16 18:10:04,520 [ERROR] LogOutputStream:75 - [STDERR_REDIRECT] 
2026-01-16 18:10:05,519 [ERROR] LogOutputStream:75 - [STDERR_REDIRECT] [Fatal Error] :1:1: Premature end of file.
2026-01-16 18:10:05,519 [ERROR] LogOutputStream:75 - [STDERR_REDIRECT] 
2026-01-16 18:10:06,518 [ERROR] LogOutputStream:75 - [STDERR_REDIRECT] [Fatal Error] :1:1: Premature end of file.
2026-01-16 18:10:06,518 [ERROR] LogOutputStream:75 - [STDERR_REDIRECT] 
2026-01-16 18:10:07,521 [ERROR] LogOutputStream:75 - [STDERR_REDIRECT] [Fatal Error] :1:1: Premature end of file.
2026-01-16 18:10:07,522 [ERROR] LogOutputStream:75 - [STDERR_REDIRECT] 
2026-01-16 18:10:08,518 [ERROR] LogOutputStream:75 - [STDERR_REDIRECT] [Fatal Error] :1:1: Premature end of file.
2026-01-16 18:10:08,518 [ERROR] LogOutputStream:75 - [STDERR_REDIRECT] 
2026-01-16 18:10:09,520 [ERROR] LogOutputStream:75 - [STDERR_REDIRECT] [Fatal Error] :1:1: Premature end of file.
2026-01-16 18:10:09,520 [ERROR] LogOutputStream:75 - [STDERR_REDIRECT] 
2026-01-16 18:10:10,521 [ERROR] LogOutputStream:75 - [STDERR_REDIRECT] [Fatal Error] :1:1: Premature end of file.
2026-01-16 18:10:10,521 [ERROR] LogOutputStream:75 - [STDERR_REDIRECT] 
2026-01-16 18:10:11,522 [ERROR] LogOutputStream:75 - [STDERR_REDIRECT] [Fatal Error] :1:1: Premature end of file.
2026-01-16 18:10:11,522 [ERROR] LogOutputStream:75 - [STDERR_REDIRECT] 
2026-01-16 18:10:12,520 [ERROR] LogOutputStream:75 - [STDERR_REDIRECT] [Fatal Error] :1:1: Premature end of file.
2026-01-16 18:10:12,521 [ERROR] LogOutputStream:75 - [STDERR_REDIRECT] 
2026-01-16 18:10:13,523 [ERROR] LogOutputStream:75 - [STDERR_REDIRECT] [Fatal Error] :1:1: Premature end of file.
2026-01-16 18:10:13,523 [ERROR] LogOutputStream:75 - [STDERR_REDIRECT] 
2026-01-16 18:10:14,519 [ERROR] LogOutputStream:75 - [STDERR_REDIRECT] [Fatal Error] :1:1: Premature end of file.
2026-01-16 18:10:14,520 [ERROR] LogOutputStream:75 - [STDERR_REDIRECT] 
2026-01-16 18:10:15,522 [ERROR] LogOutputStream:75 - [STDERR_REDIRECT] [Fatal Error] :1:1: Premature end of file.
2026-01-16 18:10:15,522 [ERROR] LogOutputStream:75 - [STDERR_REDIRECT] 
2026-01-16 18:10:16,521 [ERROR] LogOutputStream:75 - [STDERR_REDIRECT] [Fatal Error] :1:1: Premature end of file.
2026-01-16 18:10:16,521 [ERROR] LogOutputStream:75 - [STDERR_REDIRECT] 
2026-01-16 18:10:17,520 [ERROR] LogOutputStream:75 - [STDERR_REDIRECT] [Fatal Error] :1:1: Premature end of file.
2026-01-16 18:10:17,521 [ERROR] LogOutputStream:75 - [STDERR_REDIRECT] 
2026-01-16 18:10:18,520 [ERROR] LogOutputStream:75 - [STDERR_REDIRECT] [Fatal Error] :1:1: Premature end of file.
2026-01-16 18:10:18,521 [ERROR] LogOutputStream:75 - [STDERR_REDIRECT] 
2026-01-16 18:10:19,523 [ERROR] LogOutputStream:75 - [STDERR_REDIRECT] [Fatal Error] :1:1: Premature end of file.
2026-01-16 18:10:19,523 [ERROR] LogOutputStream:75 - [STDERR_REDIRECT] 
2026-01-16 18:10:20,520 [ERROR] LogOutputStream:75 - [STDERR_REDIRECT] [Fatal Error] :1:1: Premature end of file.
2026-01-16 18:10:20,520 [ERROR] LogOutputStream:75 - [STDERR_REDIRECT] 
2026-01-16 18:10:21,521 [ERROR] LogOutputStream:75 - [STDERR_REDIRECT] [Fatal Error] :1:1: Premature end of file.
2026-01-16 18:10:21,522 [ERROR] LogOutputStream:75 - [STDERR_REDIRECT] 
2026-01-16 18:10:22,519 [ERROR] LogOutputStream:75 - [STDERR_REDIRECT] [Fatal Error] :1:1: Premature end of file.
2026-01-16 18:10:22,519 [ERROR] LogOutputStream:75 - [STDERR_REDIRECT] 
2026-01-16 18:10:23,521 [ERROR] LogOutputStream:75 - [STDERR_REDIRECT] [Fatal Error] :1:1: Premature end of file.
2026-01-16 18:10:23,521 [ERROR] LogOutputStream:75 - [STDERR_REDIRECT] 
2026-01-16 18:10:24,518 [ERROR] LogOutputStream:75 - [STDERR_REDIRECT] [Fatal Error] :1:1: Premature end of file.
2026-01-16 18:10:24,519 [ERROR] LogOutputStream:75 - [STDERR_REDIRECT] 
2026-01-16 18:10:25,521 [ERROR] LogOutputStream:75 - [STDERR_REDIRECT] [Fatal Error] :1:1: Premature end of file.
2026-01-16 18:10:25,521 [ERROR] LogOutputStream:75 - [STDERR_REDIRECT] 
2026-01-16 18:10:26,520 [ERROR] LogOutputStream:75 - [STDERR_REDIRECT] [Fatal Error] :1:1: Premature end of file.
2026-01-16 18:10:26,520 [ERROR] LogOutputStream:75 - [STDERR_REDIRECT] 
2026-01-16 18:10:27,520 [ERROR] LogOutputStream:75 - [STDERR_REDIRECT] [Fatal Error] :1:1: Premature end of file.
2026-01-16 18:10:27,520 [ERROR] LogOutputStream:75 - [STDERR_REDIRECT] 
2026-01-16 18:10:28,519 [ERROR] LogOutputStream:75 - [STDERR_REDIRECT] [Fatal Error] :1:1: Premature end of file.
2026-01-16 18:10:28,519 [ERROR] LogOutputStream:75 - [STDERR_REDIRECT] 
2026-01-16 18:10:29,521 [ERROR] LogOutputStream:75 - [STDERR_REDIRECT] [Fatal Error] :1:1: Premature end of file.
2026-01-16 18:10:29,521 [ERROR] LogOutputStream:75 - [STDERR_REDIRECT] 
2026-01-16 18:10:30,521 [ERROR] LogOutputStream:75 - [STDERR_REDIRECT] [Fatal Error] :1:1: Premature end of file.
2026-01-16 18:10:30,521 [ERROR] LogOutputStream:75 - [STDERR_REDIRECT] 
2026-01-16 18:10:31,520 [ERROR] LogOutputStream:75 - [STDERR_REDIRECT] [Fatal Error] :1:1: Premature end of file.
2026-01-16 18:10:31,521 [ERROR] LogOutputStream:75 - [STDERR_REDIRECT] 
2026-01-16 18:10:32,521 [ERROR] LogOutputStream:75 - [STDERR_REDIRECT] [Fatal Error] :1:1: Premature end of file.
2026-01-16 18:10:32,521 [ERROR] LogOutputStream:75 - [STDERR_REDIRECT] 
2026-01-16 18:10:33,520 [ERROR] LogOutputStream:75 - [STDERR_REDIRECT] [Fatal Error] :1:1: Premature end of file.
2026-01-16 18:10:33,521 [ERROR] LogOutputStream:75 - [STDERR_REDIRECT] 
2026-01-16 18:10:34,519 [ERROR] LogOutputStream:75 - [STDERR_REDIRECT] [Fatal Error] :1:1: Premature end of file.
2026-01-16 18:10:34,519 [ERROR] LogOutputStream:75 - [STDERR_REDIRECT] 
2026-01-16 18:10:35,520 [ERROR] LogOutputStream:75 - [STDERR_REDIRECT] [Fatal Error] :1:1: Premature end of file.
2026-01-16 18:10:35,521 [ERROR] LogOutputStream:75 - [STDERR_REDIRECT] 
2026-01-16 18:10:36,520 [ERROR] LogOutputStream:75 - [STDERR_REDIRECT] [Fatal Error] :1:1: Premature end of file.
2026-01-16 18:10:36,520 [ERROR] LogOutputStream:75 - [STDERR_REDIRECT] 
2026-01-16 18:10:37,523 [ERROR] LogOutputStream:75 - [STDERR_REDIRECT] [Fatal Error] :1:1: Premature end of file.
2026-01-16 18:10:37,523 [ERROR] LogOutputStream:75 - [STDERR_REDIRECT] 
2026-01-16 18:10:38,519 [ERROR] LogOutputStream:75 - [STDERR_REDIRECT] [Fatal Error] :1:1: Premature end of file.
2026-01-16 18:10:38,519 [ERROR] LogOutputStream:75 - [STDERR_REDIRECT] 
2026-01-16 18:10:39,520 [ERROR] LogOutputStream:75 - [STDERR_REDIRECT] [Fatal Error] :1:1: Premature end of file.
2026-01-16 18:10:39,520 [ERROR] LogOutputStream:75 - [STDERR_REDIRECT] 
2026-01-16 18:10:40,521 [ERROR] LogOutputStream:75 - [STDERR_REDIRECT] [Fatal Error] :1:1: Premature end of file.
2026-01-16 18:10:40,521 [ERROR] LogOutputStream:75 - [STDERR_REDIRECT] 
2026-01-16 18:10:41,520 [ERROR] LogOutputStream:75 - [STDERR_REDIRECT] [Fatal Error] :1:1: Premature end of file.
2026-01-16 18:10:41,520 [ERROR] LogOutputStream:75 - [STDERR_REDIRECT] 
2026-01-16 18:10:42,520 [ERROR] LogOutputStream:75 - [STDERR_REDIRECT] [Fatal Error] :1:1: Premature end of file.
2026-01-16 18:10:42,520 [ERROR] LogOutputStream:75 - [STDERR_REDIRECT] 
2026-01-16 18:10:43,520 [ERROR] LogOutputStream:75 - [STDERR_REDIRECT] [Fatal Error] :1:1: Premature end of file.
2026-01-16 18:10:43,521 [ERROR] LogOutputStream:75 - [STDERR_REDIRECT] 
2026-01-16 18:10:44,521 [ERROR] LogOutputStream:75 - [STDERR_REDIRECT] [Fatal Error] :1:1: Premature end of file.
2026-01-16 18:10:44,521 [ERROR] LogOutputStream:75 - [STDERR_REDIRECT] 
2026-01-16 18:10:45,520 [ERROR] LogOutputStream:75 - [STDERR_REDIRECT] [Fatal Error] :1:1: Premature end of file.
2026-01-16 18:10:45,521 [ERROR] LogOutputStream:75 - [STDERR_REDIRECT] 
2026-01-16 18:10:46,520 [ERROR] LogOutputStream:75 - [STDERR_REDIRECT] [Fatal Error] :1:1: Premature end of file.
2026-01-16 18:10:46,520 [ERROR] LogOutputStream:75 - [STDERR_REDIRECT] 
2026-01-16 18:10:47,519 [ERROR] LogOutputStream:75 - [STDERR_REDIRECT] [Fatal Error] :1:1: Premature end of file.
2026-01-16 18:10:47,519 [ERROR] LogOutputStream:75 - [STDERR_REDIRECT] 
2026-01-16 18:10:48,521 [ERROR] LogOutputStream:75 - [STDERR_REDIRECT] [Fatal Error] :1:1: Premature end of file.
2026-01-16 18:10:48,521 [ERROR] LogOutputStream:75 - [STDERR_REDIRECT] 
2026-01-16 18:10:49,520 [ERROR] LogOutputStream:75 - [STDERR_REDIRECT] [Fatal Error] :1:1: Premature end of file.
2026-01-16 18:10:49,521 [ERROR] LogOutputStream:75 - [STDERR_REDIRECT] 
2026-01-16 18:10:50,520 [ERROR] LogOutputStream:75 - [STDERR_REDIRECT] [Fatal Error] :1:1: Premature end of file.
2026-01-16 18:10:50,520 [ERROR] LogOutputStream:75 - [STDERR_REDIRECT] 
2026-01-16 18:10:51,520 [ERROR] LogOutputStream:75 - [STDERR_REDIRECT] [Fatal Error] :1:1: Premature end of file.
2026-01-16 18:10:51,520 [ERROR] LogOutputStream:75 - [STDERR_REDIRECT] 
2026-01-16 18:10:52,522 [ERROR] LogOutputStream:75 - [STDERR_REDIRECT] [Fatal Error] :1:1: Premature end of file.
2026-01-16 18:10:52,522 [ERROR] LogOutputStream:75 - [STDERR_REDIRECT] 
2026-01-16 18:10:53,519 [ERROR] LogOutputStream:75 - [STDERR_REDIRECT] [Fatal Error] :1:1: Premature end of file.
2026-01-16 18:10:53,520 [ERROR] LogOutputStream:75 - [STDERR_REDIRECT] 
2026-01-16 18:10:54,519 [ERROR] LogOutputStream:75 - [STDERR_REDIRECT] [Fatal Error] :1:1: Premature end of file.
2026-01-16 18:10:54,519 [ERROR] LogOutputStream:75 - [STDERR_REDIRECT] 
2026-01-16 18:10:55,521 [ERROR] LogOutputStream:75 - [STDERR_REDIRECT] [Fatal Error] :1:1: Premature end of file.
2026-01-16 18:10:55,521 [ERROR] LogOutputStream:75 - [STDERR_REDIRECT] 
2026-01-16 18:10:56,522 [ERROR] LogOutputStream:75 - [STDERR_REDIRECT] [Fatal Error] :1:1: Premature end of file.
2026-01-16 18:10:56,522 [ERROR] LogOutputStream:75 - [STDERR_REDIRECT] 
2026-01-16 18:10:57,520 [ERROR] LogOutputStream:75 - [STDERR_REDIRECT] [Fatal Error] :1:1: Premature end of file.
2026-01-16 18:10:57,520 [ERROR] LogOutputStream:75 - [STDERR_REDIRECT] 
2026-01-16 18:10:58,520 [ERROR] LogOutputStream:75 - [STDERR_REDIRECT] [Fatal Error] :1:1: Premature end of file.
2026-01-16 18:10:58,520 [ERROR] LogOutputStream:75 - [STDERR_REDIRECT] 
2026-01-16 18:10:59,521 [ERROR] LogOutputStream:75 - [STDERR_REDIRECT] [Fatal Error] :1:1: Premature end of file.
2026-01-16 18:10:59,521 [ERROR] LogOutputStream:75 - [STDERR_REDIRECT] 
2026-01-16 18:11:00,521 [ERROR] LogOutputStream:75 - [STDERR_REDIRECT] [Fatal Error] :1:1: Premature end of file.
2026-01-16 18:11:00,521 [ERROR] LogOutputStream:75 - [STDERR_REDIRECT] 
2026-01-16 18:11:01,520 [ERROR] LogOutputStream:75 - [STDERR_REDIRECT] [Fatal Error] :1:1: Premature end of file.
2026-01-16 18:11:01,520 [ERROR] LogOutputStream:75 - [STDERR_REDIRECT] 
2026-01-16 18:11:02,520 [ERROR] LogOutputStream:75 - [STDERR_REDIRECT] [Fatal Error] :1:1: Premature end of file.
2026-01-16 18:11:02,520 [ERROR] LogOutputStream:75 - [STDERR_REDIRECT] 
2026-01-16 18:11:03,520 [ERROR] LogOutputStream:75 - [STDERR_REDIRECT] [Fatal Error] :1:1: Premature end of file.
2026-01-16 18:11:03,520 [ERROR] LogOutputStream:75 - [STDERR_REDIRECT] 
2026-01-16 18:11:04,520 [ERROR] LogOutputStream:75 - [STDERR_REDIRECT] [Fatal Error] :1:1: Premature end of file.
2026-01-16 18:11:04,520 [ERROR] LogOutputStream:75 - [STDERR_REDIRECT] 
2026-01-16 18:11:05,519 [ERROR] LogOutputStream:75 - [STDERR_REDIRECT] [Fatal Error] :1:1: Premature end of file.
2026-01-16 18:11:05,519 [ERROR] LogOutputStream:75 - [STDERR_REDIRECT] 
2026-01-16 18:11:06,521 [ERROR] LogOutputStream:75 - [STDERR_REDIRECT] [Fatal Error] :1:1: Premature end of file.
2026-01-16 18:11:06,521 [ERROR] LogOutputStream:75 - [STDERR_REDIRECT] 
2026-01-16 18:11:07,522 [ERROR] LogOutputStream:75 - [STDERR_REDIRECT] [Fatal Error] :1:1: Premature end of file.
2026-01-16 18:11:07,522 [ERROR] LogOutputStream:75 - [STDERR_REDIRECT] 
2026-01-16 18:11:08,521 [ERROR] LogOutputStream:75 - [STDERR_REDIRECT] [Fatal Error] :1:1: Premature end of file.
2026-01-16 18:11:08,521 [ERROR] LogOutputStream:75 - [STDERR_REDIRECT] 
2026-01-16 18:11:09,520 [ERROR] LogOutputStream:75 - [STDERR_REDIRECT] [Fatal Error] :1:1: Premature end of file.
2026-01-16 18:11:09,520 [ERROR] LogOutputStream:75 - [STDERR_REDIRECT] 
2026-01-16 18:11:10,520 [ERROR] LogOutputStream:75 - [STDERR_REDIRECT] [Fatal Error] :1:1: Premature end of file.
2026-01-16 18:11:10,520 [ERROR] LogOutputStream:75 - [STDERR_REDIRECT] 
2026-01-16 18:11:11,520 [ERROR] LogOutputStream:75 - [STDERR_REDIRECT] [Fatal Error] :1:1: Premature end of file.
2026-01-16 18:11:11,520 [ERROR] LogOutputStream:75 - [STDERR_REDIRECT] 
2026-01-16 18:11:12,522 [ERROR] LogOutputStream:75 - [STDERR_REDIRECT] [Fatal Error] :1:1: Premature end of file.
2026-01-16 18:11:12,522 [ERROR] LogOutputStream:75 - [STDERR_REDIRECT] 
2026-01-16 18:11:13,521 [ERROR] LogOutputStream:75 - [STDERR_REDIRECT] [Fatal Error] :1:1: Premature end of file.
2026-01-16 18:11:13,521 [ERROR] LogOutputStream:75 - [STDERR_REDIRECT] 
2026-01-16 18:11:14,522 [ERROR] LogOutputStream:75 - [STDERR_REDIRECT] [Fatal Error] :1:1: Premature end of file.
2026-01-16 18:11:14,522 [ERROR] LogOutputStream:75 - [STDERR_REDIRECT] 
2026-01-16 18:11:15,520 [ERROR] LogOutputStream:75 - [STDERR_REDIRECT] [Fatal Error] :1:1: Premature end of file.
2026-01-16 18:11:15,520 [ERROR] LogOutputStream:75 - [STDERR_REDIRECT] 
2026-01-16 18:11:16,520 [ERROR] LogOutputStream:75 - [STDERR_REDIRECT] [Fatal Error] :1:1: Premature end of file.
2026-01-16 18:11:16,520 [ERROR] LogOutputStream:75 - [STDERR_REDIRECT] 
2026-01-16 18:11:17,521 [ERROR] LogOutputStream:75 - [STDERR_REDIRECT] [Fatal Error] :1:1: Premature end of file.
2026-01-16 18:11:17,521 [ERROR] LogOutputStream:75 - [STDERR_REDIRECT] 
2026-01-16 18:11:18,521 [ERROR] LogOutputStream:75 - [STDERR_REDIRECT] [Fatal Error] :1:1: Premature end of file.
2026-01-16 18:11:18,521 [ERROR] LogOutputStream:75 - [STDERR_REDIRECT] 
2026-01-16 18:11:19,520 [ERROR] LogOutputStream:75 - [STDERR_REDIRECT] [Fatal Error] :1:1: Premature end of file.
2026-01-16 18:11:19,520 [ERROR] LogOutputStream:75 - [STDERR_REDIRECT] 
2026-01-16 18:11:20,523 [ERROR] LogOutputStream:75 - [STDERR_REDIRECT] [Fatal Error] :1:1: Premature end of file.
2026-01-16 18:11:20,523 [ERROR] LogOutputStream:75 - [STDERR_REDIRECT] 
2026-01-16 18:11:21,521 [ERROR] LogOutputStream:75 - [STDERR_REDIRECT] [Fatal Error] :1:1: Premature end of file.
2026-01-16 18:11:21,521 [ERROR] LogOutputStream:75 - [STDERR_REDIRECT] 
2026-01-16 18:11:22,520 [ERROR] LogOutputStream:75 - [STDERR_REDIRECT] [Fatal Error] :1:1: Premature end of file.
2026-01-16 18:11:22,520 [ERROR] LogOutputStream:75 - [STDERR_REDIRECT] 
2026-01-16 18:11:23,520 [ERROR] LogOutputStream:75 - [STDERR_REDIRECT] [Fatal Error] :1:1: Premature end of file.
2026-01-16 18:11:23,520 [ERROR] LogOutputStream:75 - [STDERR_REDIRECT] 
2026-01-16 18:11:24,520 [ERROR] LogOutputStream:75 - [STDERR_REDIRECT] [Fatal Error] :1:1: Premature end of file.
2026-01-16 18:11:24,521 [ERROR] LogOutputStream:75 - [STDERR_REDIRECT] 
2026-01-16 18:11:25,521 [ERROR] LogOutputStream:75 - [STDERR_REDIRECT] [Fatal Error] :1:1: Premature end of file.
2026-01-16 18:11:25,521 [ERROR] LogOutputStream:75 - [STDERR_REDIRECT] 
2026-01-16 18:11:26,521 [ERROR] LogOutputStream:75 - [STDERR_REDIRECT] [Fatal Error] :1:1: Premature end of file.
2026-01-16 18:11:26,521 [ERROR] LogOutputStream:75 - [STDERR_REDIRECT] 
2026-01-16 18:11:27,522 [ERROR] LogOutputStream:75 - [STDERR_REDIRECT] [Fatal Error] :1:1: Premature end of file.
2026-01-16 18:11:27,522 [ERROR] LogOutputStream:75 - [STDERR_REDIRECT] 
2026-01-16 18:11:28,519 [ERROR] LogOutputStream:75 - [STDERR_REDIRECT] [Fatal Error] :1:1: Premature end of file.
2026-01-16 18:11:28,520 [ERROR] LogOutputStream:75 - [STDERR_REDIRECT] 
2026-01-16 18:11:29,521 [ERROR] LogOutputStream:75 - [STDERR_REDIRECT] [Fatal Error] :1:1: Premature end of file.
2026-01-16 18:11:29,521 [ERROR] LogOutputStream:75 - [STDERR_REDIRECT] 
2026-01-16 18:11:30,520 [ERROR] LogOutputStream:75 - [STDERR_REDIRECT] [Fatal Error] :1:1: Premature end of file.
2026-01-16 18:11:30,520 [ERROR] LogOutputStream:75 - [STDERR_REDIRECT] 
2026-01-16 18:11:31,520 [ERROR] LogOutputStream:75 - [STDERR_REDIRECT] [Fatal Error] :1:1: Premature end of file.
2026-01-16 18:11:31,520 [ERROR] LogOutputStream:75 - [STDERR_REDIRECT] 
2026-01-16 18:11:32,520 [ERROR] LogOutputStream:75 - [STDERR_REDIRECT] [Fatal Error] :1:1: Premature end of file.
2026-01-16 18:11:32,521 [ERROR] LogOutputStream:75 - [STDERR_REDIRECT] 
2026-01-16 18:11:33,521 [ERROR] LogOutputStream:75 - [STDERR_REDIRECT] [Fatal Error] :1:1: Premature end of file.
2026-01-16 18:11:33,521 [ERROR] LogOutputStream:75 - [STDERR_REDIRECT] 
2026-01-16 18:11:34,522 [ERROR] LogOutputStream:75 - [STDERR_REDIRECT] [Fatal Error] :1:1: Premature end of file.
2026-01-16 18:11:34,522 [ERROR] LogOutputStream:75 - [STDERR_REDIRECT] 
2026-01-16 18:11:35,519 [ERROR] LogOutputStream:75 - [STDERR_REDIRECT] [Fatal Error] :1:1: Premature end of file.
2026-01-16 18:11:35,520 [ERROR] LogOutputStream:75 - [STDERR_REDIRECT] 
2026-01-16 18:11:36,521 [ERROR] LogOutputStream:75 - [STDERR_REDIRECT] [Fatal Error] :1:1: Premature end of file.
2026-01-16 18:11:36,521 [ERROR] LogOutputStream:75 - [STDERR_REDIRECT] 
2026-01-16 18:11:37,523 [ERROR] LogOutputStream:75 - [STDERR_REDIRECT] [Fatal Error] :1:1: Premature end of file.
2026-01-16 18:11:37,524 [ERROR] LogOutputStream:75 - [STDERR_REDIRECT] 
2026-01-16 18:11:38,519 [ERROR] LogOutputStream:75 - [STDERR_REDIRECT] [Fatal Error] :1:1: Premature end of file.
2026-01-16 18:11:38,519 [ERROR] LogOutputStream:75 - [STDERR_REDIRECT] 
2026-01-16 18:11:39,520 [ERROR] LogOutputStream:75 - [STDERR_REDIRECT] [Fatal Error] :1:1: Premature end of file.
2026-01-16 18:11:39,520 [ERROR] LogOutputStream:75 - [STDERR_REDIRECT] 
2026-01-16 18:11:40,521 [ERROR] LogOutputStream:75 - [STDERR_REDIRECT] [Fatal Error] :1:1: Premature end of file.
2026-01-16 18:11:40,521 [ERROR] LogOutputStream:75 - [STDERR_REDIRECT] 
2026-01-16 18:11:41,520 [ERROR] LogOutputStream:75 - [STDERR_REDIRECT] [Fatal Error] :1:1: Premature end of file.
2026-01-16 18:11:41,521 [ERROR] LogOutputStream:75 - [STDERR_REDIRECT] 
2026-01-16 18:11:42,521 [ERROR] LogOutputStream:75 - [STDERR_REDIRECT] [Fatal Error] :1:1: Premature end of file.
2026-01-16 18:11:42,521 [ERROR] LogOutputStream:75 - [STDERR_REDIRECT] 
2026-01-16 18:11:43,520 [ERROR] LogOutputStream:75 - [STDERR_REDIRECT] [Fatal Error] :1:1: Premature end of file.
2026-01-16 18:11:43,520 [ERROR] LogOutputStream:75 - [STDERR_REDIRECT] 
2026-01-16 18:11:44,521 [ERROR] LogOutputStream:75 - [STDERR_REDIRECT] [Fatal Error] :1:1: Premature end of file.
2026-01-16 18:11:44,522 [ERROR] LogOutputStream:75 - [STDERR_REDIRECT] 
2026-01-16 18:11:45,520 [ERROR] LogOutputStream:75 - [STDERR_REDIRECT] [Fatal Error] :1:1: Premature end of file.
2026-01-16 18:11:45,520 [ERROR] LogOutputStream:75 - [STDERR_REDIRECT] 
2026-01-16 18:11:46,519 [ERROR] LogOutputStream:75 - [STDERR_REDIRECT] [Fatal Error] :1:1: Premature end of file.
2026-01-16 18:11:46,519 [ERROR] LogOutputStream:75 - [STDERR_REDIRECT] 
2026-01-16 18:11:47,521 [ERROR] LogOutputStream:75 - [STDERR_REDIRECT] [Fatal Error] :1:1: Premature end of file.
2026-01-16 18:11:47,521 [ERROR] LogOutputStream:75 - [STDERR_REDIRECT] 
2026-01-16 18:11:48,520 [ERROR] LogOutputStream:75 - [STDERR_REDIRECT] [Fatal Error] :1:1: Premature end of file.
2026-01-16 18:11:48,521 [ERROR] LogOutputStream:75 - [STDERR_REDIRECT] 
2026-01-16 18:11:49,521 [ERROR] LogOutputStream:75 - [STDERR_REDIRECT] [Fatal Error] :1:1: Premature end of file.
2026-01-16 18:11:49,521 [ERROR] LogOutputStream:75 - [STDERR_REDIRECT] 
2026-01-16 18:11:50,520 [ERROR] LogOutputStream:75 - [STDERR_REDIRECT] [Fatal Error] :1:1: Premature end of file.
2026-01-16 18:11:50,520 [ERROR] LogOutputStream:75 - [STDERR_REDIRECT] 
2026-01-16 18:11:51,521 [ERROR] LogOutputStream:75 - [STDERR_REDIRECT] [Fatal Error] :1:1: Premature end of file.
2026-01-16 18:11:51,521 [ERROR] LogOutputStream:75 - [STDERR_REDIRECT] 
2026-01-16 18:11:52,519 [ERROR] LogOutputStream:75 - [STDERR_REDIRECT] [Fatal Error] :1:1: Premature end of file.
2026-01-16 18:11:52,519 [ERROR] LogOutputStream:75 - [STDERR_REDIRECT] 
2026-01-16 18:11:53,521 [ERROR] LogOutputStream:75 - [STDERR_REDIRECT] [Fatal Error] :1:1: Premature end of file.
2026-01-16 18:11:53,521 [ERROR] LogOutputStream:75 - [STDERR_REDIRECT] 
2026-01-16 18:11:54,521 [ERROR] LogOutputStream:75 - [STDERR_REDIRECT] [Fatal Error] :1:1: Premature end of file.
2026-01-16 18:11:54,521 [ERROR] LogOutputStream:75 - [STDERR_REDIRECT] 
2026-01-16 18:11:55,520 [ERROR] LogOutputStream:75 - [STDERR_REDIRECT] [Fatal Error] :1:1: Premature end of file.
2026-01-16 18:11:55,521 [ERROR] LogOutputStream:75 - [STDERR_REDIRECT] 
2026-01-16 18:11:56,519 [ERROR] LogOutputStream:75 - [STDERR_REDIRECT] [Fatal Error] :1:1: Premature end of file.
2026-01-16 18:11:56,519 [ERROR] LogOutputStream:75 - [STDERR_REDIRECT] 
2026-01-16 18:11:57,520 [ERROR] LogOutputStream:75 - [STDERR_REDIRECT] [Fatal Error] :1:1: Premature end of file.
2026-01-16 18:11:57,520 [ERROR] LogOutputStream:75 - [STDERR_REDIRECT] 
2026-01-16 18:11:58,520 [ERROR] LogOutputStream:75 - [STDERR_REDIRECT] [Fatal Error] :1:1: Premature end of file.
2026-01-16 18:11:58,520 [ERROR] LogOutputStream:75 - [STDERR_REDIRECT] 
2026-01-16 18:11:59,521 [ERROR] LogOutputStream:75 - [STDERR_REDIRECT] [Fatal Error] :1:1: Premature end of file.
2026-01-16 18:11:59,521 [ERROR] LogOutputStream:75 - [STDERR_REDIRECT] 
2026-01-16 18:12:00,521 [ERROR] LogOutputStream:75 - [STDERR_REDIRECT] [Fatal Error] :1:1: Premature end of file.
2026-01-16 18:12:00,521 [ERROR] LogOutputStream:75 - [STDERR_REDIRECT] 
2026-01-16 18:12:01,521 [ERROR] LogOutputStream:75 - [STDERR_REDIRECT] [Fatal Error] :1:1: Premature end of file.
2026-01-16 18:12:01,521 [ERROR] LogOutputStream:75 - [STDERR_REDIRECT] 
2026-01-16 18:12:02,520 [ERROR] LogOutputStream:75 - [STDERR_REDIRECT] [Fatal Error] :1:1: Premature end of file.
2026-01-16 18:12:02,520 [ERROR] LogOutputStream:75 - [STDERR_REDIRECT] 
2026-01-16 18:12:03,520 [ERROR] LogOutputStream:75 - [STDERR_REDIRECT] [Fatal Error] :1:1: Premature end of file.
2026-01-16 18:12:03,520 [ERROR] LogOutputStream:75 - [STDERR_REDIRECT] 
2026-01-16 18:12:04,520 [ERROR] LogOutputStream:75 - [STDERR_REDIRECT] [Fatal Error] :1:1: Premature end of file.
2026-01-16 18:12:04,520 [ERROR] LogOutputStream:75 - [STDERR_REDIRECT] 
2026-01-16 18:12:05,521 [ERROR] LogOutputStream:75 - [STDERR_REDIRECT] [Fatal Error] :1:1: Premature end of file.
2026-01-16 18:12:05,521 [ERROR] LogOutputStream:75 - [STDERR_REDIRECT] 
2026-01-16 18:12:06,520 [ERROR] LogOutputStream:75 - [STDERR_REDIRECT] [Fatal Error] :1:1: Premature end of file.
2026-01-16 18:12:06,520 [ERROR] LogOutputStream:75 - [STDERR_REDIRECT] 
2026-01-16 18:12:07,522 [ERROR] LogOutputStream:75 - [STDERR_REDIRECT] [Fatal Error] :1:1: Premature end of file.
2026-01-16 18:12:07,522 [ERROR] LogOutputStream:75 - [STDERR_REDIRECT] 
2026-01-16 18:12:08,518 [ERROR] LogOutputStream:75 - [STDERR_REDIRECT] [Fatal Error] :1:1: Premature end of file.
2026-01-16 18:12:08,518 [ERROR] LogOutputStream:75 - [STDERR_REDIRECT] 
2026-01-16 18:12:09,521 [ERROR] LogOutputStream:75 - [STDERR_REDIRECT] [Fatal Error] :1:1: Premature end of file.
2026-01-16 18:12:09,521 [ERROR] LogOutputStream:75 - [STDERR_REDIRECT] 
2026-01-16 18:12:10,519 [ERROR] LogOutputStream:75 - [STDERR_REDIRECT] [Fatal Error] :1:1: Premature end of file.
2026-01-16 18:12:10,519 [ERROR] LogOutputStream:75 - [STDERR_REDIRECT] 
2026-01-16 18:12:11,521 [ERROR] LogOutputStream:75 - [STDERR_REDIRECT] [Fatal Error] :1:1: Premature end of file.
2026-01-16 18:12:11,521 [ERROR] LogOutputStream:75 - [STDERR_REDIRECT] 
2026-01-16 18:12:12,521 [ERROR] LogOutputStream:75 - [STDERR_REDIRECT] [Fatal Error] :1:1: Premature end of file.
2026-01-16 18:12:12,521 [ERROR] LogOutputStream:75 - [STDERR_REDIRECT] 
2026-01-16 18:12:13,520 [ERROR] LogOutputStream:75 - [STDERR_REDIRECT] [Fatal Error] :1:1: Premature end of file.
2026-01-16 18:12:13,520 [ERROR] LogOutputStream:75 - [STDERR_REDIRECT] 
2026-01-16 18:12:14,521 [ERROR] LogOutputStream:75 - [STDERR_REDIRECT] [Fatal Error] :1:1: Premature end of file.
2026-01-16 18:12:14,521 [ERROR] LogOutputStream:75 - [STDERR_REDIRECT] 
2026-01-16 18:12:15,521 [ERROR] LogOutputStream:75 - [STDERR_REDIRECT] [Fatal Error] :1:1: Premature end of file.
2026-01-16 18:12:15,521 [ERROR] LogOutputStream:75 - [STDERR_REDIRECT] 
2026-01-16 18:12:16,520 [ERROR] LogOutputStream:75 - [STDERR_REDIRECT] [Fatal Error] :1:1: Premature end of file.
2026-01-16 18:12:16,520 [ERROR] LogOutputStream:75 - [STDERR_REDIRECT] 
2026-01-16 18:12:17,520 [ERROR] LogOutputStream:75 - [STDERR_REDIRECT] [Fatal Error] :1:1: Premature end of file.
2026-01-16 18:12:17,521 [ERROR] LogOutputStream:75 - [STDERR_REDIRECT] 
2026-01-16 18:12:18,519 [ERROR] LogOutputStream:75 - [STDERR_REDIRECT] [Fatal Error] :1:1: Premature end of file.
2026-01-16 18:12:18,520 [ERROR] LogOutputStream:75 - [STDERR_REDIRECT] 
2026-01-16 18:12:19,522 [ERROR] LogOutputStream:75 - [STDERR_REDIRECT] [Fatal Error] :1:1: Premature end of file.
2026-01-16 18:12:19,522 [ERROR] LogOutputStream:75 - [STDERR_REDIRECT] 
2026-01-16 18:12:20,520 [ERROR] LogOutputStream:75 - [STDERR_REDIRECT] [Fatal Error] :1:1: Premature end of file.
2026-01-16 18:12:20,520 [ERROR] LogOutputStream:75 - [STDERR_REDIRECT] 
2026-01-16 18:12:21,523 [ERROR] LogOutputStream:75 - [STDERR_REDIRECT] [Fatal Error] :1:1: Premature end of file.
2026-01-16 18:12:21,523 [ERROR] LogOutputStream:75 - [STDERR_REDIRECT] 
2026-01-16 18:12:22,521 [ERROR] LogOutputStream:75 - [STDERR_REDIRECT] [Fatal Error] :1:1: Premature end of file.
2026-01-16 18:12:22,521 [ERROR] LogOutputStream:75 - [STDERR_REDIRECT] 
2026-01-16 18:12:23,521 [ERROR] LogOutputStream:75 - [STDERR_REDIRECT] [Fatal Error] :1:1: Premature end of file.
2026-01-16 18:12:23,521 [ERROR] LogOutputStream:75 - [STDERR_REDIRECT] 
2026-01-16 18:12:24,519 [ERROR] LogOutputStream:75 - [STDERR_REDIRECT] [Fatal Error] :1:1: Premature end of file.
2026-01-16 18:12:24,520 [ERROR] LogOutputStream:75 - [STDERR_REDIRECT] 
2026-01-16 18:12:25,519 [ERROR] LogOutputStream:75 - [STDERR_REDIRECT] [Fatal Error] :1:1: Premature end of file.
2026-01-16 18:12:25,519 [ERROR] LogOutputStream:75 - [STDERR_REDIRECT] 
2026-01-16 18:12:26,522 [ERROR] LogOutputStream:75 - [STDERR_REDIRECT] [Fatal Error] :1:1: Premature end of file.
2026-01-16 18:12:26,522 [ERROR] LogOutputStream:75 - [STDERR_REDIRECT] 
2026-01-16 18:12:27,520 [ERROR] LogOutputStream:75 - [STDERR_REDIRECT] [Fatal Error] :1:1: Premature end of file.
2026-01-16 18:12:27,521 [ERROR] LogOutputStream:75 - [STDERR_REDIRECT] 
2026-01-16 18:12:28,520 [ERROR] LogOutputStream:75 - [STDERR_REDIRECT] [Fatal Error] :1:1: Premature end of file.
2026-01-16 18:12:28,520 [ERROR] LogOutputStream:75 - [STDERR_REDIRECT] 
2026-01-16 18:12:29,521 [ERROR] LogOutputStream:75 - [STDERR_REDIRECT] [Fatal Error] :1:1: Premature end of file.
2026-01-16 18:12:29,521 [ERROR] LogOutputStream:75 - [STDERR_REDIRECT] 
2026-01-16 18:12:30,521 [ERROR] LogOutputStream:75 - [STDERR_REDIRECT] [Fatal Error] :1:1: Premature end of file.
2026-01-16 18:12:30,521 [ERROR] LogOutputStream:75 - [STDERR_REDIRECT] 
2026-01-16 18:12:31,519 [ERROR] LogOutputStream:75 - [STDERR_REDIRECT] [Fatal Error] :1:1: Premature end of file.
2026-01-16 18:12:31,520 [ERROR] LogOutputStream:75 - [STDERR_REDIRECT] 
2026-01-16 18:12:32,519 [ERROR] LogOutputStream:75 - [STDERR_REDIRECT] [Fatal Error] :1:1: Premature end of file.
2026-01-16 18:12:32,520 [ERROR] LogOutputStream:75 - [STDERR_REDIRECT] 
2026-01-16 18:12:33,520 [ERROR] LogOutputStream:75 - [STDERR_REDIRECT] [Fatal Error] :1:1: Premature end of file.
2026-01-16 18:12:33,520 [ERROR] LogOutputStream:75 - [STDERR_REDIRECT] 
2026-01-16 18:12:34,520 [ERROR] LogOutputStream:75 - [STDERR_REDIRECT] [Fatal Error] :1:1: Premature end of file.
2026-01-16 18:12:34,520 [ERROR] LogOutputStream:75 - [STDERR_REDIRECT] 
2026-01-16 18:12:35,521 [ERROR] LogOutputStream:75 - [STDERR_REDIRECT] [Fatal Error] :1:1: Premature end of file.
2026-01-16 18:12:35,521 [ERROR] LogOutputStream:75 - [STDERR_REDIRECT] 
2026-01-16 18:12:36,519 [ERROR] LogOutputStream:75 - [STDERR_REDIRECT] [Fatal Error] :1:1: Premature end of file.
2026-01-16 18:12:36,520 [ERROR] LogOutputStream:75 - [STDERR_REDIRECT] 
2026-01-16 18:12:37,520 [ERROR] LogOutputStream:75 - [STDERR_REDIRECT] [Fatal Error] :1:1: Premature end of file.
2026-01-16 18:12:37,521 [ERROR] LogOutputStream:75 - [STDERR_REDIRECT] 
2026-01-16 18:12:38,519 [ERROR] LogOutputStream:75 - [STDERR_REDIRECT] [Fatal Error] :1:1: Premature end of file.
2026-01-16 18:12:38,519 [ERROR] LogOutputStream:75 - [STDERR_REDIRECT] 
2026-01-16 18:12:39,520 [ERROR] LogOutputStream:75 - [STDERR_REDIRECT] [Fatal Error] :1:1: Premature end of file.
2026-01-16 18:12:39,521 [ERROR] LogOutputStream:75 - [STDERR_REDIRECT] 
2026-01-16 18:12:40,519 [ERROR] LogOutputStream:75 - [STDERR_REDIRECT] [Fatal Error] :1:1: Premature end of file.
2026-01-16 18:12:40,520 [ERROR] LogOutputStream:75 - [STDERR_REDIRECT] 
2026-01-16 18:12:41,521 [ERROR] LogOutputStream:75 - [STDERR_REDIRECT] [Fatal Error] :1:1: Premature end of file.
2026-01-16 18:12:41,521 [ERROR] LogOutputStream:75 - [STDERR_REDIRECT] 
2026-01-16 18:12:42,521 [ERROR] LogOutputStream:75 - [STDERR_REDIRECT] [Fatal Error] :1:1: Premature end of file.
2026-01-16 18:12:42,521 [ERROR] LogOutputStream:75 - [STDERR_REDIRECT] 
2026-01-16 18:12:43,520 [ERROR] LogOutputStream:75 - [STDERR_REDIRECT] [Fatal Error] :1:1: Premature end of file.
2026-01-16 18:12:43,520 [ERROR] LogOutputStream:75 - [STDERR_REDIRECT] 
2026-01-16 18:12:44,521 [ERROR] LogOutputStream:75 - [STDERR_REDIRECT] [Fatal Error] :1:1: Premature end of file.
2026-01-16 18:12:44,522 [ERROR] LogOutputStream:75 - [STDERR_REDIRECT] 
2026-01-16 18:12:45,521 [ERROR] LogOutputStream:75 - [STDERR_REDIRECT] [Fatal Error] :1:1: Premature end of file.
2026-01-16 18:12:45,521 [ERROR] LogOutputStream:75 - [STDERR_REDIRECT] 
2026-01-16 18:12:46,520 [ERROR] LogOutputStream:75 - [STDERR_REDIRECT] [Fatal Error] :1:1: Premature end of file.
2026-01-16 18:12:46,520 [ERROR] LogOutputStream:75 - [STDERR_REDIRECT] 
2026-01-16 18:12:47,520 [ERROR] LogOutputStream:75 - [STDERR_REDIRECT] [Fatal Error] :1:1: Premature end of file.
2026-01-16 18:12:47,521 [ERROR] LogOutputStream:75 - [STDERR_REDIRECT] 
2026-01-16 18:12:48,521 [ERROR] LogOutputStream:75 - [STDERR_REDIRECT] [Fatal Error] :1:1: Premature end of file.
2026-01-16 18:12:48,521 [ERROR] LogOutputStream:75 - [STDERR_REDIRECT] 
2026-01-16 18:12:49,520 [ERROR] LogOutputStream:75 - [STDERR_REDIRECT] [Fatal Error] :1:1: Premature end of file.
2026-01-16 18:12:49,520 [ERROR] LogOutputStream:75 - [STDERR_REDIRECT] 
2026-01-16 18:12:50,520 [ERROR] LogOutputStream:75 - [STDERR_REDIRECT] [Fatal Error] :1:1: Premature end of file.
2026-01-16 18:12:50,520 [ERROR] LogOutputStream:75 - [STDERR_REDIRECT] 
2026-01-16 18:12:51,520 [ERROR] LogOutputStream:75 - [STDERR_REDIRECT] [Fatal Error] :1:1: Premature end of file.
2026-01-16 18:12:51,520 [ERROR] LogOutputStream:75 - [STDERR_REDIRECT] 
2026-01-16 18:12:52,521 [ERROR] LogOutputStream:75 - [STDERR_REDIRECT] [Fatal Error] :1:1: Premature end of file.
2026-01-16 18:12:52,521 [ERROR] LogOutputStream:75 - [STDERR_REDIRECT] 
2026-01-16 18:12:53,521 [ERROR] LogOutputStream:75 - [STDERR_REDIRECT] [Fatal Error] :1:1: Premature end of file.
2026-01-16 18:12:53,521 [ERROR] LogOutputStream:75 - [STDERR_REDIRECT] 
2026-01-16 18:12:54,521 [ERROR] LogOutputStream:75 - [STDERR_REDIRECT] [Fatal Error] :1:1: Premature end of file.
2026-01-16 18:12:54,521 [ERROR] LogOutputStream:75 - [STDERR_REDIRECT] 
2026-01-16 18:12:55,521 [ERROR] LogOutputStream:75 - [STDERR_REDIRECT] [Fatal Error] :1:1: Premature end of file.
2026-01-16 18:12:55,521 [ERROR] LogOutputStream:75 - [STDERR_REDIRECT] 
2026-01-16 18:12:56,521 [ERROR] LogOutputStream:75 - [STDERR_REDIRECT] [Fatal Error] :1:1: Premature end of file.
2026-01-16 18:12:56,521 [ERROR] LogOutputStream:75 - [STDERR_REDIRECT] 
2026-01-16 18:12:57,520 [ERROR] LogOutputStream:75 - [STDERR_REDIRECT] [Fatal Error] :1:1: Premature end of file.
2026-01-16 18:12:57,520 [ERROR] LogOutputStream:75 - [STDERR_REDIRECT] 
2026-01-16 18:12:58,522 [ERROR] LogOutputStream:75 - [STDERR_REDIRECT] [Fatal Error] :1:1: Premature end of file.
2026-01-16 18:12:58,522 [ERROR] LogOutputStream:75 - [STDERR_REDIRECT] 
2026-01-16 18:12:59,521 [ERROR] LogOutputStream:75 - [STDERR_REDIRECT] [Fatal Error] :1:1: Premature end of file.
2026-01-16 18:12:59,521 [ERROR] LogOutputStream:75 - [STDERR_REDIRECT] 
2026-01-16 18:13:00,520 [ERROR] LogOutputStream:75 - [STDERR_REDIRECT] [Fatal Error] :1:1: Premature end of file.
2026-01-16 18:13:00,520 [ERROR] LogOutputStream:75 - [STDERR_REDIRECT] 
2026-01-16 18:13:01,520 [ERROR] LogOutputStream:75 - [STDERR_REDIRECT] [Fatal Error] :1:1: Premature end of file.
2026-01-16 18:13:01,520 [ERROR] LogOutputStream:75 - [STDERR_REDIRECT] 
2026-01-16 18:13:02,521 [ERROR] LogOutputStream:75 - [STDERR_REDIRECT] [Fatal Error] :1:1: Premature end of file.
2026-01-16 18:13:02,521 [ERROR] LogOutputStream:75 - [STDERR_REDIRECT] 
2026-01-16 18:13:03,519 [ERROR] LogOutputStream:75 - [STDERR_REDIRECT] [Fatal Error] :1:1: Premature end of file.
2026-01-16 18:13:03,519 [ERROR] LogOutputStream:75 - [STDERR_REDIRECT] 
2026-01-16 18:13:04,520 [ERROR] LogOutputStream:75 - [STDERR_REDIRECT] [Fatal Error] :1:1: Premature end of file.
2026-01-16 18:13:04,520 [ERROR] LogOutputStream:75 - [STDERR_REDIRECT] 
2026-01-16 18:13:05,520 [ERROR] LogOutputStream:75 - [STDERR_REDIRECT] [Fatal Error] :1:1: Premature end of file.
2026-01-16 18:13:05,521 [ERROR] LogOutputStream:75 - [STDERR_REDIRECT] 
2026-01-16 18:13:06,521 [ERROR] LogOutputStream:75 - [STDERR_REDIRECT] [Fatal Error] :1:1: Premature end of file.
2026-01-16 18:13:06,521 [ERROR] LogOutputStream:75 - [STDERR_REDIRECT] 
2026-01-16 18:13:07,519 [ERROR] LogOutputStream:75 - [STDERR_REDIRECT] [Fatal Error] :1:1: Premature end of file.
2026-01-16 18:13:07,519 [ERROR] LogOutputStream:75 - [STDERR_REDIRECT] 
2026-01-16 18:13:08,519 [ERROR] LogOutputStream:75 - [STDERR_REDIRECT] [Fatal Error] :1:1: Premature end of file.
2026-01-16 18:13:08,519 [ERROR] LogOutputStream:75 - [STDERR_REDIRECT] 
2026-01-16 18:13:09,521 [ERROR] LogOutputStream:75 - [STDERR_REDIRECT] [Fatal Error] :1:1: Premature end of file.
2026-01-16 18:13:09,521 [ERROR] LogOutputStream:75 - [STDERR_REDIRECT] 
2026-01-16 18:13:10,519 [ERROR] LogOutputStream:75 - [STDERR_REDIRECT] [Fatal Error] :1:1: Premature end of file.
2026-01-16 18:13:10,519 [ERROR] LogOutputStream:75 - [STDERR_REDIRECT] 
2026-01-16 18:13:11,519 [ERROR] LogOutputStream:75 - [STDERR_REDIRECT] [Fatal Error] :1:1: Premature end of file.
2026-01-16 18:13:11,519 [ERROR] LogOutputStream:75 - [STDERR_REDIRECT] 
2026-01-16 18:13:12,520 [ERROR] LogOutputStream:75 - [STDERR_REDIRECT] [Fatal Error] :1:1: Premature end of file.
2026-01-16 18:13:12,520 [ERROR] LogOutputStream:75 - [STDERR_REDIRECT] 
2026-01-16 18:13:13,521 [ERROR] LogOutputStream:75 - [STDERR_REDIRECT] [Fatal Error] :1:1: Premature end of file.
2026-01-16 18:13:13,521 [ERROR] LogOutputStream:75 - [STDERR_REDIRECT] 
2026-01-16 18:13:14,521 [ERROR] LogOutputStream:75 - [STDERR_REDIRECT] [Fatal Error] :1:1: Premature end of file.
2026-01-16 18:13:14,521 [ERROR] LogOutputStream:75 - [STDERR_REDIRECT] 
2026-01-16 18:13:15,520 [ERROR] LogOutputStream:75 - [STDERR_REDIRECT] [Fatal Error] :1:1: Premature end of file.
2026-01-16 18:13:15,520 [ERROR] LogOutputStream:75 - [STDERR_REDIRECT] 
2026-01-16 18:13:16,520 [ERROR] LogOutputStream:75 - [STDERR_REDIRECT] [Fatal Error] :1:1: Premature end of file.
2026-01-16 18:13:16,520 [ERROR] LogOutputStream:75 - [STDERR_REDIRECT] 
2026-01-16 18:13:17,520 [ERROR] LogOutputStream:75 - [STDERR_REDIRECT] [Fatal Error] :1:1: Premature end of file.
2026-01-16 18:13:17,520 [ERROR] LogOutputStream:75 - [STDERR_REDIRECT] 
2026-01-16 18:13:18,520 [ERROR] LogOutputStream:75 - [STDERR_REDIRECT] [Fatal Error] :1:1: Premature end of file.
2026-01-16 18:13:18,520 [ERROR] LogOutputStream:75 - [STDERR_REDIRECT] 
2026-01-16 18:13:19,521 [ERROR] LogOutputStream:75 - [STDERR_REDIRECT] [Fatal Error] :1:1: Premature end of file.
2026-01-16 18:13:19,521 [ERROR] LogOutputStream:75 - [STDERR_REDIRECT] 
2026-01-16 18:13:20,519 [ERROR] LogOutputStream:75 - [STDERR_REDIRECT] [Fatal Error] :1:1: Premature end of file.
2026-01-16 18:13:20,519 [ERROR] LogOutputStream:75 - [STDERR_REDIRECT] 
2026-01-16 18:13:21,523 [ERROR] LogOutputStream:75 - [STDERR_REDIRECT] [Fatal Error] :1:1: Premature end of file.
2026-01-16 18:13:21,523 [ERROR] LogOutputStream:75 - [STDERR_REDIRECT] 
2026-01-16 18:13:22,520 [ERROR] LogOutputStream:75 - [STDERR_REDIRECT] [Fatal Error] :1:1: Premature end of file.
2026-01-16 18:13:22,520 [ERROR] LogOutputStream:75 - [STDERR_REDIRECT] 
2026-01-16 18:13:23,520 [ERROR] LogOutputStream:75 - [STDERR_REDIRECT] [Fatal Error] :1:1: Premature end of file.
2026-01-16 18:13:23,521 [ERROR] LogOutputStream:75 - [STDERR_REDIRECT] 
2026-01-16 18:13:24,520 [ERROR] LogOutputStream:75 - [STDERR_REDIRECT] [Fatal Error] :1:1: Premature end of file.
2026-01-16 18:13:24,520 [ERROR] LogOutputStream:75 - [STDERR_REDIRECT] 
2026-01-16 18:13:25,519 [ERROR] LogOutputStream:75 - [STDERR_REDIRECT] [Fatal Error] :1:1: Premature end of file.
2026-01-16 18:13:25,520 [ERROR] LogOutputStream:75 - [STDERR_REDIRECT] 
2026-01-16 18:13:26,520 [ERROR] LogOutputStream:75 - [STDERR_REDIRECT] [Fatal Error] :1:1: Premature end of file.
2026-01-16 18:13:26,520 [ERROR] LogOutputStream:75 - [STDERR_REDIRECT] 
2026-01-16 18:13:27,518 [ERROR] LogOutputStream:75 - [STDERR_REDIRECT] [Fatal Error] :1:1: Premature end of file.
2026-01-16 18:13:27,518 [ERROR] LogOutputStream:75 - [STDERR_REDIRECT] 
2026-01-16 18:13:28,519 [ERROR] LogOutputStream:75 - [STDERR_REDIRECT] [Fatal Error] :1:1: Premature end of file.
2026-01-16 18:13:28,519 [ERROR] LogOutputStream:75 - [STDERR_REDIRECT] 
2026-01-16 18:13:29,520 [ERROR] LogOutputStream:75 - [STDERR_REDIRECT] [Fatal Error] :1:1: Premature end of file.
2026-01-16 18:13:29,520 [ERROR] LogOutputStream:75 - [STDERR_REDIRECT] 
2026-01-16 18:13:30,521 [ERROR] LogOutputStream:75 - [STDERR_REDIRECT] [Fatal Error] :1:1: Premature end of file.
2026-01-16 18:13:30,521 [ERROR] LogOutputStream:75 - [STDERR_REDIRECT] 
2026-01-16 18:13:31,522 [ERROR] LogOutputStream:75 - [STDERR_REDIRECT] [Fatal Error] :1:1: Premature end of file.
2026-01-16 18:13:31,522 [ERROR] LogOutputStream:75 - [STDERR_REDIRECT] 
2026-01-16 18:13:32,520 [ERROR] LogOutputStream:75 - [STDERR_REDIRECT] [Fatal Error] :1:1: Premature end of file.
2026-01-16 18:13:32,520 [ERROR] LogOutputStream:75 - [STDERR_REDIRECT] 
2026-01-16 18:13:33,522 [ERROR] LogOutputStream:75 - [STDERR_REDIRECT] [Fatal Error] :1:1: Premature end of file.
2026-01-16 18:13:33,522 [ERROR] LogOutputStream:75 - [STDERR_REDIRECT] 
2026-01-16 18:13:34,520 [ERROR] LogOutputStream:75 - [STDERR_REDIRECT] [Fatal Error] :1:1: Premature end of file.
2026-01-16 18:13:34,520 [ERROR] LogOutputStream:75 - [STDERR_REDIRECT] 
2026-01-16 18:13:35,521 [ERROR] LogOutputStream:75 - [STDERR_REDIRECT] [Fatal Error] :1:1: Premature end of file.
2026-01-16 18:13:35,521 [ERROR] LogOutputStream:75 - [STDERR_REDIRECT] 
2026-01-16 18:13:36,521 [ERROR] LogOutputStream:75 - [STDERR_REDIRECT] [Fatal Error] :1:1: Premature end of file.
2026-01-16 18:13:36,521 [ERROR] LogOutputStream:75 - [STDERR_REDIRECT] 
2026-01-16 18:13:37,519 [ERROR] LogOutputStream:75 - [STDERR_REDIRECT] [Fatal Error] :1:1: Premature end of file.
2026-01-16 18:13:37,519 [ERROR] LogOutputStream:75 - [STDERR_REDIRECT] 
2026-01-16 18:13:38,518 [ERROR] LogOutputStream:75 - [STDERR_REDIRECT] [Fatal Error] :1:1: Premature end of file.
2026-01-16 18:13:38,518 [ERROR] LogOutputStream:75 - [STDERR_REDIRECT] 
2026-01-16 18:13:39,522 [ERROR] LogOutputStream:75 - [STDERR_REDIRECT] [Fatal Error] :1:1: Premature end of file.
2026-01-16 18:13:39,523 [ERROR] LogOutputStream:75 - [STDERR_REDIRECT] 
2026-01-16 18:13:40,521 [ERROR] LogOutputStream:75 - [STDERR_REDIRECT] [Fatal Error] :1:1: Premature end of file.
2026-01-16 18:13:40,522 [ERROR] LogOutputStream:75 - [STDERR_REDIRECT] 
2026-01-16 18:13:41,520 [ERROR] LogOutputStream:75 - [STDERR_REDIRECT] [Fatal Error] :1:1: Premature end of file.
2026-01-16 18:13:41,520 [ERROR] LogOutputStream:75 - [STDERR_REDIRECT] 
2026-01-16 18:13:42,522 [ERROR] LogOutputStream:75 - [STDERR_REDIRECT] [Fatal Error] :1:1: Premature end of file.
2026-01-16 18:13:42,522 [ERROR] LogOutputStream:75 - [STDERR_REDIRECT] 
2026-01-16 18:13:43,522 [ERROR] LogOutputStream:75 - [STDERR_REDIRECT] [Fatal Error] :1:1: Premature end of file.
2026-01-16 18:13:43,523 [ERROR] LogOutputStream:75 - [STDERR_REDIRECT] 
2026-01-16 18:13:44,524 [ERROR] LogOutputStream:75 - [STDERR_REDIRECT] [Fatal Error] :1:1: Premature end of file.
2026-01-16 18:13:44,525 [ERROR] LogOutputStream:75 - [STDERR_REDIRECT] 
2026-01-16 18:13:45,521 [ERROR] LogOutputStream:75 - [STDERR_REDIRECT] [Fatal Error] :1:1: Premature end of file.
2026-01-16 18:13:45,521 [ERROR] LogOutputStream:75 - [STDERR_REDIRECT] 
2026-01-16 18:13:46,522 [ERROR] LogOutputStream:75 - [STDERR_REDIRECT] [Fatal Error] :1:1: Premature end of file.
2026-01-16 18:13:46,522 [ERROR] LogOutputStream:75 - [STDERR_REDIRECT] 
2026-01-16 18:13:47,520 [ERROR] LogOutputStream:75 - [STDERR_REDIRECT] [Fatal Error] :1:1: Premature end of file.
2026-01-16 18:13:47,520 [ERROR] LogOutputStream:75 - [STDERR_REDIRECT] 
2026-01-16 18:13:48,520 [ERROR] LogOutputStream:75 - [STDERR_REDIRECT] [Fatal Error] :1:1: Premature end of file.
2026-01-16 18:13:48,520 [ERROR] LogOutputStream:75 - [STDERR_REDIRECT] 
2026-01-16 18:13:49,521 [ERROR] LogOutputStream:75 - [STDERR_REDIRECT] [Fatal Error] :1:1: Premature end of file.
2026-01-16 18:13:49,521 [ERROR] LogOutputStream:75 - [STDERR_REDIRECT] 
2026-01-16 18:13:50,521 [ERROR] LogOutputStream:75 - [STDERR_REDIRECT] [Fatal Error] :1:1: Premature end of file.
2026-01-16 18:13:50,521 [ERROR] LogOutputStream:75 - [STDERR_REDIRECT] 
2026-01-16 18:13:51,520 [ERROR] LogOutputStream:75 - [STDERR_REDIRECT] [Fatal Error] :1:1: Premature end of file.
2026-01-16 18:13:51,520 [ERROR] LogOutputStream:75 - [STDERR_REDIRECT] 
2026-01-16 18:13:52,521 [ERROR] LogOutputStream:75 - [STDERR_REDIRECT] [Fatal Error] :1:1: Premature end of file.
2026-01-16 18:13:52,521 [ERROR] LogOutputStream:75 - [STDERR_REDIRECT] 
2026-01-16 18:13:53,519 [ERROR] LogOutputStream:75 - [STDERR_REDIRECT] [Fatal Error] :1:1: Premature end of file.
2026-01-16 18:13:53,519 [ERROR] LogOutputStream:75 - [STDERR_REDIRECT] 
2026-01-16 18:13:54,521 [ERROR] LogOutputStream:75 - [STDERR_REDIRECT] [Fatal Error] :1:1: Premature end of file.
2026-01-16 18:13:54,521 [ERROR] LogOutputStream:75 - [STDERR_REDIRECT] 
2026-01-16 18:13:55,520 [ERROR] LogOutputStream:75 - [STDERR_REDIRECT] [Fatal Error] :1:1: Premature end of file.
2026-01-16 18:13:55,520 [ERROR] LogOutputStream:75 - [STDERR_REDIRECT] 
2026-01-16 18:13:56,521 [ERROR] LogOutputStream:75 - [STDERR_REDIRECT] [Fatal Error] :1:1: Premature end of file.
2026-01-16 18:13:56,521 [ERROR] LogOutputStream:75 - [STDERR_REDIRECT] 
2026-01-16 18:13:57,520 [ERROR] LogOutputStream:75 - [STDERR_REDIRECT] [Fatal Error] :1:1: Premature end of file.
2026-01-16 18:13:57,520 [ERROR] LogOutputStream:75 - [STDERR_REDIRECT] 
2026-01-16 18:13:58,520 [ERROR] LogOutputStream:75 - [STDERR_REDIRECT] [Fatal Error] :1:1: Premature end of file.
2026-01-16 18:13:58,520 [ERROR] LogOutputStream:75 - [STDERR_REDIRECT] 
2026-01-16 18:13:59,519 [ERROR] LogOutputStream:75 - [STDERR_REDIRECT] [Fatal Error] :1:1: Premature end of file.
2026-01-16 18:13:59,519 [ERROR] LogOutputStream:75 - [STDERR_REDIRECT] 
2026-01-16 18:14:00,520 [ERROR] LogOutputStream:75 - [STDERR_REDIRECT] [Fatal Error] :1:1: Premature end of file.
2026-01-16 18:14:00,520 [ERROR] LogOutputStream:75 - [STDERR_REDIRECT] 
2026-01-16 18:14:01,519 [ERROR] LogOutputStream:75 - [STDERR_REDIRECT] [Fatal Error] :1:1: Premature end of file.
2026-01-16 18:14:01,519 [ERROR] LogOutputStream:75 - [STDERR_REDIRECT] 
2026-01-16 18:14:02,519 [ERROR] LogOutputStream:75 - [STDERR_REDIRECT] [Fatal Error] :1:1: Premature end of file.
2026-01-16 18:14:02,519 [ERROR] LogOutputStream:75 - [STDERR_REDIRECT] 
2026-01-16 18:14:03,524 [ERROR] LogOutputStream:75 - [STDERR_REDIRECT] [Fatal Error] :1:1: Premature end of file.
2026-01-16 18:14:03,525 [ERROR] LogOutputStream:75 - [STDERR_REDIRECT] 
2026-01-16 18:14:04,521 [ERROR] LogOutputStream:75 - [STDERR_REDIRECT] [Fatal Error] :1:1: Premature end of file.
2026-01-16 18:14:04,521 [ERROR] LogOutputStream:75 - [STDERR_REDIRECT] 
2026-01-16 18:14:05,520 [ERROR] LogOutputStream:75 - [STDERR_REDIRECT] [Fatal Error] :1:1: Premature end of file.
2026-01-16 18:14:05,520 [ERROR] LogOutputStream:75 - [STDERR_REDIRECT] 
2026-01-16 18:14:06,521 [ERROR] LogOutputStream:75 - [STDERR_REDIRECT] [Fatal Error] :1:1: Premature end of file.
2026-01-16 18:14:06,521 [ERROR] LogOutputStream:75 - [STDERR_REDIRECT] 
2026-01-16 18:14:07,520 [ERROR] LogOutputStream:75 - [STDERR_REDIRECT] [Fatal Error] :1:1: Premature end of file.
2026-01-16 18:14:07,520 [ERROR] LogOutputStream:75 - [STDERR_REDIRECT] 
2026-01-16 18:14:08,520 [ERROR] LogOutputStream:75 - [STDERR_REDIRECT] [Fatal Error] :1:1: Premature end of file.
2026-01-16 18:14:08,520 [ERROR] LogOutputStream:75 - [STDERR_REDIRECT] 
2026-01-16 18:14:09,522 [ERROR] LogOutputStream:75 - [STDERR_REDIRECT] [Fatal Error] :1:1: Premature end of file.
2026-01-16 18:14:09,522 [ERROR] LogOutputStream:75 - [STDERR_REDIRECT] 
2026-01-16 18:14:10,520 [ERROR] LogOutputStream:75 - [STDERR_REDIRECT] [Fatal Error] :1:1: Premature end of file.
2026-01-16 18:14:10,520 [ERROR] LogOutputStream:75 - [STDERR_REDIRECT] 
2026-01-16 18:14:11,521 [ERROR] LogOutputStream:75 - [STDERR_REDIRECT] [Fatal Error] :1:1: Premature end of file.
2026-01-16 18:14:11,521 [ERROR] LogOutputStream:75 - [STDERR_REDIRECT] 
2026-01-16 18:14:12,521 [ERROR] LogOutputStream:75 - [STDERR_REDIRECT] [Fatal Error] :1:1: Premature end of file.
2026-01-16 18:14:12,521 [ERROR] LogOutputStream:75 - [STDERR_REDIRECT] 
2026-01-16 18:14:13,519 [ERROR] LogOutputStream:75 - [STDERR_REDIRECT] [Fatal Error] :1:1: Premature end of file.
2026-01-16 18:14:13,519 [ERROR] LogOutputStream:75 - [STDERR_REDIRECT] 
2026-01-16 18:14:14,521 [ERROR] LogOutputStream:75 - [STDERR_REDIRECT] [Fatal Error] :1:1: Premature end of file.
2026-01-16 18:14:14,521 [ERROR] LogOutputStream:75 - [STDERR_REDIRECT] 
2026-01-16 18:14:15,524 [ERROR] LogOutputStream:75 - [STDERR_REDIRECT] [Fatal Error] :1:1: Premature end of file.
2026-01-16 18:14:15,524 [ERROR] LogOutputStream:75 - [STDERR_REDIRECT] 
2026-01-16 18:14:16,521 [ERROR] LogOutputStream:75 - [STDERR_REDIRECT] [Fatal Error] :1:1: Premature end of file.
2026-01-16 18:14:16,521 [ERROR] LogOutputStream:75 - [STDERR_REDIRECT] 
2026-01-16 18:14:17,520 [ERROR] LogOutputStream:75 - [STDERR_REDIRECT] [Fatal Error] :1:1: Premature end of file.
2026-01-16 18:14:17,520 [ERROR] LogOutputStream:75 - [STDERR_REDIRECT] 
2026-01-16 18:14:18,518 [ERROR] LogOutputStream:75 - [STDERR_REDIRECT] [Fatal Error] :1:1: Premature end of file.
2026-01-16 18:14:18,518 [ERROR] LogOutputStream:75 - [STDERR_REDIRECT] 
2026-01-16 18:14:19,519 [ERROR] LogOutputStream:75 - [STDERR_REDIRECT] [Fatal Error] :1:1: Premature end of file.
2026-01-16 18:14:19,520 [ERROR] LogOutputStream:75 - [STDERR_REDIRECT] 
2026-01-16 18:14:20,521 [ERROR] LogOutputStream:75 - [STDERR_REDIRECT] [Fatal Error] :1:1: Premature end of file.
2026-01-16 18:14:20,521 [ERROR] LogOutputStream:75 - [STDERR_REDIRECT] 
2026-01-16 18:14:21,521 [ERROR] LogOutputStream:75 - [STDERR_REDIRECT] [Fatal Error] :1:1: Premature end of file.
2026-01-16 18:14:21,521 [ERROR] LogOutputStream:75 - [STDERR_REDIRECT] 
2026-01-16 18:14:22,519 [ERROR] LogOutputStream:75 - [STDERR_REDIRECT] [Fatal Error] :1:1: Premature end of file.
2026-01-16 18:14:22,519 [ERROR] LogOutputStream:75 - [STDERR_REDIRECT] 
2026-01-16 18:14:23,520 [ERROR] LogOutputStream:75 - [STDERR_REDIRECT] [Fatal Error] :1:1: Premature end of file.
2026-01-16 18:14:23,520 [ERROR] LogOutputStream:75 - [STDERR_REDIRECT] 
2026-01-16 18:14:24,521 [ERROR] LogOutputStream:75 - [STDERR_REDIRECT] [Fatal Error] :1:1: Premature end of file.
2026-01-16 18:14:24,522 [ERROR] LogOutputStream:75 - [STDERR_REDIRECT] 
2026-01-16 18:14:25,522 [ERROR] LogOutputStream:75 - [STDERR_REDIRECT] [Fatal Error] :1:1: Premature end of file.
2026-01-16 18:14:25,522 [ERROR] LogOutputStream:75 - [STDERR_REDIRECT] 
2026-01-16 18:14:26,522 [ERROR] LogOutputStream:75 - [STDERR_REDIRECT] [Fatal Error] :1:1: Premature end of file.
2026-01-16 18:14:26,522 [ERROR] LogOutputStream:75 - [STDERR_REDIRECT] 
2026-01-16 18:14:27,520 [ERROR] LogOutputStream:75 - [STDERR_REDIRECT] [Fatal Error] :1:1: Premature end of file.
2026-01-16 18:14:27,520 [ERROR] LogOutputStream:75 - [STDERR_REDIRECT] 
2026-01-16 18:14:28,519 [ERROR] LogOutputStream:75 - [STDERR_REDIRECT] [Fatal Error] :1:1: Premature end of file.
2026-01-16 18:14:28,520 [ERROR] LogOutputStream:75 - [STDERR_REDIRECT] 
2026-01-16 18:14:29,520 [ERROR] LogOutputStream:75 - [STDERR_REDIRECT] [Fatal Error] :1:1: Premature end of file.
2026-01-16 18:14:29,520 [ERROR] LogOutputStream:75 - [STDERR_REDIRECT] 
2026-01-16 18:14:30,521 [ERROR] LogOutputStream:75 - [STDERR_REDIRECT] [Fatal Error] :1:1: Premature end of file.
2026-01-16 18:14:30,521 [ERROR] LogOutputStream:75 - [STDERR_REDIRECT] 
2026-01-16 18:14:31,520 [ERROR] LogOutputStream:75 - [STDERR_REDIRECT] [Fatal Error] :1:1: Premature end of file.
2026-01-16 18:14:31,521 [ERROR] LogOutputStream:75 - [STDERR_REDIRECT] 
2026-01-16 18:14:32,521 [ERROR] LogOutputStream:75 - [STDERR_REDIRECT] [Fatal Error] :1:1: Premature end of file.
2026-01-16 18:14:32,521 [ERROR] LogOutputStream:75 - [STDERR_REDIRECT] 
2026-01-16 18:14:33,520 [ERROR] LogOutputStream:75 - [STDERR_REDIRECT] [Fatal Error] :1:1: Premature end of file.
2026-01-16 18:14:33,520 [ERROR] LogOutputStream:75 - [STDERR_REDIRECT] 
2026-01-16 18:14:34,521 [ERROR] LogOutputStream:75 - [STDERR_REDIRECT] [Fatal Error] :1:1: Premature end of file.
2026-01-16 18:14:34,521 [ERROR] LogOutputStream:75 - [STDERR_REDIRECT] 
2026-01-16 18:14:35,521 [ERROR] LogOutputStream:75 - [STDERR_REDIRECT] [Fatal Error] :1:1: Premature end of file.
2026-01-16 18:14:35,521 [ERROR] LogOutputStream:75 - [STDERR_REDIRECT] 
2026-01-16 18:14:36,519 [ERROR] LogOutputStream:75 - [STDERR_REDIRECT] [Fatal Error] :1:1: Premature end of file.
2026-01-16 18:14:36,519 [ERROR] LogOutputStream:75 - [STDERR_REDIRECT] 
2026-01-16 18:14:37,520 [ERROR] LogOutputStream:75 - [STDERR_REDIRECT] [Fatal Error] :1:1: Premature end of file.
2026-01-16 18:14:37,520 [ERROR] LogOutputStream:75 - [STDERR_REDIRECT] 
2026-01-16 18:14:38,518 [ERROR] LogOutputStream:75 - [STDERR_REDIRECT] [Fatal Error] :1:1: Premature end of file.
2026-01-16 18:14:38,518 [ERROR] LogOutputStream:75 - [STDERR_REDIRECT] 
2026-01-16 18:14:39,520 [ERROR] LogOutputStream:75 - [STDERR_REDIRECT] [Fatal Error] :1:1: Premature end of file.
2026-01-16 18:14:39,520 [ERROR] LogOutputStream:75 - [STDERR_REDIRECT] 
2026-01-16 18:14:40,523 [ERROR] LogOutputStream:75 - [STDERR_REDIRECT] [Fatal Error] :1:1: Premature end of file.
2026-01-16 18:14:40,523 [ERROR] LogOutputStream:75 - [STDERR_REDIRECT] 
2026-01-16 18:14:41,520 [ERROR] LogOutputStream:75 - [STDERR_REDIRECT] [Fatal Error] :1:1: Premature end of file.
2026-01-16 18:14:41,520 [ERROR] LogOutputStream:75 - [STDERR_REDIRECT] 
2026-01-16 18:14:42,521 [ERROR] LogOutputStream:75 - [STDERR_REDIRECT] [Fatal Error] :1:1: Premature end of file.
2026-01-16 18:14:42,521 [ERROR] LogOutputStream:75 - [STDERR_REDIRECT] 
2026-01-16 18:14:43,521 [ERROR] LogOutputStream:75 - [STDERR_REDIRECT] [Fatal Error] :1:1: Premature end of file.
2026-01-16 18:14:43,521 [ERROR] LogOutputStream:75 - [STDERR_REDIRECT] 
2026-01-16 18:14:44,520 [ERROR] LogOutputStream:75 - [STDERR_REDIRECT] [Fatal Error] :1:1: Premature end of file.
2026-01-16 18:14:44,521 [ERROR] LogOutputStream:75 - [STDERR_REDIRECT] 
2026-01-16 18:14:45,521 [ERROR] LogOutputStream:75 - [STDERR_REDIRECT] [Fatal Error] :1:1: Premature end of file.
2026-01-16 18:14:45,521 [ERROR] LogOutputStream:75 - [STDERR_REDIRECT] 
2026-01-16 18:14:46,521 [ERROR] LogOutputStream:75 - [STDERR_REDIRECT] [Fatal Error] :1:1: Premature end of file.
2026-01-16 18:14:46,521 [ERROR] LogOutputStream:75 - [STDERR_REDIRECT] 
2026-01-16 18:14:47,519 [ERROR] LogOutputStream:75 - [STDERR_REDIRECT] [Fatal Error] :1:1: Premature end of file.
2026-01-16 18:14:47,519 [ERROR] LogOutputStream:75 - [STDERR_REDIRECT] 
2026-01-16 18:14:48,520 [ERROR] LogOutputStream:75 - [STDERR_REDIRECT] [Fatal Error] :1:1: Premature end of file.
2026-01-16 18:14:48,520 [ERROR] LogOutputStream:75 - [STDERR_REDIRECT] 
2026-01-16 18:14:49,521 [ERROR] LogOutputStream:75 - [STDERR_REDIRECT] [Fatal Error] :1:1: Premature end of file.
2026-01-16 18:14:49,521 [ERROR] LogOutputStream:75 - [STDERR_REDIRECT] 
2026-01-16 18:14:50,518 [ERROR] LogOutputStream:75 - [STDERR_REDIRECT] [Fatal Error] :1:1: Premature end of file.
2026-01-16 18:14:50,518 [ERROR] LogOutputStream:75 - [STDERR_REDIRECT] 
2026-01-16 18:14:51,518 [ERROR] LogOutputStream:75 - [STDERR_REDIRECT] [Fatal Error] :1:1: Premature end of file.
2026-01-16 18:14:51,518 [ERROR] LogOutputStream:75 - [STDERR_REDIRECT] 
2026-01-16 18:14:52,521 [ERROR] LogOutputStream:75 - [STDERR_REDIRECT] [Fatal Error] :1:1: Premature end of file.
2026-01-16 18:14:52,521 [ERROR] LogOutputStream:75 - [STDERR_REDIRECT] 
2026-01-16 18:14:53,520 [ERROR] LogOutputStream:75 - [STDERR_REDIRECT] [Fatal Error] :1:1: Premature end of file.
2026-01-16 18:14:53,520 [ERROR] LogOutputStream:75 - [STDERR_REDIRECT] 
2026-01-16 18:14:54,518 [ERROR] LogOutputStream:75 - [STDERR_REDIRECT] [Fatal Error] :1:1: Premature end of file.
2026-01-16 18:14:54,518 [ERROR] LogOutputStream:75 - [STDERR_REDIRECT] 
2026-01-16 18:14:55,521 [ERROR] LogOutputStream:75 - [STDERR_REDIRECT] [Fatal Error] :1:1: Premature end of file.
2026-01-16 18:14:55,521 [ERROR] LogOutputStream:75 - [STDERR_REDIRECT] 
2026-01-16 18:14:56,521 [ERROR] LogOutputStream:75 - [STDERR_REDIRECT] [Fatal Error] :1:1: Premature end of file.
2026-01-16 18:14:56,521 [ERROR] LogOutputStream:75 - [STDERR_REDIRECT] 
2026-01-16 18:14:57,522 [ERROR] LogOutputStream:75 - [STDERR_REDIRECT] [Fatal Error] :1:1: Premature end of file.
2026-01-16 18:14:57,522 [ERROR] LogOutputStream:75 - [STDERR_REDIRECT] 
2026-01-16 18:14:58,519 [ERROR] LogOutputStream:75 - [STDERR_REDIRECT] [Fatal Error] :1:1: Premature end of file.
2026-01-16 18:14:58,519 [ERROR] LogOutputStream:75 - [STDERR_REDIRECT] 
2026-01-16 18:14:59,519 [ERROR] LogOutputStream:75 - [STDERR_REDIRECT] [Fatal Error] :1:1: Premature end of file.
2026-01-16 18:14:59,519 [ERROR] LogOutputStream:75 - [STDERR_REDIRECT] 
2026-01-16 18:15:00,522 [ERROR] LogOutputStream:75 - [STDERR_REDIRECT] [Fatal Error] :1:1: Premature end of file.
2026-01-16 18:15:00,522 [ERROR] LogOutputStream:75 - [STDERR_REDIRECT] 
2026-01-16 18:15:01,520 [ERROR] LogOutputStream:75 - [STDERR_REDIRECT] [Fatal Error] :1:1: Premature end of file.
2026-01-16 18:15:01,520 [ERROR] LogOutputStream:75 - [STDERR_REDIRECT] 
2026-01-16 18:15:02,521 [ERROR] LogOutputStream:75 - [STDERR_REDIRECT] [Fatal Error] :1:1: Premature end of file.
2026-01-16 18:15:02,521 [ERROR] LogOutputStream:75 - [STDERR_REDIRECT] 
2026-01-16 18:15:03,519 [ERROR] LogOutputStream:75 - [STDERR_REDIRECT] [Fatal Error] :1:1: Premature end of file.
2026-01-16 18:15:03,519 [ERROR] LogOutputStream:75 - [STDERR_REDIRECT] 
2026-01-16 18:15:04,523 [ERROR] LogOutputStream:75 - [STDERR_REDIRECT] [Fatal Error] :1:1: Premature end of file.
2026-01-16 18:15:04,523 [ERROR] LogOutputStream:75 - [STDERR_REDIRECT] 
2026-01-16 18:15:05,520 [ERROR] LogOutputStream:75 - [STDERR_REDIRECT] [Fatal Error] :1:1: Premature end of file.
2026-01-16 18:15:05,520 [ERROR] LogOutputStream:75 - [STDERR_REDIRECT] 
2026-01-16 18:15:06,520 [ERROR] LogOutputStream:75 - [STDERR_REDIRECT] [Fatal Error] :1:1: Premature end of file.
2026-01-16 18:15:06,520 [ERROR] LogOutputStream:75 - [STDERR_REDIRECT] 
2026-01-16 18:15:07,519 [ERROR] LogOutputStream:75 - [STDERR_REDIRECT] [Fatal Error] :1:1: Premature end of file.
2026-01-16 18:15:07,520 [ERROR] LogOutputStream:75 - [STDERR_REDIRECT] 
2026-01-16 18:15:08,518 [ERROR] LogOutputStream:75 - [STDERR_REDIRECT] [Fatal Error] :1:1: Premature end of file.
2026-01-16 18:15:08,518 [ERROR] LogOutputStream:75 - [STDERR_REDIRECT] 
2026-01-16 18:15:09,520 [ERROR] LogOutputStream:75 - [STDERR_REDIRECT] [Fatal Error] :1:1: Premature end of file.
2026-01-16 18:15:09,520 [ERROR] LogOutputStream:75 - [STDERR_REDIRECT] 
2026-01-16 18:15:10,519 [ERROR] LogOutputStream:75 - [STDERR_REDIRECT] [Fatal Error] :1:1: Premature end of file.
2026-01-16 18:15:10,519 [ERROR] LogOutputStream:75 - [STDERR_REDIRECT] 
2026-01-16 18:15:11,521 [ERROR] LogOutputStream:75 - [STDERR_REDIRECT] [Fatal Error] :1:1: Premature end of file.
2026-01-16 18:15:11,521 [ERROR] LogOutputStream:75 - [STDERR_REDIRECT] 
2026-01-16 18:15:12,521 [ERROR] LogOutputStream:75 - [STDERR_REDIRECT] [Fatal Error] :1:1: Premature end of file.
2026-01-16 18:15:12,521 [ERROR] LogOutputStream:75 - [STDERR_REDIRECT] 
2026-01-16 18:15:13,520 [ERROR] LogOutputStream:75 - [STDERR_REDIRECT] [Fatal Error] :1:1: Premature end of file.
2026-01-16 18:15:13,520 [ERROR] LogOutputStream:75 - [STDERR_REDIRECT] 
2026-01-16 18:15:14,521 [ERROR] LogOutputStream:75 - [STDERR_REDIRECT] [Fatal Error] :1:1: Premature end of file.
2026-01-16 18:15:14,521 [ERROR] LogOutputStream:75 - [STDERR_REDIRECT] 
2026-01-16 18:15:15,520 [ERROR] LogOutputStream:75 - [STDERR_REDIRECT] [Fatal Error] :1:1: Premature end of file.
2026-01-16 18:15:15,520 [ERROR] LogOutputStream:75 - [STDERR_REDIRECT] 
2026-01-16 18:15:16,521 [ERROR] LogOutputStream:75 - [STDERR_REDIRECT] [Fatal Error] :1:1: Premature end of file.
2026-01-16 18:15:16,521 [ERROR] LogOutputStream:75 - [STDERR_REDIRECT] 
2026-01-16 18:15:17,520 [ERROR] LogOutputStream:75 - [STDERR_REDIRECT] [Fatal Error] :1:1: Premature end of file.
2026-01-16 18:15:17,520 [ERROR] LogOutputStream:75 - [STDERR_REDIRECT] 
2026-01-16 18:15:18,521 [ERROR] LogOutputStream:75 - [STDERR_REDIRECT] [Fatal Error] :1:1: Premature end of file.
2026-01-16 18:15:18,521 [ERROR] LogOutputStream:75 - [STDERR_REDIRECT] 
2026-01-16 18:15:19,519 [ERROR] LogOutputStream:75 - [STDERR_REDIRECT] [Fatal Error] :1:1: Premature end of file.
2026-01-16 18:15:19,519 [ERROR] LogOutputStream:75 - [STDERR_REDIRECT] 
2026-01-16 18:15:20,519 [ERROR] LogOutputStream:75 - [STDERR_REDIRECT] [Fatal Error] :1:1: Premature end of file.
2026-01-16 18:15:20,519 [ERROR] LogOutputStream:75 - [STDERR_REDIRECT] 
2026-01-16 18:15:21,519 [ERROR] LogOutputStream:75 - [STDERR_REDIRECT] [Fatal Error] :1:1: Premature end of file.
2026-01-16 18:15:21,519 [ERROR] LogOutputStream:75 - [STDERR_REDIRECT] 
2026-01-16 18:15:22,523 [ERROR] LogOutputStream:75 - [STDERR_REDIRECT] [Fatal Error] :1:1: Premature end of file.
2026-01-16 18:15:22,523 [ERROR] LogOutputStream:75 - [STDERR_REDIRECT] 
2026-01-16 18:15:23,521 [ERROR] LogOutputStream:75 - [STDERR_REDIRECT] [Fatal Error] :1:1: Premature end of file.
2026-01-16 18:15:23,521 [ERROR] LogOutputStream:75 - [STDERR_REDIRECT] 
2026-01-16 18:15:24,521 [ERROR] LogOutputStream:75 - [STDERR_REDIRECT] [Fatal Error] :1:1: Premature end of file.
2026-01-16 18:15:24,521 [ERROR] LogOutputStream:75 - [STDERR_REDIRECT] 
2026-01-16 18:15:25,521 [ERROR] LogOutputStream:75 - [STDERR_REDIRECT] [Fatal Error] :1:1: Premature end of file.
2026-01-16 18:15:25,521 [ERROR] LogOutputStream:75 - [STDERR_REDIRECT] 
2026-01-16 18:15:26,519 [ERROR] LogOutputStream:75 - [STDERR_REDIRECT] [Fatal Error] :1:1: Premature end of file.
2026-01-16 18:15:26,519 [ERROR] LogOutputStream:75 - [STDERR_REDIRECT] 
2026-01-16 18:15:27,520 [ERROR] LogOutputStream:75 - [STDERR_REDIRECT] [Fatal Error] :1:1: Premature end of file.
2026-01-16 18:15:27,520 [ERROR] LogOutputStream:75 - [STDERR_REDIRECT] 
2026-01-16 18:15:28,521 [ERROR] LogOutputStream:75 - [STDERR_REDIRECT] [Fatal Error] :1:1: Premature end of file.
2026-01-16 18:15:28,521 [ERROR] LogOutputStream:75 - [STDERR_REDIRECT] 
2026-01-16 18:15:29,521 [ERROR] LogOutputStream:75 - [STDERR_REDIRECT] [Fatal Error] :1:1: Premature end of file.
2026-01-16 18:15:29,521 [ERROR] LogOutputStream:75 - [STDERR_REDIRECT] 
2026-01-16 18:15:30,523 [ERROR] LogOutputStream:75 - [STDERR_REDIRECT] [Fatal Error] :1:1: Premature end of file.
2026-01-16 18:15:30,523 [ERROR] LogOutputStream:75 - [STDERR_REDIRECT] 
2026-01-16 18:15:31,520 [ERROR] LogOutputStream:75 - [STDERR_REDIRECT] [Fatal Error] :1:1: Premature end of file.
2026-01-16 18:15:31,520 [ERROR] LogOutputStream:75 - [STDERR_REDIRECT] 
2026-01-16 18:15:32,520 [ERROR] LogOutputStream:75 - [STDERR_REDIRECT] [Fatal Error] :1:1: Premature end of file.
2026-01-16 18:15:32,520 [ERROR] LogOutputStream:75 - [STDERR_REDIRECT] 
2026-01-16 18:15:33,521 [ERROR] LogOutputStream:75 - [STDERR_REDIRECT] [Fatal Error] :1:1: Premature end of file.
2026-01-16 18:15:33,521 [ERROR] LogOutputStream:75 - [STDERR_REDIRECT] 
2026-01-16 18:15:34,519 [ERROR] LogOutputStream:75 - [STDERR_REDIRECT] [Fatal Error] :1:1: Premature end of file.
2026-01-16 18:15:34,519 [ERROR] LogOutputStream:75 - [STDERR_REDIRECT] 
2026-01-16 18:15:35,521 [ERROR] LogOutputStream:75 - [STDERR_REDIRECT] [Fatal Error] :1:1: Premature end of file.
2026-01-16 18:15:35,521 [ERROR] LogOutputStream:75 - [STDERR_REDIRECT] 
2026-01-16 18:15:36,521 [ERROR] LogOutputStream:75 - [STDERR_REDIRECT] [Fatal Error] :1:1: Premature end of file.
2026-01-16 18:15:36,521 [ERROR] LogOutputStream:75 - [STDERR_REDIRECT] 
2026-01-16 18:15:37,521 [ERROR] LogOutputStream:75 - [STDERR_REDIRECT] [Fatal Error] :1:1: Premature end of file.
2026-01-16 18:15:37,521 [ERROR] LogOutputStream:75 - [STDERR_REDIRECT] 
2026-01-16 18:15:38,518 [ERROR] LogOutputStream:75 - [STDERR_REDIRECT] [Fatal Error] :1:1: Premature end of file.
2026-01-16 18:15:38,518 [ERROR] LogOutputStream:75 - [STDERR_REDIRECT] 
2026-01-16 18:15:39,519 [ERROR] LogOutputStream:75 - [STDERR_REDIRECT] [Fatal Error] :1:1: Premature end of file.
2026-01-16 18:15:39,519 [ERROR] LogOutputStream:75 - [STDERR_REDIRECT] 
2026-01-16 18:15:40,520 [ERROR] LogOutputStream:75 - [STDERR_REDIRECT] [Fatal Error] :1:1: Premature end of file.
2026-01-16 18:15:40,520 [ERROR] LogOutputStream:75 - [STDERR_REDIRECT] 
2026-01-16 18:15:41,520 [ERROR] LogOutputStream:75 - [STDERR_REDIRECT] [Fatal Error] :1:1: Premature end of file.
2026-01-16 18:15:41,520 [ERROR] LogOutputStream:75 - [STDERR_REDIRECT] 
2026-01-16 18:15:42,522 [ERROR] LogOutputStream:75 - [STDERR_REDIRECT] [Fatal Error] :1:1: Premature end of file.
2026-01-16 18:15:42,523 [ERROR] LogOutputStream:75 - [STDERR_REDIRECT] 
2026-01-16 18:15:43,521 [ERROR] LogOutputStream:75 - [STDERR_REDIRECT] [Fatal Error] :1:1: Premature end of file.
2026-01-16 18:15:43,521 [ERROR] LogOutputStream:75 - [STDERR_REDIRECT] 
2026-01-16 18:15:44,519 [ERROR] LogOutputStream:75 - [STDERR_REDIRECT] [Fatal Error] :1:1: Premature end of file.
2026-01-16 18:15:44,519 [ERROR] LogOutputStream:75 - [STDERR_REDIRECT] 
2026-01-16 18:15:45,520 [ERROR] LogOutputStream:75 - [STDERR_REDIRECT] [Fatal Error] :1:1: Premature end of file.
2026-01-16 18:15:45,520 [ERROR] LogOutputStream:75 - [STDERR_REDIRECT] 
2026-01-16 18:15:46,520 [ERROR] LogOutputStream:75 - [STDERR_REDIRECT] [Fatal Error] :1:1: Premature end of file.
2026-01-16 18:15:46,520 [ERROR] LogOutputStream:75 - [STDERR_REDIRECT] 
2026-01-16 18:15:47,521 [ERROR] LogOutputStream:75 - [STDERR_REDIRECT] [Fatal Error] :1:1: Premature end of file.
2026-01-16 18:15:47,522 [ERROR] LogOutputStream:75 - [STDERR_REDIRECT] 
2026-01-16 18:15:48,520 [ERROR] LogOutputStream:75 - [STDERR_REDIRECT] [Fatal Error] :1:1: Premature end of file.
2026-01-16 18:15:48,521 [ERROR] LogOutputStream:75 - [STDERR_REDIRECT] 
2026-01-16 18:15:49,520 [ERROR] LogOutputStream:75 - [STDERR_REDIRECT] [Fatal Error] :1:1: Premature end of file.
2026-01-16 18:15:49,521 [ERROR] LogOutputStream:75 - [STDERR_REDIRECT] 
2026-01-16 18:15:50,519 [ERROR] LogOutputStream:75 - [STDERR_REDIRECT] [Fatal Error] :1:1: Premature end of file.
2026-01-16 18:15:50,519 [ERROR] LogOutputStream:75 - [STDERR_REDIRECT] 
2026-01-16 18:15:51,520 [ERROR] LogOutputStream:75 - [STDERR_REDIRECT] [Fatal Error] :1:1: Premature end of file.
2026-01-16 18:15:51,520 [ERROR] LogOutputStream:75 - [STDERR_REDIRECT] 
2026-01-16 18:15:52,521 [ERROR] LogOutputStream:75 - [STDERR_REDIRECT] [Fatal Error] :1:1: Premature end of file.
2026-01-16 18:15:52,521 [ERROR] LogOutputStream:75 - [STDERR_REDIRECT] 
2026-01-16 18:15:53,521 [ERROR] LogOutputStream:75 - [STDERR_REDIRECT] [Fatal Error] :1:1: Premature end of file.
2026-01-16 18:15:53,521 [ERROR] LogOutputStream:75 - [STDERR_REDIRECT] 
2026-01-16 18:15:54,520 [ERROR] LogOutputStream:75 - [STDERR_REDIRECT] [Fatal Error] :1:1: Premature end of file.
2026-01-16 18:15:54,520 [ERROR] LogOutputStream:75 - [STDERR_REDIRECT] 
2026-01-16 18:15:55,521 [ERROR] LogOutputStream:75 - [STDERR_REDIRECT] [Fatal Error] :1:1: Premature end of file.
2026-01-16 18:15:55,521 [ERROR] LogOutputStream:75 - [STDERR_REDIRECT] 
2026-01-16 18:15:56,521 [ERROR] LogOutputStream:75 - [STDERR_REDIRECT] [Fatal Error] :1:1: Premature end of file.
2026-01-16 18:15:56,521 [ERROR] LogOutputStream:75 - [STDERR_REDIRECT] 
2026-01-16 18:15:57,522 [ERROR] LogOutputStream:75 - [STDERR_REDIRECT] [Fatal Error] :1:1: Premature end of file.
2026-01-16 18:15:57,522 [ERROR] LogOutputStream:75 - [STDERR_REDIRECT] 
2026-01-16 18:15:58,520 [ERROR] LogOutputStream:75 - [STDERR_REDIRECT] [Fatal Error] :1:1: Premature end of file.
2026-01-16 18:15:58,520 [ERROR] LogOutputStream:75 - [STDERR_REDIRECT] 
2026-01-16 18:15:59,520 [ERROR] LogOutputStream:75 - [STDERR_REDIRECT] [Fatal Error] :1:1: Premature end of file.
2026-01-16 18:15:59,520 [ERROR] LogOutputStream:75 - [STDERR_REDIRECT] 
2026-01-16 18:16:00,520 [ERROR] LogOutputStream:75 - [STDERR_REDIRECT] [Fatal Error] :1:1: Premature end of file.
2026-01-16 18:16:00,520 [ERROR] LogOutputStream:75 - [STDERR_REDIRECT] 
2026-01-16 18:16:01,520 [ERROR] LogOutputStream:75 - [STDERR_REDIRECT] [Fatal Error] :1:1: Premature end of file.
2026-01-16 18:16:01,520 [ERROR] LogOutputStream:75 - [STDERR_REDIRECT] 
2026-01-16 18:16:02,520 [ERROR] LogOutputStream:75 - [STDERR_REDIRECT] [Fatal Error] :1:1: Premature end of file.
2026-01-16 18:16:02,520 [ERROR] LogOutputStream:75 - [STDERR_REDIRECT] 
2026-01-16 18:16:03,520 [ERROR] LogOutputStream:75 - [STDERR_REDIRECT] [Fatal Error] :1:1: Premature end of file.
2026-01-16 18:16:03,520 [ERROR] LogOutputStream:75 - [STDERR_REDIRECT] 
2026-01-16 18:16:04,520 [ERROR] LogOutputStream:75 - [STDERR_REDIRECT] [Fatal Error] :1:1: Premature end of file.
2026-01-16 18:16:04,520 [ERROR] LogOutputStream:75 - [STDERR_REDIRECT] 
2026-01-16 18:16:05,520 [ERROR] LogOutputStream:75 - [STDERR_REDIRECT] [Fatal Error] :1:1: Premature end of file.
2026-01-16 18:16:05,521 [ERROR] LogOutputStream:75 - [STDERR_REDIRECT] 
2026-01-16 18:16:06,520 [ERROR] LogOutputStream:75 - [STDERR_REDIRECT] [Fatal Error] :1:1: Premature end of file.
2026-01-16 18:16:06,520 [ERROR] LogOutputStream:75 - [STDERR_REDIRECT] 
2026-01-16 18:16:07,519 [ERROR] LogOutputStream:75 - [STDERR_REDIRECT] [Fatal Error] :1:1: Premature end of file.
2026-01-16 18:16:07,519 [ERROR] LogOutputStream:75 - [STDERR_REDIRECT] 
2026-01-16 18:16:08,523 [ERROR] LogOutputStream:75 - [STDERR_REDIRECT] [Fatal Error] :1:1: Premature end of file.
2026-01-16 18:16:08,523 [ERROR] LogOutputStream:75 - [STDERR_REDIRECT] 
2026-01-16 18:16:09,520 [ERROR] LogOutputStream:75 - [STDERR_REDIRECT] [Fatal Error] :1:1: Premature end of file.
2026-01-16 18:16:09,521 [ERROR] LogOutputStream:75 - [STDERR_REDIRECT] 
2026-01-16 18:16:10,521 [ERROR] LogOutputStream:75 - [STDERR_REDIRECT] [Fatal Error] :1:1: Premature end of file.
2026-01-16 18:16:10,521 [ERROR] LogOutputStream:75 - [STDERR_REDIRECT] 
2026-01-16 18:16:11,520 [ERROR] LogOutputStream:75 - [STDERR_REDIRECT] [Fatal Error] :1:1: Premature end of file.
2026-01-16 18:16:11,520 [ERROR] LogOutputStream:75 - [STDERR_REDIRECT] 
2026-01-16 18:16:12,519 [ERROR] LogOutputStream:75 - [STDERR_REDIRECT] [Fatal Error] :1:1: Premature end of file.
2026-01-16 18:16:12,520 [ERROR] LogOutputStream:75 - [STDERR_REDIRECT] 
2026-01-16 18:16:13,521 [ERROR] LogOutputStream:75 - [STDERR_REDIRECT] [Fatal Error] :1:1: Premature end of file.
2026-01-16 18:16:13,521 [ERROR] LogOutputStream:75 - [STDERR_REDIRECT] 
2026-01-16 18:16:14,520 [ERROR] LogOutputStream:75 - [STDERR_REDIRECT] [Fatal Error] :1:1: Premature end of file.
2026-01-16 18:16:14,520 [ERROR] LogOutputStream:75 - [STDERR_REDIRECT] 
2026-01-16 18:16:15,519 [ERROR] LogOutputStream:75 - [STDERR_REDIRECT] [Fatal Error] :1:1: Premature end of file.
2026-01-16 18:16:15,519 [ERROR] LogOutputStream:75 - [STDERR_REDIRECT] 
2026-01-16 18:16:16,521 [ERROR] LogOutputStream:75 - [STDERR_REDIRECT] [Fatal Error] :1:1: Premature end of file.
2026-01-16 18:16:16,521 [ERROR] LogOutputStream:75 - [STDERR_REDIRECT] 
2026-01-16 18:16:17,519 [ERROR] LogOutputStream:75 - [STDERR_REDIRECT] [Fatal Error] :1:1: Premature end of file.
2026-01-16 18:16:17,519 [ERROR] LogOutputStream:75 - [STDERR_REDIRECT] 
2026-01-16 18:16:18,521 [ERROR] LogOutputStream:75 - [STDERR_REDIRECT] [Fatal Error] :1:1: Premature end of file.
2026-01-16 18:16:18,521 [ERROR] LogOutputStream:75 - [STDERR_REDIRECT] 
2026-01-16 18:16:19,519 [ERROR] LogOutputStream:75 - [STDERR_REDIRECT] [Fatal Error] :1:1: Premature end of file.
2026-01-16 18:16:19,519 [ERROR] LogOutputStream:75 - [STDERR_REDIRECT] 
2026-01-16 18:16:20,520 [ERROR] LogOutputStream:75 - [STDERR_REDIRECT] [Fatal Error] :1:1: Premature end of file.
2026-01-16 18:16:20,520 [ERROR] LogOutputStream:75 - [STDERR_REDIRECT] 
2026-01-16 18:16:21,519 [ERROR] LogOutputStream:75 - [STDERR_REDIRECT] [Fatal Error] :1:1: Premature end of file.
2026-01-16 18:16:21,519 [ERROR] LogOutputStream:75 - [STDERR_REDIRECT] 
2026-01-16 18:16:22,520 [ERROR] LogOutputStream:75 - [STDERR_REDIRECT] [Fatal Error] :1:1: Premature end of file.
2026-01-16 18:16:22,520 [ERROR] LogOutputStream:75 - [STDERR_REDIRECT] 
2026-01-16 18:16:23,521 [ERROR] LogOutputStream:75 - [STDERR_REDIRECT] [Fatal Error] :1:1: Premature end of file.
2026-01-16 18:16:23,521 [ERROR] LogOutputStream:75 - [STDERR_REDIRECT] 
2026-01-16 18:16:24,520 [ERROR] LogOutputStream:75 - [STDERR_REDIRECT] [Fatal Error] :1:1: Premature end of file.
2026-01-16 18:16:24,521 [ERROR] LogOutputStream:75 - [STDERR_REDIRECT] 
2026-01-16 18:16:25,520 [ERROR] LogOutputStream:75 - [STDERR_REDIRECT] [Fatal Error] :1:1: Premature end of file.
2026-01-16 18:16:25,520 [ERROR] LogOutputStream:75 - [STDERR_REDIRECT] 
2026-01-16 18:16:26,520 [ERROR] LogOutputStream:75 - [STDERR_REDIRECT] [Fatal Error] :1:1: Premature end of file.
2026-01-16 18:16:26,520 [ERROR] LogOutputStream:75 - [STDERR_REDIRECT] 
2026-01-16 18:16:27,521 [ERROR] LogOutputStream:75 - [STDERR_REDIRECT] [Fatal Error] :1:1: Premature end of file.
2026-01-16 18:16:27,521 [ERROR] LogOutputStream:75 - [STDERR_REDIRECT] 
2026-01-16 18:16:28,522 [ERROR] LogOutputStream:75 - [STDERR_REDIRECT] [Fatal Error] :1:1: Premature end of file.
2026-01-16 18:16:28,522 [ERROR] LogOutputStream:75 - [STDERR_REDIRECT] 
2026-01-16 18:16:29,520 [ERROR] LogOutputStream:75 - [STDERR_REDIRECT] [Fatal Error] :1:1: Premature end of file.
2026-01-16 18:16:29,520 [ERROR] LogOutputStream:75 - [STDERR_REDIRECT] 
2026-01-16 18:16:30,520 [ERROR] LogOutputStream:75 - [STDERR_REDIRECT] [Fatal Error] :1:1: Premature end of file.
2026-01-16 18:16:30,520 [ERROR] LogOutputStream:75 - [STDERR_REDIRECT] 
2026-01-16 18:16:31,524 [ERROR] LogOutputStream:75 - [STDERR_REDIRECT] [Fatal Error] :1:1: Premature end of file.
2026-01-16 18:16:31,524 [ERROR] LogOutputStream:75 - [STDERR_REDIRECT] 
2026-01-16 18:16:32,521 [ERROR] LogOutputStream:75 - [STDERR_REDIRECT] [Fatal Error] :1:1: Premature end of file.
2026-01-16 18:16:32,521 [ERROR] LogOutputStream:75 - [STDERR_REDIRECT] 
2026-01-16 18:16:33,520 [ERROR] LogOutputStream:75 - [STDERR_REDIRECT] [Fatal Error] :1:1: Premature end of file.
2026-01-16 18:16:33,520 [ERROR] LogOutputStream:75 - [STDERR_REDIRECT] 
2026-01-16 18:16:34,522 [ERROR] LogOutputStream:75 - [STDERR_REDIRECT] [Fatal Error] :1:1: Premature end of file.
2026-01-16 18:16:34,523 [ERROR] LogOutputStream:75 - [STDERR_REDIRECT] 
2026-01-16 18:16:35,521 [ERROR] LogOutputStream:75 - [STDERR_REDIRECT] [Fatal Error] :1:1: Premature end of file.
2026-01-16 18:16:35,521 [ERROR] LogOutputStream:75 - [STDERR_REDIRECT] 
2026-01-16 18:16:36,521 [ERROR] LogOutputStream:75 - [STDERR_REDIRECT] [Fatal Error] :1:1: Premature end of file.
2026-01-16 18:16:36,521 [ERROR] LogOutputStream:75 - [STDERR_REDIRECT] 
2026-01-16 18:16:37,521 [ERROR] LogOutputStream:75 - [STDERR_REDIRECT] [Fatal Error] :1:1: Premature end of file.
2026-01-16 18:16:37,521 [ERROR] LogOutputStream:75 - [STDERR_REDIRECT] 
2026-01-16 18:16:38,521 [ERROR] LogOutputStream:75 - [STDERR_REDIRECT] [Fatal Error] :1:1: Premature end of file.
2026-01-16 18:16:38,521 [ERROR] LogOutputStream:75 - [STDERR_REDIRECT] 
2026-01-16 18:16:39,519 [ERROR] LogOutputStream:75 - [STDERR_REDIRECT] [Fatal Error] :1:1: Premature end of file.
2026-01-16 18:16:39,519 [ERROR] LogOutputStream:75 - [STDERR_REDIRECT] 
2026-01-16 18:16:40,520 [ERROR] LogOutputStream:75 - [STDERR_REDIRECT] [Fatal Error] :1:1: Premature end of file.
2026-01-16 18:16:40,520 [ERROR] LogOutputStream:75 - [STDERR_REDIRECT] 
2026-01-16 18:16:41,520 [ERROR] LogOutputStream:75 - [STDERR_REDIRECT] [Fatal Error] :1:1: Premature end of file.
2026-01-16 18:16:41,520 [ERROR] LogOutputStream:75 - [STDERR_REDIRECT] 
2026-01-16 18:16:42,521 [ERROR] LogOutputStream:75 - [STDERR_REDIRECT] [Fatal Error] :1:1: Premature end of file.
2026-01-16 18:16:42,521 [ERROR] LogOutputStream:75 - [STDERR_REDIRECT] 
2026-01-16 18:16:43,520 [ERROR] LogOutputStream:75 - [STDERR_REDIRECT] [Fatal Error] :1:1: Premature end of file.
2026-01-16 18:16:43,520 [ERROR] LogOutputStream:75 - [STDERR_REDIRECT] 
2026-01-16 18:16:44,519 [ERROR] LogOutputStream:75 - [STDERR_REDIRECT] [Fatal Error] :1:1: Premature end of file.
2026-01-16 18:16:44,519 [ERROR] LogOutputStream:75 - [STDERR_REDIRECT] 
2026-01-16 18:16:45,523 [ERROR] LogOutputStream:75 - [STDERR_REDIRECT] [Fatal Error] :1:1: Premature end of file.
2026-01-16 18:16:45,523 [ERROR] LogOutputStream:75 - [STDERR_REDIRECT] 
2026-01-16 18:16:46,521 [ERROR] LogOutputStream:75 - [STDERR_REDIRECT] [Fatal Error] :1:1: Premature end of file.
2026-01-16 18:16:46,521 [ERROR] LogOutputStream:75 - [STDERR_REDIRECT] 
2026-01-16 18:16:47,519 [ERROR] LogOutputStream:75 - [STDERR_REDIRECT] [Fatal Error] :1:1: Premature end of file.
2026-01-16 18:16:47,519 [ERROR] LogOutputStream:75 - [STDERR_REDIRECT] 
2026-01-16 18:16:48,521 [ERROR] LogOutputStream:75 - [STDERR_REDIRECT] [Fatal Error] :1:1: Premature end of file.
2026-01-16 18:16:48,521 [ERROR] LogOutputStream:75 - [STDERR_REDIRECT] 
2026-01-16 18:16:49,521 [ERROR] LogOutputStream:75 - [STDERR_REDIRECT] [Fatal Error] :1:1: Premature end of file.
2026-01-16 18:16:49,521 [ERROR] LogOutputStream:75 - [STDERR_REDIRECT] 
2026-01-16 18:16:50,521 [ERROR] LogOutputStream:75 - [STDERR_REDIRECT] [Fatal Error] :1:1: Premature end of file.
2026-01-16 18:16:50,522 [ERROR] LogOutputStream:75 - [STDERR_REDIRECT] 
2026-01-16 18:16:51,521 [ERROR] LogOutputStream:75 - [STDERR_REDIRECT] [Fatal Error] :1:1: Premature end of file.
2026-01-16 18:16:51,521 [ERROR] LogOutputStream:75 - [STDERR_REDIRECT] 
2026-01-16 18:16:52,520 [ERROR] LogOutputStream:75 - [STDERR_REDIRECT] [Fatal Error] :1:1: Premature end of file.
2026-01-16 18:16:52,520 [ERROR] LogOutputStream:75 - [STDERR_REDIRECT] 
2026-01-16 18:16:53,520 [ERROR] LogOutputStream:75 - [STDERR_REDIRECT] [Fatal Error] :1:1: Premature end of file.
2026-01-16 18:16:53,520 [ERROR] LogOutputStream:75 - [STDERR_REDIRECT] 
2026-01-16 18:16:54,520 [ERROR] LogOutputStream:75 - [STDERR_REDIRECT] [Fatal Error] :1:1: Premature end of file.
2026-01-16 18:16:54,520 [ERROR] LogOutputStream:75 - [STDERR_REDIRECT] 
2026-01-16 18:16:55,521 [ERROR] LogOutputStream:75 - [STDERR_REDIRECT] [Fatal Error] :1:1: Premature end of file.
2026-01-16 18:16:55,521 [ERROR] LogOutputStream:75 - [STDERR_REDIRECT] 
2026-01-16 18:16:56,520 [ERROR] LogOutputStream:75 - [STDERR_REDIRECT] [Fatal Error] :1:1: Premature end of file.
2026-01-16 18:16:56,520 [ERROR] LogOutputStream:75 - [STDERR_REDIRECT] 
2026-01-16 18:16:57,522 [ERROR] LogOutputStream:75 - [STDERR_REDIRECT] [Fatal Error] :1:1: Premature end of file.
2026-01-16 18:16:57,522 [ERROR] LogOutputStream:75 - [STDERR_REDIRECT] 
2026-01-16 18:16:58,518 [ERROR] LogOutputStream:75 - [STDERR_REDIRECT] [Fatal Error] :1:1: Premature end of file.
2026-01-16 18:16:58,518 [ERROR] LogOutputStream:75 - [STDERR_REDIRECT] 
2026-01-16 18:16:59,520 [ERROR] LogOutputStream:75 - [STDERR_REDIRECT] [Fatal Error] :1:1: Premature end of file.
2026-01-16 18:16:59,520 [ERROR] LogOutputStream:75 - [STDERR_REDIRECT] 
2026-01-16 18:17:00,520 [ERROR] LogOutputStream:75 - [STDERR_REDIRECT] [Fatal Error] :1:1: Premature end of file.
2026-01-16 18:17:00,520 [ERROR] LogOutputStream:75 - [STDERR_REDIRECT] 
2026-01-16 18:17:01,521 [ERROR] LogOutputStream:75 - [STDERR_REDIRECT] [Fatal Error] :1:1: Premature end of file.
2026-01-16 18:17:01,521 [ERROR] LogOutputStream:75 - [STDERR_REDIRECT] 
2026-01-16 18:17:02,520 [ERROR] LogOutputStream:75 - [STDERR_REDIRECT] [Fatal Error] :1:1: Premature end of file.
2026-01-16 18:17:02,520 [ERROR] LogOutputStream:75 - [STDERR_REDIRECT] 
2026-01-16 18:17:03,521 [ERROR] LogOutputStream:75 - [STDERR_REDIRECT] [Fatal Error] :1:1: Premature end of file.
2026-01-16 18:17:03,521 [ERROR] LogOutputStream:75 - [STDERR_REDIRECT] 
2026-01-16 18:17:04,519 [ERROR] LogOutputStream:75 - [STDERR_REDIRECT] [Fatal Error] :1:1: Premature end of file.
2026-01-16 18:17:04,519 [ERROR] LogOutputStream:75 - [STDERR_REDIRECT] 
2026-01-16 18:17:05,520 [ERROR] LogOutputStream:75 - [STDERR_REDIRECT] [Fatal Error] :1:1: Premature end of file.
2026-01-16 18:17:05,520 [ERROR] LogOutputStream:75 - [STDERR_REDIRECT] 
2026-01-16 18:17:06,520 [ERROR] LogOutputStream:75 - [STDERR_REDIRECT] [Fatal Error] :1:1: Premature end of file.
2026-01-16 18:17:06,520 [ERROR] LogOutputStream:75 - [STDERR_REDIRECT] 
2026-01-16 18:17:07,520 [ERROR] LogOutputStream:75 - [STDERR_REDIRECT] [Fatal Error] :1:1: Premature end of file.
2026-01-16 18:17:07,520 [ERROR] LogOutputStream:75 - [STDERR_REDIRECT] 
2026-01-16 18:17:08,522 [ERROR] LogOutputStream:75 - [STDERR_REDIRECT] [Fatal Error] :1:1: Premature end of file.
2026-01-16 18:17:08,522 [ERROR] LogOutputStream:75 - [STDERR_REDIRECT] 
2026-01-16 18:17:09,519 [ERROR] LogOutputStream:75 - [STDERR_REDIRECT] [Fatal Error] :1:1: Premature end of file.
2026-01-16 18:17:09,519 [ERROR] LogOutputStream:75 - [STDERR_REDIRECT] 
2026-01-16 18:17:10,521 [ERROR] LogOutputStream:75 - [STDERR_REDIRECT] [Fatal Error] :1:1: Premature end of file.
2026-01-16 18:17:10,521 [ERROR] LogOutputStream:75 - [STDERR_REDIRECT] 
2026-01-16 18:17:11,520 [ERROR] LogOutputStream:75 - [STDERR_REDIRECT] [Fatal Error] :1:1: Premature end of file.
2026-01-16 18:17:11,520 [ERROR] LogOutputStream:75 - [STDERR_REDIRECT] 
2026-01-16 18:17:12,520 [ERROR] LogOutputStream:75 - [STDERR_REDIRECT] [Fatal Error] :1:1: Premature end of file.
2026-01-16 18:17:12,520 [ERROR] LogOutputStream:75 - [STDERR_REDIRECT] 
2026-01-16 18:17:13,520 [ERROR] LogOutputStream:75 - [STDERR_REDIRECT] [Fatal Error] :1:1: Premature end of file.
2026-01-16 18:17:13,520 [ERROR] LogOutputStream:75 - [STDERR_REDIRECT] 
2026-01-16 18:17:14,520 [ERROR] LogOutputStream:75 - [STDERR_REDIRECT] [Fatal Error] :1:1: Premature end of file.
2026-01-16 18:17:14,520 [ERROR] LogOutputStream:75 - [STDERR_REDIRECT] 
2026-01-16 18:17:15,521 [ERROR] LogOutputStream:75 - [STDERR_REDIRECT] [Fatal Error] :1:1: Premature end of file.
2026-01-16 18:17:15,521 [ERROR] LogOutputStream:75 - [STDERR_REDIRECT] 
2026-01-16 18:17:16,519 [ERROR] LogOutputStream:75 - [STDERR_REDIRECT] [Fatal Error] :1:1: Premature end of file.
2026-01-16 18:17:16,519 [ERROR] LogOutputStream:75 - [STDERR_REDIRECT] 
2026-01-16 18:17:17,520 [ERROR] LogOutputStream:75 - [STDERR_REDIRECT] [Fatal Error] :1:1: Premature end of file.
2026-01-16 18:17:17,521 [ERROR] LogOutputStream:75 - [STDERR_REDIRECT] 
2026-01-16 18:17:18,520 [ERROR] LogOutputStream:75 - [STDERR_REDIRECT] [Fatal Error] :1:1: Premature end of file.
2026-01-16 18:17:18,520 [ERROR] LogOutputStream:75 - [STDERR_REDIRECT] 
2026-01-16 18:17:19,523 [ERROR] LogOutputStream:75 - [STDERR_REDIRECT] [Fatal Error] :1:1: Premature end of file.
2026-01-16 18:17:19,524 [ERROR] LogOutputStream:75 - [STDERR_REDIRECT] 
2026-01-16 18:17:20,522 [ERROR] LogOutputStream:75 - [STDERR_REDIRECT] [Fatal Error] :1:1: Premature end of file.
2026-01-16 18:17:20,522 [ERROR] LogOutputStream:75 - [STDERR_REDIRECT] 
2026-01-16 18:17:21,521 [ERROR] LogOutputStream:75 - [STDERR_REDIRECT] [Fatal Error] :1:1: Premature end of file.
2026-01-16 18:17:21,521 [ERROR] LogOutputStream:75 - [STDERR_REDIRECT] 
2026-01-16 18:17:22,522 [ERROR] LogOutputStream:75 - [STDERR_REDIRECT] [Fatal Error] :1:1: Premature end of file.
2026-01-16 18:17:22,522 [ERROR] LogOutputStream:75 - [STDERR_REDIRECT] 
2026-01-16 18:17:23,521 [ERROR] LogOutputStream:75 - [STDERR_REDIRECT] [Fatal Error] :1:1: Premature end of file.
2026-01-16 18:17:23,521 [ERROR] LogOutputStream:75 - [STDERR_REDIRECT] 
2026-01-16 18:17:24,523 [ERROR] LogOutputStream:75 - [STDERR_REDIRECT] [Fatal Error] :1:1: Premature end of file.
2026-01-16 18:17:24,524 [ERROR] LogOutputStream:75 - [STDERR_REDIRECT] 
2026-01-16 18:17:25,519 [ERROR] LogOutputStream:75 - [STDERR_REDIRECT] [Fatal Error] :1:1: Premature end of file.
2026-01-16 18:17:25,519 [ERROR] LogOutputStream:75 - [STDERR_REDIRECT] 
2026-01-16 18:17:26,520 [ERROR] LogOutputStream:75 - [STDERR_REDIRECT] [Fatal Error] :1:1: Premature end of file.
2026-01-16 18:17:26,520 [ERROR] LogOutputStream:75 - [STDERR_REDIRECT] 
2026-01-16 18:17:27,518 [ERROR] LogOutputStream:75 - [STDERR_REDIRECT] [Fatal Error] :1:1: Premature end of file.
2026-01-16 18:17:27,518 [ERROR] LogOutputStream:75 - [STDERR_REDIRECT] 
2026-01-16 18:17:28,520 [ERROR] LogOutputStream:75 - [STDERR_REDIRECT] [Fatal Error] :1:1: Premature end of file.
2026-01-16 18:17:28,520 [ERROR] LogOutputStream:75 - [STDERR_REDIRECT] 
2026-01-16 18:17:29,520 [ERROR] LogOutputStream:75 - [STDERR_REDIRECT] [Fatal Error] :1:1: Premature end of file.
2026-01-16 18:17:29,520 [ERROR] LogOutputStream:75 - [STDERR_REDIRECT] 
2026-01-16 18:17:30,520 [ERROR] LogOutputStream:75 - [STDERR_REDIRECT] [Fatal Error] :1:1: Premature end of file.
2026-01-16 18:17:30,520 [ERROR] LogOutputStream:75 - [STDERR_REDIRECT] 
2026-01-16 18:17:31,520 [ERROR] LogOutputStream:75 - [STDERR_REDIRECT] [Fatal Error] :1:1: Premature end of file.
2026-01-16 18:17:31,520 [ERROR] LogOutputStream:75 - [STDERR_REDIRECT] 
2026-01-16 18:17:32,520 [ERROR] LogOutputStream:75 - [STDERR_REDIRECT] [Fatal Error] :1:1: Premature end of file.
2026-01-16 18:17:32,520 [ERROR] LogOutputStream:75 - [STDERR_REDIRECT] 
2026-01-16 18:17:33,520 [ERROR] LogOutputStream:75 - [STDERR_REDIRECT] [Fatal Error] :1:1: Premature end of file.
2026-01-16 18:17:33,521 [ERROR] LogOutputStream:75 - [STDERR_REDIRECT] 
2026-01-16 18:17:34,520 [ERROR] LogOutputStream:75 - [STDERR_REDIRECT] [Fatal Error] :1:1: Premature end of file.
2026-01-16 18:17:34,520 [ERROR] LogOutputStream:75 - [STDERR_REDIRECT] 
2026-01-16 18:17:35,520 [ERROR] LogOutputStream:75 - [STDERR_REDIRECT] [Fatal Error] :1:1: Premature end of file.
2026-01-16 18:17:35,520 [ERROR] LogOutputStream:75 - [STDERR_REDIRECT] 
2026-01-16 18:17:36,519 [ERROR] LogOutputStream:75 - [STDERR_REDIRECT] [Fatal Error] :1:1: Premature end of file.
2026-01-16 18:17:36,519 [ERROR] LogOutputStream:75 - [STDERR_REDIRECT] 
2026-01-16 18:17:37,521 [ERROR] LogOutputStream:75 - [STDERR_REDIRECT] [Fatal Error] :1:1: Premature end of file.
2026-01-16 18:17:37,521 [ERROR] LogOutputStream:75 - [STDERR_REDIRECT] 
2026-01-16 18:17:38,517 [ERROR] LogOutputStream:75 - [STDERR_REDIRECT] [Fatal Error] :1:1: Premature end of file.
2026-01-16 18:17:38,517 [ERROR] LogOutputStream:75 - [STDERR_REDIRECT] 
2026-01-16 18:17:39,521 [ERROR] LogOutputStream:75 - [STDERR_REDIRECT] [Fatal Error] :1:1: Premature end of file.
2026-01-16 18:17:39,521 [ERROR] LogOutputStream:75 - [STDERR_REDIRECT] 
2026-01-16 18:17:40,519 [ERROR] LogOutputStream:75 - [STDERR_REDIRECT] [Fatal Error] :1:1: Premature end of file.
2026-01-16 18:17:40,520 [ERROR] LogOutputStream:75 - [STDERR_REDIRECT] 
2026-01-16 18:17:41,519 [ERROR] LogOutputStream:75 - [STDERR_REDIRECT] [Fatal Error] :1:1: Premature end of file.
2026-01-16 18:17:41,519 [ERROR] LogOutputStream:75 - [STDERR_REDIRECT] 
2026-01-16 18:17:42,520 [ERROR] LogOutputStream:75 - [STDERR_REDIRECT] [Fatal Error] :1:1: Premature end of file.
2026-01-16 18:17:42,520 [ERROR] LogOutputStream:75 - [STDERR_REDIRECT] 
2026-01-16 18:17:43,519 [ERROR] LogOutputStream:75 - [STDERR_REDIRECT] [Fatal Error] :1:1: Premature end of file.
2026-01-16 18:17:43,519 [ERROR] LogOutputStream:75 - [STDERR_REDIRECT] 
2026-01-16 18:17:44,519 [ERROR] LogOutputStream:75 - [STDERR_REDIRECT] [Fatal Error] :1:1: Premature end of file.
2026-01-16 18:17:44,519 [ERROR] LogOutputStream:75 - [STDERR_REDIRECT] 
2026-01-16 18:17:45,520 [ERROR] LogOutputStream:75 - [STDERR_REDIRECT] [Fatal Error] :1:1: Premature end of file.
2026-01-16 18:17:45,520 [ERROR] LogOutputStream:75 - [STDERR_REDIRECT] 
2026-01-16 18:17:46,521 [ERROR] LogOutputStream:75 - [STDERR_REDIRECT] [Fatal Error] :1:1: Premature end of file.
2026-01-16 18:17:46,521 [ERROR] LogOutputStream:75 - [STDERR_REDIRECT] 
2026-01-16 18:17:47,519 [ERROR] LogOutputStream:75 - [STDERR_REDIRECT] [Fatal Error] :1:1: Premature end of file.
2026-01-16 18:17:47,519 [ERROR] LogOutputStream:75 - [STDERR_REDIRECT] 
2026-01-16 18:17:48,519 [ERROR] LogOutputStream:75 - [STDERR_REDIRECT] [Fatal Error] :1:1: Premature end of file.
2026-01-16 18:17:48,519 [ERROR] LogOutputStream:75 - [STDERR_REDIRECT] 
2026-01-16 18:17:49,520 [ERROR] LogOutputStream:75 - [STDERR_REDIRECT] [Fatal Error] :1:1: Premature end of file.
2026-01-16 18:17:49,520 [ERROR] LogOutputStream:75 - [STDERR_REDIRECT] 
2026-01-16 18:17:50,523 [ERROR] LogOutputStream:75 - [STDERR_REDIRECT] [Fatal Error] :1:1: Premature end of file.
2026-01-16 18:17:50,523 [ERROR] LogOutputStream:75 - [STDERR_REDIRECT] 
2026-01-16 18:17:51,522 [ERROR] LogOutputStream:75 - [STDERR_REDIRECT] [Fatal Error] :1:1: Premature end of file.
2026-01-16 18:17:51,522 [ERROR] LogOutputStream:75 - [STDERR_REDIRECT] 
2026-01-16 18:17:52,520 [ERROR] LogOutputStream:75 - [STDERR_REDIRECT] [Fatal Error] :1:1: Premature end of file.
2026-01-16 18:17:52,521 [ERROR] LogOutputStream:75 - [STDERR_REDIRECT] 
2026-01-16 18:17:53,520 [ERROR] LogOutputStream:75 - [STDERR_REDIRECT] [Fatal Error] :1:1: Premature end of file.
2026-01-16 18:17:53,520 [ERROR] LogOutputStream:75 - [STDERR_REDIRECT] 
2026-01-16 18:17:54,517 [ERROR] LogOutputStream:75 - [STDERR_REDIRECT] [Fatal Error] :1:1: Premature end of file.
2026-01-16 18:17:54,518 [ERROR] LogOutputStream:75 - [STDERR_REDIRECT] 
2026-01-16 18:17:55,520 [ERROR] LogOutputStream:75 - [STDERR_REDIRECT] [Fatal Error] :1:1: Premature end of file.
2026-01-16 18:17:55,520 [ERROR] LogOutputStream:75 - [STDERR_REDIRECT] 
2026-01-16 18:17:56,527 [ERROR] LogOutputStream:75 - [STDERR_REDIRECT] [Fatal Error] :1:1: Premature end of file.
2026-01-16 18:17:56,527 [ERROR] LogOutputStream:75 - [STDERR_REDIRECT] 
2026-01-16 18:17:57,521 [ERROR] LogOutputStream:75 - [STDERR_REDIRECT] [Fatal Error] :1:1: Premature end of file.
2026-01-16 18:17:57,521 [ERROR] LogOutputStream:75 - [STDERR_REDIRECT] 
2026-01-16 18:17:58,520 [ERROR] LogOutputStream:75 - [STDERR_REDIRECT] [Fatal Error] :1:1: Premature end of file.
2026-01-16 18:17:58,520 [ERROR] LogOutputStream:75 - [STDERR_REDIRECT] 
2026-01-16 18:17:59,521 [ERROR] LogOutputStream:75 - [STDERR_REDIRECT] [Fatal Error] :1:1: Premature end of file.
2026-01-16 18:17:59,521 [ERROR] LogOutputStream:75 - [STDERR_REDIRECT] 
2026-01-16 18:18:00,522 [ERROR] LogOutputStream:75 - [STDERR_REDIRECT] [Fatal Error] :1:1: Premature end of file.
2026-01-16 18:18:00,522 [ERROR] LogOutputStream:75 - [STDERR_REDIRECT] 
2026-01-16 18:18:01,519 [ERROR] LogOutputStream:75 - [STDERR_REDIRECT] [Fatal Error] :1:1: Premature end of file.
2026-01-16 18:18:01,519 [ERROR] LogOutputStream:75 - [STDERR_REDIRECT] 
2026-01-16 18:18:02,521 [ERROR] LogOutputStream:75 - [STDERR_REDIRECT] [Fatal Error] :1:1: Premature end of file.
2026-01-16 18:18:02,521 [ERROR] LogOutputStream:75 - [STDERR_REDIRECT] 
2026-01-16 18:18:03,521 [ERROR] LogOutputStream:75 - [STDERR_REDIRECT] [Fatal Error] :1:1: Premature end of file.
2026-01-16 18:18:03,521 [ERROR] LogOutputStream:75 - [STDERR_REDIRECT] 
2026-01-16 18:18:04,520 [ERROR] LogOutputStream:75 - [STDERR_REDIRECT] [Fatal Error] :1:1: Premature end of file.
2026-01-16 18:18:04,520 [ERROR] LogOutputStream:75 - [STDERR_REDIRECT] 
2026-01-16 18:18:05,521 [ERROR] LogOutputStream:75 - [STDERR_REDIRECT] [Fatal Error] :1:1: Premature end of file.
2026-01-16 18:18:05,521 [ERROR] LogOutputStream:75 - [STDERR_REDIRECT] 
2026-01-16 18:18:06,520 [ERROR] LogOutputStream:75 - [STDERR_REDIRECT] [Fatal Error] :1:1: Premature end of file.
2026-01-16 18:18:06,521 [ERROR] LogOutputStream:75 - [STDERR_REDIRECT] 
2026-01-16 18:18:07,521 [ERROR] LogOutputStream:75 - [STDERR_REDIRECT] [Fatal Error] :1:1: Premature end of file.
2026-01-16 18:18:07,521 [ERROR] LogOutputStream:75 - [STDERR_REDIRECT] 
2026-01-16 18:18:08,520 [ERROR] LogOutputStream:75 - [STDERR_REDIRECT] [Fatal Error] :1:1: Premature end of file.
2026-01-16 18:18:08,520 [ERROR] LogOutputStream:75 - [STDERR_REDIRECT] 
2026-01-16 18:18:09,518 [ERROR] LogOutputStream:75 - [STDERR_REDIRECT] [Fatal Error] :1:1: Premature end of file.
2026-01-16 18:18:09,518 [ERROR] LogOutputStream:75 - [STDERR_REDIRECT] 
2026-01-16 18:18:10,519 [ERROR] LogOutputStream:75 - [STDERR_REDIRECT] [Fatal Error] :1:1: Premature end of file.
2026-01-16 18:18:10,520 [ERROR] LogOutputStream:75 - [STDERR_REDIRECT] 
2026-01-16 18:18:11,519 [ERROR] LogOutputStream:75 - [STDERR_REDIRECT] [Fatal Error] :1:1: Premature end of file.
2026-01-16 18:18:11,520 [ERROR] LogOutputStream:75 - [STDERR_REDIRECT] 
2026-01-16 18:18:12,520 [ERROR] LogOutputStream:75 - [STDERR_REDIRECT] [Fatal Error] :1:1: Premature end of file.
2026-01-16 18:18:12,521 [ERROR] LogOutputStream:75 - [STDERR_REDIRECT] 
2026-01-16 18:18:13,521 [ERROR] LogOutputStream:75 - [STDERR_REDIRECT] [Fatal Error] :1:1: Premature end of file.
2026-01-16 18:18:13,522 [ERROR] LogOutputStream:75 - [STDERR_REDIRECT] 
2026-01-16 18:18:14,519 [ERROR] LogOutputStream:75 - [STDERR_REDIRECT] [Fatal Error] :1:1: Premature end of file.
2026-01-16 18:18:14,520 [ERROR] LogOutputStream:75 - [STDERR_REDIRECT] 
2026-01-16 18:18:15,520 [ERROR] LogOutputStream:75 - [STDERR_REDIRECT] [Fatal Error] :1:1: Premature end of file.
2026-01-16 18:18:15,520 [ERROR] LogOutputStream:75 - [STDERR_REDIRECT] 
2026-01-16 18:18:16,520 [ERROR] LogOutputStream:75 - [STDERR_REDIRECT] [Fatal Error] :1:1: Premature end of file.
2026-01-16 18:18:16,520 [ERROR] LogOutputStream:75 - [STDERR_REDIRECT] 
2026-01-16 18:18:17,523 [ERROR] LogOutputStream:75 - [STDERR_REDIRECT] [Fatal Error] :1:1: Premature end of file.
2026-01-16 18:18:17,524 [ERROR] LogOutputStream:75 - [STDERR_REDIRECT] 
2026-01-16 18:18:18,521 [ERROR] LogOutputStream:75 - [STDERR_REDIRECT] [Fatal Error] :1:1: Premature end of file.
2026-01-16 18:18:18,522 [ERROR] LogOutputStream:75 - [STDERR_REDIRECT] 
2026-01-16 18:18:19,521 [ERROR] LogOutputStream:75 - [STDERR_REDIRECT] [Fatal Error] :1:1: Premature end of file.
2026-01-16 18:18:19,521 [ERROR] LogOutputStream:75 - [STDERR_REDIRECT] 
2026-01-16 18:18:20,523 [ERROR] LogOutputStream:75 - [STDERR_REDIRECT] [Fatal Error] :1:1: Premature end of file.
2026-01-16 18:18:20,523 [ERROR] LogOutputStream:75 - [STDERR_REDIRECT] 
2026-01-16 18:18:21,519 [ERROR] LogOutputStream:75 - [STDERR_REDIRECT] [Fatal Error] :1:1: Premature end of file.
2026-01-16 18:18:21,519 [ERROR] LogOutputStream:75 - [STDERR_REDIRECT] 
2026-01-16 18:18:22,520 [ERROR] LogOutputStream:75 - [STDERR_REDIRECT] [Fatal Error] :1:1: Premature end of file.
2026-01-16 18:18:22,520 [ERROR] LogOutputStream:75 - [STDERR_REDIRECT] 
2026-01-16 18:18:23,522 [ERROR] LogOutputStream:75 - [STDERR_REDIRECT] [Fatal Error] :1:1: Premature end of file.
2026-01-16 18:18:23,522 [ERROR] LogOutputStream:75 - [STDERR_REDIRECT] 
2026-01-16 18:18:24,526 [ERROR] LogOutputStream:75 - [STDERR_REDIRECT] [Fatal Error] :1:1: Premature end of file.
2026-01-16 18:18:24,526 [ERROR] LogOutputStream:75 - [STDERR_REDIRECT] 
2026-01-16 18:18:25,521 [ERROR] LogOutputStream:75 - [STDERR_REDIRECT] [Fatal Error] :1:1: Premature end of file.
2026-01-16 18:18:25,522 [ERROR] LogOutputStream:75 - [STDERR_REDIRECT] 
2026-01-16 18:18:26,518 [ERROR] LogOutputStream:75 - [STDERR_REDIRECT] [Fatal Error] :1:1: Premature end of file.
2026-01-16 18:18:26,518 [ERROR] LogOutputStream:75 - [STDERR_REDIRECT] 
2026-01-16 18:18:27,523 [ERROR] LogOutputStream:75 - [STDERR_REDIRECT] [Fatal Error] :1:1: Premature end of file.
2026-01-16 18:18:27,523 [ERROR] LogOutputStream:75 - [STDERR_REDIRECT] 
2026-01-16 18:18:28,521 [ERROR] LogOutputStream:75 - [STDERR_REDIRECT] [Fatal Error] :1:1: Premature end of file.
2026-01-16 18:18:28,521 [ERROR] LogOutputStream:75 - [STDERR_REDIRECT] 
2026-01-16 18:18:29,520 [ERROR] LogOutputStream:75 - [STDERR_REDIRECT] [Fatal Error] :1:1: Premature end of file.
2026-01-16 18:18:29,520 [ERROR] LogOutputStream:75 - [STDERR_REDIRECT] 
2026-01-16 18:18:30,520 [ERROR] LogOutputStream:75 - [STDERR_REDIRECT] [Fatal Error] :1:1: Premature end of file.
2026-01-16 18:18:30,521 [ERROR] LogOutputStream:75 - [STDERR_REDIRECT] 
2026-01-16 18:18:31,519 [ERROR] LogOutputStream:75 - [STDERR_REDIRECT] [Fatal Error] :1:1: Premature end of file.
2026-01-16 18:18:31,519 [ERROR] LogOutputStream:75 - [STDERR_REDIRECT] 
2026-01-16 18:18:32,522 [ERROR] LogOutputStream:75 - [STDERR_REDIRECT] [Fatal Error] :1:1: Premature end of file.
2026-01-16 18:18:32,522 [ERROR] LogOutputStream:75 - [STDERR_REDIRECT] 
2026-01-16 18:18:33,521 [ERROR] LogOutputStream:75 - [STDERR_REDIRECT] [Fatal Error] :1:1: Premature end of file.
2026-01-16 18:18:33,521 [ERROR] LogOutputStream:75 - [STDERR_REDIRECT] 
2026-01-16 18:18:34,522 [ERROR] LogOutputStream:75 - [STDERR_REDIRECT] [Fatal Error] :1:1: Premature end of file.
2026-01-16 18:18:34,522 [ERROR] LogOutputStream:75 - [STDERR_REDIRECT] 
2026-01-16 18:18:35,520 [ERROR] LogOutputStream:75 - [STDERR_REDIRECT] [Fatal Error] :1:1: Premature end of file.
2026-01-16 18:18:35,520 [ERROR] LogOutputStream:75 - [STDERR_REDIRECT] 
2026-01-16 18:18:36,522 [ERROR] LogOutputStream:75 - [STDERR_REDIRECT] [Fatal Error] :1:1: Premature end of file.
2026-01-16 18:18:36,522 [ERROR] LogOutputStream:75 - [STDERR_REDIRECT] 
2026-01-16 18:18:37,521 [ERROR] LogOutputStream:75 - [STDERR_REDIRECT] [Fatal Error] :1:1: Premature end of file.
2026-01-16 18:18:37,521 [ERROR] LogOutputStream:75 - [STDERR_REDIRECT] 
2026-01-16 18:18:38,523 [ERROR] LogOutputStream:75 - [STDERR_REDIRECT] [Fatal Error] :1:1: Premature end of file.
2026-01-16 18:18:38,523 [ERROR] LogOutputStream:75 - [STDERR_REDIRECT] 
2026-01-16 18:18:39,521 [ERROR] LogOutputStream:75 - [STDERR_REDIRECT] [Fatal Error] :1:1: Premature end of file.
2026-01-16 18:18:39,521 [ERROR] LogOutputStream:75 - [STDERR_REDIRECT] 
2026-01-16 18:18:40,520 [ERROR] LogOutputStream:75 - [STDERR_REDIRECT] [Fatal Error] :1:1: Premature end of file.
2026-01-16 18:18:40,520 [ERROR] LogOutputStream:75 - [STDERR_REDIRECT] 
2026-01-16 18:18:41,520 [ERROR] LogOutputStream:75 - [STDERR_REDIRECT] [Fatal Error] :1:1: Premature end of file.
2026-01-16 18:18:41,520 [ERROR] LogOutputStream:75 - [STDERR_REDIRECT] 
2026-01-16 18:18:42,520 [ERROR] LogOutputStream:75 - [STDERR_REDIRECT] [Fatal Error] :1:1: Premature end of file.
2026-01-16 18:18:42,520 [ERROR] LogOutputStream:75 - [STDERR_REDIRECT] 
2026-01-16 18:18:43,523 [ERROR] LogOutputStream:75 - [STDERR_REDIRECT] [Fatal Error] :1:1: Premature end of file.
2026-01-16 18:18:43,523 [ERROR] LogOutputStream:75 - [STDERR_REDIRECT] 
2026-01-16 18:18:44,520 [ERROR] LogOutputStream:75 - [STDERR_REDIRECT] [Fatal Error] :1:1: Premature end of file.
2026-01-16 18:18:44,520 [ERROR] LogOutputStream:75 - [STDERR_REDIRECT] 
2026-01-16 18:18:45,520 [ERROR] LogOutputStream:75 - [STDERR_REDIRECT] [Fatal Error] :1:1: Premature end of file.
2026-01-16 18:18:45,520 [ERROR] LogOutputStream:75 - [STDERR_REDIRECT] 
2026-01-16 18:18:46,519 [ERROR] LogOutputStream:75 - [STDERR_REDIRECT] [Fatal Error] :1:1: Premature end of file.
2026-01-16 18:18:46,520 [ERROR] LogOutputStream:75 - [STDERR_REDIRECT] 
2026-01-16 18:18:47,520 [ERROR] LogOutputStream:75 - [STDERR_REDIRECT] [Fatal Error] :1:1: Premature end of file.
2026-01-16 18:18:47,520 [ERROR] LogOutputStream:75 - [STDERR_REDIRECT] 
2026-01-16 18:18:48,520 [ERROR] LogOutputStream:75 - [STDERR_REDIRECT] [Fatal Error] :1:1: Premature end of file.
2026-01-16 18:18:48,520 [ERROR] LogOutputStream:75 - [STDERR_REDIRECT] 
2026-01-16 18:18:49,519 [ERROR] LogOutputStream:75 - [STDERR_REDIRECT] [Fatal Error] :1:1: Premature end of file.
2026-01-16 18:18:49,519 [ERROR] LogOutputStream:75 - [STDERR_REDIRECT] 
2026-01-16 18:18:50,520 [ERROR] LogOutputStream:75 - [STDERR_REDIRECT] [Fatal Error] :1:1: Premature end of file.
2026-01-16 18:18:50,520 [ERROR] LogOutputStream:75 - [STDERR_REDIRECT] 
2026-01-16 18:18:51,520 [ERROR] LogOutputStream:75 - [STDERR_REDIRECT] [Fatal Error] :1:1: Premature end of file.
2026-01-16 18:18:51,520 [ERROR] LogOutputStream:75 - [STDERR_REDIRECT] 
2026-01-16 18:18:52,522 [ERROR] LogOutputStream:75 - [STDERR_REDIRECT] [Fatal Error] :1:1: Premature end of file.
2026-01-16 18:18:52,522 [ERROR] LogOutputStream:75 - [STDERR_REDIRECT] 
2026-01-16 18:18:53,524 [ERROR] LogOutputStream:75 - [STDERR_REDIRECT] [Fatal Error] :1:1: Premature end of file.
2026-01-16 18:18:53,524 [ERROR] LogOutputStream:75 - [STDERR_REDIRECT] 
2026-01-16 18:18:54,523 [ERROR] LogOutputStream:75 - [STDERR_REDIRECT] [Fatal Error] :1:1: Premature end of file.
2026-01-16 18:18:54,523 [ERROR] LogOutputStream:75 - [STDERR_REDIRECT] 
2026-01-16 18:18:55,519 [ERROR] LogOutputStream:75 - [STDERR_REDIRECT] [Fatal Error] :1:1: Premature end of file.
2026-01-16 18:18:55,519 [ERROR] LogOutputStream:75 - [STDERR_REDIRECT] 
2026-01-16 18:18:56,520 [ERROR] LogOutputStream:75 - [STDERR_REDIRECT] [Fatal Error] :1:1: Premature end of file.
2026-01-16 18:18:56,520 [ERROR] LogOutputStream:75 - [STDERR_REDIRECT] 
2026-01-16 18:18:57,520 [ERROR] LogOutputStream:75 - [STDERR_REDIRECT] [Fatal Error] :1:1: Premature end of file.
2026-01-16 18:18:57,520 [ERROR] LogOutputStream:75 - [STDERR_REDIRECT] 
2026-01-16 18:18:58,520 [ERROR] LogOutputStream:75 - [STDERR_REDIRECT] [Fatal Error] :1:1: Premature end of file.
2026-01-16 18:18:58,520 [ERROR] LogOutputStream:75 - [STDERR_REDIRECT] 
2026-01-16 18:18:59,521 [ERROR] LogOutputStream:75 - [STDERR_REDIRECT] [Fatal Error] :1:1: Premature end of file.
2026-01-16 18:18:59,521 [ERROR] LogOutputStream:75 - [STDERR_REDIRECT] 
2026-01-16 18:19:00,519 [ERROR] LogOutputStream:75 - [STDERR_REDIRECT] [Fatal Error] :1:1: Premature end of file.
2026-01-16 18:19:00,519 [ERROR] LogOutputStream:75 - [STDERR_REDIRECT] 
2026-01-16 18:19:01,520 [ERROR] LogOutputStream:75 - [STDERR_REDIRECT] [Fatal Error] :1:1: Premature end of file.
2026-01-16 18:19:01,521 [ERROR] LogOutputStream:75 - [STDERR_REDIRECT] 
2026-01-16 18:19:02,522 [ERROR] LogOutputStream:75 - [STDERR_REDIRECT] [Fatal Error] :1:1: Premature end of file.
2026-01-16 18:19:02,522 [ERROR] LogOutputStream:75 - [STDERR_REDIRECT] 
2026-01-16 18:19:03,519 [ERROR] LogOutputStream:75 - [STDERR_REDIRECT] [Fatal Error] :1:1: Premature end of file.
2026-01-16 18:19:03,519 [ERROR] LogOutputStream:75 - [STDERR_REDIRECT] 
2026-01-16 18:19:04,521 [ERROR] LogOutputStream:75 - [STDERR_REDIRECT] [Fatal Error] :1:1: Premature end of file.
2026-01-16 18:19:04,522 [ERROR] LogOutputStream:75 - [STDERR_REDIRECT] 
2026-01-16 18:19:05,522 [ERROR] LogOutputStream:75 - [STDERR_REDIRECT] [Fatal Error] :1:1: Premature end of file.
2026-01-16 18:19:05,522 [ERROR] LogOutputStream:75 - [STDERR_REDIRECT] 
2026-01-16 18:19:06,521 [ERROR] LogOutputStream:75 - [STDERR_REDIRECT] [Fatal Error] :1:1: Premature end of file.
2026-01-16 18:19:06,521 [ERROR] LogOutputStream:75 - [STDERR_REDIRECT] 
2026-01-16 18:19:07,521 [ERROR] LogOutputStream:75 - [STDERR_REDIRECT] [Fatal Error] :1:1: Premature end of file.
2026-01-16 18:19:07,521 [ERROR] LogOutputStream:75 - [STDERR_REDIRECT] 
2026-01-16 18:19:08,524 [ERROR] LogOutputStream:75 - [STDERR_REDIRECT] [Fatal Error] :1:1: Premature end of file.
2026-01-16 18:19:08,524 [ERROR] LogOutputStream:75 - [STDERR_REDIRECT] 
2026-01-16 18:19:09,523 [ERROR] LogOutputStream:75 - [STDERR_REDIRECT] [Fatal Error] :1:1: Premature end of file.
2026-01-16 18:19:09,523 [ERROR] LogOutputStream:75 - [STDERR_REDIRECT] 
2026-01-16 18:19:10,522 [ERROR] LogOutputStream:75 - [STDERR_REDIRECT] [Fatal Error] :1:1: Premature end of file.
2026-01-16 18:19:10,522 [ERROR] LogOutputStream:75 - [STDERR_REDIRECT] 
2026-01-16 18:19:11,521 [ERROR] LogOutputStream:75 - [STDERR_REDIRECT] [Fatal Error] :1:1: Premature end of file.
2026-01-16 18:19:11,521 [ERROR] LogOutputStream:75 - [STDERR_REDIRECT] 
2026-01-16 18:19:12,524 [ERROR] LogOutputStream:75 - [STDERR_REDIRECT] [Fatal Error] :1:1: Premature end of file.
2026-01-16 18:19:12,524 [ERROR] LogOutputStream:75 - [STDERR_REDIRECT] 
2026-01-16 18:19:13,525 [ERROR] LogOutputStream:75 - [STDERR_REDIRECT] [Fatal Error] :1:1: Premature end of file.
2026-01-16 18:19:13,525 [ERROR] LogOutputStream:75 - [STDERR_REDIRECT] 
2026-01-16 18:19:14,522 [ERROR] LogOutputStream:75 - [STDERR_REDIRECT] [Fatal Error] :1:1: Premature end of file.
2026-01-16 18:19:14,522 [ERROR] LogOutputStream:75 - [STDERR_REDIRECT] 
2026-01-16 18:19:15,522 [ERROR] LogOutputStream:75 - [STDERR_REDIRECT] [Fatal Error] :1:1: Premature end of file.
2026-01-16 18:19:15,522 [ERROR] LogOutputStream:75 - [STDERR_REDIRECT] 
2026-01-16 18:19:16,521 [ERROR] LogOutputStream:75 - [STDERR_REDIRECT] [Fatal Error] :1:1: Premature end of file.
2026-01-16 18:19:16,521 [ERROR] LogOutputStream:75 - [STDERR_REDIRECT] 
2026-01-16 18:19:17,520 [ERROR] LogOutputStream:75 - [STDERR_REDIRECT] [Fatal Error] :1:1: Premature end of file.
2026-01-16 18:19:17,520 [ERROR] LogOutputStream:75 - [STDERR_REDIRECT] 
2026-01-16 18:19:18,522 [ERROR] LogOutputStream:75 - [STDERR_REDIRECT] [Fatal Error] :1:1: Premature end of file.
2026-01-16 18:19:18,523 [ERROR] LogOutputStream:75 - [STDERR_REDIRECT] 
2026-01-16 18:19:19,520 [ERROR] LogOutputStream:75 - [STDERR_REDIRECT] [Fatal Error] :1:1: Premature end of file.
2026-01-16 18:19:19,520 [ERROR] LogOutputStream:75 - [STDERR_REDIRECT] 
2026-01-16 18:19:20,521 [ERROR] LogOutputStream:75 - [STDERR_REDIRECT] [Fatal Error] :1:1: Premature end of file.
2026-01-16 18:19:20,522 [ERROR] LogOutputStream:75 - [STDERR_REDIRECT] 
2026-01-16 18:19:21,522 [ERROR] LogOutputStream:75 - [STDERR_REDIRECT] [Fatal Error] :1:1: Premature end of file.
2026-01-16 18:19:21,522 [ERROR] LogOutputStream:75 - [STDERR_REDIRECT] 
2026-01-16 18:19:22,524 [ERROR] LogOutputStream:75 - [STDERR_REDIRECT] [Fatal Error] :1:1: Premature end of file.
2026-01-16 18:19:22,524 [ERROR] LogOutputStream:75 - [STDERR_REDIRECT] 
2026-01-16 18:19:23,525 [ERROR] LogOutputStream:75 - [STDERR_REDIRECT] [Fatal Error] :1:1: Premature end of file.
2026-01-16 18:19:23,525 [ERROR] LogOutputStream:75 - [STDERR_REDIRECT] 
2026-01-16 18:19:24,521 [ERROR] LogOutputStream:75 - [STDERR_REDIRECT] [Fatal Error] :1:1: Premature end of file.
2026-01-16 18:19:24,522 [ERROR] LogOutputStream:75 - [STDERR_REDIRECT] 
2026-01-16 18:19:25,525 [ERROR] LogOutputStream:75 - [STDERR_REDIRECT] [Fatal Error] :1:1: Premature end of file.
2026-01-16 18:19:25,525 [ERROR] LogOutputStream:75 - [STDERR_REDIRECT] 
2026-01-16 18:19:26,522 [ERROR] LogOutputStream:75 - [STDERR_REDIRECT] [Fatal Error] :1:1: Premature end of file.
2026-01-16 18:19:26,522 [ERROR] LogOutputStream:75 - [STDERR_REDIRECT] 
2026-01-16 18:19:27,520 [ERROR] LogOutputStream:75 - [STDERR_REDIRECT] [Fatal Error] :1:1: Premature end of file.
2026-01-16 18:19:27,520 [ERROR] LogOutputStream:75 - [STDERR_REDIRECT] 
2026-01-16 18:19:28,524 [ERROR] LogOutputStream:75 - [STDERR_REDIRECT] [Fatal Error] :1:1: Premature end of file.
2026-01-16 18:19:28,524 [ERROR] LogOutputStream:75 - [STDERR_REDIRECT] 
2026-01-16 18:19:29,520 [ERROR] LogOutputStream:75 - [STDERR_REDIRECT] [Fatal Error] :1:1: Premature end of file.
2026-01-16 18:19:29,520 [ERROR] LogOutputStream:75 - [STDERR_REDIRECT] 
2026-01-16 18:19:30,523 [ERROR] LogOutputStream:75 - [STDERR_REDIRECT] [Fatal Error] :1:1: Premature end of file.
2026-01-16 18:19:30,523 [ERROR] LogOutputStream:75 - [STDERR_REDIRECT] 
2026-01-16 18:19:31,521 [ERROR] LogOutputStream:75 - [STDERR_REDIRECT] [Fatal Error] :1:1: Premature end of file.
2026-01-16 18:19:31,521 [ERROR] LogOutputStream:75 - [STDERR_REDIRECT] 
2026-01-16 18:19:32,519 [ERROR] LogOutputStream:75 - [STDERR_REDIRECT] [Fatal Error] :1:1: Premature end of file.
2026-01-16 18:19:32,519 [ERROR] LogOutputStream:75 - [STDERR_REDIRECT] 
2026-01-16 18:19:33,521 [ERROR] LogOutputStream:75 - [STDERR_REDIRECT] [Fatal Error] :1:1: Premature end of file.
2026-01-16 18:19:33,521 [ERROR] LogOutputStream:75 - [STDERR_REDIRECT] 
2026-01-16 18:19:34,519 [ERROR] LogOutputStream:75 - [STDERR_REDIRECT] [Fatal Error] :1:1: Premature end of file.
2026-01-16 18:19:34,519 [ERROR] LogOutputStream:75 - [STDERR_REDIRECT] 
2026-01-16 18:19:35,520 [ERROR] LogOutputStream:75 - [STDERR_REDIRECT] [Fatal Error] :1:1: Premature end of file.
2026-01-16 18:19:35,520 [ERROR] LogOutputStream:75 - [STDERR_REDIRECT] 
2026-01-16 18:19:36,520 [ERROR] LogOutputStream:75 - [STDERR_REDIRECT] [Fatal Error] :1:1: Premature end of file.
2026-01-16 18:19:36,520 [ERROR] LogOutputStream:75 - [STDERR_REDIRECT] 
2026-01-16 18:19:37,519 [ERROR] LogOutputStream:75 - [STDERR_REDIRECT] [Fatal Error] :1:1: Premature end of file.
2026-01-16 18:19:37,519 [ERROR] LogOutputStream:75 - [STDERR_REDIRECT] 
2026-01-16 18:19:38,520 [ERROR] LogOutputStream:75 - [STDERR_REDIRECT] [Fatal Error] :1:1: Premature end of file.
2026-01-16 18:19:38,521 [ERROR] LogOutputStream:75 - [STDERR_REDIRECT] 
2026-01-16 18:19:39,522 [ERROR] LogOutputStream:75 - [STDERR_REDIRECT] [Fatal Error] :1:1: Premature end of file.
2026-01-16 18:19:39,522 [ERROR] LogOutputStream:75 - [STDERR_REDIRECT] 
2026-01-16 18:19:40,523 [ERROR] LogOutputStream:75 - [STDERR_REDIRECT] [Fatal Error] :1:1: Premature end of file.
2026-01-16 18:19:40,524 [ERROR] LogOutputStream:75 - [STDERR_REDIRECT] 
2026-01-16 18:19:41,520 [ERROR] LogOutputStream:75 - [STDERR_REDIRECT] [Fatal Error] :1:1: Premature end of file.
2026-01-16 18:19:41,521 [ERROR] LogOutputStream:75 - [STDERR_REDIRECT] 
2026-01-16 18:19:42,518 [ERROR] LogOutputStream:75 - [STDERR_REDIRECT] [Fatal Error] :1:1: Premature end of file.
2026-01-16 18:19:42,518 [ERROR] LogOutputStream:75 - [STDERR_REDIRECT] 
2026-01-16 18:19:43,522 [ERROR] LogOutputStream:75 - [STDERR_REDIRECT] [Fatal Error] :1:1: Premature end of file.
2026-01-16 18:19:43,522 [ERROR] LogOutputStream:75 - [STDERR_REDIRECT] 
2026-01-16 18:19:44,523 [ERROR] LogOutputStream:75 - [STDERR_REDIRECT] [Fatal Error] :1:1: Premature end of file.
2026-01-16 18:19:44,524 [ERROR] LogOutputStream:75 - [STDERR_REDIRECT] 
2026-01-16 18:19:45,523 [ERROR] LogOutputStream:75 - [STDERR_REDIRECT] [Fatal Error] :1:1: Premature end of file.
2026-01-16 18:19:45,523 [ERROR] LogOutputStream:75 - [STDERR_REDIRECT] 
2026-01-16 18:19:46,520 [ERROR] LogOutputStream:75 - [STDERR_REDIRECT] [Fatal Error] :1:1: Premature end of file.
2026-01-16 18:19:46,520 [ERROR] LogOutputStream:75 - [STDERR_REDIRECT] 
2026-01-16 18:19:47,521 [ERROR] LogOutputStream:75 - [STDERR_REDIRECT] [Fatal Error] :1:1: Premature end of file.
2026-01-16 18:19:47,522 [ERROR] LogOutputStream:75 - [STDERR_REDIRECT] 
2026-01-16 18:19:48,522 [ERROR] LogOutputStream:75 - [STDERR_REDIRECT] [Fatal Error] :1:1: Premature end of file.
2026-01-16 18:19:48,522 [ERROR] LogOutputStream:75 - [STDERR_REDIRECT] 
2026-01-16 18:19:49,521 [ERROR] LogOutputStream:75 - [STDERR_REDIRECT] [Fatal Error] :1:1: Premature end of file.
2026-01-16 18:19:49,521 [ERROR] LogOutputStream:75 - [STDERR_REDIRECT] 
2026-01-16 18:19:50,520 [ERROR] LogOutputStream:75 - [STDERR_REDIRECT] [Fatal Error] :1:1: Premature end of file.
2026-01-16 18:19:50,520 [ERROR] LogOutputStream:75 - [STDERR_REDIRECT] 
2026-01-16 18:19:51,522 [ERROR] LogOutputStream:75 - [STDERR_REDIRECT] [Fatal Error] :1:1: Premature end of file.
2026-01-16 18:19:51,522 [ERROR] LogOutputStream:75 - [STDERR_REDIRECT] 
2026-01-16 18:19:52,521 [ERROR] LogOutputStream:75 - [STDERR_REDIRECT] [Fatal Error] :1:1: Premature end of file.
2026-01-16 18:19:52,521 [ERROR] LogOutputStream:75 - [STDERR_REDIRECT] 
2026-01-16 18:19:53,521 [ERROR] LogOutputStream:75 - [STDERR_REDIRECT] [Fatal Error] :1:1: Premature end of file.
2026-01-16 18:19:53,521 [ERROR] LogOutputStream:75 - [STDERR_REDIRECT] 
2026-01-16 18:19:54,520 [ERROR] LogOutputStream:75 - [STDERR_REDIRECT] [Fatal Error] :1:1: Premature end of file.
2026-01-16 18:19:54,520 [ERROR] LogOutputStream:75 - [STDERR_REDIRECT] 
2026-01-16 18:19:55,522 [ERROR] LogOutputStream:75 - [STDERR_REDIRECT] [Fatal Error] :1:1: Premature end of file.
2026-01-16 18:19:55,522 [ERROR] LogOutputStream:75 - [STDERR_REDIRECT] 
2026-01-16 18:19:56,519 [ERROR] LogOutputStream:75 - [STDERR_REDIRECT] [Fatal Error] :1:1: Premature end of file.
2026-01-16 18:19:56,521 [ERROR] LogOutputStream:75 - [STDERR_REDIRECT] 
2026-01-16 18:19:57,521 [ERROR] LogOutputStream:75 - [STDERR_REDIRECT] [Fatal Error] :1:1: Premature end of file.
2026-01-16 18:19:57,522 [ERROR] LogOutputStream:75 - [STDERR_REDIRECT] 
2026-01-16 18:19:58,521 [ERROR] LogOutputStream:75 - [STDERR_REDIRECT] [Fatal Error] :1:1: Premature end of file.
2026-01-16 18:19:58,521 [ERROR] LogOutputStream:75 - [STDERR_REDIRECT] 
2026-01-16 18:19:59,521 [ERROR] LogOutputStream:75 - [STDERR_REDIRECT] [Fatal Error] :1:1: Premature end of file.
2026-01-16 18:19:59,521 [ERROR] LogOutputStream:75 - [STDERR_REDIRECT] 
2026-01-16 18:20:00,521 [ERROR] LogOutputStream:75 - [STDERR_REDIRECT] [Fatal Error] :1:1: Premature end of file.
2026-01-16 18:20:00,521 [ERROR] LogOutputStream:75 - [STDERR_REDIRECT] 
2026-01-16 18:20:01,522 [ERROR] LogOutputStream:75 - [STDERR_REDIRECT] [Fatal Error] :1:1: Premature end of file.
2026-01-16 18:20:01,522 [ERROR] LogOutputStream:75 - [STDERR_REDIRECT] 
2026-01-16 18:20:02,522 [ERROR] LogOutputStream:75 - [STDERR_REDIRECT] [Fatal Error] :1:1: Premature end of file.
2026-01-16 18:20:02,522 [ERROR] LogOutputStream:75 - [STDERR_REDIRECT] 
2026-01-16 18:20:03,520 [ERROR] LogOutputStream:75 - [STDERR_REDIRECT] [Fatal Error] :1:1: Premature end of file.
2026-01-16 18:20:03,520 [ERROR] LogOutputStream:75 - [STDERR_REDIRECT] 
2026-01-16 18:20:04,522 [ERROR] LogOutputStream:75 - [STDERR_REDIRECT] [Fatal Error] :1:1: Premature end of file.
2026-01-16 18:20:04,522 [ERROR] LogOutputStream:75 - [STDERR_REDIRECT] 
2026-01-16 18:20:05,521 [ERROR] LogOutputStream:75 - [STDERR_REDIRECT] [Fatal Error] :1:1: Premature end of file.
2026-01-16 18:20:05,521 [ERROR] LogOutputStream:75 - [STDERR_REDIRECT] 
2026-01-16 18:20:06,519 [ERROR] LogOutputStream:75 - [STDERR_REDIRECT] [Fatal Error] :1:1: Premature end of file.
2026-01-16 18:20:06,519 [ERROR] LogOutputStream:75 - [STDERR_REDIRECT] 
2026-01-16 18:20:07,520 [ERROR] LogOutputStream:75 - [STDERR_REDIRECT] [Fatal Error] :1:1: Premature end of file.
2026-01-16 18:20:07,520 [ERROR] LogOutputStream:75 - [STDERR_REDIRECT] 
2026-01-16 18:20:08,520 [ERROR] LogOutputStream:75 - [STDERR_REDIRECT] [Fatal Error] :1:1: Premature end of file.
2026-01-16 18:20:08,520 [ERROR] LogOutputStream:75 - [STDERR_REDIRECT] 
2026-01-16 18:20:09,522 [ERROR] LogOutputStream:75 - [STDERR_REDIRECT] [Fatal Error] :1:1: Premature end of file.
2026-01-16 18:20:09,523 [ERROR] LogOutputStream:75 - [STDERR_REDIRECT] 
2026-01-16 18:20:10,518 [ERROR] LogOutputStream:75 - [STDERR_REDIRECT] [Fatal Error] :1:1: Premature end of file.
2026-01-16 18:20:10,519 [ERROR] LogOutputStream:75 - [STDERR_REDIRECT] 
2026-01-16 18:20:11,520 [ERROR] LogOutputStream:75 - [STDERR_REDIRECT] [Fatal Error] :1:1: Premature end of file.
2026-01-16 18:20:11,520 [ERROR] LogOutputStream:75 - [STDERR_REDIRECT] 
2026-01-16 18:20:12,520 [ERROR] LogOutputStream:75 - [STDERR_REDIRECT] [Fatal Error] :1:1: Premature end of file.
2026-01-16 18:20:12,520 [ERROR] LogOutputStream:75 - [STDERR_REDIRECT] 
2026-01-16 18:20:13,520 [ERROR] LogOutputStream:75 - [STDERR_REDIRECT] [Fatal Error] :1:1: Premature end of file.
2026-01-16 18:20:13,520 [ERROR] LogOutputStream:75 - [STDERR_REDIRECT] 
2026-01-16 18:20:14,521 [ERROR] LogOutputStream:75 - [STDERR_REDIRECT] [Fatal Error] :1:1: Premature end of file.
2026-01-16 18:20:14,521 [ERROR] LogOutputStream:75 - [STDERR_REDIRECT] 
2026-01-16 18:20:15,520 [ERROR] LogOutputStream:75 - [STDERR_REDIRECT] [Fatal Error] :1:1: Premature end of file.
2026-01-16 18:20:15,520 [ERROR] LogOutputStream:75 - [STDERR_REDIRECT] 
2026-01-16 18:20:16,521 [ERROR] LogOutputStream:75 - [STDERR_REDIRECT] [Fatal Error] :1:1: Premature end of file.
2026-01-16 18:20:16,521 [ERROR] LogOutputStream:75 - [STDERR_REDIRECT] 
2026-01-16 18:20:17,519 [ERROR] LogOutputStream:75 - [STDERR_REDIRECT] [Fatal Error] :1:1: Premature end of file.
2026-01-16 18:20:17,519 [ERROR] LogOutputStream:75 - [STDERR_REDIRECT] 
2026-01-16 18:20:18,519 [ERROR] LogOutputStream:75 - [STDERR_REDIRECT] [Fatal Error] :1:1: Premature end of file.
2026-01-16 18:20:18,519 [ERROR] LogOutputStream:75 - [STDERR_REDIRECT] 
2026-01-16 18:20:19,534 [ERROR] LogOutputStream:75 - [STDERR_REDIRECT] [Fatal Error] :1:1: Premature end of file.
2026-01-16 18:20:19,534 [ERROR] LogOutputStream:75 - [STDERR_REDIRECT] 
2026-01-16 18:20:20,522 [ERROR] LogOutputStream:75 - [STDERR_REDIRECT] [Fatal Error] :1:1: Premature end of file.
2026-01-16 18:20:20,522 [ERROR] LogOutputStream:75 - [STDERR_REDIRECT] 
2026-01-16 18:20:21,521 [ERROR] LogOutputStream:75 - [STDERR_REDIRECT] [Fatal Error] :1:1: Premature end of file.
2026-01-16 18:20:21,521 [ERROR] LogOutputStream:75 - [STDERR_REDIRECT] 
2026-01-16 18:20:22,520 [ERROR] LogOutputStream:75 - [STDERR_REDIRECT] [Fatal Error] :1:1: Premature end of file.
2026-01-16 18:20:22,520 [ERROR] LogOutputStream:75 - [STDERR_REDIRECT] 
2026-01-16 18:20:23,521 [ERROR] LogOutputStream:75 - [STDERR_REDIRECT] [Fatal Error] :1:1: Premature end of file.
2026-01-16 18:20:23,521 [ERROR] LogOutputStream:75 - [STDERR_REDIRECT] 
2026-01-16 18:20:24,520 [ERROR] LogOutputStream:75 - [STDERR_REDIRECT] [Fatal Error] :1:1: Premature end of file.
2026-01-16 18:20:24,520 [ERROR] LogOutputStream:75 - [STDERR_REDIRECT] 
2026-01-16 18:20:25,522 [ERROR] LogOutputStream:75 - [STDERR_REDIRECT] [Fatal Error] :1:1: Premature end of file.
2026-01-16 18:20:25,522 [ERROR] LogOutputStream:75 - [STDERR_REDIRECT] 
2026-01-16 18:20:26,522 [ERROR] LogOutputStream:75 - [STDERR_REDIRECT] [Fatal Error] :1:1: Premature end of file.
2026-01-16 18:20:26,522 [ERROR] LogOutputStream:75 - [STDERR_REDIRECT] 
2026-01-16 18:20:27,520 [ERROR] LogOutputStream:75 - [STDERR_REDIRECT] [Fatal Error] :1:1: Premature end of file.
2026-01-16 18:20:27,520 [ERROR] LogOutputStream:75 - [STDERR_REDIRECT] 
2026-01-16 18:20:28,520 [ERROR] LogOutputStream:75 - [STDERR_REDIRECT] [Fatal Error] :1:1: Premature end of file.
2026-01-16 18:20:28,520 [ERROR] LogOutputStream:75 - [STDERR_REDIRECT] 
2026-01-16 18:20:29,520 [ERROR] LogOutputStream:75 - [STDERR_REDIRECT] [Fatal Error] :1:1: Premature end of file.
2026-01-16 18:20:29,520 [ERROR] LogOutputStream:75 - [STDERR_REDIRECT] 
2026-01-16 18:20:30,521 [ERROR] LogOutputStream:75 - [STDERR_REDIRECT] [Fatal Error] :1:1: Premature end of file.
2026-01-16 18:20:30,521 [ERROR] LogOutputStream:75 - [STDERR_REDIRECT] 
2026-01-16 18:20:31,520 [ERROR] LogOutputStream:75 - [STDERR_REDIRECT] [Fatal Error] :1:1: Premature end of file.
2026-01-16 18:20:31,520 [ERROR] LogOutputStream:75 - [STDERR_REDIRECT] 
2026-01-16 18:20:32,520 [ERROR] LogOutputStream:75 - [STDERR_REDIRECT] [Fatal Error] :1:1: Premature end of file.
2026-01-16 18:20:32,520 [ERROR] LogOutputStream:75 - [STDERR_REDIRECT] 
2026-01-16 18:20:33,520 [ERROR] LogOutputStream:75 - [STDERR_REDIRECT] [Fatal Error] :1:1: Premature end of file.
2026-01-16 18:20:33,520 [ERROR] LogOutputStream:75 - [STDERR_REDIRECT] 
2026-01-16 18:20:34,519 [ERROR] LogOutputStream:75 - [STDERR_REDIRECT] [Fatal Error] :1:1: Premature end of file.
2026-01-16 18:20:34,519 [ERROR] LogOutputStream:75 - [STDERR_REDIRECT] 
2026-01-16 18:20:35,519 [ERROR] LogOutputStream:75 - [STDERR_REDIRECT] [Fatal Error] :1:1: Premature end of file.
2026-01-16 18:20:35,520 [ERROR] LogOutputStream:75 - [STDERR_REDIRECT] 
2026-01-16 18:20:36,521 [ERROR] LogOutputStream:75 - [STDERR_REDIRECT] [Fatal Error] :1:1: Premature end of file.
2026-01-16 18:20:36,521 [ERROR] LogOutputStream:75 - [STDERR_REDIRECT] 
2026-01-16 18:20:37,519 [ERROR] LogOutputStream:75 - [STDERR_REDIRECT] [Fatal Error] :1:1: Premature end of file.
2026-01-16 18:20:37,519 [ERROR] LogOutputStream:75 - [STDERR_REDIRECT] 
2026-01-16 18:20:38,521 [ERROR] LogOutputStream:75 - [STDERR_REDIRECT] [Fatal Error] :1:1: Premature end of file.
2026-01-16 18:20:38,521 [ERROR] LogOutputStream:75 - [STDERR_REDIRECT] 
2026-01-16 18:20:39,519 [ERROR] LogOutputStream:75 - [STDERR_REDIRECT] [Fatal Error] :1:1: Premature end of file.
2026-01-16 18:20:39,519 [ERROR] LogOutputStream:75 - [STDERR_REDIRECT] 
2026-01-16 18:20:40,521 [ERROR] LogOutputStream:75 - [STDERR_REDIRECT] [Fatal Error] :1:1: Premature end of file.
2026-01-16 18:20:40,522 [ERROR] LogOutputStream:75 - [STDERR_REDIRECT] 
2026-01-16 18:20:41,522 [ERROR] LogOutputStream:75 - [STDERR_REDIRECT] [Fatal Error] :1:1: Premature end of file.
2026-01-16 18:20:41,522 [ERROR] LogOutputStream:75 - [STDERR_REDIRECT] 
2026-01-16 18:20:42,520 [ERROR] LogOutputStream:75 - [STDERR_REDIRECT] [Fatal Error] :1:1: Premature end of file.
2026-01-16 18:20:42,520 [ERROR] LogOutputStream:75 - [STDERR_REDIRECT] 
2026-01-16 18:20:43,519 [ERROR] LogOutputStream:75 - [STDERR_REDIRECT] [Fatal Error] :1:1: Premature end of file.
2026-01-16 18:20:43,519 [ERROR] LogOutputStream:75 - [STDERR_REDIRECT] 
2026-01-16 18:20:44,520 [ERROR] LogOutputStream:75 - [STDERR_REDIRECT] [Fatal Error] :1:1: Premature end of file.
2026-01-16 18:20:44,520 [ERROR] LogOutputStream:75 - [STDERR_REDIRECT] 
2026-01-16 18:20:45,520 [ERROR] LogOutputStream:75 - [STDERR_REDIRECT] [Fatal Error] :1:1: Premature end of file.
2026-01-16 18:20:45,520 [ERROR] LogOutputStream:75 - [STDERR_REDIRECT] 
2026-01-16 18:20:46,521 [ERROR] LogOutputStream:75 - [STDERR_REDIRECT] [Fatal Error] :1:1: Premature end of file.
2026-01-16 18:20:46,521 [ERROR] LogOutputStream:75 - [STDERR_REDIRECT] 
2026-01-16 18:20:47,520 [ERROR] LogOutputStream:75 - [STDERR_REDIRECT] [Fatal Error] :1:1: Premature end of file.
2026-01-16 18:20:47,520 [ERROR] LogOutputStream:75 - [STDERR_REDIRECT] 
2026-01-16 18:20:48,520 [ERROR] LogOutputStream:75 - [STDERR_REDIRECT] [Fatal Error] :1:1: Premature end of file.
2026-01-16 18:20:48,521 [ERROR] LogOutputStream:75 - [STDERR_REDIRECT] 
2026-01-16 18:20:49,525 [ERROR] LogOutputStream:75 - [STDERR_REDIRECT] [Fatal Error] :1:1: Premature end of file.
2026-01-16 18:20:49,525 [ERROR] LogOutputStream:75 - [STDERR_REDIRECT] 
2026-01-16 18:20:50,519 [ERROR] LogOutputStream:75 - [STDERR_REDIRECT] [Fatal Error] :1:1: Premature end of file.
2026-01-16 18:20:50,519 [ERROR] LogOutputStream:75 - [STDERR_REDIRECT] 
2026-01-16 18:20:51,525 [ERROR] LogOutputStream:75 - [STDERR_REDIRECT] [Fatal Error] :1:1: Premature end of file.
2026-01-16 18:20:51,526 [ERROR] LogOutputStream:75 - [STDERR_REDIRECT] 
2026-01-16 18:20:52,522 [ERROR] LogOutputStream:75 - [STDERR_REDIRECT] [Fatal Error] :1:1: Premature end of file.
2026-01-16 18:20:52,522 [ERROR] LogOutputStream:75 - [STDERR_REDIRECT] 
2026-01-16 18:20:53,520 [ERROR] LogOutputStream:75 - [STDERR_REDIRECT] [Fatal Error] :1:1: Premature end of file.
2026-01-16 18:20:53,520 [ERROR] LogOutputStream:75 - [STDERR_REDIRECT] 
2026-01-16 18:20:54,522 [ERROR] LogOutputStream:75 - [STDERR_REDIRECT] [Fatal Error] :1:1: Premature end of file.
2026-01-16 18:20:54,522 [ERROR] LogOutputStream:75 - [STDERR_REDIRECT] 
2026-01-16 18:20:55,522 [ERROR] LogOutputStream:75 - [STDERR_REDIRECT] [Fatal Error] :1:1: Premature end of file.
2026-01-16 18:20:55,522 [ERROR] LogOutputStream:75 - [STDERR_REDIRECT] 
2026-01-16 18:20:56,521 [ERROR] LogOutputStream:75 - [STDERR_REDIRECT] [Fatal Error] :1:1: Premature end of file.
2026-01-16 18:20:56,521 [ERROR] LogOutputStream:75 - [STDERR_REDIRECT] 
2026-01-16 18:20:57,521 [ERROR] LogOutputStream:75 - [STDERR_REDIRECT] [Fatal Error] :1:1: Premature end of file.
2026-01-16 18:20:57,521 [ERROR] LogOutputStream:75 - [STDERR_REDIRECT] 
2026-01-16 18:20:58,522 [ERROR] LogOutputStream:75 - [STDERR_REDIRECT] [Fatal Error] :1:1: Premature end of file.
2026-01-16 18:20:58,522 [ERROR] LogOutputStream:75 - [STDERR_REDIRECT] 
2026-01-16 18:20:59,521 [ERROR] LogOutputStream:75 - [STDERR_REDIRECT] [Fatal Error] :1:1: Premature end of file.
2026-01-16 18:20:59,521 [ERROR] LogOutputStream:75 - [STDERR_REDIRECT] 
2026-01-16 18:21:00,519 [ERROR] LogOutputStream:75 - [STDERR_REDIRECT] [Fatal Error] :1:1: Premature end of file.
2026-01-16 18:21:00,520 [ERROR] LogOutputStream:75 - [STDERR_REDIRECT] 
2026-01-16 18:21:01,521 [ERROR] LogOutputStream:75 - [STDERR_REDIRECT] [Fatal Error] :1:1: Premature end of file.
2026-01-16 18:21:01,521 [ERROR] LogOutputStream:75 - [STDERR_REDIRECT] 
2026-01-16 18:21:02,521 [ERROR] LogOutputStream:75 - [STDERR_REDIRECT] [Fatal Error] :1:1: Premature end of file.
2026-01-16 18:21:02,521 [ERROR] LogOutputStream:75 - [STDERR_REDIRECT] 
2026-01-16 18:21:03,522 [ERROR] LogOutputStream:75 - [STDERR_REDIRECT] [Fatal Error] :1:1: Premature end of file.
2026-01-16 18:21:03,522 [ERROR] LogOutputStream:75 - [STDERR_REDIRECT] 
2026-01-16 18:21:04,521 [ERROR] LogOutputStream:75 - [STDERR_REDIRECT] [Fatal Error] :1:1: Premature end of file.
2026-01-16 18:21:04,521 [ERROR] LogOutputStream:75 - [STDERR_REDIRECT] 
2026-01-16 18:21:05,519 [ERROR] LogOutputStream:75 - [STDERR_REDIRECT] [Fatal Error] :1:1: Premature end of file.
2026-01-16 18:21:05,520 [ERROR] LogOutputStream:75 - [STDERR_REDIRECT] 
2026-01-16 18:21:06,521 [ERROR] LogOutputStream:75 - [STDERR_REDIRECT] [Fatal Error] :1:1: Premature end of file.
2026-01-16 18:21:06,521 [ERROR] LogOutputStream:75 - [STDERR_REDIRECT] 
2026-01-16 18:21:07,519 [ERROR] LogOutputStream:75 - [STDERR_REDIRECT] [Fatal Error] :1:1: Premature end of file.
2026-01-16 18:21:07,519 [ERROR] LogOutputStream:75 - [STDERR_REDIRECT] 
2026-01-16 18:21:08,521 [ERROR] LogOutputStream:75 - [STDERR_REDIRECT] [Fatal Error] :1:1: Premature end of file.
2026-01-16 18:21:08,521 [ERROR] LogOutputStream:75 - [STDERR_REDIRECT] 
2026-01-16 18:21:09,520 [ERROR] LogOutputStream:75 - [STDERR_REDIRECT] [Fatal Error] :1:1: Premature end of file.
2026-01-16 18:21:09,521 [ERROR] LogOutputStream:75 - [STDERR_REDIRECT] 
2026-01-16 18:21:10,520 [ERROR] LogOutputStream:75 - [STDERR_REDIRECT] [Fatal Error] :1:1: Premature end of file.
2026-01-16 18:21:10,520 [ERROR] LogOutputStream:75 - [STDERR_REDIRECT] 
2026-01-16 18:21:11,520 [ERROR] LogOutputStream:75 - [STDERR_REDIRECT] [Fatal Error] :1:1: Premature end of file.
2026-01-16 18:21:11,520 [ERROR] LogOutputStream:75 - [STDERR_REDIRECT] 
2026-01-16 18:21:12,521 [ERROR] LogOutputStream:75 - [STDERR_REDIRECT] [Fatal Error] :1:1: Premature end of file.
2026-01-16 18:21:12,521 [ERROR] LogOutputStream:75 - [STDERR_REDIRECT] 
2026-01-16 18:21:13,521 [ERROR] LogOutputStream:75 - [STDERR_REDIRECT] [Fatal Error] :1:1: Premature end of file.
2026-01-16 18:21:13,521 [ERROR] LogOutputStream:75 - [STDERR_REDIRECT] 
2026-01-16 18:21:14,520 [ERROR] LogOutputStream:75 - [STDERR_REDIRECT] [Fatal Error] :1:1: Premature end of file.
2026-01-16 18:21:14,520 [ERROR] LogOutputStream:75 - [STDERR_REDIRECT] 
2026-01-16 18:21:15,519 [ERROR] LogOutputStream:75 - [STDERR_REDIRECT] [Fatal Error] :1:1: Premature end of file.
2026-01-16 18:21:15,519 [ERROR] LogOutputStream:75 - [STDERR_REDIRECT] 
2026-01-16 18:21:16,520 [ERROR] LogOutputStream:75 - [STDERR_REDIRECT] [Fatal Error] :1:1: Premature end of file.
2026-01-16 18:21:16,520 [ERROR] LogOutputStream:75 - [STDERR_REDIRECT] 
2026-01-16 18:21:17,521 [ERROR] LogOutputStream:75 - [STDERR_REDIRECT] [Fatal Error] :1:1: Premature end of file.
2026-01-16 18:21:17,521 [ERROR] LogOutputStream:75 - [STDERR_REDIRECT] 
2026-01-16 18:21:18,519 [ERROR] LogOutputStream:75 - [STDERR_REDIRECT] [Fatal Error] :1:1: Premature end of file.
2026-01-16 18:21:18,519 [ERROR] LogOutputStream:75 - [STDERR_REDIRECT] 
2026-01-16 18:21:19,520 [ERROR] LogOutputStream:75 - [STDERR_REDIRECT] [Fatal Error] :1:1: Premature end of file.
2026-01-16 18:21:19,520 [ERROR] LogOutputStream:75 - [STDERR_REDIRECT] 
2026-01-16 18:21:20,520 [ERROR] LogOutputStream:75 - [STDERR_REDIRECT] [Fatal Error] :1:1: Premature end of file.
2026-01-16 18:21:20,520 [ERROR] LogOutputStream:75 - [STDERR_REDIRECT] 
2026-01-16 18:21:21,520 [ERROR] LogOutputStream:75 - [STDERR_REDIRECT] [Fatal Error] :1:1: Premature end of file.
2026-01-16 18:21:21,520 [ERROR] LogOutputStream:75 - [STDERR_REDIRECT] 
2026-01-16 18:21:22,519 [ERROR] LogOutputStream:75 - [STDERR_REDIRECT] [Fatal Error] :1:1: Premature end of file.
2026-01-16 18:21:22,519 [ERROR] LogOutputStream:75 - [STDERR_REDIRECT] 
2026-01-16 18:21:23,521 [ERROR] LogOutputStream:75 - [STDERR_REDIRECT] [Fatal Error] :1:1: Premature end of file.
2026-01-16 18:21:23,521 [ERROR] LogOutputStream:75 - [STDERR_REDIRECT] 
2026-01-16 18:21:24,522 [ERROR] LogOutputStream:75 - [STDERR_REDIRECT] [Fatal Error] :1:1: Premature end of file.
2026-01-16 18:21:24,522 [ERROR] LogOutputStream:75 - [STDERR_REDIRECT] 
2026-01-16 18:21:25,521 [ERROR] LogOutputStream:75 - [STDERR_REDIRECT] [Fatal Error] :1:1: Premature end of file.
2026-01-16 18:21:25,521 [ERROR] LogOutputStream:75 - [STDERR_REDIRECT] 
2026-01-16 18:21:26,522 [ERROR] LogOutputStream:75 - [STDERR_REDIRECT] [Fatal Error] :1:1: Premature end of file.
2026-01-16 18:21:26,522 [ERROR] LogOutputStream:75 - [STDERR_REDIRECT] 
2026-01-16 18:21:27,521 [ERROR] LogOutputStream:75 - [STDERR_REDIRECT] [Fatal Error] :1:1: Premature end of file.
2026-01-16 18:21:27,521 [ERROR] LogOutputStream:75 - [STDERR_REDIRECT] 
2026-01-16 18:21:28,520 [ERROR] LogOutputStream:75 - [STDERR_REDIRECT] [Fatal Error] :1:1: Premature end of file.
2026-01-16 18:21:28,520 [ERROR] LogOutputStream:75 - [STDERR_REDIRECT] 
2026-01-16 18:21:29,522 [ERROR] LogOutputStream:75 - [STDERR_REDIRECT] [Fatal Error] :1:1: Premature end of file.
2026-01-16 18:21:29,522 [ERROR] LogOutputStream:75 - [STDERR_REDIRECT] 
2026-01-16 18:21:30,521 [ERROR] LogOutputStream:75 - [STDERR_REDIRECT] [Fatal Error] :1:1: Premature end of file.
2026-01-16 18:21:30,522 [ERROR] LogOutputStream:75 - [STDERR_REDIRECT] 
2026-01-16 18:21:31,519 [ERROR] LogOutputStream:75 - [STDERR_REDIRECT] [Fatal Error] :1:1: Premature end of file.
2026-01-16 18:21:31,519 [ERROR] LogOutputStream:75 - [STDERR_REDIRECT] 
2026-01-16 18:21:32,520 [ERROR] LogOutputStream:75 - [STDERR_REDIRECT] [Fatal Error] :1:1: Premature end of file.
2026-01-16 18:21:32,520 [ERROR] LogOutputStream:75 - [STDERR_REDIRECT] 
2026-01-16 18:21:33,520 [ERROR] LogOutputStream:75 - [STDERR_REDIRECT] [Fatal Error] :1:1: Premature end of file.
2026-01-16 18:21:33,520 [ERROR] LogOutputStream:75 - [STDERR_REDIRECT] 
2026-01-16 18:21:34,521 [ERROR] LogOutputStream:75 - [STDERR_REDIRECT] [Fatal Error] :1:1: Premature end of file.
2026-01-16 18:21:34,521 [ERROR] LogOutputStream:75 - [STDERR_REDIRECT] 
2026-01-16 18:21:35,520 [ERROR] LogOutputStream:75 - [STDERR_REDIRECT] [Fatal Error] :1:1: Premature end of file.
2026-01-16 18:21:35,520 [ERROR] LogOutputStream:75 - [STDERR_REDIRECT] 
2026-01-16 18:21:36,521 [ERROR] LogOutputStream:75 - [STDERR_REDIRECT] [Fatal Error] :1:1: Premature end of file.
2026-01-16 18:21:36,521 [ERROR] LogOutputStream:75 - [STDERR_REDIRECT] 
2026-01-16 18:21:37,520 [ERROR] LogOutputStream:75 - [STDERR_REDIRECT] [Fatal Error] :1:1: Premature end of file.
2026-01-16 18:21:37,520 [ERROR] LogOutputStream:75 - [STDERR_REDIRECT] 
2026-01-16 18:21:38,520 [ERROR] LogOutputStream:75 - [STDERR_REDIRECT] [Fatal Error] :1:1: Premature end of file.
2026-01-16 18:21:38,520 [ERROR] LogOutputStream:75 - [STDERR_REDIRECT] 
2026-01-16 18:21:39,521 [ERROR] LogOutputStream:75 - [STDERR_REDIRECT] [Fatal Error] :1:1: Premature end of file.
2026-01-16 18:21:39,521 [ERROR] LogOutputStream:75 - [STDERR_REDIRECT] 
2026-01-16 18:21:40,521 [ERROR] LogOutputStream:75 - [STDERR_REDIRECT] [Fatal Error] :1:1: Premature end of file.
2026-01-16 18:21:40,521 [ERROR] LogOutputStream:75 - [STDERR_REDIRECT] 
2026-01-16 18:21:41,521 [ERROR] LogOutputStream:75 - [STDERR_REDIRECT] [Fatal Error] :1:1: Premature end of file.
2026-01-16 18:21:41,521 [ERROR] LogOutputStream:75 - [STDERR_REDIRECT] 
2026-01-16 18:21:42,520 [ERROR] LogOutputStream:75 - [STDERR_REDIRECT] [Fatal Error] :1:1: Premature end of file.
2026-01-16 18:21:42,520 [ERROR] LogOutputStream:75 - [STDERR_REDIRECT] 
2026-01-16 18:21:43,519 [ERROR] LogOutputStream:75 - [STDERR_REDIRECT] [Fatal Error] :1:1: Premature end of file.
2026-01-16 18:21:43,520 [ERROR] LogOutputStream:75 - [STDERR_REDIRECT] 
2026-01-16 18:21:44,520 [ERROR] LogOutputStream:75 - [STDERR_REDIRECT] [Fatal Error] :1:1: Premature end of file.
2026-01-16 18:21:44,520 [ERROR] LogOutputStream:75 - [STDERR_REDIRECT] 
2026-01-16 18:21:45,521 [ERROR] LogOutputStream:75 - [STDERR_REDIRECT] [Fatal Error] :1:1: Premature end of file.
2026-01-16 18:21:45,521 [ERROR] LogOutputStream:75 - [STDERR_REDIRECT] 
2026-01-16 18:21:46,520 [ERROR] LogOutputStream:75 - [STDERR_REDIRECT] [Fatal Error] :1:1: Premature end of file.
2026-01-16 18:21:46,520 [ERROR] LogOutputStream:75 - [STDERR_REDIRECT] 
2026-01-16 18:21:47,521 [ERROR] LogOutputStream:75 - [STDERR_REDIRECT] [Fatal Error] :1:1: Premature end of file.
2026-01-16 18:21:47,521 [ERROR] LogOutputStream:75 - [STDERR_REDIRECT] 
2026-01-16 18:21:48,521 [ERROR] LogOutputStream:75 - [STDERR_REDIRECT] [Fatal Error] :1:1: Premature end of file.
2026-01-16 18:21:48,521 [ERROR] LogOutputStream:75 - [STDERR_REDIRECT] 
2026-01-16 18:21:49,520 [ERROR] LogOutputStream:75 - [STDERR_REDIRECT] [Fatal Error] :1:1: Premature end of file.
2026-01-16 18:21:49,520 [ERROR] LogOutputStream:75 - [STDERR_REDIRECT] 
2026-01-16 18:21:50,520 [ERROR] LogOutputStream:75 - [STDERR_REDIRECT] [Fatal Error] :1:1: Premature end of file.
2026-01-16 18:21:50,520 [ERROR] LogOutputStream:75 - [STDERR_REDIRECT] 
2026-01-16 18:21:51,520 [ERROR] LogOutputStream:75 - [STDERR_REDIRECT] [Fatal Error] :1:1: Premature end of file.
2026-01-16 18:21:51,520 [ERROR] LogOutputStream:75 - [STDERR_REDIRECT] 
2026-01-16 18:21:52,519 [ERROR] LogOutputStream:75 - [STDERR_REDIRECT] [Fatal Error] :1:1: Premature end of file.
2026-01-16 18:21:52,519 [ERROR] LogOutputStream:75 - [STDERR_REDIRECT] 
2026-01-16 18:21:53,521 [ERROR] LogOutputStream:75 - [STDERR_REDIRECT] [Fatal Error] :1:1: Premature end of file.
2026-01-16 18:21:53,521 [ERROR] LogOutputStream:75 - [STDERR_REDIRECT] 
2026-01-16 18:21:54,519 [ERROR] LogOutputStream:75 - [STDERR_REDIRECT] [Fatal Error] :1:1: Premature end of file.
2026-01-16 18:21:54,519 [ERROR] LogOutputStream:75 - [STDERR_REDIRECT] 
2026-01-16 18:21:55,519 [ERROR] LogOutputStream:75 - [STDERR_REDIRECT] [Fatal Error] :1:1: Premature end of file.
2026-01-16 18:21:55,519 [ERROR] LogOutputStream:75 - [STDERR_REDIRECT] 
2026-01-16 18:21:56,520 [ERROR] LogOutputStream:75 - [STDERR_REDIRECT] [Fatal Error] :1:1: Premature end of file.
2026-01-16 18:21:56,520 [ERROR] LogOutputStream:75 - [STDERR_REDIRECT] 
2026-01-16 18:21:57,519 [ERROR] LogOutputStream:75 - [STDERR_REDIRECT] [Fatal Error] :1:1: Premature end of file.
2026-01-16 18:21:57,519 [ERROR] LogOutputStream:75 - [STDERR_REDIRECT] 
2026-01-16 18:21:58,521 [ERROR] LogOutputStream:75 - [STDERR_REDIRECT] [Fatal Error] :1:1: Premature end of file.
2026-01-16 18:21:58,521 [ERROR] LogOutputStream:75 - [STDERR_REDIRECT] 
2026-01-16 18:21:59,520 [ERROR] LogOutputStream:75 - [STDERR_REDIRECT] [Fatal Error] :1:1: Premature end of file.
2026-01-16 18:21:59,520 [ERROR] LogOutputStream:75 - [STDERR_REDIRECT] 
2026-01-16 18:22:00,519 [ERROR] LogOutputStream:75 - [STDERR_REDIRECT] [Fatal Error] :1:1: Premature end of file.
2026-01-16 18:22:00,519 [ERROR] LogOutputStream:75 - [STDERR_REDIRECT] 
2026-01-16 18:22:01,520 [ERROR] LogOutputStream:75 - [STDERR_REDIRECT] [Fatal Error] :1:1: Premature end of file.
2026-01-16 18:22:01,520 [ERROR] LogOutputStream:75 - [STDERR_REDIRECT] 
2026-01-16 18:22:02,520 [ERROR] LogOutputStream:75 - [STDERR_REDIRECT] [Fatal Error] :1:1: Premature end of file.
2026-01-16 18:22:02,520 [ERROR] LogOutputStream:75 - [STDERR_REDIRECT] 
2026-01-16 18:22:03,520 [ERROR] LogOutputStream:75 - [STDERR_REDIRECT] [Fatal Error] :1:1: Premature end of file.
2026-01-16 18:22:03,520 [ERROR] LogOutputStream:75 - [STDERR_REDIRECT] 
2026-01-16 18:22:04,522 [ERROR] LogOutputStream:75 - [STDERR_REDIRECT] [Fatal Error] :1:1: Premature end of file.
2026-01-16 18:22:04,522 [ERROR] LogOutputStream:75 - [STDERR_REDIRECT] 
2026-01-16 18:22:05,522 [ERROR] LogOutputStream:75 - [STDERR_REDIRECT] [Fatal Error] :1:1: Premature end of file.
2026-01-16 18:22:05,522 [ERROR] LogOutputStream:75 - [STDERR_REDIRECT] 
2026-01-16 18:22:06,522 [ERROR] LogOutputStream:75 - [STDERR_REDIRECT] [Fatal Error] :1:1: Premature end of file.
2026-01-16 18:22:06,523 [ERROR] LogOutputStream:75 - [STDERR_REDIRECT] 
2026-01-16 18:22:07,521 [ERROR] LogOutputStream:75 - [STDERR_REDIRECT] [Fatal Error] :1:1: Premature end of file.
2026-01-16 18:22:07,521 [ERROR] LogOutputStream:75 - [STDERR_REDIRECT] 
2026-01-16 18:22:08,519 [ERROR] LogOutputStream:75 - [STDERR_REDIRECT] [Fatal Error] :1:1: Premature end of file.
2026-01-16 18:22:08,519 [ERROR] LogOutputStream:75 - [STDERR_REDIRECT] 
2026-01-16 18:22:09,519 [ERROR] LogOutputStream:75 - [STDERR_REDIRECT] [Fatal Error] :1:1: Premature end of file.
2026-01-16 18:22:09,520 [ERROR] LogOutputStream:75 - [STDERR_REDIRECT] 
2026-01-16 18:22:10,521 [ERROR] LogOutputStream:75 - [STDERR_REDIRECT] [Fatal Error] :1:1: Premature end of file.
2026-01-16 18:22:10,521 [ERROR] LogOutputStream:75 - [STDERR_REDIRECT] 
2026-01-16 18:22:11,521 [ERROR] LogOutputStream:75 - [STDERR_REDIRECT] [Fatal Error] :1:1: Premature end of file.
2026-01-16 18:22:11,521 [ERROR] LogOutputStream:75 - [STDERR_REDIRECT] 
2026-01-16 18:22:12,521 [ERROR] LogOutputStream:75 - [STDERR_REDIRECT] [Fatal Error] :1:1: Premature end of file.
2026-01-16 18:22:12,521 [ERROR] LogOutputStream:75 - [STDERR_REDIRECT] 
2026-01-16 18:22:13,520 [ERROR] LogOutputStream:75 - [STDERR_REDIRECT] [Fatal Error] :1:1: Premature end of file.
2026-01-16 18:22:13,520 [ERROR] LogOutputStream:75 - [STDERR_REDIRECT] 
2026-01-16 18:22:14,519 [ERROR] LogOutputStream:75 - [STDERR_REDIRECT] [Fatal Error] :1:1: Premature end of file.
2026-01-16 18:22:14,519 [ERROR] LogOutputStream:75 - [STDERR_REDIRECT] 
2026-01-16 18:22:15,520 [ERROR] LogOutputStream:75 - [STDERR_REDIRECT] [Fatal Error] :1:1: Premature end of file.
2026-01-16 18:22:15,520 [ERROR] LogOutputStream:75 - [STDERR_REDIRECT] 
2026-01-16 18:22:16,520 [ERROR] LogOutputStream:75 - [STDERR_REDIRECT] [Fatal Error] :1:1: Premature end of file.
2026-01-16 18:22:16,520 [ERROR] LogOutputStream:75 - [STDERR_REDIRECT] 
2026-01-16 18:22:17,519 [ERROR] LogOutputStream:75 - [STDERR_REDIRECT] [Fatal Error] :1:1: Premature end of file.
2026-01-16 18:22:17,519 [ERROR] LogOutputStream:75 - [STDERR_REDIRECT] 
2026-01-16 18:22:18,521 [ERROR] LogOutputStream:75 - [STDERR_REDIRECT] [Fatal Error] :1:1: Premature end of file.
2026-01-16 18:22:18,521 [ERROR] LogOutputStream:75 - [STDERR_REDIRECT] 
2026-01-16 18:22:19,519 [ERROR] LogOutputStream:75 - [STDERR_REDIRECT] [Fatal Error] :1:1: Premature end of file.
2026-01-16 18:22:19,520 [ERROR] LogOutputStream:75 - [STDERR_REDIRECT] 
2026-01-16 18:22:20,521 [ERROR] LogOutputStream:75 - [STDERR_REDIRECT] [Fatal Error] :1:1: Premature end of file.
2026-01-16 18:22:20,521 [ERROR] LogOutputStream:75 - [STDERR_REDIRECT] 
2026-01-16 18:22:21,519 [ERROR] LogOutputStream:75 - [STDERR_REDIRECT] [Fatal Error] :1:1: Premature end of file.
2026-01-16 18:22:21,519 [ERROR] LogOutputStream:75 - [STDERR_REDIRECT] 
2026-01-16 18:22:22,521 [ERROR] LogOutputStream:75 - [STDERR_REDIRECT] [Fatal Error] :1:1: Premature end of file.
2026-01-16 18:22:22,521 [ERROR] LogOutputStream:75 - [STDERR_REDIRECT] 
2026-01-16 18:22:23,519 [ERROR] LogOutputStream:75 - [STDERR_REDIRECT] [Fatal Error] :1:1: Premature end of file.
2026-01-16 18:22:23,519 [ERROR] LogOutputStream:75 - [STDERR_REDIRECT] 
2026-01-16 18:22:24,521 [ERROR] LogOutputStream:75 - [STDERR_REDIRECT] [Fatal Error] :1:1: Premature end of file.
2026-01-16 18:22:24,521 [ERROR] LogOutputStream:75 - [STDERR_REDIRECT] 
2026-01-16 18:22:25,520 [ERROR] LogOutputStream:75 - [STDERR_REDIRECT] [Fatal Error] :1:1: Premature end of file.
2026-01-16 18:22:25,520 [ERROR] LogOutputStream:75 - [STDERR_REDIRECT] 
2026-01-16 18:22:26,523 [ERROR] LogOutputStream:75 - [STDERR_REDIRECT] [Fatal Error] :1:1: Premature end of file.
2026-01-16 18:22:26,523 [ERROR] LogOutputStream:75 - [STDERR_REDIRECT] 
2026-01-16 18:22:27,519 [ERROR] LogOutputStream:75 - [STDERR_REDIRECT] [Fatal Error] :1:1: Premature end of file.
2026-01-16 18:22:27,519 [ERROR] LogOutputStream:75 - [STDERR_REDIRECT] 
2026-01-16 18:22:28,520 [ERROR] LogOutputStream:75 - [STDERR_REDIRECT] [Fatal Error] :1:1: Premature end of file.
2026-01-16 18:22:28,520 [ERROR] LogOutputStream:75 - [STDERR_REDIRECT] 
2026-01-16 18:22:29,520 [ERROR] LogOutputStream:75 - [STDERR_REDIRECT] [Fatal Error] :1:1: Premature end of file.
2026-01-16 18:22:29,520 [ERROR] LogOutputStream:75 - [STDERR_REDIRECT] 
2026-01-16 18:22:30,520 [ERROR] LogOutputStream:75 - [STDERR_REDIRECT] [Fatal Error] :1:1: Premature end of file.
2026-01-16 18:22:30,520 [ERROR] LogOutputStream:75 - [STDERR_REDIRECT] 
2026-01-16 18:22:31,520 [ERROR] LogOutputStream:75 - [STDERR_REDIRECT] [Fatal Error] :1:1: Premature end of file.
2026-01-16 18:22:31,520 [ERROR] LogOutputStream:75 - [STDERR_REDIRECT] 
2026-01-16 18:22:32,520 [ERROR] LogOutputStream:75 - [STDERR_REDIRECT] [Fatal Error] :1:1: Premature end of file.
2026-01-16 18:22:32,520 [ERROR] LogOutputStream:75 - [STDERR_REDIRECT] 
2026-01-16 18:22:33,520 [ERROR] LogOutputStream:75 - [STDERR_REDIRECT] [Fatal Error] :1:1: Premature end of file.
2026-01-16 18:22:33,520 [ERROR] LogOutputStream:75 - [STDERR_REDIRECT] 
2026-01-16 18:22:34,517 [ERROR] LogOutputStream:75 - [STDERR_REDIRECT] [Fatal Error] :1:1: Premature end of file.
2026-01-16 18:22:34,517 [ERROR] LogOutputStream:75 - [STDERR_REDIRECT] 
2026-01-16 18:22:35,521 [ERROR] LogOutputStream:75 - [STDERR_REDIRECT] [Fatal Error] :1:1: Premature end of file.
2026-01-16 18:22:35,521 [ERROR] LogOutputStream:75 - [STDERR_REDIRECT] 
2026-01-16 18:22:36,520 [ERROR] LogOutputStream:75 - [STDERR_REDIRECT] [Fatal Error] :1:1: Premature end of file.
2026-01-16 18:22:36,520 [ERROR] LogOutputStream:75 - [STDERR_REDIRECT] 
2026-01-16 18:22:37,521 [ERROR] LogOutputStream:75 - [STDERR_REDIRECT] [Fatal Error] :1:1: Premature end of file.
2026-01-16 18:22:37,521 [ERROR] LogOutputStream:75 - [STDERR_REDIRECT] 
2026-01-16 18:22:38,524 [ERROR] LogOutputStream:75 - [STDERR_REDIRECT] [Fatal Error] :1:1: Premature end of file.
2026-01-16 18:22:38,524 [ERROR] LogOutputStream:75 - [STDERR_REDIRECT] 
2026-01-16 18:22:39,518 [ERROR] LogOutputStream:75 - [STDERR_REDIRECT] [Fatal Error] :1:1: Premature end of file.
2026-01-16 18:22:39,518 [ERROR] LogOutputStream:75 - [STDERR_REDIRECT] 
2026-01-16 18:22:40,520 [ERROR] LogOutputStream:75 - [STDERR_REDIRECT] [Fatal Error] :1:1: Premature end of file.
2026-01-16 18:22:40,520 [ERROR] LogOutputStream:75 - [STDERR_REDIRECT] 
2026-01-16 18:22:41,521 [ERROR] LogOutputStream:75 - [STDERR_REDIRECT] [Fatal Error] :1:1: Premature end of file.
2026-01-16 18:22:41,521 [ERROR] LogOutputStream:75 - [STDERR_REDIRECT] 
2026-01-16 18:22:42,519 [ERROR] LogOutputStream:75 - [STDERR_REDIRECT] [Fatal Error] :1:1: Premature end of file.
2026-01-16 18:22:42,520 [ERROR] LogOutputStream:75 - [STDERR_REDIRECT] 
2026-01-16 18:22:43,522 [ERROR] LogOutputStream:75 - [STDERR_REDIRECT] [Fatal Error] :1:1: Premature end of file.
2026-01-16 18:22:43,522 [ERROR] LogOutputStream:75 - [STDERR_REDIRECT] 
2026-01-16 18:22:44,520 [ERROR] LogOutputStream:75 - [STDERR_REDIRECT] [Fatal Error] :1:1: Premature end of file.
2026-01-16 18:22:44,520 [ERROR] LogOutputStream:75 - [STDERR_REDIRECT] 
2026-01-16 18:22:45,521 [ERROR] LogOutputStream:75 - [STDERR_REDIRECT] [Fatal Error] :1:1: Premature end of file.
2026-01-16 18:22:45,521 [ERROR] LogOutputStream:75 - [STDERR_REDIRECT] 
2026-01-16 18:22:46,520 [ERROR] LogOutputStream:75 - [STDERR_REDIRECT] [Fatal Error] :1:1: Premature end of file.
2026-01-16 18:22:46,520 [ERROR] LogOutputStream:75 - [STDERR_REDIRECT] 
2026-01-16 18:22:47,520 [ERROR] LogOutputStream:75 - [STDERR_REDIRECT] [Fatal Error] :1:1: Premature end of file.
2026-01-16 18:22:47,520 [ERROR] LogOutputStream:75 - [STDERR_REDIRECT] 
2026-01-16 18:22:48,518 [ERROR] LogOutputStream:75 - [STDERR_REDIRECT] [Fatal Error] :1:1: Premature end of file.
2026-01-16 18:22:48,518 [ERROR] LogOutputStream:75 - [STDERR_REDIRECT] 
2026-01-16 18:22:49,519 [ERROR] LogOutputStream:75 - [STDERR_REDIRECT] [Fatal Error] :1:1: Premature end of file.
2026-01-16 18:22:49,519 [ERROR] LogOutputStream:75 - [STDERR_REDIRECT] 
2026-01-16 18:22:50,521 [ERROR] LogOutputStream:75 - [STDERR_REDIRECT] [Fatal Error] :1:1: Premature end of file.
2026-01-16 18:22:50,521 [ERROR] LogOutputStream:75 - [STDERR_REDIRECT] 
2026-01-16 18:22:51,523 [ERROR] LogOutputStream:75 - [STDERR_REDIRECT] [Fatal Error] :1:1: Premature end of file.
2026-01-16 18:22:51,523 [ERROR] LogOutputStream:75 - [STDERR_REDIRECT] 
2026-01-16 18:22:52,520 [ERROR] LogOutputStream:75 - [STDERR_REDIRECT] [Fatal Error] :1:1: Premature end of file.
2026-01-16 18:22:52,520 [ERROR] LogOutputStream:75 - [STDERR_REDIRECT] 
2026-01-16 18:22:53,519 [ERROR] LogOutputStream:75 - [STDERR_REDIRECT] [Fatal Error] :1:1: Premature end of file.
2026-01-16 18:22:53,519 [ERROR] LogOutputStream:75 - [STDERR_REDIRECT] 
2026-01-16 18:22:54,520 [ERROR] LogOutputStream:75 - [STDERR_REDIRECT] [Fatal Error] :1:1: Premature end of file.
2026-01-16 18:22:54,520 [ERROR] LogOutputStream:75 - [STDERR_REDIRECT] 
2026-01-16 18:22:55,521 [ERROR] LogOutputStream:75 - [STDERR_REDIRECT] [Fatal Error] :1:1: Premature end of file.
2026-01-16 18:22:55,521 [ERROR] LogOutputStream:75 - [STDERR_REDIRECT] 
2026-01-16 18:22:56,520 [ERROR] LogOutputStream:75 - [STDERR_REDIRECT] [Fatal Error] :1:1: Premature end of file.
2026-01-16 18:22:56,520 [ERROR] LogOutputStream:75 - [STDERR_REDIRECT] 
2026-01-16 18:22:57,518 [ERROR] LogOutputStream:75 - [STDERR_REDIRECT] [Fatal Error] :1:1: Premature end of file.
2026-01-16 18:22:57,518 [ERROR] LogOutputStream:75 - [STDERR_REDIRECT] 
2026-01-16 18:22:58,521 [ERROR] LogOutputStream:75 - [STDERR_REDIRECT] [Fatal Error] :1:1: Premature end of file.
2026-01-16 18:22:58,521 [ERROR] LogOutputStream:75 - [STDERR_REDIRECT] 
2026-01-16 18:22:59,521 [ERROR] LogOutputStream:75 - [STDERR_REDIRECT] [Fatal Error] :1:1: Premature end of file.
2026-01-16 18:22:59,521 [ERROR] LogOutputStream:75 - [STDERR_REDIRECT] 
2026-01-16 18:23:00,520 [ERROR] LogOutputStream:75 - [STDERR_REDIRECT] [Fatal Error] :1:1: Premature end of file.
2026-01-16 18:23:00,520 [ERROR] LogOutputStream:75 - [STDERR_REDIRECT] 
2026-01-16 18:23:01,521 [ERROR] LogOutputStream:75 - [STDERR_REDIRECT] [Fatal Error] :1:1: Premature end of file.
2026-01-16 18:23:01,521 [ERROR] LogOutputStream:75 - [STDERR_REDIRECT] 
2026-01-16 18:23:02,520 [ERROR] LogOutputStream:75 - [STDERR_REDIRECT] [Fatal Error] :1:1: Premature end of file.
2026-01-16 18:23:02,520 [ERROR] LogOutputStream:75 - [STDERR_REDIRECT] 
2026-01-16 18:23:03,520 [ERROR] LogOutputStream:75 - [STDERR_REDIRECT] [Fatal Error] :1:1: Premature end of file.
2026-01-16 18:23:03,520 [ERROR] LogOutputStream:75 - [STDERR_REDIRECT] 
2026-01-16 18:23:04,521 [ERROR] LogOutputStream:75 - [STDERR_REDIRECT] [Fatal Error] :1:1: Premature end of file.
2026-01-16 18:23:04,521 [ERROR] LogOutputStream:75 - [STDERR_REDIRECT] 
2026-01-16 18:23:05,520 [ERROR] LogOutputStream:75 - [STDERR_REDIRECT] [Fatal Error] :1:1: Premature end of file.
2026-01-16 18:23:05,520 [ERROR] LogOutputStream:75 - [STDERR_REDIRECT] 
2026-01-16 18:23:06,521 [ERROR] LogOutputStream:75 - [STDERR_REDIRECT] [Fatal Error] :1:1: Premature end of file.
2026-01-16 18:23:06,521 [ERROR] LogOutputStream:75 - [STDERR_REDIRECT] 
2026-01-16 18:23:07,520 [ERROR] LogOutputStream:75 - [STDERR_REDIRECT] [Fatal Error] :1:1: Premature end of file.
2026-01-16 18:23:07,520 [ERROR] LogOutputStream:75 - [STDERR_REDIRECT] 
2026-01-16 18:23:08,520 [ERROR] LogOutputStream:75 - [STDERR_REDIRECT] [Fatal Error] :1:1: Premature end of file.
2026-01-16 18:23:08,521 [ERROR] LogOutputStream:75 - [STDERR_REDIRECT] 
2026-01-16 18:23:09,520 [ERROR] LogOutputStream:75 - [STDERR_REDIRECT] [Fatal Error] :1:1: Premature end of file.
2026-01-16 18:23:09,520 [ERROR] LogOutputStream:75 - [STDERR_REDIRECT] 
2026-01-16 18:23:10,522 [ERROR] LogOutputStream:75 - [STDERR_REDIRECT] [Fatal Error] :1:1: Premature end of file.
2026-01-16 18:23:10,522 [ERROR] LogOutputStream:75 - [STDERR_REDIRECT] 
2026-01-16 18:23:11,519 [ERROR] LogOutputStream:75 - [STDERR_REDIRECT] [Fatal Error] :1:1: Premature end of file.
2026-01-16 18:23:11,519 [ERROR] LogOutputStream:75 - [STDERR_REDIRECT] 
2026-01-16 18:23:12,520 [ERROR] LogOutputStream:75 - [STDERR_REDIRECT] [Fatal Error] :1:1: Premature end of file.
2026-01-16 18:23:12,520 [ERROR] LogOutputStream:75 - [STDERR_REDIRECT] 
2026-01-16 18:23:13,519 [ERROR] LogOutputStream:75 - [STDERR_REDIRECT] [Fatal Error] :1:1: Premature end of file.
2026-01-16 18:23:13,519 [ERROR] LogOutputStream:75 - [STDERR_REDIRECT] 
2026-01-16 18:23:14,519 [ERROR] LogOutputStream:75 - [STDERR_REDIRECT] [Fatal Error] :1:1: Premature end of file.
2026-01-16 18:23:14,520 [ERROR] LogOutputStream:75 - [STDERR_REDIRECT] 
2026-01-16 18:23:15,520 [ERROR] LogOutputStream:75 - [STDERR_REDIRECT] [Fatal Error] :1:1: Premature end of file.
2026-01-16 18:23:15,520 [ERROR] LogOutputStream:75 - [STDERR_REDIRECT] 
2026-01-16 18:23:16,520 [ERROR] LogOutputStream:75 - [STDERR_REDIRECT] [Fatal Error] :1:1: Premature end of file.
2026-01-16 18:23:16,521 [ERROR] LogOutputStream:75 - [STDERR_REDIRECT] 
2026-01-16 18:23:17,521 [ERROR] LogOutputStream:75 - [STDERR_REDIRECT] [Fatal Error] :1:1: Premature end of file.
2026-01-16 18:23:17,521 [ERROR] LogOutputStream:75 - [STDERR_REDIRECT] 
2026-01-16 18:23:18,520 [ERROR] LogOutputStream:75 - [STDERR_REDIRECT] [Fatal Error] :1:1: Premature end of file.
2026-01-16 18:23:18,520 [ERROR] LogOutputStream:75 - [STDERR_REDIRECT] 
2026-01-16 18:23:19,521 [ERROR] LogOutputStream:75 - [STDERR_REDIRECT] [Fatal Error] :1:1: Premature end of file.
2026-01-16 18:23:19,521 [ERROR] LogOutputStream:75 - [STDERR_REDIRECT] 
2026-01-16 18:23:20,520 [ERROR] LogOutputStream:75 - [STDERR_REDIRECT] [Fatal Error] :1:1: Premature end of file.
2026-01-16 18:23:20,520 [ERROR] LogOutputStream:75 - [STDERR_REDIRECT] 
2026-01-16 18:23:21,520 [ERROR] LogOutputStream:75 - [STDERR_REDIRECT] [Fatal Error] :1:1: Premature end of file.
2026-01-16 18:23:21,520 [ERROR] LogOutputStream:75 - [STDERR_REDIRECT] 
2026-01-16 18:23:22,520 [ERROR] LogOutputStream:75 - [STDERR_REDIRECT] [Fatal Error] :1:1: Premature end of file.
2026-01-16 18:23:22,520 [ERROR] LogOutputStream:75 - [STDERR_REDIRECT] 
2026-01-16 18:23:23,521 [ERROR] LogOutputStream:75 - [STDERR_REDIRECT] [Fatal Error] :1:1: Premature end of file.
2026-01-16 18:23:23,521 [ERROR] LogOutputStream:75 - [STDERR_REDIRECT] 
2026-01-16 18:23:24,520 [ERROR] LogOutputStream:75 - [STDERR_REDIRECT] [Fatal Error] :1:1: Premature end of file.
2026-01-16 18:23:24,520 [ERROR] LogOutputStream:75 - [STDERR_REDIRECT] 
2026-01-16 18:23:25,520 [ERROR] LogOutputStream:75 - [STDERR_REDIRECT] [Fatal Error] :1:1: Premature end of file.
2026-01-16 18:23:25,520 [ERROR] LogOutputStream:75 - [STDERR_REDIRECT] 
2026-01-16 18:23:26,519 [ERROR] LogOutputStream:75 - [STDERR_REDIRECT] [Fatal Error] :1:1: Premature end of file.
2026-01-16 18:23:26,519 [ERROR] LogOutputStream:75 - [STDERR_REDIRECT] 
2026-01-16 18:23:27,523 [ERROR] LogOutputStream:75 - [STDERR_REDIRECT] [Fatal Error] :1:1: Premature end of file.
2026-01-16 18:23:27,523 [ERROR] LogOutputStream:75 - [STDERR_REDIRECT] 
2026-01-16 18:23:28,521 [ERROR] LogOutputStream:75 - [STDERR_REDIRECT] [Fatal Error] :1:1: Premature end of file.
2026-01-16 18:23:28,521 [ERROR] LogOutputStream:75 - [STDERR_REDIRECT] 
2026-01-16 18:23:29,520 [ERROR] LogOutputStream:75 - [STDERR_REDIRECT] [Fatal Error] :1:1: Premature end of file.
2026-01-16 18:23:29,520 [ERROR] LogOutputStream:75 - [STDERR_REDIRECT] 
2026-01-16 18:23:30,519 [ERROR] LogOutputStream:75 - [STDERR_REDIRECT] [Fatal Error] :1:1: Premature end of file.
2026-01-16 18:23:30,520 [ERROR] LogOutputStream:75 - [STDERR_REDIRECT] 
2026-01-16 18:23:31,519 [ERROR] LogOutputStream:75 - [STDERR_REDIRECT] [Fatal Error] :1:1: Premature end of file.
2026-01-16 18:23:31,519 [ERROR] LogOutputStream:75 - [STDERR_REDIRECT] 
2026-01-16 18:23:32,520 [ERROR] LogOutputStream:75 - [STDERR_REDIRECT] [Fatal Error] :1:1: Premature end of file.
2026-01-16 18:23:32,521 [ERROR] LogOutputStream:75 - [STDERR_REDIRECT] 
2026-01-16 18:23:33,520 [ERROR] LogOutputStream:75 - [STDERR_REDIRECT] [Fatal Error] :1:1: Premature end of file.
2026-01-16 18:23:33,520 [ERROR] LogOutputStream:75 - [STDERR_REDIRECT] 
2026-01-16 18:23:34,520 [ERROR] LogOutputStream:75 - [STDERR_REDIRECT] [Fatal Error] :1:1: Premature end of file.
2026-01-16 18:23:34,520 [ERROR] LogOutputStream:75 - [STDERR_REDIRECT] 
2026-01-16 18:23:35,521 [ERROR] LogOutputStream:75 - [STDERR_REDIRECT] [Fatal Error] :1:1: Premature end of file.
2026-01-16 18:23:35,521 [ERROR] LogOutputStream:75 - [STDERR_REDIRECT] 
2026-01-16 18:23:36,520 [ERROR] LogOutputStream:75 - [STDERR_REDIRECT] [Fatal Error] :1:1: Premature end of file.
2026-01-16 18:23:36,520 [ERROR] LogOutputStream:75 - [STDERR_REDIRECT] 
2026-01-16 18:23:37,520 [ERROR] LogOutputStream:75 - [STDERR_REDIRECT] [Fatal Error] :1:1: Premature end of file.
2026-01-16 18:23:37,521 [ERROR] LogOutputStream:75 - [STDERR_REDIRECT] 
2026-01-16 18:23:38,521 [ERROR] LogOutputStream:75 - [STDERR_REDIRECT] [Fatal Error] :1:1: Premature end of file.
2026-01-16 18:23:38,521 [ERROR] LogOutputStream:75 - [STDERR_REDIRECT] 
2026-01-16 18:23:39,520 [ERROR] LogOutputStream:75 - [STDERR_REDIRECT] [Fatal Error] :1:1: Premature end of file.
2026-01-16 18:23:39,521 [ERROR] LogOutputStream:75 - [STDERR_REDIRECT] 
2026-01-16 18:23:40,520 [ERROR] LogOutputStream:75 - [STDERR_REDIRECT] [Fatal Error] :1:1: Premature end of file.
2026-01-16 18:23:40,520 [ERROR] LogOutputStream:75 - [STDERR_REDIRECT] 
2026-01-16 18:23:41,520 [ERROR] LogOutputStream:75 - [STDERR_REDIRECT] [Fatal Error] :1:1: Premature end of file.
2026-01-16 18:23:41,521 [ERROR] LogOutputStream:75 - [STDERR_REDIRECT] 
2026-01-16 18:23:42,519 [ERROR] LogOutputStream:75 - [STDERR_REDIRECT] [Fatal Error] :1:1: Premature end of file.
2026-01-16 18:23:42,519 [ERROR] LogOutputStream:75 - [STDERR_REDIRECT] 
2026-01-16 18:23:43,519 [ERROR] LogOutputStream:75 - [STDERR_REDIRECT] [Fatal Error] :1:1: Premature end of file.
2026-01-16 18:23:43,521 [ERROR] LogOutputStream:75 - [STDERR_REDIRECT] 
2026-01-16 18:23:44,520 [ERROR] LogOutputStream:75 - [STDERR_REDIRECT] [Fatal Error] :1:1: Premature end of file.
2026-01-16 18:23:44,520 [ERROR] LogOutputStream:75 - [STDERR_REDIRECT] 
2026-01-16 18:23:45,519 [ERROR] LogOutputStream:75 - [STDERR_REDIRECT] [Fatal Error] :1:1: Premature end of file.
2026-01-16 18:23:45,520 [ERROR] LogOutputStream:75 - [STDERR_REDIRECT] 
2026-01-16 18:23:46,520 [ERROR] LogOutputStream:75 - [STDERR_REDIRECT] [Fatal Error] :1:1: Premature end of file.
2026-01-16 18:23:46,520 [ERROR] LogOutputStream:75 - [STDERR_REDIRECT] 
2026-01-16 18:23:47,520 [ERROR] LogOutputStream:75 - [STDERR_REDIRECT] [Fatal Error] :1:1: Premature end of file.
2026-01-16 18:23:47,520 [ERROR] LogOutputStream:75 - [STDERR_REDIRECT] 
2026-01-16 18:23:48,519 [ERROR] LogOutputStream:75 - [STDERR_REDIRECT] [Fatal Error] :1:1: Premature end of file.
2026-01-16 18:23:48,520 [ERROR] LogOutputStream:75 - [STDERR_REDIRECT] 
2026-01-16 18:23:49,521 [ERROR] LogOutputStream:75 - [STDERR_REDIRECT] [Fatal Error] :1:1: Premature end of file.
2026-01-16 18:23:49,521 [ERROR] LogOutputStream:75 - [STDERR_REDIRECT] 
2026-01-16 18:23:50,520 [ERROR] LogOutputStream:75 - [STDERR_REDIRECT] [Fatal Error] :1:1: Premature end of file.
2026-01-16 18:23:50,521 [ERROR] LogOutputStream:75 - [STDERR_REDIRECT] 
2026-01-16 18:23:51,519 [ERROR] LogOutputStream:75 - [STDERR_REDIRECT] [Fatal Error] :1:1: Premature end of file.
2026-01-16 18:23:51,519 [ERROR] LogOutputStream:75 - [STDERR_REDIRECT] 
2026-01-16 18:23:52,521 [ERROR] LogOutputStream:75 - [STDERR_REDIRECT] [Fatal Error] :1:1: Premature end of file.
2026-01-16 18:23:52,521 [ERROR] LogOutputStream:75 - [STDERR_REDIRECT] 
2026-01-16 18:23:53,520 [ERROR] LogOutputStream:75 - [STDERR_REDIRECT] [Fatal Error] :1:1: Premature end of file.
2026-01-16 18:23:53,520 [ERROR] LogOutputStream:75 - [STDERR_REDIRECT] 
2026-01-16 18:23:54,519 [ERROR] LogOutputStream:75 - [STDERR_REDIRECT] [Fatal Error] :1:1: Premature end of file.
2026-01-16 18:23:54,519 [ERROR] LogOutputStream:75 - [STDERR_REDIRECT] 
2026-01-16 18:23:55,521 [ERROR] LogOutputStream:75 - [STDERR_REDIRECT] [Fatal Error] :1:1: Premature end of file.
2026-01-16 18:23:55,521 [ERROR] LogOutputStream:75 - [STDERR_REDIRECT] 
2026-01-16 18:23:56,523 [ERROR] LogOutputStream:75 - [STDERR_REDIRECT] [Fatal Error] :1:1: Premature end of file.
2026-01-16 18:23:56,523 [ERROR] LogOutputStream:75 - [STDERR_REDIRECT] 
2026-01-16 18:23:57,520 [ERROR] LogOutputStream:75 - [STDERR_REDIRECT] [Fatal Error] :1:1: Premature end of file.
2026-01-16 18:23:57,520 [ERROR] LogOutputStream:75 - [STDERR_REDIRECT] 
2026-01-16 18:23:58,521 [ERROR] LogOutputStream:75 - [STDERR_REDIRECT] [Fatal Error] :1:1: Premature end of file.
2026-01-16 18:23:58,521 [ERROR] LogOutputStream:75 - [STDERR_REDIRECT] 
2026-01-16 18:23:59,518 [ERROR] LogOutputStream:75 - [STDERR_REDIRECT] [Fatal Error] :1:1: Premature end of file.
2026-01-16 18:23:59,518 [ERROR] LogOutputStream:75 - [STDERR_REDIRECT] 
2026-01-16 18:24:00,520 [ERROR] LogOutputStream:75 - [STDERR_REDIRECT] [Fatal Error] :1:1: Premature end of file.
2026-01-16 18:24:00,520 [ERROR] LogOutputStream:75 - [STDERR_REDIRECT] 
2026-01-16 18:24:01,522 [ERROR] LogOutputStream:75 - [STDERR_REDIRECT] [Fatal Error] :1:1: Premature end of file.
2026-01-16 18:24:01,522 [ERROR] LogOutputStream:75 - [STDERR_REDIRECT] 
2026-01-16 18:24:02,520 [ERROR] LogOutputStream:75 - [STDERR_REDIRECT] [Fatal Error] :1:1: Premature end of file.
2026-01-16 18:24:02,520 [ERROR] LogOutputStream:75 - [STDERR_REDIRECT] 
2026-01-16 18:24:03,518 [ERROR] LogOutputStream:75 - [STDERR_REDIRECT] [Fatal Error] :1:1: Premature end of file.
2026-01-16 18:24:03,518 [ERROR] LogOutputStream:75 - [STDERR_REDIRECT] 
2026-01-16 18:24:04,524 [ERROR] LogOutputStream:75 - [STDERR_REDIRECT] [Fatal Error] :1:1: Premature end of file.
2026-01-16 18:24:04,524 [ERROR] LogOutputStream:75 - [STDERR_REDIRECT] 
2026-01-16 18:24:05,519 [ERROR] LogOutputStream:75 - [STDERR_REDIRECT] [Fatal Error] :1:1: Premature end of file.
2026-01-16 18:24:05,519 [ERROR] LogOutputStream:75 - [STDERR_REDIRECT] 
2026-01-16 18:24:06,521 [ERROR] LogOutputStream:75 - [STDERR_REDIRECT] [Fatal Error] :1:1: Premature end of file.
2026-01-16 18:24:06,521 [ERROR] LogOutputStream:75 - [STDERR_REDIRECT] 
2026-01-16 18:24:07,521 [ERROR] LogOutputStream:75 - [STDERR_REDIRECT] [Fatal Error] :1:1: Premature end of file.
2026-01-16 18:24:07,521 [ERROR] LogOutputStream:75 - [STDERR_REDIRECT] 
2026-01-16 18:24:08,522 [ERROR] LogOutputStream:75 - [STDERR_REDIRECT] [Fatal Error] :1:1: Premature end of file.
2026-01-16 18:24:08,522 [ERROR] LogOutputStream:75 - [STDERR_REDIRECT] 
2026-01-16 18:24:09,520 [ERROR] LogOutputStream:75 - [STDERR_REDIRECT] [Fatal Error] :1:1: Premature end of file.
2026-01-16 18:24:09,521 [ERROR] LogOutputStream:75 - [STDERR_REDIRECT] 
2026-01-16 18:24:10,519 [ERROR] LogOutputStream:75 - [STDERR_REDIRECT] [Fatal Error] :1:1: Premature end of file.
2026-01-16 18:24:10,519 [ERROR] LogOutputStream:75 - [STDERR_REDIRECT] 
2026-01-16 18:24:11,519 [ERROR] LogOutputStream:75 - [STDERR_REDIRECT] [Fatal Error] :1:1: Premature end of file.
2026-01-16 18:24:11,519 [ERROR] LogOutputStream:75 - [STDERR_REDIRECT] 
2026-01-16 18:24:12,522 [ERROR] LogOutputStream:75 - [STDERR_REDIRECT] [Fatal Error] :1:1: Premature end of file.
2026-01-16 18:24:12,522 [ERROR] LogOutputStream:75 - [STDERR_REDIRECT] 
2026-01-16 18:24:13,519 [ERROR] LogOutputStream:75 - [STDERR_REDIRECT] [Fatal Error] :1:1: Premature end of file.
2026-01-16 18:24:13,519 [ERROR] LogOutputStream:75 - [STDERR_REDIRECT] 
2026-01-16 18:24:14,520 [ERROR] LogOutputStream:75 - [STDERR_REDIRECT] [Fatal Error] :1:1: Premature end of file.
2026-01-16 18:24:14,521 [ERROR] LogOutputStream:75 - [STDERR_REDIRECT] 
2026-01-16 18:24:15,523 [ERROR] LogOutputStream:75 - [STDERR_REDIRECT] [Fatal Error] :1:1: Premature end of file.
2026-01-16 18:24:15,523 [ERROR] LogOutputStream:75 - [STDERR_REDIRECT] 
2026-01-16 18:24:16,523 [ERROR] LogOutputStream:75 - [STDERR_REDIRECT] [Fatal Error] :1:1: Premature end of file.
2026-01-16 18:24:16,524 [ERROR] LogOutputStream:75 - [STDERR_REDIRECT] 
2026-01-16 18:24:17,519 [ERROR] LogOutputStream:75 - [STDERR_REDIRECT] [Fatal Error] :1:1: Premature end of file.
2026-01-16 18:24:17,519 [ERROR] LogOutputStream:75 - [STDERR_REDIRECT] 
2026-01-16 18:24:18,521 [ERROR] LogOutputStream:75 - [STDERR_REDIRECT] [Fatal Error] :1:1: Premature end of file.
2026-01-16 18:24:18,521 [ERROR] LogOutputStream:75 - [STDERR_REDIRECT] 
2026-01-16 18:24:19,518 [ERROR] LogOutputStream:75 - [STDERR_REDIRECT] [Fatal Error] :1:1: Premature end of file.
2026-01-16 18:24:19,518 [ERROR] LogOutputStream:75 - [STDERR_REDIRECT] 
2026-01-16 18:24:20,520 [ERROR] LogOutputStream:75 - [STDERR_REDIRECT] [Fatal Error] :1:1: Premature end of file.
2026-01-16 18:24:20,520 [ERROR] LogOutputStream:75 - [STDERR_REDIRECT] 
2026-01-16 18:24:21,523 [ERROR] LogOutputStream:75 - [STDERR_REDIRECT] [Fatal Error] :1:1: Premature end of file.
2026-01-16 18:24:21,523 [ERROR] LogOutputStream:75 - [STDERR_REDIRECT] 
2026-01-16 18:24:22,521 [ERROR] LogOutputStream:75 - [STDERR_REDIRECT] [Fatal Error] :1:1: Premature end of file.
2026-01-16 18:24:22,521 [ERROR] LogOutputStream:75 - [STDERR_REDIRECT] 
2026-01-16 18:24:23,526 [ERROR] LogOutputStream:75 - [STDERR_REDIRECT] [Fatal Error] :1:1: Premature end of file.
2026-01-16 18:24:23,526 [ERROR] LogOutputStream:75 - [STDERR_REDIRECT] 
2026-01-16 18:24:24,520 [ERROR] LogOutputStream:75 - [STDERR_REDIRECT] [Fatal Error] :1:1: Premature end of file.
2026-01-16 18:24:24,520 [ERROR] LogOutputStream:75 - [STDERR_REDIRECT] 
2026-01-16 18:24:25,519 [ERROR] LogOutputStream:75 - [STDERR_REDIRECT] [Fatal Error] :1:1: Premature end of file.
2026-01-16 18:24:25,519 [ERROR] LogOutputStream:75 - [STDERR_REDIRECT] 
2026-01-16 18:24:26,520 [ERROR] LogOutputStream:75 - [STDERR_REDIRECT] [Fatal Error] :1:1: Premature end of file.
2026-01-16 18:24:26,521 [ERROR] LogOutputStream:75 - [STDERR_REDIRECT] 
2026-01-16 18:24:27,522 [ERROR] LogOutputStream:75 - [STDERR_REDIRECT] [Fatal Error] :1:1: Premature end of file.
2026-01-16 18:24:27,522 [ERROR] LogOutputStream:75 - [STDERR_REDIRECT] 
2026-01-16 18:24:28,523 [ERROR] LogOutputStream:75 - [STDERR_REDIRECT] [Fatal Error] :1:1: Premature end of file.
2026-01-16 18:24:28,523 [ERROR] LogOutputStream:75 - [STDERR_REDIRECT] 
2026-01-16 18:24:29,521 [ERROR] LogOutputStream:75 - [STDERR_REDIRECT] [Fatal Error] :1:1: Premature end of file.
2026-01-16 18:24:29,521 [ERROR] LogOutputStream:75 - [STDERR_REDIRECT] 
2026-01-16 18:24:30,519 [ERROR] LogOutputStream:75 - [STDERR_REDIRECT] [Fatal Error] :1:1: Premature end of file.
2026-01-16 18:24:30,519 [ERROR] LogOutputStream:75 - [STDERR_REDIRECT] 
2026-01-16 18:24:31,521 [ERROR] LogOutputStream:75 - [STDERR_REDIRECT] [Fatal Error] :1:1: Premature end of file.
2026-01-16 18:24:31,521 [ERROR] LogOutputStream:75 - [STDERR_REDIRECT] 
2026-01-16 18:24:32,521 [ERROR] LogOutputStream:75 - [STDERR_REDIRECT] [Fatal Error] :1:1: Premature end of file.
2026-01-16 18:24:32,521 [ERROR] LogOutputStream:75 - [STDERR_REDIRECT] 
2026-01-16 18:24:33,522 [ERROR] LogOutputStream:75 - [STDERR_REDIRECT] [Fatal Error] :1:1: Premature end of file.
2026-01-16 18:24:33,522 [ERROR] LogOutputStream:75 - [STDERR_REDIRECT] 
2026-01-16 18:24:34,520 [ERROR] LogOutputStream:75 - [STDERR_REDIRECT] [Fatal Error] :1:1: Premature end of file.
2026-01-16 18:24:34,520 [ERROR] LogOutputStream:75 - [STDERR_REDIRECT] 
2026-01-16 18:24:35,520 [ERROR] LogOutputStream:75 - [STDERR_REDIRECT] [Fatal Error] :1:1: Premature end of file.
2026-01-16 18:24:35,520 [ERROR] LogOutputStream:75 - [STDERR_REDIRECT] 
2026-01-16 18:24:36,521 [ERROR] LogOutputStream:75 - [STDERR_REDIRECT] [Fatal Error] :1:1: Premature end of file.
2026-01-16 18:24:36,521 [ERROR] LogOutputStream:75 - [STDERR_REDIRECT] 
2026-01-16 18:24:37,519 [ERROR] LogOutputStream:75 - [STDERR_REDIRECT] [Fatal Error] :1:1: Premature end of file.
2026-01-16 18:24:37,519 [ERROR] LogOutputStream:75 - [STDERR_REDIRECT] 
2026-01-16 18:24:38,520 [ERROR] LogOutputStream:75 - [STDERR_REDIRECT] [Fatal Error] :1:1: Premature end of file.
2026-01-16 18:24:38,520 [ERROR] LogOutputStream:75 - [STDERR_REDIRECT] 
2026-01-16 18:24:39,520 [ERROR] LogOutputStream:75 - [STDERR_REDIRECT] [Fatal Error] :1:1: Premature end of file.
2026-01-16 18:24:39,520 [ERROR] LogOutputStream:75 - [STDERR_REDIRECT] 
2026-01-16 18:24:40,521 [ERROR] LogOutputStream:75 - [STDERR_REDIRECT] [Fatal Error] :1:1: Premature end of file.
2026-01-16 18:24:40,521 [ERROR] LogOutputStream:75 - [STDERR_REDIRECT] 
2026-01-16 18:24:41,518 [ERROR] LogOutputStream:75 - [STDERR_REDIRECT] [Fatal Error] :1:1: Premature end of file.
2026-01-16 18:24:41,518 [ERROR] LogOutputStream:75 - [STDERR_REDIRECT] 
2026-01-16 18:24:42,520 [ERROR] LogOutputStream:75 - [STDERR_REDIRECT] [Fatal Error] :1:1: Premature end of file.
2026-01-16 18:24:42,520 [ERROR] LogOutputStream:75 - [STDERR_REDIRECT] 
2026-01-16 18:24:43,520 [ERROR] LogOutputStream:75 - [STDERR_REDIRECT] [Fatal Error] :1:1: Premature end of file.
2026-01-16 18:24:43,520 [ERROR] LogOutputStream:75 - [STDERR_REDIRECT] 
2026-01-16 18:24:44,521 [ERROR] LogOutputStream:75 - [STDERR_REDIRECT] [Fatal Error] :1:1: Premature end of file.
2026-01-16 18:24:44,521 [ERROR] LogOutputStream:75 - [STDERR_REDIRECT] 
2026-01-16 18:24:45,519 [ERROR] LogOutputStream:75 - [STDERR_REDIRECT] [Fatal Error] :1:1: Premature end of file.
2026-01-16 18:24:45,519 [ERROR] LogOutputStream:75 - [STDERR_REDIRECT] 
2026-01-16 18:24:46,519 [ERROR] LogOutputStream:75 - [STDERR_REDIRECT] [Fatal Error] :1:1: Premature end of file.
2026-01-16 18:24:46,519 [ERROR] LogOutputStream:75 - [STDERR_REDIRECT] 
2026-01-16 18:24:47,520 [ERROR] LogOutputStream:75 - [STDERR_REDIRECT] [Fatal Error] :1:1: Premature end of file.
2026-01-16 18:24:47,520 [ERROR] LogOutputStream:75 - [STDERR_REDIRECT] 
2026-01-16 18:24:48,525 [ERROR] LogOutputStream:75 - [STDERR_REDIRECT] [Fatal Error] :1:1: Premature end of file.
2026-01-16 18:24:48,525 [ERROR] LogOutputStream:75 - [STDERR_REDIRECT] 
2026-01-16 18:24:49,522 [ERROR] LogOutputStream:75 - [STDERR_REDIRECT] [Fatal Error] :1:1: Premature end of file.
2026-01-16 18:24:49,522 [ERROR] LogOutputStream:75 - [STDERR_REDIRECT] 
2026-01-16 18:24:50,520 [ERROR] LogOutputStream:75 - [STDERR_REDIRECT] [Fatal Error] :1:1: Premature end of file.
2026-01-16 18:24:50,520 [ERROR] LogOutputStream:75 - [STDERR_REDIRECT] 
2026-01-16 18:24:51,518 [ERROR] LogOutputStream:75 - [STDERR_REDIRECT] [Fatal Error] :1:1: Premature end of file.
2026-01-16 18:24:51,518 [ERROR] LogOutputStream:75 - [STDERR_REDIRECT] 
2026-01-16 18:24:52,520 [ERROR] LogOutputStream:75 - [STDERR_REDIRECT] [Fatal Error] :1:1: Premature end of file.
2026-01-16 18:24:52,520 [ERROR] LogOutputStream:75 - [STDERR_REDIRECT] 
2026-01-16 18:24:53,519 [ERROR] LogOutputStream:75 - [STDERR_REDIRECT] [Fatal Error] :1:1: Premature end of file.
2026-01-16 18:24:53,519 [ERROR] LogOutputStream:75 - [STDERR_REDIRECT] 
2026-01-16 18:24:54,520 [ERROR] LogOutputStream:75 - [STDERR_REDIRECT] [Fatal Error] :1:1: Premature end of file.
2026-01-16 18:24:54,520 [ERROR] LogOutputStream:75 - [STDERR_REDIRECT] 
2026-01-16 18:24:55,519 [ERROR] LogOutputStream:75 - [STDERR_REDIRECT] [Fatal Error] :1:1: Premature end of file.
2026-01-16 18:24:55,520 [ERROR] LogOutputStream:75 - [STDERR_REDIRECT] 
2026-01-16 18:24:56,524 [ERROR] LogOutputStream:75 - [STDERR_REDIRECT] [Fatal Error] :1:1: Premature end of file.
2026-01-16 18:24:56,525 [ERROR] LogOutputStream:75 - [STDERR_REDIRECT] 
2026-01-16 18:24:57,518 [ERROR] LogOutputStream:75 - [STDERR_REDIRECT] [Fatal Error] :1:1: Premature end of file.
2026-01-16 18:24:57,518 [ERROR] LogOutputStream:75 - [STDERR_REDIRECT] 
2026-01-16 18:24:58,523 [ERROR] LogOutputStream:75 - [STDERR_REDIRECT] [Fatal Error] :1:1: Premature end of file.
2026-01-16 18:24:58,523 [ERROR] LogOutputStream:75 - [STDERR_REDIRECT] 
2026-01-16 18:24:59,519 [ERROR] LogOutputStream:75 - [STDERR_REDIRECT] [Fatal Error] :1:1: Premature end of file.
2026-01-16 18:24:59,519 [ERROR] LogOutputStream:75 - [STDERR_REDIRECT] 
2026-01-16 18:25:00,522 [ERROR] LogOutputStream:75 - [STDERR_REDIRECT] [Fatal Error] :1:1: Premature end of file.
2026-01-16 18:25:00,522 [ERROR] LogOutputStream:75 - [STDERR_REDIRECT] 
2026-01-16 18:25:01,520 [ERROR] LogOutputStream:75 - [STDERR_REDIRECT] [Fatal Error] :1:1: Premature end of file.
2026-01-16 18:25:01,520 [ERROR] LogOutputStream:75 - [STDERR_REDIRECT] 
2026-01-16 18:25:02,519 [ERROR] LogOutputStream:75 - [STDERR_REDIRECT] [Fatal Error] :1:1: Premature end of file.
2026-01-16 18:25:02,519 [ERROR] LogOutputStream:75 - [STDERR_REDIRECT] 
2026-01-16 18:25:03,522 [ERROR] LogOutputStream:75 - [STDERR_REDIRECT] [Fatal Error] :1:1: Premature end of file.
2026-01-16 18:25:03,522 [ERROR] LogOutputStream:75 - [STDERR_REDIRECT] 
2026-01-16 18:25:04,518 [ERROR] LogOutputStream:75 - [STDERR_REDIRECT] [Fatal Error] :1:1: Premature end of file.
2026-01-16 18:25:04,518 [ERROR] LogOutputStream:75 - [STDERR_REDIRECT] 
2026-01-16 18:25:05,522 [ERROR] LogOutputStream:75 - [STDERR_REDIRECT] [Fatal Error] :1:1: Premature end of file.
2026-01-16 18:25:05,522 [ERROR] LogOutputStream:75 - [STDERR_REDIRECT] 
2026-01-16 18:25:06,520 [ERROR] LogOutputStream:75 - [STDERR_REDIRECT] [Fatal Error] :1:1: Premature end of file.
2026-01-16 18:25:06,520 [ERROR] LogOutputStream:75 - [STDERR_REDIRECT] 
2026-01-16 18:25:07,520 [ERROR] LogOutputStream:75 - [STDERR_REDIRECT] [Fatal Error] :1:1: Premature end of file.
2026-01-16 18:25:07,520 [ERROR] LogOutputStream:75 - [STDERR_REDIRECT] 
2026-01-16 18:25:08,522 [ERROR] LogOutputStream:75 - [STDERR_REDIRECT] [Fatal Error] :1:1: Premature end of file.
2026-01-16 18:25:08,522 [ERROR] LogOutputStream:75 - [STDERR_REDIRECT] 
2026-01-16 18:25:09,520 [ERROR] LogOutputStream:75 - [STDERR_REDIRECT] [Fatal Error] :1:1: Premature end of file.
2026-01-16 18:25:09,520 [ERROR] LogOutputStream:75 - [STDERR_REDIRECT] 
2026-01-16 18:25:10,520 [ERROR] LogOutputStream:75 - [STDERR_REDIRECT] [Fatal Error] :1:1: Premature end of file.
2026-01-16 18:25:10,520 [ERROR] LogOutputStream:75 - [STDERR_REDIRECT] 
2026-01-16 18:25:11,519 [ERROR] LogOutputStream:75 - [STDERR_REDIRECT] [Fatal Error] :1:1: Premature end of file.
2026-01-16 18:25:11,519 [ERROR] LogOutputStream:75 - [STDERR_REDIRECT] 
2026-01-16 18:25:12,519 [ERROR] LogOutputStream:75 - [STDERR_REDIRECT] [Fatal Error] :1:1: Premature end of file.
2026-01-16 18:25:12,519 [ERROR] LogOutputStream:75 - [STDERR_REDIRECT] 
2026-01-16 18:25:13,519 [ERROR] LogOutputStream:75 - [STDERR_REDIRECT] [Fatal Error] :1:1: Premature end of file.
2026-01-16 18:25:13,519 [ERROR] LogOutputStream:75 - [STDERR_REDIRECT] 
2026-01-16 18:25:14,520 [ERROR] LogOutputStream:75 - [STDERR_REDIRECT] [Fatal Error] :1:1: Premature end of file.
2026-01-16 18:25:14,520 [ERROR] LogOutputStream:75 - [STDERR_REDIRECT] 
2026-01-16 18:25:15,523 [ERROR] LogOutputStream:75 - [STDERR_REDIRECT] [Fatal Error] :1:1: Premature end of file.
2026-01-16 18:25:15,524 [ERROR] LogOutputStream:75 - [STDERR_REDIRECT] 
2026-01-16 18:25:16,522 [ERROR] LogOutputStream:75 - [STDERR_REDIRECT] [Fatal Error] :1:1: Premature end of file.
2026-01-16 18:25:16,522 [ERROR] LogOutputStream:75 - [STDERR_REDIRECT] 
2026-01-16 18:25:17,520 [ERROR] LogOutputStream:75 - [STDERR_REDIRECT] [Fatal Error] :1:1: Premature end of file.
2026-01-16 18:25:17,520 [ERROR] LogOutputStream:75 - [STDERR_REDIRECT] 
2026-01-16 18:25:18,521 [ERROR] LogOutputStream:75 - [STDERR_REDIRECT] [Fatal Error] :1:1: Premature end of file.
2026-01-16 18:25:18,521 [ERROR] LogOutputStream:75 - [STDERR_REDIRECT] 
2026-01-16 18:25:19,520 [ERROR] LogOutputStream:75 - [STDERR_REDIRECT] [Fatal Error] :1:1: Premature end of file.
2026-01-16 18:25:19,520 [ERROR] LogOutputStream:75 - [STDERR_REDIRECT] 
2026-01-16 18:25:20,520 [ERROR] LogOutputStream:75 - [STDERR_REDIRECT] [Fatal Error] :1:1: Premature end of file.
2026-01-16 18:25:20,520 [ERROR] LogOutputStream:75 - [STDERR_REDIRECT] 
2026-01-16 18:25:21,521 [ERROR] LogOutputStream:75 - [STDERR_REDIRECT] [Fatal Error] :1:1: Premature end of file.
2026-01-16 18:25:21,521 [ERROR] LogOutputStream:75 - [STDERR_REDIRECT] 
2026-01-16 18:25:22,520 [ERROR] LogOutputStream:75 - [STDERR_REDIRECT] [Fatal Error] :1:1: Premature end of file.
2026-01-16 18:25:22,521 [ERROR] LogOutputStream:75 - [STDERR_REDIRECT] 
2026-01-16 18:25:23,520 [ERROR] LogOutputStream:75 - [STDERR_REDIRECT] [Fatal Error] :1:1: Premature end of file.
2026-01-16 18:25:23,520 [ERROR] LogOutputStream:75 - [STDERR_REDIRECT] 
2026-01-16 18:25:24,522 [ERROR] LogOutputStream:75 - [STDERR_REDIRECT] [Fatal Error] :1:1: Premature end of file.
2026-01-16 18:25:24,522 [ERROR] LogOutputStream:75 - [STDERR_REDIRECT] 
2026-01-16 18:25:25,519 [ERROR] LogOutputStream:75 - [STDERR_REDIRECT] [Fatal Error] :1:1: Premature end of file.
2026-01-16 18:25:25,519 [ERROR] LogOutputStream:75 - [STDERR_REDIRECT] 
2026-01-16 18:25:26,519 [ERROR] LogOutputStream:75 - [STDERR_REDIRECT] [Fatal Error] :1:1: Premature end of file.
2026-01-16 18:25:26,519 [ERROR] LogOutputStream:75 - [STDERR_REDIRECT] 
2026-01-16 18:25:27,520 [ERROR] LogOutputStream:75 - [STDERR_REDIRECT] [Fatal Error] :1:1: Premature end of file.
2026-01-16 18:25:27,521 [ERROR] LogOutputStream:75 - [STDERR_REDIRECT] 
2026-01-16 18:25:28,523 [ERROR] LogOutputStream:75 - [STDERR_REDIRECT] [Fatal Error] :1:1: Premature end of file.
2026-01-16 18:25:28,524 [ERROR] LogOutputStream:75 - [STDERR_REDIRECT] 
2026-01-16 18:25:29,519 [ERROR] LogOutputStream:75 - [STDERR_REDIRECT] [Fatal Error] :1:1: Premature end of file.
2026-01-16 18:25:29,520 [ERROR] LogOutputStream:75 - [STDERR_REDIRECT] 
2026-01-16 18:25:30,518 [ERROR] LogOutputStream:75 - [STDERR_REDIRECT] [Fatal Error] :1:1: Premature end of file.
2026-01-16 18:25:30,518 [ERROR] LogOutputStream:75 - [STDERR_REDIRECT] 
2026-01-16 18:25:31,519 [ERROR] LogOutputStream:75 - [STDERR_REDIRECT] [Fatal Error] :1:1: Premature end of file.
2026-01-16 18:25:31,519 [ERROR] LogOutputStream:75 - [STDERR_REDIRECT] 
2026-01-16 18:25:32,520 [ERROR] LogOutputStream:75 - [STDERR_REDIRECT] [Fatal Error] :1:1: Premature end of file.
2026-01-16 18:25:32,521 [ERROR] LogOutputStream:75 - [STDERR_REDIRECT] 
2026-01-16 18:25:33,519 [ERROR] LogOutputStream:75 - [STDERR_REDIRECT] [Fatal Error] :1:1: Premature end of file.
2026-01-16 18:25:33,519 [ERROR] LogOutputStream:75 - [STDERR_REDIRECT] 
2026-01-16 18:25:34,521 [ERROR] LogOutputStream:75 - [STDERR_REDIRECT] [Fatal Error] :1:1: Premature end of file.
2026-01-16 18:25:34,522 [ERROR] LogOutputStream:75 - [STDERR_REDIRECT] 
2026-01-16 18:25:35,519 [ERROR] LogOutputStream:75 - [STDERR_REDIRECT] [Fatal Error] :1:1: Premature end of file.
2026-01-16 18:25:35,519 [ERROR] LogOutputStream:75 - [STDERR_REDIRECT] 
2026-01-16 18:25:36,520 [ERROR] LogOutputStream:75 - [STDERR_REDIRECT] [Fatal Error] :1:1: Premature end of file.
2026-01-16 18:25:36,520 [ERROR] LogOutputStream:75 - [STDERR_REDIRECT] 
2026-01-16 18:25:37,520 [ERROR] LogOutputStream:75 - [STDERR_REDIRECT] [Fatal Error] :1:1: Premature end of file.
2026-01-16 18:25:37,520 [ERROR] LogOutputStream:75 - [STDERR_REDIRECT] 
2026-01-16 18:25:38,520 [ERROR] LogOutputStream:75 - [STDERR_REDIRECT] [Fatal Error] :1:1: Premature end of file.
2026-01-16 18:25:38,520 [ERROR] LogOutputStream:75 - [STDERR_REDIRECT] 
2026-01-16 18:25:39,522 [ERROR] LogOutputStream:75 - [STDERR_REDIRECT] [Fatal Error] :1:1: Premature end of file.
2026-01-16 18:25:39,522 [ERROR] LogOutputStream:75 - [STDERR_REDIRECT] 
2026-01-16 18:25:40,520 [ERROR] LogOutputStream:75 - [STDERR_REDIRECT] [Fatal Error] :1:1: Premature end of file.
2026-01-16 18:25:40,520 [ERROR] LogOutputStream:75 - [STDERR_REDIRECT] 
2026-01-16 18:25:41,522 [ERROR] LogOutputStream:75 - [STDERR_REDIRECT] [Fatal Error] :1:1: Premature end of file.
2026-01-16 18:25:41,522 [ERROR] LogOutputStream:75 - [STDERR_REDIRECT] 
2026-01-16 18:25:42,520 [ERROR] LogOutputStream:75 - [STDERR_REDIRECT] [Fatal Error] :1:1: Premature end of file.
2026-01-16 18:25:42,521 [ERROR] LogOutputStream:75 - [STDERR_REDIRECT] 
2026-01-16 18:25:43,521 [ERROR] LogOutputStream:75 - [STDERR_REDIRECT] [Fatal Error] :1:1: Premature end of file.
2026-01-16 18:25:43,521 [ERROR] LogOutputStream:75 - [STDERR_REDIRECT] 
2026-01-16 18:25:44,518 [ERROR] LogOutputStream:75 - [STDERR_REDIRECT] [Fatal Error] :1:1: Premature end of file.
2026-01-16 18:25:44,518 [ERROR] LogOutputStream:75 - [STDERR_REDIRECT] 
2026-01-16 18:25:45,521 [ERROR] LogOutputStream:75 - [STDERR_REDIRECT] [Fatal Error] :1:1: Premature end of file.
2026-01-16 18:25:45,521 [ERROR] LogOutputStream:75 - [STDERR_REDIRECT] 
2026-01-16 18:25:46,524 [ERROR] LogOutputStream:75 - [STDERR_REDIRECT] [Fatal Error] :1:1: Premature end of file.
2026-01-16 18:25:46,524 [ERROR] LogOutputStream:75 - [STDERR_REDIRECT] 
2026-01-16 18:25:47,520 [ERROR] LogOutputStream:75 - [STDERR_REDIRECT] [Fatal Error] :1:1: Premature end of file.
2026-01-16 18:25:47,520 [ERROR] LogOutputStream:75 - [STDERR_REDIRECT] 
2026-01-16 18:25:48,521 [ERROR] LogOutputStream:75 - [STDERR_REDIRECT] [Fatal Error] :1:1: Premature end of file.
2026-01-16 18:25:48,521 [ERROR] LogOutputStream:75 - [STDERR_REDIRECT] 
2026-01-16 18:25:49,522 [ERROR] LogOutputStream:75 - [STDERR_REDIRECT] [Fatal Error] :1:1: Premature end of file.
2026-01-16 18:25:49,522 [ERROR] LogOutputStream:75 - [STDERR_REDIRECT] 
2026-01-16 18:25:50,520 [ERROR] LogOutputStream:75 - [STDERR_REDIRECT] [Fatal Error] :1:1: Premature end of file.
2026-01-16 18:25:50,521 [ERROR] LogOutputStream:75 - [STDERR_REDIRECT] 
2026-01-16 18:25:51,519 [ERROR] LogOutputStream:75 - [STDERR_REDIRECT] [Fatal Error] :1:1: Premature end of file.
2026-01-16 18:25:51,519 [ERROR] LogOutputStream:75 - [STDERR_REDIRECT] 
2026-01-16 18:25:52,520 [ERROR] LogOutputStream:75 - [STDERR_REDIRECT] [Fatal Error] :1:1: Premature end of file.
2026-01-16 18:25:52,520 [ERROR] LogOutputStream:75 - [STDERR_REDIRECT] 
2026-01-16 18:25:53,519 [ERROR] LogOutputStream:75 - [STDERR_REDIRECT] [Fatal Error] :1:1: Premature end of file.
2026-01-16 18:25:53,519 [ERROR] LogOutputStream:75 - [STDERR_REDIRECT] 
2026-01-16 18:25:54,522 [ERROR] LogOutputStream:75 - [STDERR_REDIRECT] [Fatal Error] :1:1: Premature end of file.
2026-01-16 18:25:54,522 [ERROR] LogOutputStream:75 - [STDERR_REDIRECT] 
2026-01-16 18:25:55,520 [ERROR] LogOutputStream:75 - [STDERR_REDIRECT] [Fatal Error] :1:1: Premature end of file.
2026-01-16 18:25:55,521 [ERROR] LogOutputStream:75 - [STDERR_REDIRECT] 
2026-01-16 18:25:56,521 [ERROR] LogOutputStream:75 - [STDERR_REDIRECT] [Fatal Error] :1:1: Premature end of file.
2026-01-16 18:25:56,521 [ERROR] LogOutputStream:75 - [STDERR_REDIRECT] 
2026-01-16 18:25:57,521 [ERROR] LogOutputStream:75 - [STDERR_REDIRECT] [Fatal Error] :1:1: Premature end of file.
2026-01-16 18:25:57,521 [ERROR] LogOutputStream:75 - [STDERR_REDIRECT] 
2026-01-16 18:25:58,525 [ERROR] LogOutputStream:75 - [STDERR_REDIRECT] [Fatal Error] :1:1: Premature end of file.
2026-01-16 18:25:58,525 [ERROR] LogOutputStream:75 - [STDERR_REDIRECT] 
2026-01-16 18:25:59,519 [ERROR] LogOutputStream:75 - [STDERR_REDIRECT] [Fatal Error] :1:1: Premature end of file.
2026-01-16 18:25:59,520 [ERROR] LogOutputStream:75 - [STDERR_REDIRECT] 
2026-01-16 18:26:00,519 [ERROR] LogOutputStream:75 - [STDERR_REDIRECT] [Fatal Error] :1:1: Premature end of file.
2026-01-16 18:26:00,519 [ERROR] LogOutputStream:75 - [STDERR_REDIRECT] 
2026-01-16 18:26:01,522 [ERROR] LogOutputStream:75 - [STDERR_REDIRECT] [Fatal Error] :1:1: Premature end of file.
2026-01-16 18:26:01,522 [ERROR] LogOutputStream:75 - [STDERR_REDIRECT] 
2026-01-16 18:26:02,521 [ERROR] LogOutputStream:75 - [STDERR_REDIRECT] [Fatal Error] :1:1: Premature end of file.
2026-01-16 18:26:02,521 [ERROR] LogOutputStream:75 - [STDERR_REDIRECT] 
2026-01-16 18:26:03,521 [ERROR] LogOutputStream:75 - [STDERR_REDIRECT] [Fatal Error] :1:1: Premature end of file.
2026-01-16 18:26:03,521 [ERROR] LogOutputStream:75 - [STDERR_REDIRECT] 
2026-01-16 18:26:04,520 [ERROR] LogOutputStream:75 - [STDERR_REDIRECT] [Fatal Error] :1:1: Premature end of file.
2026-01-16 18:26:04,520 [ERROR] LogOutputStream:75 - [STDERR_REDIRECT] 
2026-01-16 18:26:05,520 [ERROR] LogOutputStream:75 - [STDERR_REDIRECT] [Fatal Error] :1:1: Premature end of file.
2026-01-16 18:26:05,520 [ERROR] LogOutputStream:75 - [STDERR_REDIRECT] 
2026-01-16 18:26:06,521 [ERROR] LogOutputStream:75 - [STDERR_REDIRECT] [Fatal Error] :1:1: Premature end of file.
2026-01-16 18:26:06,521 [ERROR] LogOutputStream:75 - [STDERR_REDIRECT] 
2026-01-16 18:26:07,519 [ERROR] LogOutputStream:75 - [STDERR_REDIRECT] [Fatal Error] :1:1: Premature end of file.
2026-01-16 18:26:07,519 [ERROR] LogOutputStream:75 - [STDERR_REDIRECT] 
2026-01-16 18:26:08,525 [ERROR] LogOutputStream:75 - [STDERR_REDIRECT] [Fatal Error] :1:1: Premature end of file.
2026-01-16 18:26:08,525 [ERROR] LogOutputStream:75 - [STDERR_REDIRECT] 
2026-01-16 18:26:09,519 [ERROR] LogOutputStream:75 - [STDERR_REDIRECT] [Fatal Error] :1:1: Premature end of file.
2026-01-16 18:26:09,519 [ERROR] LogOutputStream:75 - [STDERR_REDIRECT] 
2026-01-16 18:26:10,519 [ERROR] LogOutputStream:75 - [STDERR_REDIRECT] [Fatal Error] :1:1: Premature end of file.
2026-01-16 18:26:10,519 [ERROR] LogOutputStream:75 - [STDERR_REDIRECT] 
2026-01-16 18:26:11,519 [ERROR] LogOutputStream:75 - [STDERR_REDIRECT] [Fatal Error] :1:1: Premature end of file.
2026-01-16 18:26:11,520 [ERROR] LogOutputStream:75 - [STDERR_REDIRECT] 
2026-01-16 18:26:12,521 [ERROR] LogOutputStream:75 - [STDERR_REDIRECT] [Fatal Error] :1:1: Premature end of file.
2026-01-16 18:26:12,521 [ERROR] LogOutputStream:75 - [STDERR_REDIRECT] 
2026-01-16 18:26:13,525 [ERROR] LogOutputStream:75 - [STDERR_REDIRECT] [Fatal Error] :1:1: Premature end of file.
2026-01-16 18:26:13,525 [ERROR] LogOutputStream:75 - [STDERR_REDIRECT] 
2026-01-16 18:26:14,520 [ERROR] LogOutputStream:75 - [STDERR_REDIRECT] [Fatal Error] :1:1: Premature end of file.
2026-01-16 18:26:14,520 [ERROR] LogOutputStream:75 - [STDERR_REDIRECT] 
2026-01-16 18:26:15,520 [ERROR] LogOutputStream:75 - [STDERR_REDIRECT] [Fatal Error] :1:1: Premature end of file.
2026-01-16 18:26:15,520 [ERROR] LogOutputStream:75 - [STDERR_REDIRECT] 
2026-01-16 18:26:16,521 [ERROR] LogOutputStream:75 - [STDERR_REDIRECT] [Fatal Error] :1:1: Premature end of file.
2026-01-16 18:26:16,521 [ERROR] LogOutputStream:75 - [STDERR_REDIRECT] 
2026-01-16 18:26:17,519 [ERROR] LogOutputStream:75 - [STDERR_REDIRECT] [Fatal Error] :1:1: Premature end of file.
2026-01-16 18:26:17,521 [ERROR] LogOutputStream:75 - [STDERR_REDIRECT] 
2026-01-16 18:26:18,520 [ERROR] LogOutputStream:75 - [STDERR_REDIRECT] [Fatal Error] :1:1: Premature end of file.
2026-01-16 18:26:18,520 [ERROR] LogOutputStream:75 - [STDERR_REDIRECT] 
2026-01-16 18:26:19,522 [ERROR] LogOutputStream:75 - [STDERR_REDIRECT] [Fatal Error] :1:1: Premature end of file.
2026-01-16 18:26:19,523 [ERROR] LogOutputStream:75 - [STDERR_REDIRECT] 
2026-01-16 18:26:20,529 [ERROR] LogOutputStream:75 - [STDERR_REDIRECT] [Fatal Error] :1:1: Premature end of file.
2026-01-16 18:26:20,529 [ERROR] LogOutputStream:75 - [STDERR_REDIRECT] 
2026-01-16 18:26:21,525 [ERROR] LogOutputStream:75 - [STDERR_REDIRECT] [Fatal Error] :1:1: Premature end of file.
2026-01-16 18:26:21,525 [ERROR] LogOutputStream:75 - [STDERR_REDIRECT] 
2026-01-16 18:26:22,519 [ERROR] LogOutputStream:75 - [STDERR_REDIRECT] [Fatal Error] :1:1: Premature end of file.
2026-01-16 18:26:22,519 [ERROR] LogOutputStream:75 - [STDERR_REDIRECT] 
2026-01-16 18:26:23,687 [ERROR] LogOutputStream:75 - [STDERR_REDIRECT] [Fatal Error] :1:1: Premature end of file.
2026-01-16 18:26:23,687 [ERROR] LogOutputStream:75 - [STDERR_REDIRECT] 
2026-01-16 18:26:24,533 [ERROR] LogOutputStream:75 - [STDERR_REDIRECT] [Fatal Error] :1:1: Premature end of file.
2026-01-16 18:26:24,533 [ERROR] LogOutputStream:75 - [STDERR_REDIRECT] 
2026-01-16 18:26:25,537 [ERROR] LogOutputStream:75 - [STDERR_REDIRECT] [Fatal Error] :1:1: Premature end of file.
2026-01-16 18:26:25,537 [ERROR] LogOutputStream:75 - [STDERR_REDIRECT] 
2026-01-16 18:26:26,549 [ERROR] LogOutputStream:75 - [STDERR_REDIRECT] [Fatal Error] :1:1: Premature end of file.
2026-01-16 18:26:26,549 [ERROR] LogOutputStream:75 - [STDERR_REDIRECT] 
2026-01-16 18:26:27,528 [ERROR] LogOutputStream:75 - [STDERR_REDIRECT] [Fatal Error] :1:1: Premature end of file.
2026-01-16 18:26:27,528 [ERROR] LogOutputStream:75 - [STDERR_REDIRECT] 
2026-01-16 18:26:28,528 [ERROR] LogOutputStream:75 - [STDERR_REDIRECT] [Fatal Error] :1:1: Premature end of file.
2026-01-16 18:26:28,528 [ERROR] LogOutputStream:75 - [STDERR_REDIRECT] 
2026-01-16 18:26:29,528 [ERROR] LogOutputStream:75 - [STDERR_REDIRECT] [Fatal Error] :1:1: Premature end of file.
2026-01-16 18:26:29,528 [ERROR] LogOutputStream:75 - [STDERR_REDIRECT] 
2026-01-16 18:26:30,524 [ERROR] LogOutputStream:75 - [STDERR_REDIRECT] [Fatal Error] :1:1: Premature end of file.
2026-01-16 18:26:30,524 [ERROR] LogOutputStream:75 - [STDERR_REDIRECT] 
2026-01-16 18:26:31,520 [ERROR] LogOutputStream:75 - [STDERR_REDIRECT] [Fatal Error] :1:1: Premature end of file.
2026-01-16 18:26:31,520 [ERROR] LogOutputStream:75 - [STDERR_REDIRECT] 
2026-01-16 18:26:32,572 [ERROR] LogOutputStream:75 - [STDERR_REDIRECT] [Fatal Error] :1:1: Premature end of file.
2026-01-16 18:26:32,572 [ERROR] LogOutputStream:75 - [STDERR_REDIRECT] 
2026-01-16 18:26:33,598 [ERROR] LogOutputStream:75 - [STDERR_REDIRECT] [Fatal Error] :1:1: Premature end of file.
2026-01-16 18:26:33,598 [ERROR] LogOutputStream:75 - [STDERR_REDIRECT] 
2026-01-16 18:26:34,652 [ERROR] LogOutputStream:75 - [STDERR_REDIRECT] [Fatal Error] :1:1: Premature end of file.
2026-01-16 18:26:34,652 [ERROR] LogOutputStream:75 - [STDERR_REDIRECT] 
2026-01-16 18:26:35,536 [ERROR] LogOutputStream:75 - [STDERR_REDIRECT] [Fatal Error] :1:1: Premature end of file.
2026-01-16 18:26:35,536 [ERROR] LogOutputStream:75 - [STDERR_REDIRECT] 
2026-01-16 18:26:36,540 [ERROR] LogOutputStream:75 - [STDERR_REDIRECT] [Fatal Error] :1:1: Premature end of file.
2026-01-16 18:26:36,541 [ERROR] LogOutputStream:75 - [STDERR_REDIRECT] 
2026-01-16 18:26:37,532 [ERROR] LogOutputStream:75 - [STDERR_REDIRECT] [Fatal Error] :1:1: Premature end of file.
2026-01-16 18:26:37,532 [ERROR] LogOutputStream:75 - [STDERR_REDIRECT] 
2026-01-16 18:26:38,529 [ERROR] LogOutputStream:75 - [STDERR_REDIRECT] [Fatal Error] :1:1: Premature end of file.
2026-01-16 18:26:38,529 [ERROR] LogOutputStream:75 - [STDERR_REDIRECT] 
2026-01-16 18:26:39,524 [ERROR] LogOutputStream:75 - [STDERR_REDIRECT] [Fatal Error] :1:1: Premature end of file.
2026-01-16 18:26:39,524 [ERROR] LogOutputStream:75 - [STDERR_REDIRECT] 
2026-01-16 18:26:40,534 [ERROR] LogOutputStream:75 - [STDERR_REDIRECT] [Fatal Error] :1:1: Premature end of file.
2026-01-16 18:26:40,534 [ERROR] LogOutputStream:75 - [STDERR_REDIRECT] 
2026-01-16 18:26:41,533 [ERROR] LogOutputStream:75 - [STDERR_REDIRECT] [Fatal Error] :1:1: Premature end of file.
2026-01-16 18:26:41,533 [ERROR] LogOutputStream:75 - [STDERR_REDIRECT] 
2026-01-16 18:26:42,530 [ERROR] LogOutputStream:75 - [STDERR_REDIRECT] [Fatal Error] :1:1: Premature end of file.
2026-01-16 18:26:42,530 [ERROR] LogOutputStream:75 - [STDERR_REDIRECT] 
2026-01-16 18:26:43,538 [ERROR] LogOutputStream:75 - [STDERR_REDIRECT] [Fatal Error] :1:1: Premature end of file.
2026-01-16 18:26:43,538 [ERROR] LogOutputStream:75 - [STDERR_REDIRECT] 
2026-01-16 18:26:44,527 [ERROR] LogOutputStream:75 - [STDERR_REDIRECT] [Fatal Error] :1:1: Premature end of file.
2026-01-16 18:26:44,527 [ERROR] LogOutputStream:75 - [STDERR_REDIRECT] 
2026-01-16 18:26:45,532 [ERROR] LogOutputStream:75 - [STDERR_REDIRECT] [Fatal Error] :1:1: Premature end of file.
2026-01-16 18:26:45,532 [ERROR] LogOutputStream:75 - [STDERR_REDIRECT] 
2026-01-16 18:26:46,529 [ERROR] LogOutputStream:75 - [STDERR_REDIRECT] [Fatal Error] :1:1: Premature end of file.
2026-01-16 18:26:46,529 [ERROR] LogOutputStream:75 - [STDERR_REDIRECT] 
2026-01-16 18:26:47,524 [ERROR] LogOutputStream:75 - [STDERR_REDIRECT] [Fatal Error] :1:1: Premature end of file.
2026-01-16 18:26:47,524 [ERROR] LogOutputStream:75 - [STDERR_REDIRECT] 
2026-01-16 18:26:48,535 [ERROR] LogOutputStream:75 - [STDERR_REDIRECT] [Fatal Error] :1:1: Premature end of file.
2026-01-16 18:26:48,535 [ERROR] LogOutputStream:75 - [STDERR_REDIRECT] 
2026-01-16 18:26:49,526 [ERROR] LogOutputStream:75 - [STDERR_REDIRECT] [Fatal Error] :1:1: Premature end of file.
2026-01-16 18:26:49,527 [ERROR] LogOutputStream:75 - [STDERR_REDIRECT] 
2026-01-16 18:26:50,519 [ERROR] LogOutputStream:75 - [STDERR_REDIRECT] [Fatal Error] :1:1: Premature end of file.
2026-01-16 18:26:50,519 [ERROR] LogOutputStream:75 - [STDERR_REDIRECT] 
2026-01-16 18:26:51,530 [ERROR] LogOutputStream:75 - [STDERR_REDIRECT] [Fatal Error] :1:1: Premature end of file.
2026-01-16 18:26:51,530 [ERROR] LogOutputStream:75 - [STDERR_REDIRECT] 
2026-01-16 18:26:52,522 [ERROR] LogOutputStream:75 - [STDERR_REDIRECT] [Fatal Error] :1:1: Premature end of file.
2026-01-16 18:26:52,522 [ERROR] LogOutputStream:75 - [STDERR_REDIRECT] 
2026-01-16 18:26:53,535 [ERROR] LogOutputStream:75 - [STDERR_REDIRECT] [Fatal Error] :1:1: Premature end of file.
2026-01-16 18:26:53,535 [ERROR] LogOutputStream:75 - [STDERR_REDIRECT] 
2026-01-16 18:26:54,528 [ERROR] LogOutputStream:75 - [STDERR_REDIRECT] [Fatal Error] :1:1: Premature end of file.
2026-01-16 18:26:54,529 [ERROR] LogOutputStream:75 - [STDERR_REDIRECT] 
2026-01-16 18:26:55,524 [ERROR] LogOutputStream:75 - [STDERR_REDIRECT] [Fatal Error] :1:1: Premature end of file.
2026-01-16 18:26:55,525 [ERROR] LogOutputStream:75 - [STDERR_REDIRECT] 
2026-01-16 18:26:56,534 [ERROR] LogOutputStream:75 - [STDERR_REDIRECT] [Fatal Error] :1:1: Premature end of file.
2026-01-16 18:26:56,534 [ERROR] LogOutputStream:75 - [STDERR_REDIRECT] 
2026-01-16 18:26:57,523 [ERROR] LogOutputStream:75 - [STDERR_REDIRECT] [Fatal Error] :1:1: Premature end of file.
2026-01-16 18:26:57,524 [ERROR] LogOutputStream:75 - [STDERR_REDIRECT] 
2026-01-16 18:26:58,535 [ERROR] LogOutputStream:75 - [STDERR_REDIRECT] [Fatal Error] :1:1: Premature end of file.
2026-01-16 18:26:58,535 [ERROR] LogOutputStream:75 - [STDERR_REDIRECT] 
2026-01-16 18:26:59,527 [ERROR] LogOutputStream:75 - [STDERR_REDIRECT] [Fatal Error] :1:1: Premature end of file.
2026-01-16 18:26:59,527 [ERROR] LogOutputStream:75 - [STDERR_REDIRECT] 
2026-01-16 18:27:00,521 [ERROR] LogOutputStream:75 - [STDERR_REDIRECT] [Fatal Error] :1:1: Premature end of file.
2026-01-16 18:27:00,521 [ERROR] LogOutputStream:75 - [STDERR_REDIRECT] 
2026-01-16 18:27:01,521 [ERROR] LogOutputStream:75 - [STDERR_REDIRECT] [Fatal Error] :1:1: Premature end of file.
2026-01-16 18:27:01,521 [ERROR] LogOutputStream:75 - [STDERR_REDIRECT] 
2026-01-16 18:27:02,532 [ERROR] LogOutputStream:75 - [STDERR_REDIRECT] [Fatal Error] :1:1: Premature end of file.
2026-01-16 18:27:02,533 [ERROR] LogOutputStream:75 - [STDERR_REDIRECT] 
2026-01-16 18:27:03,532 [ERROR] LogOutputStream:75 - [STDERR_REDIRECT] [Fatal Error] :1:1: Premature end of file.
2026-01-16 18:27:03,532 [ERROR] LogOutputStream:75 - [STDERR_REDIRECT] 
2026-01-16 18:27:04,530 [ERROR] LogOutputStream:75 - [STDERR_REDIRECT] [Fatal Error] :1:1: Premature end of file.
2026-01-16 18:27:04,530 [ERROR] LogOutputStream:75 - [STDERR_REDIRECT] 
2026-01-16 18:27:05,523 [ERROR] LogOutputStream:75 - [STDERR_REDIRECT] [Fatal Error] :1:1: Premature end of file.
2026-01-16 18:27:05,523 [ERROR] LogOutputStream:75 - [STDERR_REDIRECT] 
2026-01-16 18:27:06,534 [ERROR] LogOutputStream:75 - [STDERR_REDIRECT] [Fatal Error] :1:1: Premature end of file.
2026-01-16 18:27:06,534 [ERROR] LogOutputStream:75 - [STDERR_REDIRECT] 
2026-01-16 18:27:07,525 [ERROR] LogOutputStream:75 - [STDERR_REDIRECT] [Fatal Error] :1:1: Premature end of file.
2026-01-16 18:27:07,525 [ERROR] LogOutputStream:75 - [STDERR_REDIRECT] 
2026-01-16 18:27:08,524 [ERROR] LogOutputStream:75 - [STDERR_REDIRECT] [Fatal Error] :1:1: Premature end of file.
2026-01-16 18:27:08,524 [ERROR] LogOutputStream:75 - [STDERR_REDIRECT] 
2026-01-16 18:27:09,525 [ERROR] LogOutputStream:75 - [STDERR_REDIRECT] [Fatal Error] :1:1: Premature end of file.
2026-01-16 18:27:09,526 [ERROR] LogOutputStream:75 - [STDERR_REDIRECT] 
2026-01-16 18:27:10,534 [ERROR] LogOutputStream:75 - [STDERR_REDIRECT] [Fatal Error] :1:1: Premature end of file.
2026-01-16 18:27:10,534 [ERROR] LogOutputStream:75 - [STDERR_REDIRECT] 
2026-01-16 18:27:11,526 [ERROR] LogOutputStream:75 - [STDERR_REDIRECT] [Fatal Error] :1:1: Premature end of file.
2026-01-16 18:27:11,526 [ERROR] LogOutputStream:75 - [STDERR_REDIRECT] 
2026-01-16 18:27:12,524 [ERROR] LogOutputStream:75 - [STDERR_REDIRECT] [Fatal Error] :1:1: Premature end of file.
2026-01-16 18:27:12,524 [ERROR] LogOutputStream:75 - [STDERR_REDIRECT] 
2026-01-16 18:27:13,532 [ERROR] LogOutputStream:75 - [STDERR_REDIRECT] [Fatal Error] :1:1: Premature end of file.
2026-01-16 18:27:13,532 [ERROR] LogOutputStream:75 - [STDERR_REDIRECT] 
2026-01-16 18:27:14,525 [ERROR] LogOutputStream:75 - [STDERR_REDIRECT] [Fatal Error] :1:1: Premature end of file.
2026-01-16 18:27:14,525 [ERROR] LogOutputStream:75 - [STDERR_REDIRECT] 
2026-01-16 18:27:15,532 [ERROR] LogOutputStream:75 - [STDERR_REDIRECT] [Fatal Error] :1:1: Premature end of file.
2026-01-16 18:27:15,532 [ERROR] LogOutputStream:75 - [STDERR_REDIRECT] 
2026-01-16 18:27:16,524 [ERROR] LogOutputStream:75 - [STDERR_REDIRECT] [Fatal Error] :1:1: Premature end of file.
2026-01-16 18:27:16,524 [ERROR] LogOutputStream:75 - [STDERR_REDIRECT] 
2026-01-16 18:27:17,521 [ERROR] LogOutputStream:75 - [STDERR_REDIRECT] [Fatal Error] :1:1: Premature end of file.
2026-01-16 18:27:17,521 [ERROR] LogOutputStream:75 - [STDERR_REDIRECT] 
2026-01-16 18:27:18,541 [ERROR] LogOutputStream:75 - [STDERR_REDIRECT] [Fatal Error] :1:1: Premature end of file.
2026-01-16 18:27:18,541 [ERROR] LogOutputStream:75 - [STDERR_REDIRECT] 
2026-01-16 18:27:19,532 [ERROR] LogOutputStream:75 - [STDERR_REDIRECT] [Fatal Error] :1:1: Premature end of file.
2026-01-16 18:27:19,533 [ERROR] LogOutputStream:75 - [STDERR_REDIRECT] 
2026-01-16 18:27:20,527 [ERROR] LogOutputStream:75 - [STDERR_REDIRECT] [Fatal Error] :1:1: Premature end of file.
2026-01-16 18:27:20,527 [ERROR] LogOutputStream:75 - [STDERR_REDIRECT] 
2026-01-16 18:27:21,520 [ERROR] LogOutputStream:75 - [STDERR_REDIRECT] [Fatal Error] :1:1: Premature end of file.
2026-01-16 18:27:21,520 [ERROR] LogOutputStream:75 - [STDERR_REDIRECT] 
2026-01-16 18:27:22,532 [ERROR] LogOutputStream:75 - [STDERR_REDIRECT] [Fatal Error] :1:1: Premature end of file.
2026-01-16 18:27:22,532 [ERROR] LogOutputStream:75 - [STDERR_REDIRECT] 
2026-01-16 18:27:23,532 [ERROR] LogOutputStream:75 - [STDERR_REDIRECT] [Fatal Error] :1:1: Premature end of file.
2026-01-16 18:27:23,532 [ERROR] LogOutputStream:75 - [STDERR_REDIRECT] 
2026-01-16 18:27:24,528 [ERROR] LogOutputStream:75 - [STDERR_REDIRECT] [Fatal Error] :1:1: Premature end of file.
2026-01-16 18:27:24,528 [ERROR] LogOutputStream:75 - [STDERR_REDIRECT] 
2026-01-16 18:27:25,535 [ERROR] LogOutputStream:75 - [STDERR_REDIRECT] [Fatal Error] :1:1: Premature end of file.
2026-01-16 18:27:25,535 [ERROR] LogOutputStream:75 - [STDERR_REDIRECT] 
2026-01-16 18:27:26,525 [ERROR] LogOutputStream:75 - [STDERR_REDIRECT] [Fatal Error] :1:1: Premature end of file.
2026-01-16 18:27:26,525 [ERROR] LogOutputStream:75 - [STDERR_REDIRECT] 
2026-01-16 18:27:27,529 [ERROR] LogOutputStream:75 - [STDERR_REDIRECT] [Fatal Error] :1:1: Premature end of file.
2026-01-16 18:27:27,529 [ERROR] LogOutputStream:75 - [STDERR_REDIRECT] 
2026-01-16 18:27:28,532 [ERROR] LogOutputStream:75 - [STDERR_REDIRECT] [Fatal Error] :1:1: Premature end of file.
2026-01-16 18:27:28,532 [ERROR] LogOutputStream:75 - [STDERR_REDIRECT] 
2026-01-16 18:27:29,526 [ERROR] LogOutputStream:75 - [STDERR_REDIRECT] [Fatal Error] :1:1: Premature end of file.
2026-01-16 18:27:29,526 [ERROR] LogOutputStream:75 - [STDERR_REDIRECT] 
2026-01-16 18:27:30,522 [ERROR] LogOutputStream:75 - [STDERR_REDIRECT] [Fatal Error] :1:1: Premature end of file.
2026-01-16 18:27:30,522 [ERROR] LogOutputStream:75 - [STDERR_REDIRECT] 
2026-01-16 18:27:31,533 [ERROR] LogOutputStream:75 - [STDERR_REDIRECT] [Fatal Error] :1:1: Premature end of file.
2026-01-16 18:27:31,533 [ERROR] LogOutputStream:75 - [STDERR_REDIRECT] 
2026-01-16 18:27:32,528 [ERROR] LogOutputStream:75 - [STDERR_REDIRECT] [Fatal Error] :1:1: Premature end of file.
2026-01-16 18:27:32,528 [ERROR] LogOutputStream:75 - [STDERR_REDIRECT] 
2026-01-16 18:27:33,520 [ERROR] LogOutputStream:75 - [STDERR_REDIRECT] [Fatal Error] :1:1: Premature end of file.
2026-01-16 18:27:33,520 [ERROR] LogOutputStream:75 - [STDERR_REDIRECT] 
2026-01-16 18:27:34,532 [ERROR] LogOutputStream:75 - [STDERR_REDIRECT] [Fatal Error] :1:1: Premature end of file.
2026-01-16 18:27:34,532 [ERROR] LogOutputStream:75 - [STDERR_REDIRECT] 
2026-01-16 18:27:35,526 [ERROR] LogOutputStream:75 - [STDERR_REDIRECT] [Fatal Error] :1:1: Premature end of file.
2026-01-16 18:27:35,526 [ERROR] LogOutputStream:75 - [STDERR_REDIRECT] 
2026-01-16 18:27:36,524 [ERROR] LogOutputStream:75 - [STDERR_REDIRECT] [Fatal Error] :1:1: Premature end of file.
2026-01-16 18:27:36,524 [ERROR] LogOutputStream:75 - [STDERR_REDIRECT] 
2026-01-16 18:27:37,519 [ERROR] LogOutputStream:75 - [STDERR_REDIRECT] [Fatal Error] :1:1: Premature end of file.
2026-01-16 18:27:37,519 [ERROR] LogOutputStream:75 - [STDERR_REDIRECT] 
2026-01-16 18:27:38,537 [ERROR] LogOutputStream:75 - [STDERR_REDIRECT] [Fatal Error] :1:1: Premature end of file.
2026-01-16 18:27:38,537 [ERROR] LogOutputStream:75 - [STDERR_REDIRECT] 
2026-01-16 18:27:39,530 [ERROR] LogOutputStream:75 - [STDERR_REDIRECT] [Fatal Error] :1:1: Premature end of file.
2026-01-16 18:27:39,530 [ERROR] LogOutputStream:75 - [STDERR_REDIRECT] 
2026-01-16 18:27:40,527 [ERROR] LogOutputStream:75 - [STDERR_REDIRECT] [Fatal Error] :1:1: Premature end of file.
2026-01-16 18:27:40,527 [ERROR] LogOutputStream:75 - [STDERR_REDIRECT] 
2026-01-16 18:27:41,524 [ERROR] LogOutputStream:75 - [STDERR_REDIRECT] [Fatal Error] :1:1: Premature end of file.
2026-01-16 18:27:41,524 [ERROR] LogOutputStream:75 - [STDERR_REDIRECT] 
2026-01-16 18:27:42,519 [ERROR] LogOutputStream:75 - [STDERR_REDIRECT] [Fatal Error] :1:1: Premature end of file.
2026-01-16 18:27:42,519 [ERROR] LogOutputStream:75 - [STDERR_REDIRECT] 
2026-01-16 18:27:43,535 [ERROR] LogOutputStream:75 - [STDERR_REDIRECT] [Fatal Error] :1:1: Premature end of file.
2026-01-16 18:27:43,536 [ERROR] LogOutputStream:75 - [STDERR_REDIRECT] 
2026-01-16 18:27:44,532 [ERROR] LogOutputStream:75 - [STDERR_REDIRECT] [Fatal Error] :1:1: Premature end of file.
2026-01-16 18:27:44,532 [ERROR] LogOutputStream:75 - [STDERR_REDIRECT] 
2026-01-16 18:27:45,528 [ERROR] LogOutputStream:75 - [STDERR_REDIRECT] [Fatal Error] :1:1: Premature end of file.
2026-01-16 18:27:45,528 [ERROR] LogOutputStream:75 - [STDERR_REDIRECT] 
2026-01-16 18:27:46,523 [ERROR] LogOutputStream:75 - [STDERR_REDIRECT] [Fatal Error] :1:1: Premature end of file.
2026-01-16 18:27:46,523 [ERROR] LogOutputStream:75 - [STDERR_REDIRECT] 
2026-01-16 18:27:47,539 [ERROR] LogOutputStream:75 - [STDERR_REDIRECT] [Fatal Error] :1:1: Premature end of file.
2026-01-16 18:27:47,539 [ERROR] LogOutputStream:75 - [STDERR_REDIRECT] 
2026-01-16 18:27:48,529 [ERROR] LogOutputStream:75 - [STDERR_REDIRECT] [Fatal Error] :1:1: Premature end of file.
2026-01-16 18:27:48,530 [ERROR] LogOutputStream:75 - [STDERR_REDIRECT] 
2026-01-16 18:27:49,527 [ERROR] LogOutputStream:75 - [STDERR_REDIRECT] [Fatal Error] :1:1: Premature end of file.
2026-01-16 18:27:49,527 [ERROR] LogOutputStream:75 - [STDERR_REDIRECT] 
2026-01-16 18:27:50,521 [ERROR] LogOutputStream:75 - [STDERR_REDIRECT] [Fatal Error] :1:1: Premature end of file.
2026-01-16 18:27:50,521 [ERROR] LogOutputStream:75 - [STDERR_REDIRECT] 
2026-01-16 18:27:51,536 [ERROR] LogOutputStream:75 - [STDERR_REDIRECT] [Fatal Error] :1:1: Premature end of file.
2026-01-16 18:27:51,536 [ERROR] LogOutputStream:75 - [STDERR_REDIRECT] 
2026-01-16 18:27:52,522 [ERROR] LogOutputStream:75 - [STDERR_REDIRECT] [Fatal Error] :1:1: Premature end of file.
2026-01-16 18:27:52,522 [ERROR] LogOutputStream:75 - [STDERR_REDIRECT] 
2026-01-16 18:27:53,534 [ERROR] LogOutputStream:75 - [STDERR_REDIRECT] [Fatal Error] :1:1: Premature end of file.
2026-01-16 18:27:53,534 [ERROR] LogOutputStream:75 - [STDERR_REDIRECT] 
2026-01-16 18:27:54,519 [ERROR] LogOutputStream:75 - [STDERR_REDIRECT] [Fatal Error] :1:1: Premature end of file.
2026-01-16 18:27:54,519 [ERROR] LogOutputStream:75 - [STDERR_REDIRECT] 
2026-01-16 18:27:55,520 [ERROR] LogOutputStream:75 - [STDERR_REDIRECT] [Fatal Error] :1:1: Premature end of file.
2026-01-16 18:27:55,520 [ERROR] LogOutputStream:75 - [STDERR_REDIRECT] 
2026-01-16 18:27:56,533 [ERROR] LogOutputStream:75 - [STDERR_REDIRECT] [Fatal Error] :1:1: Premature end of file.
2026-01-16 18:27:56,533 [ERROR] LogOutputStream:75 - [STDERR_REDIRECT] 
2026-01-16 18:27:57,530 [ERROR] LogOutputStream:75 - [STDERR_REDIRECT] [Fatal Error] :1:1: Premature end of file.
2026-01-16 18:27:57,530 [ERROR] LogOutputStream:75 - [STDERR_REDIRECT] 
2026-01-16 18:27:58,538 [ERROR] LogOutputStream:75 - [STDERR_REDIRECT] [Fatal Error] :1:1: Premature end of file.
2026-01-16 18:27:58,539 [ERROR] LogOutputStream:75 - [STDERR_REDIRECT] 
2026-01-16 18:27:59,526 [ERROR] LogOutputStream:75 - [STDERR_REDIRECT] [Fatal Error] :1:1: Premature end of file.
2026-01-16 18:27:59,526 [ERROR] LogOutputStream:75 - [STDERR_REDIRECT] 
2026-01-16 18:28:00,526 [ERROR] LogOutputStream:75 - [STDERR_REDIRECT] [Fatal Error] :1:1: Premature end of file.
2026-01-16 18:28:00,526 [ERROR] LogOutputStream:75 - [STDERR_REDIRECT] 
2026-01-16 18:28:01,534 [ERROR] LogOutputStream:75 - [STDERR_REDIRECT] [Fatal Error] :1:1: Premature end of file.
2026-01-16 18:28:01,534 [ERROR] LogOutputStream:75 - [STDERR_REDIRECT] 
2026-01-16 18:28:02,531 [ERROR] LogOutputStream:75 - [STDERR_REDIRECT] [Fatal Error] :1:1: Premature end of file.
2026-01-16 18:28:02,531 [ERROR] LogOutputStream:75 - [STDERR_REDIRECT] 
2026-01-16 18:28:03,529 [ERROR] LogOutputStream:75 - [STDERR_REDIRECT] [Fatal Error] :1:1: Premature end of file.
2026-01-16 18:28:03,529 [ERROR] LogOutputStream:75 - [STDERR_REDIRECT] 
2026-01-16 18:28:04,532 [ERROR] LogOutputStream:75 - [STDERR_REDIRECT] [Fatal Error] :1:1: Premature end of file.
2026-01-16 18:28:04,532 [ERROR] LogOutputStream:75 - [STDERR_REDIRECT] 
2026-01-16 18:28:05,526 [ERROR] LogOutputStream:75 - [STDERR_REDIRECT] [Fatal Error] :1:1: Premature end of file.
2026-01-16 18:28:05,526 [ERROR] LogOutputStream:75 - [STDERR_REDIRECT] 
2026-01-16 18:28:06,543 [ERROR] LogOutputStream:75 - [STDERR_REDIRECT] [Fatal Error] :1:1: Premature end of file.
2026-01-16 18:28:06,543 [ERROR] LogOutputStream:75 - [STDERR_REDIRECT] 
2026-01-16 18:28:07,528 [ERROR] LogOutputStream:75 - [STDERR_REDIRECT] [Fatal Error] :1:1: Premature end of file.
2026-01-16 18:28:07,528 [ERROR] LogOutputStream:75 - [STDERR_REDIRECT] 
2026-01-16 18:28:08,531 [ERROR] LogOutputStream:75 - [STDERR_REDIRECT] [Fatal Error] :1:1: Premature end of file.
2026-01-16 18:28:08,531 [ERROR] LogOutputStream:75 - [STDERR_REDIRECT] 
2026-01-16 18:28:09,521 [ERROR] LogOutputStream:75 - [STDERR_REDIRECT] [Fatal Error] :1:1: Premature end of file.
2026-01-16 18:28:09,521 [ERROR] LogOutputStream:75 - [STDERR_REDIRECT] 
2026-01-16 18:28:10,528 [ERROR] LogOutputStream:75 - [STDERR_REDIRECT] [Fatal Error] :1:1: Premature end of file.
2026-01-16 18:28:10,528 [ERROR] LogOutputStream:75 - [STDERR_REDIRECT] 
2026-01-16 18:28:11,526 [ERROR] LogOutputStream:75 - [STDERR_REDIRECT] [Fatal Error] :1:1: Premature end of file.
2026-01-16 18:28:11,526 [ERROR] LogOutputStream:75 - [STDERR_REDIRECT] 
2026-01-16 18:28:12,534 [ERROR] LogOutputStream:75 - [STDERR_REDIRECT] [Fatal Error] :1:1: Premature end of file.
2026-01-16 18:28:12,534 [ERROR] LogOutputStream:75 - [STDERR_REDIRECT] 
2026-01-16 18:28:13,530 [ERROR] LogOutputStream:75 - [STDERR_REDIRECT] [Fatal Error] :1:1: Premature end of file.
2026-01-16 18:28:13,530 [ERROR] LogOutputStream:75 - [STDERR_REDIRECT] 
2026-01-16 18:28:14,533 [ERROR] LogOutputStream:75 - [STDERR_REDIRECT] [Fatal Error] :1:1: Premature end of file.
2026-01-16 18:28:14,533 [ERROR] LogOutputStream:75 - [STDERR_REDIRECT] 
2026-01-16 18:28:15,526 [ERROR] LogOutputStream:75 - [STDERR_REDIRECT] [Fatal Error] :1:1: Premature end of file.
2026-01-16 18:28:15,526 [ERROR] LogOutputStream:75 - [STDERR_REDIRECT] 
2026-01-16 18:28:16,532 [ERROR] LogOutputStream:75 - [STDERR_REDIRECT] [Fatal Error] :1:1: Premature end of file.
2026-01-16 18:28:16,533 [ERROR] LogOutputStream:75 - [STDERR_REDIRECT] 
2026-01-16 18:28:17,532 [ERROR] LogOutputStream:75 - [STDERR_REDIRECT] [Fatal Error] :1:1: Premature end of file.
2026-01-16 18:28:17,532 [ERROR] LogOutputStream:75 - [STDERR_REDIRECT] 
2026-01-16 18:28:18,528 [ERROR] LogOutputStream:75 - [STDERR_REDIRECT] [Fatal Error] :1:1: Premature end of file.
2026-01-16 18:28:18,528 [ERROR] LogOutputStream:75 - [STDERR_REDIRECT] 
2026-01-16 18:28:19,525 [ERROR] LogOutputStream:75 - [STDERR_REDIRECT] [Fatal Error] :1:1: Premature end of file.
2026-01-16 18:28:19,525 [ERROR] LogOutputStream:75 - [STDERR_REDIRECT] 
2026-01-16 18:28:20,530 [ERROR] LogOutputStream:75 - [STDERR_REDIRECT] [Fatal Error] :1:1: Premature end of file.
2026-01-16 18:28:20,530 [ERROR] LogOutputStream:75 - [STDERR_REDIRECT] 
2026-01-16 18:28:21,524 [ERROR] LogOutputStream:75 - [STDERR_REDIRECT] [Fatal Error] :1:1: Premature end of file.
2026-01-16 18:28:21,524 [ERROR] LogOutputStream:75 - [STDERR_REDIRECT] 
2026-01-16 18:28:22,531 [ERROR] LogOutputStream:75 - [STDERR_REDIRECT] [Fatal Error] :1:1: Premature end of file.
2026-01-16 18:28:22,531 [ERROR] LogOutputStream:75 - [STDERR_REDIRECT] 
2026-01-16 18:28:23,527 [ERROR] LogOutputStream:75 - [STDERR_REDIRECT] [Fatal Error] :1:1: Premature end of file.
2026-01-16 18:28:23,527 [ERROR] LogOutputStream:75 - [STDERR_REDIRECT] 
2026-01-16 18:28:24,520 [ERROR] LogOutputStream:75 - [STDERR_REDIRECT] [Fatal Error] :1:1: Premature end of file.
2026-01-16 18:28:24,520 [ERROR] LogOutputStream:75 - [STDERR_REDIRECT] 
2026-01-16 18:28:25,538 [ERROR] LogOutputStream:75 - [STDERR_REDIRECT] [Fatal Error] :1:1: Premature end of file.
2026-01-16 18:28:25,538 [ERROR] LogOutputStream:75 - [STDERR_REDIRECT] 
2026-01-16 18:28:26,540 [ERROR] LogOutputStream:75 - [STDERR_REDIRECT] [Fatal Error] :1:1: Premature end of file.
2026-01-16 18:28:26,540 [ERROR] LogOutputStream:75 - [STDERR_REDIRECT] 
2026-01-16 18:28:27,540 [ERROR] LogOutputStream:75 - [STDERR_REDIRECT] [Fatal Error] :1:1: Premature end of file.
2026-01-16 18:28:27,540 [ERROR] LogOutputStream:75 - [STDERR_REDIRECT] 
2026-01-16 18:28:28,532 [ERROR] LogOutputStream:75 - [STDERR_REDIRECT] [Fatal Error] :1:1: Premature end of file.
2026-01-16 18:28:28,532 [ERROR] LogOutputStream:75 - [STDERR_REDIRECT] 
2026-01-16 18:28:29,523 [ERROR] LogOutputStream:75 - [STDERR_REDIRECT] [Fatal Error] :1:1: Premature end of file.
2026-01-16 18:28:29,523 [ERROR] LogOutputStream:75 - [STDERR_REDIRECT] 
2026-01-16 18:28:30,532 [ERROR] LogOutputStream:75 - [STDERR_REDIRECT] [Fatal Error] :1:1: Premature end of file.
2026-01-16 18:28:30,532 [ERROR] LogOutputStream:75 - [STDERR_REDIRECT] 
2026-01-16 18:28:31,530 [ERROR] LogOutputStream:75 - [STDERR_REDIRECT] [Fatal Error] :1:1: Premature end of file.
2026-01-16 18:28:31,531 [ERROR] LogOutputStream:75 - [STDERR_REDIRECT] 
2026-01-16 18:28:32,525 [ERROR] LogOutputStream:75 - [STDERR_REDIRECT] [Fatal Error] :1:1: Premature end of file.
2026-01-16 18:28:32,525 [ERROR] LogOutputStream:75 - [STDERR_REDIRECT] 
2026-01-16 18:28:33,528 [ERROR] LogOutputStream:75 - [STDERR_REDIRECT] [Fatal Error] :1:1: Premature end of file.
2026-01-16 18:28:33,528 [ERROR] LogOutputStream:75 - [STDERR_REDIRECT] 
2026-01-16 18:28:34,525 [ERROR] LogOutputStream:75 - [STDERR_REDIRECT] [Fatal Error] :1:1: Premature end of file.
2026-01-16 18:28:34,525 [ERROR] LogOutputStream:75 - [STDERR_REDIRECT] 
2026-01-16 18:28:35,523 [ERROR] LogOutputStream:75 - [STDERR_REDIRECT] [Fatal Error] :1:1: Premature end of file.
2026-01-16 18:28:35,523 [ERROR] LogOutputStream:75 - [STDERR_REDIRECT] 
2026-01-16 18:28:36,533 [ERROR] LogOutputStream:75 - [STDERR_REDIRECT] [Fatal Error] :1:1: Premature end of file.
2026-01-16 18:28:36,533 [ERROR] LogOutputStream:75 - [STDERR_REDIRECT] 
2026-01-16 18:28:37,527 [ERROR] LogOutputStream:75 - [STDERR_REDIRECT] [Fatal Error] :1:1: Premature end of file.
2026-01-16 18:28:37,527 [ERROR] LogOutputStream:75 - [STDERR_REDIRECT] 
2026-01-16 18:28:38,524 [ERROR] LogOutputStream:75 - [STDERR_REDIRECT] [Fatal Error] :1:1: Premature end of file.
2026-01-16 18:28:38,524 [ERROR] LogOutputStream:75 - [STDERR_REDIRECT] 
2026-01-16 18:28:39,535 [ERROR] LogOutputStream:75 - [STDERR_REDIRECT] [Fatal Error] :1:1: Premature end of file.
2026-01-16 18:28:39,535 [ERROR] LogOutputStream:75 - [STDERR_REDIRECT] 
2026-01-16 18:28:40,524 [ERROR] LogOutputStream:75 - [STDERR_REDIRECT] [Fatal Error] :1:1: Premature end of file.
2026-01-16 18:28:40,525 [ERROR] LogOutputStream:75 - [STDERR_REDIRECT] 
2026-01-16 18:28:41,531 [ERROR] LogOutputStream:75 - [STDERR_REDIRECT] [Fatal Error] :1:1: Premature end of file.
2026-01-16 18:28:41,532 [ERROR] LogOutputStream:75 - [STDERR_REDIRECT] 
2026-01-16 18:28:42,529 [ERROR] LogOutputStream:75 - [STDERR_REDIRECT] [Fatal Error] :1:1: Premature end of file.
2026-01-16 18:28:42,529 [ERROR] LogOutputStream:75 - [STDERR_REDIRECT] 
2026-01-16 18:28:43,530 [ERROR] LogOutputStream:75 - [STDERR_REDIRECT] [Fatal Error] :1:1: Premature end of file.
2026-01-16 18:28:43,530 [ERROR] LogOutputStream:75 - [STDERR_REDIRECT] 
2026-01-16 18:28:44,528 [ERROR] LogOutputStream:75 - [STDERR_REDIRECT] [Fatal Error] :1:1: Premature end of file.
2026-01-16 18:28:44,528 [ERROR] LogOutputStream:75 - [STDERR_REDIRECT] 
2026-01-16 18:28:45,535 [ERROR] LogOutputStream:75 - [STDERR_REDIRECT] [Fatal Error] :1:1: Premature end of file.
2026-01-16 18:28:45,535 [ERROR] LogOutputStream:75 - [STDERR_REDIRECT] 
2026-01-16 18:28:46,526 [ERROR] LogOutputStream:75 - [STDERR_REDIRECT] [Fatal Error] :1:1: Premature end of file.
2026-01-16 18:28:46,526 [ERROR] LogOutputStream:75 - [STDERR_REDIRECT] 
2026-01-16 18:28:47,524 [ERROR] LogOutputStream:75 - [STDERR_REDIRECT] [Fatal Error] :1:1: Premature end of file.
2026-01-16 18:28:47,524 [ERROR] LogOutputStream:75 - [STDERR_REDIRECT] 
2026-01-16 18:28:48,525 [ERROR] LogOutputStream:75 - [STDERR_REDIRECT] [Fatal Error] :1:1: Premature end of file.
2026-01-16 18:28:48,525 [ERROR] LogOutputStream:75 - [STDERR_REDIRECT] 
2026-01-16 18:28:49,531 [ERROR] LogOutputStream:75 - [STDERR_REDIRECT] [Fatal Error] :1:1: Premature end of file.
2026-01-16 18:28:49,531 [ERROR] LogOutputStream:75 - [STDERR_REDIRECT] 
2026-01-16 18:28:50,526 [ERROR] LogOutputStream:75 - [STDERR_REDIRECT] [Fatal Error] :1:1: Premature end of file.
2026-01-16 18:28:50,526 [ERROR] LogOutputStream:75 - [STDERR_REDIRECT] 
2026-01-16 18:28:51,526 [ERROR] LogOutputStream:75 - [STDERR_REDIRECT] [Fatal Error] :1:1: Premature end of file.
2026-01-16 18:28:51,526 [ERROR] LogOutputStream:75 - [STDERR_REDIRECT] 
2026-01-16 18:28:52,540 [ERROR] LogOutputStream:75 - [STDERR_REDIRECT] [Fatal Error] :1:1: Premature end of file.
2026-01-16 18:28:52,541 [ERROR] LogOutputStream:75 - [STDERR_REDIRECT] 
2026-01-16 18:28:53,520 [ERROR] LogOutputStream:75 - [STDERR_REDIRECT] [Fatal Error] :1:1: Premature end of file.
2026-01-16 18:28:53,520 [ERROR] LogOutputStream:75 - [STDERR_REDIRECT] 
2026-01-16 18:28:54,528 [ERROR] LogOutputStream:75 - [STDERR_REDIRECT] [Fatal Error] :1:1: Premature end of file.
2026-01-16 18:28:54,528 [ERROR] LogOutputStream:75 - [STDERR_REDIRECT] 
2026-01-16 18:28:55,521 [ERROR] LogOutputStream:75 - [STDERR_REDIRECT] [Fatal Error] :1:1: Premature end of file.
2026-01-16 18:28:55,521 [ERROR] LogOutputStream:75 - [STDERR_REDIRECT] 
2026-01-16 18:28:56,523 [ERROR] LogOutputStream:75 - [STDERR_REDIRECT] [Fatal Error] :1:1: Premature end of file.
2026-01-16 18:28:56,523 [ERROR] LogOutputStream:75 - [STDERR_REDIRECT] 
2026-01-16 18:28:57,541 [ERROR] LogOutputStream:75 - [STDERR_REDIRECT] [Fatal Error] :1:1: Premature end of file.
2026-01-16 18:28:57,541 [ERROR] LogOutputStream:75 - [STDERR_REDIRECT] 
2026-01-16 18:28:58,523 [ERROR] LogOutputStream:75 - [STDERR_REDIRECT] [Fatal Error] :1:1: Premature end of file.
2026-01-16 18:28:58,523 [ERROR] LogOutputStream:75 - [STDERR_REDIRECT] 
2026-01-16 18:28:59,535 [ERROR] LogOutputStream:75 - [STDERR_REDIRECT] [Fatal Error] :1:1: Premature end of file.
2026-01-16 18:28:59,535 [ERROR] LogOutputStream:75 - [STDERR_REDIRECT] 
2026-01-16 18:29:00,540 [ERROR] LogOutputStream:75 - [STDERR_REDIRECT] [Fatal Error] :1:1: Premature end of file.
2026-01-16 18:29:00,540 [ERROR] LogOutputStream:75 - [STDERR_REDIRECT] 
2026-01-16 18:29:01,525 [ERROR] LogOutputStream:75 - [STDERR_REDIRECT] [Fatal Error] :1:1: Premature end of file.
2026-01-16 18:29:01,525 [ERROR] LogOutputStream:75 - [STDERR_REDIRECT] 
2026-01-16 18:29:02,524 [ERROR] LogOutputStream:75 - [STDERR_REDIRECT] [Fatal Error] :1:1: Premature end of file.
2026-01-16 18:29:02,524 [ERROR] LogOutputStream:75 - [STDERR_REDIRECT] 
2026-01-16 18:29:03,523 [ERROR] LogOutputStream:75 - [STDERR_REDIRECT] [Fatal Error] :1:1: Premature end of file.
2026-01-16 18:29:03,523 [ERROR] LogOutputStream:75 - [STDERR_REDIRECT] 
2026-01-16 18:29:04,529 [ERROR] LogOutputStream:75 - [STDERR_REDIRECT] [Fatal Error] :1:1: Premature end of file.
2026-01-16 18:29:04,529 [ERROR] LogOutputStream:75 - [STDERR_REDIRECT] 
2026-01-16 18:29:05,537 [ERROR] LogOutputStream:75 - [STDERR_REDIRECT] [Fatal Error] :1:1: Premature end of file.
2026-01-16 18:29:05,537 [ERROR] LogOutputStream:75 - [STDERR_REDIRECT] 
2026-01-16 18:29:06,532 [ERROR] LogOutputStream:75 - [STDERR_REDIRECT] [Fatal Error] :1:1: Premature end of file.
2026-01-16 18:29:06,532 [ERROR] LogOutputStream:75 - [STDERR_REDIRECT] 
2026-01-16 18:29:07,533 [ERROR] LogOutputStream:75 - [STDERR_REDIRECT] [Fatal Error] :1:1: Premature end of file.
2026-01-16 18:29:07,533 [ERROR] LogOutputStream:75 - [STDERR_REDIRECT] 
2026-01-16 18:29:08,535 [ERROR] LogOutputStream:75 - [STDERR_REDIRECT] [Fatal Error] :1:1: Premature end of file.
2026-01-16 18:29:08,535 [ERROR] LogOutputStream:75 - [STDERR_REDIRECT] 
2026-01-16 18:29:09,533 [ERROR] LogOutputStream:75 - [STDERR_REDIRECT] [Fatal Error] :1:1: Premature end of file.
2026-01-16 18:29:09,533 [ERROR] LogOutputStream:75 - [STDERR_REDIRECT] 
2026-01-16 18:29:10,537 [ERROR] LogOutputStream:75 - [STDERR_REDIRECT] [Fatal Error] :1:1: Premature end of file.
2026-01-16 18:29:10,537 [ERROR] LogOutputStream:75 - [STDERR_REDIRECT] 
2026-01-16 18:29:11,532 [ERROR] LogOutputStream:75 - [STDERR_REDIRECT] [Fatal Error] :1:1: Premature end of file.
2026-01-16 18:29:11,532 [ERROR] LogOutputStream:75 - [STDERR_REDIRECT] 
2026-01-16 18:29:12,533 [ERROR] LogOutputStream:75 - [STDERR_REDIRECT] [Fatal Error] :1:1: Premature end of file.
2026-01-16 18:29:12,534 [ERROR] LogOutputStream:75 - [STDERR_REDIRECT] 
2026-01-16 18:29:13,529 [ERROR] LogOutputStream:75 - [STDERR_REDIRECT] [Fatal Error] :1:1: Premature end of file.
2026-01-16 18:29:13,529 [ERROR] LogOutputStream:75 - [STDERR_REDIRECT] 
2026-01-16 18:29:14,534 [ERROR] LogOutputStream:75 - [STDERR_REDIRECT] [Fatal Error] :1:1: Premature end of file.
2026-01-16 18:29:14,535 [ERROR] LogOutputStream:75 - [STDERR_REDIRECT] 
2026-01-16 18:29:15,524 [ERROR] LogOutputStream:75 - [STDERR_REDIRECT] [Fatal Error] :1:1: Premature end of file.
2026-01-16 18:29:15,524 [ERROR] LogOutputStream:75 - [STDERR_REDIRECT] 
2026-01-16 18:29:16,536 [ERROR] LogOutputStream:75 - [STDERR_REDIRECT] [Fatal Error] :1:1: Premature end of file.
2026-01-16 18:29:16,536 [ERROR] LogOutputStream:75 - [STDERR_REDIRECT] 
2026-01-16 18:29:17,528 [ERROR] LogOutputStream:75 - [STDERR_REDIRECT] [Fatal Error] :1:1: Premature end of file.
2026-01-16 18:29:17,528 [ERROR] LogOutputStream:75 - [STDERR_REDIRECT] 
2026-01-16 18:29:18,524 [ERROR] LogOutputStream:75 - [STDERR_REDIRECT] [Fatal Error] :1:1: Premature end of file.
2026-01-16 18:29:18,524 [ERROR] LogOutputStream:75 - [STDERR_REDIRECT] 
2026-01-16 18:29:19,520 [ERROR] LogOutputStream:75 - [STDERR_REDIRECT] [Fatal Error] :1:1: Premature end of file.
2026-01-16 18:29:19,520 [ERROR] LogOutputStream:75 - [STDERR_REDIRECT] 
2026-01-16 18:29:20,527 [ERROR] LogOutputStream:75 - [STDERR_REDIRECT] [Fatal Error] :1:1: Premature end of file.
2026-01-16 18:29:20,527 [ERROR] LogOutputStream:75 - [STDERR_REDIRECT] 
2026-01-16 18:29:21,527 [ERROR] LogOutputStream:75 - [STDERR_REDIRECT] [Fatal Error] :1:1: Premature end of file.
2026-01-16 18:29:21,527 [ERROR] LogOutputStream:75 - [STDERR_REDIRECT] 
2026-01-16 18:29:22,524 [ERROR] LogOutputStream:75 - [STDERR_REDIRECT] [Fatal Error] :1:1: Premature end of file.
2026-01-16 18:29:22,524 [ERROR] LogOutputStream:75 - [STDERR_REDIRECT] 
2026-01-16 18:29:23,531 [ERROR] LogOutputStream:75 - [STDERR_REDIRECT] [Fatal Error] :1:1: Premature end of file.
2026-01-16 18:29:23,531 [ERROR] LogOutputStream:75 - [STDERR_REDIRECT] 
2026-01-16 18:29:24,524 [ERROR] LogOutputStream:75 - [STDERR_REDIRECT] [Fatal Error] :1:1: Premature end of file.
2026-01-16 18:29:24,524 [ERROR] LogOutputStream:75 - [STDERR_REDIRECT] 
2026-01-16 18:29:25,521 [ERROR] LogOutputStream:75 - [STDERR_REDIRECT] [Fatal Error] :1:1: Premature end of file.
2026-01-16 18:29:25,521 [ERROR] LogOutputStream:75 - [STDERR_REDIRECT] 
2026-01-16 18:29:26,532 [ERROR] LogOutputStream:75 - [STDERR_REDIRECT] [Fatal Error] :1:1: Premature end of file.
2026-01-16 18:29:26,533 [ERROR] LogOutputStream:75 - [STDERR_REDIRECT] 
2026-01-16 18:29:27,530 [ERROR] LogOutputStream:75 - [STDERR_REDIRECT] [Fatal Error] :1:1: Premature end of file.
2026-01-16 18:29:27,531 [ERROR] LogOutputStream:75 - [STDERR_REDIRECT] 
2026-01-16 18:29:28,527 [ERROR] LogOutputStream:75 - [STDERR_REDIRECT] [Fatal Error] :1:1: Premature end of file.
2026-01-16 18:29:28,527 [ERROR] LogOutputStream:75 - [STDERR_REDIRECT] 
2026-01-16 18:29:29,526 [ERROR] LogOutputStream:75 - [STDERR_REDIRECT] [Fatal Error] :1:1: Premature end of file.
2026-01-16 18:29:29,527 [ERROR] LogOutputStream:75 - [STDERR_REDIRECT] 
2026-01-16 18:29:30,526 [ERROR] LogOutputStream:75 - [STDERR_REDIRECT] [Fatal Error] :1:1: Premature end of file.
2026-01-16 18:29:30,526 [ERROR] LogOutputStream:75 - [STDERR_REDIRECT] 
2026-01-16 18:29:31,522 [ERROR] LogOutputStream:75 - [STDERR_REDIRECT] [Fatal Error] :1:1: Premature end of file.
2026-01-16 18:29:31,522 [ERROR] LogOutputStream:75 - [STDERR_REDIRECT] 
2026-01-16 18:29:32,532 [ERROR] LogOutputStream:75 - [STDERR_REDIRECT] [Fatal Error] :1:1: Premature end of file.
2026-01-16 18:29:32,533 [ERROR] LogOutputStream:75 - [STDERR_REDIRECT] 
2026-01-16 18:29:33,531 [ERROR] LogOutputStream:75 - [STDERR_REDIRECT] [Fatal Error] :1:1: Premature end of file.
2026-01-16 18:29:33,531 [ERROR] LogOutputStream:75 - [STDERR_REDIRECT] 
2026-01-16 18:29:34,523 [ERROR] LogOutputStream:75 - [STDERR_REDIRECT] [Fatal Error] :1:1: Premature end of file.
2026-01-16 18:29:34,523 [ERROR] LogOutputStream:75 - [STDERR_REDIRECT] 
2026-01-16 18:29:35,532 [ERROR] LogOutputStream:75 - [STDERR_REDIRECT] [Fatal Error] :1:1: Premature end of file.
2026-01-16 18:29:35,532 [ERROR] LogOutputStream:75 - [STDERR_REDIRECT] 
2026-01-16 18:29:36,532 [ERROR] LogOutputStream:75 - [STDERR_REDIRECT] [Fatal Error] :1:1: Premature end of file.
2026-01-16 18:29:36,532 [ERROR] LogOutputStream:75 - [STDERR_REDIRECT] 
2026-01-16 18:29:37,524 [ERROR] LogOutputStream:75 - [STDERR_REDIRECT] [Fatal Error] :1:1: Premature end of file.
2026-01-16 18:29:37,524 [ERROR] LogOutputStream:75 - [STDERR_REDIRECT] 
2026-01-16 18:29:38,519 [ERROR] LogOutputStream:75 - [STDERR_REDIRECT] [Fatal Error] :1:1: Premature end of file.
2026-01-16 18:29:38,520 [ERROR] LogOutputStream:75 - [STDERR_REDIRECT] 
2026-01-16 18:29:39,520 [ERROR] LogOutputStream:75 - [STDERR_REDIRECT] [Fatal Error] :1:1: Premature end of file.
2026-01-16 18:29:39,520 [ERROR] LogOutputStream:75 - [STDERR_REDIRECT] 
2026-01-16 18:29:40,531 [ERROR] LogOutputStream:75 - [STDERR_REDIRECT] [Fatal Error] :1:1: Premature end of file.
2026-01-16 18:29:40,531 [ERROR] LogOutputStream:75 - [STDERR_REDIRECT] 
2026-01-16 18:29:41,531 [ERROR] LogOutputStream:75 - [STDERR_REDIRECT] [Fatal Error] :1:1: Premature end of file.
2026-01-16 18:29:41,531 [ERROR] LogOutputStream:75 - [STDERR_REDIRECT] 
2026-01-16 18:29:42,529 [ERROR] LogOutputStream:75 - [STDERR_REDIRECT] [Fatal Error] :1:1: Premature end of file.
2026-01-16 18:29:42,529 [ERROR] LogOutputStream:75 - [STDERR_REDIRECT] 
2026-01-16 18:29:43,520 [ERROR] LogOutputStream:75 - [STDERR_REDIRECT] [Fatal Error] :1:1: Premature end of file.
2026-01-16 18:29:43,520 [ERROR] LogOutputStream:75 - [STDERR_REDIRECT] 
2026-01-16 18:29:44,532 [ERROR] LogOutputStream:75 - [STDERR_REDIRECT] [Fatal Error] :1:1: Premature end of file.
2026-01-16 18:29:44,532 [ERROR] LogOutputStream:75 - [STDERR_REDIRECT] 
2026-01-16 18:29:45,526 [ERROR] LogOutputStream:75 - [STDERR_REDIRECT] [Fatal Error] :1:1: Premature end of file.
2026-01-16 18:29:45,526 [ERROR] LogOutputStream:75 - [STDERR_REDIRECT] 
2026-01-16 18:29:46,522 [ERROR] LogOutputStream:75 - [STDERR_REDIRECT] [Fatal Error] :1:1: Premature end of file.
2026-01-16 18:29:46,522 [ERROR] LogOutputStream:75 - [STDERR_REDIRECT] 
2026-01-16 18:29:47,519 [ERROR] LogOutputStream:75 - [STDERR_REDIRECT] [Fatal Error] :1:1: Premature end of file.
2026-01-16 18:29:47,520 [ERROR] LogOutputStream:75 - [STDERR_REDIRECT] 
2026-01-16 18:29:48,531 [ERROR] LogOutputStream:75 - [STDERR_REDIRECT] [Fatal Error] :1:1: Premature end of file.
2026-01-16 18:29:48,532 [ERROR] LogOutputStream:75 - [STDERR_REDIRECT] 
2026-01-16 18:29:49,529 [ERROR] LogOutputStream:75 - [STDERR_REDIRECT] [Fatal Error] :1:1: Premature end of file.
2026-01-16 18:29:49,529 [ERROR] LogOutputStream:75 - [STDERR_REDIRECT] 
2026-01-16 18:29:50,537 [ERROR] LogOutputStream:75 - [STDERR_REDIRECT] [Fatal Error] :1:1: Premature end of file.
2026-01-16 18:29:50,537 [ERROR] LogOutputStream:75 - [STDERR_REDIRECT] 
2026-01-16 18:29:51,536 [ERROR] LogOutputStream:75 - [STDERR_REDIRECT] [Fatal Error] :1:1: Premature end of file.
2026-01-16 18:29:51,536 [ERROR] LogOutputStream:75 - [STDERR_REDIRECT] 
2026-01-16 18:29:52,532 [ERROR] LogOutputStream:75 - [STDERR_REDIRECT] [Fatal Error] :1:1: Premature end of file.
2026-01-16 18:29:52,532 [ERROR] LogOutputStream:75 - [STDERR_REDIRECT] 
2026-01-16 18:29:53,524 [ERROR] LogOutputStream:75 - [STDERR_REDIRECT] [Fatal Error] :1:1: Premature end of file.
2026-01-16 18:29:53,524 [ERROR] LogOutputStream:75 - [STDERR_REDIRECT] 
2026-01-16 18:29:54,520 [ERROR] LogOutputStream:75 - [STDERR_REDIRECT] [Fatal Error] :1:1: Premature end of file.
2026-01-16 18:29:54,520 [ERROR] LogOutputStream:75 - [STDERR_REDIRECT] 
2026-01-16 18:29:55,534 [ERROR] LogOutputStream:75 - [STDERR_REDIRECT] [Fatal Error] :1:1: Premature end of file.
2026-01-16 18:29:55,535 [ERROR] LogOutputStream:75 - [STDERR_REDIRECT] 
