2025-08-14 22:43:42,012 [INFO] Activator:176 - 


2025-08-14 22:43:42,016 [INFO] Activator:177 - !SESSION log4j initialized
2025-08-14 22:43:47,482 [INFO] LogOutputStream:77 - [STDOUT_REDIRECT] 
2025-08-14 22:43:48,478 [INFO] ApplicationProperties:184 - Using Application install path: C:\ST\STM32CubeIDE_1.19.0\STM32CubeIDE\plugins\com.st.stm32cube.common.mx_6.15.0.202507011659
2025-08-14 22:43:48,496 [INFO] DbMcusXml:78 - Set database path to: C:\ST\STM32CubeIDE_1.19.0\STM32CubeIDE\plugins\com.st.stm32cube.common.mx_6.15.0.202507011659\\db\/mcu/
2025-08-14 22:43:48,496 [INFO] ApiDb:274 - Set plugin database path to: C:\ST\STM32CubeIDE_1.19.0\STM32CubeIDE\plugins\com.st.stm32cube.common.mx_6.15.0.202507011659\\db\/plugins/boardmanager/
2025-08-14 22:43:48,497 [WARN] ApiDb:259 - Overriding images path with different value:  => C:\ST\STM32CubeIDE_1.19.0\STM32CubeIDE\plugins\com.st.stm32cube.common.mx_6.15.0.202507011659\\db\/plugins/mcufinder/images/
2025-08-14 22:43:48,504 [INFO] ApiDb:250 - Set database path to: C:\Users\Harshil\.stmcufinder\plugins\mcufinder//mcu/
2025-08-14 22:43:48,505 [INFO] DbMcusAds:125 - Set database path to: C:\Users\Harshil\.stmcufinder\plugins\mcufinder//mcu/
2025-08-14 22:43:48,507 [INFO] CrossReferenceDbSqlite:203 - Set database path to: C:\Users\Harshil\.stmcufinder\plugins\mcufinder//mcu/cs/
2025-08-14 22:43:48,618 [INFO] RulesReader:64 - Compatibility file has been processed (317 Rules)
2025-08-14 22:43:48,690 [INFO] DbMcusXml:78 - Set database path to: C:\ST\STM32CubeIDE_1.19.0\STM32CubeIDE\plugins\com.st.stm32cube.common.mx_6.15.0.202507011659\\db\/mcu/
2025-08-14 22:43:48,690 [INFO] ApiDb:274 - Set plugin database path to: C:\ST\STM32CubeIDE_1.19.0\STM32CubeIDE\plugins\com.st.stm32cube.common.mx_6.15.0.202507011659\\db\/plugins/boardmanager/
2025-08-14 22:43:48,690 [INFO] ApiDb:261 - Set plugin images path to: C:\ST\STM32CubeIDE_1.19.0\STM32CubeIDE\plugins\com.st.stm32cube.common.mx_6.15.0.202507011659\\db\/plugins/mcufinder/images/
2025-08-14 22:43:48,691 [WARN] DbFile:41 - Overriding database path with different value: C:\Users\Harshil\.stmcufinder\plugins\mcufinder/ => C:\Users\Harshil\.stmcufinder\plugins\mcufinder
2025-08-14 22:43:48,691 [INFO] ApiDb:250 - Set database path to: C:\Users\Harshil\.stmcufinder\plugins\mcufinder//mcu/
2025-08-14 22:43:48,691 [WARN] DbFile:41 - Overriding database path with different value: C:\Users\Harshil\.stmcufinder\plugins\mcufinder/ => C:\Users\Harshil\.stmcufinder\plugins\mcufinder
2025-08-14 22:43:48,691 [INFO] DbMcusAds:125 - Set database path to: C:\Users\Harshil\.stmcufinder\plugins\mcufinder//mcu/
2025-08-14 22:43:48,691 [WARN] DbFile:41 - Overriding database path with different value: C:\Users\Harshil\.stmcufinder\plugins\mcufinder/ => C:\Users\Harshil\.stmcufinder\plugins\mcufinder
2025-08-14 22:43:48,691 [WARN] DbFile:41 - Overriding database path with different value: C:\Users\Harshil\.stmcufinder\plugins\mcufinder/ => C:\Users\Harshil\.stmcufinder\plugins\mcufinder
2025-08-14 22:43:48,691 [INFO] CrossReferenceDbSqlite:203 - Set database path to: C:\Users\Harshil\.stmcufinder\plugins\mcufinder//mcu/cs/
2025-08-14 22:43:48,760 [INFO] MainPanel:274 - HeapMemory: 268435456
2025-08-14 22:43:48,894 [INFO] DbMcusXml:78 - Set database path to: C:\ST\STM32CubeIDE_1.19.0\STM32CubeIDE\plugins\com.st.stm32cube.common.mx_6.15.0.202507011659\\db\/mcu/
2025-08-14 22:43:48,894 [INFO] ApiDb:274 - Set plugin database path to: C:\ST\STM32CubeIDE_1.19.0\STM32CubeIDE\plugins\com.st.stm32cube.common.mx_6.15.0.202507011659\\db\/plugins/boardmanager/
2025-08-14 22:43:48,894 [INFO] ApiDb:261 - Set plugin images path to: C:\ST\STM32CubeIDE_1.19.0\STM32CubeIDE\plugins\com.st.stm32cube.common.mx_6.15.0.202507011659\\db\/plugins/mcufinder/images/
2025-08-14 22:43:48,894 [WARN] DbFile:41 - Overriding database path with different value: C:\Users\Harshil\.stmcufinder\plugins\mcufinder/ => C:\Users\Harshil\.stmcufinder\plugins\mcufinder
2025-08-14 22:43:48,894 [INFO] ApiDb:250 - Set database path to: C:\Users\Harshil\.stmcufinder\plugins\mcufinder//mcu/
2025-08-14 22:43:48,894 [WARN] DbFile:41 - Overriding database path with different value: C:\Users\Harshil\.stmcufinder\plugins\mcufinder/ => C:\Users\Harshil\.stmcufinder\plugins\mcufinder
2025-08-14 22:43:48,895 [INFO] DbMcusAds:125 - Set database path to: C:\Users\Harshil\.stmcufinder\plugins\mcufinder//mcu/
2025-08-14 22:43:48,895 [WARN] DbFile:41 - Overriding database path with different value: C:\Users\Harshil\.stmcufinder\plugins\mcufinder/ => C:\Users\Harshil\.stmcufinder\plugins\mcufinder
2025-08-14 22:43:48,895 [WARN] DbFile:41 - Overriding database path with different value: C:\Users\Harshil\.stmcufinder\plugins\mcufinder/ => C:\Users\Harshil\.stmcufinder\plugins\mcufinder
2025-08-14 22:43:48,895 [INFO] CrossReferenceDbSqlite:203 - Set database path to: C:\Users\Harshil\.stmcufinder\plugins\mcufinder//mcu/cs/
2025-08-14 22:43:48,911 [INFO] ApplicationProperties:184 - Using Application install path: C:\ST\STM32CubeIDE_1.19.0\STM32CubeIDE\plugins\com.st.stm32cube.common.mx_6.15.0.202507011659
2025-08-14 22:43:48,912 [INFO] PluginManage:196 - Search for loadable plugins [exclusion list=, ]
2025-08-14 22:43:48,914 [INFO] PluginManage:310 - Check plugin analytics
2025-08-14 22:43:49,133 [INFO] AnalyticsPlugin:253 - Accepted Software Licenses: 
2025-08-14 22:43:49,134 [INFO] AnalyticsPlugin:255 - Accepted CMSIS Pack Licenses: 
2025-08-14 22:43:49,134 [INFO] AnalyticsPlugin:257 - Accepted Firmware Licenses: 
2025-08-14 22:43:49,136 [INFO] PluginManage:359 - Loaded plugin analytics (category:tool,tabindex:-1)
2025-08-14 22:43:49,136 [INFO] PluginManage:310 - Check plugin cadmodel
2025-08-14 22:43:49,142 [INFO] CADModel:105 - Init CAD model plugin
2025-08-14 22:43:49,143 [INFO] PluginManage:359 - Loaded plugin cadmodel (category:power,tabindex:5)
2025-08-14 22:43:49,143 [INFO] PluginManage:310 - Check plugin clock
2025-08-14 22:43:49,153 [INFO] PluginManage:359 - Loaded plugin clock (category:base,tabindex:2)
2025-08-14 22:43:49,153 [INFO] PluginManage:310 - Check plugin ddr
2025-08-14 22:43:49,156 [INFO] PluginManage:359 - Loaded plugin ddr (category:tool,tabindex:6)
2025-08-14 22:43:49,156 [INFO] PluginManage:310 - Check plugin filemanager
2025-08-14 22:43:49,305 [INFO] PluginManage:359 - Loaded plugin filemanager (category:base,tabindex:10)
2025-08-14 22:43:49,305 [INFO] PluginManage:310 - Check plugin ipmanager
2025-08-14 22:43:49,311 [INFO] PluginManage:359 - Loaded plugin ipmanager (category:base,tabindex:5)
2025-08-14 22:43:49,311 [INFO] PluginManage:310 - Check plugin lpbam
2025-08-14 22:43:49,318 [INFO] PluginManage:359 - Loaded plugin lpbam (category:base,tabindex:0)
2025-08-14 22:43:49,318 [INFO] PluginManage:310 - Check plugin memorymap
2025-08-14 22:43:49,331 [INFO] PluginManage:359 - Loaded plugin memorymap (category:base,tabindex:4)
2025-08-14 22:43:49,331 [INFO] PluginManage:310 - Check plugin pinoutandconfiguration
2025-08-14 22:43:49,339 [INFO] PluginManage:359 - Loaded plugin pinoutandconfiguration (category:base,tabindex:1)
2025-08-14 22:43:49,339 [INFO] PluginManage:310 - Check plugin pinoutconfig
2025-08-14 22:43:49,426 [WARN] SupportedApi:132 - Cannot load RTOS API schema: s4s-elt-must-match.1: The content of 'definitions' must match (annotation?, (simpleType | complexType)?, (unique | key | keyref)*)). A problem was found starting at: attribute.
2025-08-14 22:43:49,564 [INFO] PluginManage:359 - Loaded plugin pinoutconfig (category:base,tabindex:0)
2025-08-14 22:43:49,564 [INFO] PluginManage:310 - Check plugin power
2025-08-14 22:43:49,576 [INFO] PluginManage:359 - Loaded plugin power (category:power,tabindex:4)
2025-08-14 22:43:49,576 [INFO] PluginManage:310 - Check plugin projectmanager
2025-08-14 22:43:49,590 [INFO] PluginManage:359 - Loaded plugin projectmanager (category:projectmanager,tabindex:4)
2025-08-14 22:43:49,590 [INFO] PluginManage:310 - Check plugin rif
2025-08-14 22:43:49,601 [INFO] PluginManage:359 - Loaded plugin rif (category:base,tabindex:3)
2025-08-14 22:43:49,601 [INFO] PluginManage:310 - Check plugin thirdparty
2025-08-14 22:43:49,718 [INFO] PluginManage:359 - Loaded plugin thirdparty (category:base,tabindex:-1)
2025-08-14 22:43:49,718 [WARN] IntegrityCheckThread:84 - waiting for thirdparty lock release [integrity check]
2025-08-14 22:43:49,719 [INFO] PluginManage:310 - Check plugin tools
2025-08-14 22:43:49,719 [INFO] IntegrityCheckThread:86 - entering critical section [integrity check]
2025-08-14 22:43:49,719 [INFO] ThirdPartyUpdaterWithRetryManager:70 - Updater plugin not ready yet. [1/15]
2025-08-14 22:43:49,724 [INFO] PluginManage:359 - Loaded plugin tools (category:base,tabindex:7)
2025-08-14 22:43:49,724 [INFO] PluginManage:310 - Check plugin tutovideos
2025-08-14 22:43:49,934 [INFO] PluginManage:359 - Loaded plugin tutovideos (category:base,tabindex:-1)
2025-08-14 22:43:49,934 [INFO] PluginManage:310 - Check plugin updater
2025-08-14 22:43:49,957 [INFO] PluginManage:359 - Loaded plugin updater (category:base,tabindex:12)
2025-08-14 22:43:49,957 [INFO] PluginManage:310 - Check plugin userauth
2025-08-14 22:43:49,961 [INFO] UserAuth:118 - Init User Auth plugin
2025-08-14 22:43:49,961 [INFO] PluginManage:359 - Loaded plugin userauth (category:base,tabindex:14)
2025-08-14 22:43:49,962 [INFO] PluginManage:283 - PluginManage : Loaded plugins [18]
2025-08-14 22:43:50,160 [INFO] PinOutPanel:1589 - setPackage(No Configuration,No Configuration)
2025-08-14 22:43:50,247 [INFO] CADModel:165 - CPN selected for project level
2025-08-14 22:43:50,247 [INFO] CADModel:114 - Register for checkConnection events
2025-08-14 22:43:50,264 [INFO] IPUIPlugin:80 - create IPUIPlugin
2025-08-14 22:43:50,265 [INFO] PluginManager:220 - loadIPPluginJar : add adc
2025-08-14 22:43:50,267 [INFO] IPUIPlugin:80 - create IPUIPlugin
2025-08-14 22:43:50,268 [INFO] PluginManager:220 - loadIPPluginJar : add aes
2025-08-14 22:43:50,270 [INFO] IPUIPlugin:80 - create IPUIPlugin
2025-08-14 22:43:50,270 [INFO] PluginManager:220 - loadIPPluginJar : add can
2025-08-14 22:43:50,272 [INFO] IPUIPlugin:80 - create IPUIPlugin
2025-08-14 22:43:50,272 [INFO] PluginManager:220 - loadIPPluginJar : add comp
2025-08-14 22:43:50,276 [INFO] IPUIPlugin:80 - create IPUIPlugin
2025-08-14 22:43:50,276 [INFO] PluginManager:220 - loadIPPluginJar : add cryp
2025-08-14 22:43:50,280 [INFO] IPUIPlugin:80 - create IPUIPlugin
2025-08-14 22:43:50,280 [INFO] PluginManager:220 - loadIPPluginJar : add ddr_ctrl_phy
2025-08-14 22:43:50,283 [INFO] IPUIPlugin:80 - create IPUIPlugin
2025-08-14 22:43:50,284 [INFO] PluginManager:220 - loadIPPluginJar : add dfsdm
2025-08-14 22:43:50,290 [INFO] IPUIPlugin:80 - create IPUIPlugin
2025-08-14 22:43:50,292 [INFO] PluginManager:220 - loadIPPluginJar : add dma
2025-08-14 22:43:50,295 [INFO] IPUIPlugin:80 - create IPUIPlugin
2025-08-14 22:43:50,295 [INFO] PluginManager:220 - loadIPPluginJar : add dma3
2025-08-14 22:43:50,298 [INFO] IPUIPlugin:80 - create IPUIPlugin
2025-08-14 22:43:50,298 [INFO] PluginManager:220 - loadIPPluginJar : add extmemmanager
2025-08-14 22:43:50,299 [INFO] IPUIPlugin:80 - create IPUIPlugin
2025-08-14 22:43:50,300 [INFO] PluginManager:220 - loadIPPluginJar : add fatfs
2025-08-14 22:43:50,305 [INFO] IPUIPlugin:80 - create IPUIPlugin
2025-08-14 22:43:50,305 [INFO] PluginManager:220 - loadIPPluginJar : add fmc
2025-08-14 22:43:50,312 [INFO] IPUIPlugin:80 - create IPUIPlugin
2025-08-14 22:43:50,312 [INFO] PluginManager:220 - loadIPPluginJar : add freertos
2025-08-14 22:43:50,314 [INFO] IPUIPlugin:80 - create IPUIPlugin
2025-08-14 22:43:50,314 [INFO] PluginManager:220 - loadIPPluginJar : add genericplugin
2025-08-14 22:43:50,317 [INFO] IPUIPlugin:80 - create IPUIPlugin
2025-08-14 22:43:50,317 [INFO] PluginManager:220 - loadIPPluginJar : add gfxmmu
2025-08-14 22:43:50,323 [INFO] IPUIPlugin:80 - create IPUIPlugin
2025-08-14 22:43:50,323 [INFO] PluginManager:220 - loadIPPluginJar : add gic
2025-08-14 22:43:50,328 [INFO] IPUIPlugin:80 - create IPUIPlugin
2025-08-14 22:43:50,328 [INFO] PluginManager:220 - loadIPPluginJar : add gpio
2025-08-14 22:43:50,331 [INFO] IPUIPlugin:80 - create IPUIPlugin
2025-08-14 22:43:50,331 [INFO] PluginManager:220 - loadIPPluginJar : add gtzc
2025-08-14 22:43:50,333 [INFO] IPUIPlugin:80 - create IPUIPlugin
2025-08-14 22:43:50,333 [INFO] PluginManager:220 - loadIPPluginJar : add hash
2025-08-14 22:43:50,336 [INFO] IPUIPlugin:80 - create IPUIPlugin
2025-08-14 22:43:50,337 [INFO] PluginManager:220 - loadIPPluginJar : add i2c
2025-08-14 22:43:50,339 [INFO] IPUIPlugin:80 - create IPUIPlugin
2025-08-14 22:43:50,339 [INFO] PluginManager:220 - loadIPPluginJar : add i2s
2025-08-14 22:43:50,343 [INFO] IPUIPlugin:80 - create IPUIPlugin
2025-08-14 22:43:50,343 [INFO] PluginManager:220 - loadIPPluginJar : add i3c
2025-08-14 22:43:50,346 [INFO] IPUIPlugin:80 - create IPUIPlugin
2025-08-14 22:43:50,346 [INFO] PluginManager:220 - loadIPPluginJar : add ipddr
2025-08-14 22:43:50,353 [INFO] IPUIPlugin:80 - create IPUIPlugin
2025-08-14 22:43:50,353 [INFO] PluginManager:220 - loadIPPluginJar : add linkedlist
2025-08-14 22:43:50,356 [INFO] IPUIPlugin:80 - create IPUIPlugin
2025-08-14 22:43:50,357 [INFO] PluginManager:220 - loadIPPluginJar : add lorawan
2025-08-14 22:43:50,359 [INFO] IPUIPlugin:80 - create IPUIPlugin
2025-08-14 22:43:50,359 [INFO] PluginManager:220 - loadIPPluginJar : add ltdc
2025-08-14 22:43:50,364 [INFO] IPUIPlugin:80 - create IPUIPlugin
2025-08-14 22:43:50,364 [INFO] PluginManager:220 - loadIPPluginJar : add mdma
2025-08-14 22:43:50,368 [INFO] IPUIPlugin:80 - create IPUIPlugin
2025-08-14 22:43:50,369 [INFO] PluginManager:220 - loadIPPluginJar : add nvic
2025-08-14 22:43:50,372 [INFO] IPUIPlugin:80 - create IPUIPlugin
2025-08-14 22:43:50,372 [INFO] PluginManager:220 - loadIPPluginJar : add opamp
2025-08-14 22:43:50,376 [INFO] IPUIPlugin:80 - create IPUIPlugin
2025-08-14 22:43:50,376 [INFO] PluginManager:220 - loadIPPluginJar : add openamp
2025-08-14 22:43:50,379 [INFO] IPUIPlugin:80 - create IPUIPlugin
2025-08-14 22:43:50,380 [INFO] PluginManager:220 - loadIPPluginJar : add pdm2pcm
2025-08-14 22:43:50,387 [INFO] IPUIPlugin:80 - create IPUIPlugin
2025-08-14 22:43:50,390 [INFO] PluginManager:220 - loadIPPluginJar : add plateformsettings
2025-08-14 22:43:50,392 [INFO] IPUIPlugin:80 - create IPUIPlugin
2025-08-14 22:43:50,392 [INFO] PluginManager:220 - loadIPPluginJar : add quadspi
2025-08-14 22:43:50,393 [INFO] IPUIPlugin:80 - create IPUIPlugin
2025-08-14 22:43:50,394 [INFO] PluginManager:220 - loadIPPluginJar : add radio
2025-08-14 22:43:50,399 [INFO] IPUIPlugin:80 - create IPUIPlugin
2025-08-14 22:43:50,399 [INFO] PluginManager:220 - loadIPPluginJar : add resmgrutility
2025-08-14 22:43:50,403 [INFO] IPUIPlugin:80 - create IPUIPlugin
2025-08-14 22:43:50,403 [INFO] PluginManager:220 - loadIPPluginJar : add sai
2025-08-14 22:43:50,406 [INFO] IPUIPlugin:80 - create IPUIPlugin
2025-08-14 22:43:50,406 [INFO] PluginManager:220 - loadIPPluginJar : add spi
2025-08-14 22:43:50,412 [INFO] IPUIPlugin:80 - create IPUIPlugin
2025-08-14 22:43:50,412 [INFO] PluginManager:220 - loadIPPluginJar : add stm32_wpan
2025-08-14 22:43:50,414 [INFO] IPUIPlugin:80 - create IPUIPlugin
2025-08-14 22:43:50,414 [INFO] PluginManager:220 - loadIPPluginJar : add tim
2025-08-14 22:43:50,419 [INFO] IPUIPlugin:80 - create IPUIPlugin
2025-08-14 22:43:50,419 [INFO] PluginManager:220 - loadIPPluginJar : add touchsensing
2025-08-14 22:43:50,421 [INFO] IPUIPlugin:80 - create IPUIPlugin
2025-08-14 22:43:50,421 [INFO] PluginManager:220 - loadIPPluginJar : add tracer_emb
2025-08-14 22:43:50,423 [INFO] IPUIPlugin:80 - create IPUIPlugin
2025-08-14 22:43:50,423 [INFO] PluginManager:220 - loadIPPluginJar : add ts
2025-08-14 22:43:50,425 [INFO] IPUIPlugin:80 - create IPUIPlugin
2025-08-14 22:43:50,425 [INFO] PluginManager:220 - loadIPPluginJar : add tsc
2025-08-14 22:43:50,428 [INFO] IPUIPlugin:80 - create IPUIPlugin
2025-08-14 22:43:50,428 [INFO] PluginManager:220 - loadIPPluginJar : add ucpd
2025-08-14 22:43:50,431 [INFO] IPUIPlugin:80 - create IPUIPlugin
2025-08-14 22:43:50,432 [INFO] PluginManager:220 - loadIPPluginJar : add usart
2025-08-14 22:43:50,435 [INFO] IPUIPlugin:80 - create IPUIPlugin
2025-08-14 22:43:50,435 [INFO] PluginManager:220 - loadIPPluginJar : add usbx
2025-08-14 22:43:50,561 [FATAL] Updater:351 - Updater called before beeing initialized
2025-08-14 22:43:50,589 [INFO] RulesReader:64 - Compatibility file has been processed (317 Rules)
2025-08-14 22:43:50,599 [INFO] RulesReader:64 - Compatibility file has been processed (317 Rules)
2025-08-14 22:43:50,608 [INFO] CADModel:165 - CPN selected for project level
2025-08-14 22:43:50,608 [INFO] CADModel:114 - Register for checkConnection events
2025-08-14 22:43:50,608 [FATAL] Updater:351 - Updater called before beeing initialized
2025-08-14 22:43:50,609 [ERROR] CADModel:125 - Updater not yet initialized, retry later 
2025-08-14 22:43:50,738 [FATAL] Updater:351 - Updater called before beeing initialized
2025-08-14 22:43:50,740 [INFO] CADModel:165 - CPN selected for project level
2025-08-14 22:43:50,740 [INFO] CADModel:114 - Register for checkConnection events
2025-08-14 22:43:50,740 [FATAL] Updater:351 - Updater called before beeing initialized
2025-08-14 22:43:50,740 [ERROR] CADModel:125 - Updater not yet initialized, retry later 
2025-08-14 22:43:50,742 [FATAL] Updater:351 - Updater called before beeing initialized
2025-08-14 22:43:50,823 [FATAL] Updater:351 - Updater called before beeing initialized
2025-08-14 22:43:50,825 [INFO] DbMcusAds:53 - JSON generation date=Tue Jul 08 13:44:23 IST 2025 (1751962463582)
2025-08-14 22:43:50,825 [FATAL] Updater:351 - Updater called before beeing initialized
2025-08-14 22:43:50,848 [WARN] DetailPanel:346 - Failed to get advertising image, set to default
2025-08-14 22:43:50,940 [FATAL] Updater:351 - Updater called before beeing initialized
2025-08-14 22:43:50,940 [FATAL] Updater:351 - Updater called before beeing initialized
2025-08-14 22:43:50,940 [FATAL] Updater:351 - Updater called before beeing initialized
2025-08-14 22:43:50,940 [WARN] DetailPanel:346 - Failed to get advertising image, set to default
2025-08-14 22:43:50,940 [FATAL] Updater:351 - Updater called before beeing initialized
2025-08-14 22:43:50,973 [ERROR] Updater:1198 - MainUpdater not yet initialized. External WinMGr cannot be set.
2025-08-14 22:43:50,985 [INFO] Updater:1134 - Updater Version found : 6.15.0
2025-08-14 22:43:51,000 [INFO] ApplicationProperties:184 - Using Application install path: C:\ST\STM32CubeIDE_1.19.0\STM32CubeIDE\plugins\com.st.stm32cube.common.mx_6.15.0.202507011659
2025-08-14 22:43:52,603 [ERROR] LogOutputStream:75 - [STDERR_REDIRECT] Aug 14, 2025 10:43:52 PM java.util.prefs.WindowsPreferences <init>
2025-08-14 22:43:52,612 [ERROR] LogOutputStream:75 - [STDERR_REDIRECT] WARNING: Could not open/create prefs root node Software\JavaSoft\Prefs at root 0xffffffff80000002. Windows RegCreateKeyEx(...) returned error code 5.
2025-08-14 22:43:52,612 [ERROR] LogOutputStream:75 - [STDERR_REDIRECT] 
2025-08-14 22:43:52,730 [INFO] ThirdPartyUpdaterWithRetryManager:70 - Updater plugin not ready yet. [2/15]
2025-08-14 22:43:52,969 [INFO] MainUpdater:2872 - connection check result : 10
2025-08-14 22:43:52,969 [INFO] MainUpdater:289 - Updater Check For Update Now.
2025-08-14 22:43:52,969 [INFO] MicroXplorer:498 - Change Database Version : DB.6.0.150
2025-08-14 22:43:52,979 [INFO] McuFinderGlobals:63 - Set McuFinder mode to 2 (CubeIDE integrated)
2025-08-14 22:43:52,979 [INFO] UserAuth:171 - activating auth plugin
2025-08-14 22:43:52,982 [INFO] UserAuth:487 - Internet connection configuration mode: 1
2025-08-14 22:43:53,025 [INFO] JxBrowserEngine:152 - Initiate JxBrowser Engine with user profile folder
2025-08-14 22:43:53,177 [INFO] CheckServerUpdateThread:120 - End of CheckServer Thread
2025-08-14 22:43:54,436 [INFO] WebApp:169 - Instantiating new browser for Auth
2025-08-14 22:43:55,108 [INFO] WebApp:463 - Apply proxy settings
2025-08-14 22:43:55,108 [INFO] WebApp:548 - Chromium requires no authentication
2025-08-14 22:43:55,132 [INFO] WebApp:491 - Direct internet connection detected
2025-08-14 22:43:55,143 [INFO] WebApp:900 - Register for checkConnection events
2025-08-14 22:43:55,143 [INFO] WebApp:463 - Apply proxy settings
2025-08-14 22:43:55,143 [INFO] WebApp:548 - Chromium requires no authentication
2025-08-14 22:43:55,158 [INFO] WebApp:491 - Direct internet connection detected
2025-08-14 22:43:55,357 [INFO] WebApp:225 - Starting web application
2025-08-14 22:43:55,357 [INFO] WebApp:593 - Web application path used C:\ST\STM32CubeIDE_1.19.0\STM32CubeIDE\plugins\com.st.stm32cube.common.mx_6.15.0.202507011659\db\plugins\mcufinder\reactClient1\index.html
2025-08-14 22:43:55,544 [INFO] WebApp:191 - Connection restablished
2025-08-14 22:43:56,170 [ERROR] LogOutputStream:75 - [STDERR_REDIRECT] [Fatal Error] :1:1: Premature end of file.
2025-08-14 22:43:56,171 [ERROR] LogOutputStream:75 - [STDERR_REDIRECT] 
2025-08-14 22:43:56,191 [WARN] PackLoader:240 - Cannot read IP mode file for STMicroelectronics.FP-SNS-MOTENVWB1.1.4.0
2025-08-14 22:43:56,216 [WARN] PackLoader:240 - Cannot read IP mode file for STMicroelectronics.FP-ATR-ASTRA1.2.0.2
2025-08-14 22:43:56,234 [WARN] PackLoader:240 - Cannot read IP mode file for STMicroelectronics.FP-SNS-STBOX1.2.1.0
2025-08-14 22:43:56,248 [WARN] PackLoader:240 - Cannot read IP mode file for STMicroelectronics.FP-SNS-SMARTAG2.1.2.0
2025-08-14 22:43:56,254 [WARN] PackLoader:240 - Cannot read IP mode file for STMicroelectronics.FP-SNS-FLIGHT1.5.1.0
2025-08-14 22:43:56,264 [WARN] PackLoader:240 - Cannot read IP mode file for STMicroelectronics.FP-SNS-MOTENV1.5.0.0
2025-08-14 22:43:56,272 [WARN] PackLoader:240 - Cannot read IP mode file for STMicroelectronics.FP-ATR-SIGFOX1.3.2.0
2025-08-14 22:43:56,281 [WARN] PackLoader:240 - Cannot read IP mode file for STMicroelectronics.X-CUBE-AI.10.2.0
2025-08-14 22:43:56,290 [WARN] PackLoader:240 - Cannot read IP mode file for STMicroelectronics.FP-SNS-STAIOTCFT.1.0.0
2025-08-14 22:43:56,298 [WARN] PackLoader:240 - Cannot read IP mode file for STMicroelectronics.X-CUBE-ALS.1.0.2
2025-08-14 22:43:56,299 [INFO] ThirdParty:978 - Integrity check success = true
2025-08-14 22:43:56,299 [INFO] IntegrityCheckThread:100 - exiting critical section [integrity check]
2025-08-14 22:43:56,299 [INFO] IntegrityCheckThread:103 - End integrity checks thread
2025-08-14 22:43:56,604 [ERROR] LogOutputStream:75 - [STDERR_REDIRECT] [Fatal Error] :1:1: Premature end of file.
2025-08-14 22:43:56,604 [ERROR] LogOutputStream:75 - [STDERR_REDIRECT] 
2025-08-14 22:43:57,597 [ERROR] LogOutputStream:75 - [STDERR_REDIRECT] [Fatal Error] :1:1: Premature end of file.
2025-08-14 22:43:57,597 [ERROR] LogOutputStream:75 - [STDERR_REDIRECT] 
2025-08-14 22:43:58,608 [ERROR] LogOutputStream:75 - [STDERR_REDIRECT] [Fatal Error] :1:1: Premature end of file.
2025-08-14 22:43:58,608 [ERROR] LogOutputStream:75 - [STDERR_REDIRECT] 
2025-08-14 22:43:59,606 [ERROR] LogOutputStream:75 - [STDERR_REDIRECT] [Fatal Error] :1:1: Premature end of file.
2025-08-14 22:43:59,607 [ERROR] LogOutputStream:75 - [STDERR_REDIRECT] 
2025-08-14 22:44:00,617 [ERROR] LogOutputStream:75 - [STDERR_REDIRECT] [Fatal Error] :1:1: Premature end of file.
2025-08-14 22:44:00,617 [ERROR] LogOutputStream:75 - [STDERR_REDIRECT] 
2025-08-14 22:44:01,599 [ERROR] LogOutputStream:75 - [STDERR_REDIRECT] [Fatal Error] :1:1: Premature end of file.
2025-08-14 22:44:01,599 [ERROR] LogOutputStream:75 - [STDERR_REDIRECT] 
2025-08-14 22:44:02,613 [ERROR] LogOutputStream:75 - [STDERR_REDIRECT] [Fatal Error] :1:1: Premature end of file.
2025-08-14 22:44:02,613 [ERROR] LogOutputStream:75 - [STDERR_REDIRECT] 
2025-08-14 22:44:03,598 [ERROR] LogOutputStream:75 - [STDERR_REDIRECT] [Fatal Error] :1:1: Premature end of file.
2025-08-14 22:44:03,598 [ERROR] LogOutputStream:75 - [STDERR_REDIRECT] 
2025-08-14 22:44:04,601 [ERROR] LogOutputStream:75 - [STDERR_REDIRECT] [Fatal Error] :1:1: Premature end of file.
2025-08-14 22:44:04,601 [ERROR] LogOutputStream:75 - [STDERR_REDIRECT] 
2025-08-14 22:44:05,598 [ERROR] LogOutputStream:75 - [STDERR_REDIRECT] [Fatal Error] :1:1: Premature end of file.
2025-08-14 22:44:05,598 [ERROR] LogOutputStream:75 - [STDERR_REDIRECT] 
2025-08-14 22:44:06,601 [ERROR] LogOutputStream:75 - [STDERR_REDIRECT] [Fatal Error] :1:1: Premature end of file.
2025-08-14 22:44:06,601 [ERROR] LogOutputStream:75 - [STDERR_REDIRECT] 
2025-08-14 22:44:07,601 [ERROR] LogOutputStream:75 - [STDERR_REDIRECT] [Fatal Error] :1:1: Premature end of file.
2025-08-14 22:44:07,601 [ERROR] LogOutputStream:75 - [STDERR_REDIRECT] 
2025-08-14 22:44:08,600 [ERROR] LogOutputStream:75 - [STDERR_REDIRECT] [Fatal Error] :1:1: Premature end of file.
2025-08-14 22:44:08,600 [ERROR] LogOutputStream:75 - [STDERR_REDIRECT] 
2025-08-14 22:44:09,600 [ERROR] LogOutputStream:75 - [STDERR_REDIRECT] [Fatal Error] :1:1: Premature end of file.
2025-08-14 22:44:09,601 [ERROR] LogOutputStream:75 - [STDERR_REDIRECT] 
2025-08-14 22:44:10,599 [ERROR] LogOutputStream:75 - [STDERR_REDIRECT] [Fatal Error] :1:1: Premature end of file.
2025-08-14 22:44:10,599 [ERROR] LogOutputStream:75 - [STDERR_REDIRECT] 
2025-08-14 22:44:11,601 [ERROR] LogOutputStream:75 - [STDERR_REDIRECT] [Fatal Error] :1:1: Premature end of file.
2025-08-14 22:44:11,601 [ERROR] LogOutputStream:75 - [STDERR_REDIRECT] 
2025-08-14 22:44:12,599 [ERROR] LogOutputStream:75 - [STDERR_REDIRECT] [Fatal Error] :1:1: Premature end of file.
2025-08-14 22:44:12,599 [ERROR] LogOutputStream:75 - [STDERR_REDIRECT] 
2025-08-14 22:44:13,602 [ERROR] LogOutputStream:75 - [STDERR_REDIRECT] [Fatal Error] :1:1: Premature end of file.
2025-08-14 22:44:13,603 [ERROR] LogOutputStream:75 - [STDERR_REDIRECT] 
2025-08-14 22:44:14,598 [ERROR] LogOutputStream:75 - [STDERR_REDIRECT] [Fatal Error] :1:1: Premature end of file.
2025-08-14 22:44:14,598 [ERROR] LogOutputStream:75 - [STDERR_REDIRECT] 
2025-08-14 22:44:15,599 [ERROR] LogOutputStream:75 - [STDERR_REDIRECT] [Fatal Error] :1:1: Premature end of file.
2025-08-14 22:44:15,599 [ERROR] LogOutputStream:75 - [STDERR_REDIRECT] 
2025-08-14 22:44:16,597 [ERROR] LogOutputStream:75 - [STDERR_REDIRECT] [Fatal Error] :1:1: Premature end of file.
2025-08-14 22:44:16,598 [ERROR] LogOutputStream:75 - [STDERR_REDIRECT] 
2025-08-14 22:44:17,599 [ERROR] LogOutputStream:75 - [STDERR_REDIRECT] [Fatal Error] :1:1: Premature end of file.
2025-08-14 22:44:17,599 [ERROR] LogOutputStream:75 - [STDERR_REDIRECT] 
2025-08-14 22:44:18,614 [ERROR] LogOutputStream:75 - [STDERR_REDIRECT] [Fatal Error] :1:1: Premature end of file.
2025-08-14 22:44:18,614 [ERROR] LogOutputStream:75 - [STDERR_REDIRECT] 
2025-08-14 22:44:19,599 [ERROR] LogOutputStream:75 - [STDERR_REDIRECT] [Fatal Error] :1:1: Premature end of file.
2025-08-14 22:44:19,599 [ERROR] LogOutputStream:75 - [STDERR_REDIRECT] 
2025-08-14 22:44:20,599 [ERROR] LogOutputStream:75 - [STDERR_REDIRECT] [Fatal Error] :1:1: Premature end of file.
2025-08-14 22:44:20,600 [ERROR] LogOutputStream:75 - [STDERR_REDIRECT] 
2025-08-14 22:44:21,594 [ERROR] LogOutputStream:75 - [STDERR_REDIRECT] [Fatal Error] :1:1: Premature end of file.
2025-08-14 22:44:21,594 [ERROR] LogOutputStream:75 - [STDERR_REDIRECT] 
2025-08-14 22:44:22,603 [ERROR] LogOutputStream:75 - [STDERR_REDIRECT] [Fatal Error] :1:1: Premature end of file.
2025-08-14 22:44:22,603 [ERROR] LogOutputStream:75 - [STDERR_REDIRECT] 
2025-08-14 22:44:23,607 [ERROR] LogOutputStream:75 - [STDERR_REDIRECT] [Fatal Error] :1:1: Premature end of file.
2025-08-14 22:44:23,608 [ERROR] LogOutputStream:75 - [STDERR_REDIRECT] 
2025-08-14 22:44:24,598 [ERROR] LogOutputStream:75 - [STDERR_REDIRECT] [Fatal Error] :1:1: Premature end of file.
2025-08-14 22:44:24,602 [ERROR] LogOutputStream:75 - [STDERR_REDIRECT] 
2025-08-14 22:44:25,601 [ERROR] LogOutputStream:75 - [STDERR_REDIRECT] [Fatal Error] :1:1: Premature end of file.
2025-08-14 22:44:25,601 [ERROR] LogOutputStream:75 - [STDERR_REDIRECT] 
2025-08-14 22:44:26,599 [ERROR] LogOutputStream:75 - [STDERR_REDIRECT] [Fatal Error] :1:1: Premature end of file.
2025-08-14 22:44:26,600 [ERROR] LogOutputStream:75 - [STDERR_REDIRECT] 
2025-08-14 22:44:27,600 [ERROR] LogOutputStream:75 - [STDERR_REDIRECT] [Fatal Error] :1:1: Premature end of file.
2025-08-14 22:44:27,600 [ERROR] LogOutputStream:75 - [STDERR_REDIRECT] 
2025-08-14 22:44:28,593 [ERROR] LogOutputStream:75 - [STDERR_REDIRECT] [Fatal Error] :1:1: Premature end of file.
2025-08-14 22:44:28,593 [ERROR] LogOutputStream:75 - [STDERR_REDIRECT] 
2025-08-14 22:44:29,611 [ERROR] LogOutputStream:75 - [STDERR_REDIRECT] [Fatal Error] :1:1: Premature end of file.
2025-08-14 22:44:29,611 [ERROR] LogOutputStream:75 - [STDERR_REDIRECT] 
2025-08-14 22:44:30,598 [ERROR] LogOutputStream:75 - [STDERR_REDIRECT] [Fatal Error] :1:1: Premature end of file.
2025-08-14 22:44:30,598 [ERROR] LogOutputStream:75 - [STDERR_REDIRECT] 
2025-08-14 22:44:31,603 [ERROR] LogOutputStream:75 - [STDERR_REDIRECT] [Fatal Error] :1:1: Premature end of file.
2025-08-14 22:44:31,603 [ERROR] LogOutputStream:75 - [STDERR_REDIRECT] 
2025-08-14 22:44:32,596 [ERROR] LogOutputStream:75 - [STDERR_REDIRECT] [Fatal Error] :1:1: Premature end of file.
2025-08-14 22:44:32,604 [ERROR] LogOutputStream:75 - [STDERR_REDIRECT] 
2025-08-14 22:44:33,598 [ERROR] LogOutputStream:75 - [STDERR_REDIRECT] [Fatal Error] :1:1: Premature end of file.
2025-08-14 22:44:33,598 [ERROR] LogOutputStream:75 - [STDERR_REDIRECT] 
2025-08-14 22:44:34,601 [ERROR] LogOutputStream:75 - [STDERR_REDIRECT] [Fatal Error] :1:1: Premature end of file.
2025-08-14 22:44:34,602 [ERROR] LogOutputStream:75 - [STDERR_REDIRECT] 
2025-08-14 22:44:35,593 [ERROR] LogOutputStream:75 - [STDERR_REDIRECT] [Fatal Error] :1:1: Premature end of file.
2025-08-14 22:44:35,593 [ERROR] LogOutputStream:75 - [STDERR_REDIRECT] 
2025-08-14 22:44:36,615 [ERROR] LogOutputStream:75 - [STDERR_REDIRECT] [Fatal Error] :1:1: Premature end of file.
2025-08-14 22:44:36,615 [ERROR] LogOutputStream:75 - [STDERR_REDIRECT] 
2025-08-14 22:44:37,593 [ERROR] LogOutputStream:75 - [STDERR_REDIRECT] [Fatal Error] :1:1: Premature end of file.
2025-08-14 22:44:37,593 [ERROR] LogOutputStream:75 - [STDERR_REDIRECT] 
2025-08-14 22:44:38,610 [ERROR] LogOutputStream:75 - [STDERR_REDIRECT] [Fatal Error] :1:1: Premature end of file.
2025-08-14 22:44:38,610 [ERROR] LogOutputStream:75 - [STDERR_REDIRECT] 
2025-08-14 22:44:39,602 [ERROR] LogOutputStream:75 - [STDERR_REDIRECT] [Fatal Error] :1:1: Premature end of file.
2025-08-14 22:44:39,602 [ERROR] LogOutputStream:75 - [STDERR_REDIRECT] 
2025-08-14 22:44:40,615 [ERROR] LogOutputStream:75 - [STDERR_REDIRECT] [Fatal Error] :1:1: Premature end of file.
2025-08-14 22:44:40,615 [ERROR] LogOutputStream:75 - [STDERR_REDIRECT] 
2025-08-14 22:44:41,601 [ERROR] LogOutputStream:75 - [STDERR_REDIRECT] [Fatal Error] :1:1: Premature end of file.
2025-08-14 22:44:41,601 [ERROR] LogOutputStream:75 - [STDERR_REDIRECT] 
2025-08-14 22:44:42,601 [ERROR] LogOutputStream:75 - [STDERR_REDIRECT] [Fatal Error] :1:1: Premature end of file.
2025-08-14 22:44:42,601 [ERROR] LogOutputStream:75 - [STDERR_REDIRECT] 
2025-08-14 22:44:43,601 [ERROR] LogOutputStream:75 - [STDERR_REDIRECT] [Fatal Error] :1:1: Premature end of file.
2025-08-14 22:44:43,602 [ERROR] LogOutputStream:75 - [STDERR_REDIRECT] 
2025-08-14 22:44:44,598 [ERROR] LogOutputStream:75 - [STDERR_REDIRECT] [Fatal Error] :1:1: Premature end of file.
2025-08-14 22:44:44,599 [ERROR] LogOutputStream:75 - [STDERR_REDIRECT] 
2025-08-14 22:44:45,594 [ERROR] LogOutputStream:75 - [STDERR_REDIRECT] [Fatal Error] :1:1: Premature end of file.
2025-08-14 22:44:45,601 [ERROR] LogOutputStream:75 - [STDERR_REDIRECT] 
2025-08-14 22:44:46,602 [ERROR] LogOutputStream:75 - [STDERR_REDIRECT] [Fatal Error] :1:1: Premature end of file.
2025-08-14 22:44:46,602 [ERROR] LogOutputStream:75 - [STDERR_REDIRECT] 
2025-08-14 22:44:47,602 [ERROR] LogOutputStream:75 - [STDERR_REDIRECT] [Fatal Error] :1:1: Premature end of file.
2025-08-14 22:44:47,602 [ERROR] LogOutputStream:75 - [STDERR_REDIRECT] 
2025-08-14 22:44:48,593 [ERROR] LogOutputStream:75 - [STDERR_REDIRECT] [Fatal Error] :1:1: Premature end of file.
2025-08-14 22:44:48,593 [ERROR] LogOutputStream:75 - [STDERR_REDIRECT] 
2025-08-14 22:44:49,601 [ERROR] LogOutputStream:75 - [STDERR_REDIRECT] [Fatal Error] :1:1: Premature end of file.
2025-08-14 22:44:49,601 [ERROR] LogOutputStream:75 - [STDERR_REDIRECT] 
2025-08-14 22:44:50,593 [ERROR] LogOutputStream:75 - [STDERR_REDIRECT] [Fatal Error] :1:1: Premature end of file.
2025-08-14 22:44:50,593 [ERROR] LogOutputStream:75 - [STDERR_REDIRECT] 
2025-08-14 22:44:51,603 [ERROR] LogOutputStream:75 - [STDERR_REDIRECT] [Fatal Error] :1:1: Premature end of file.
2025-08-14 22:44:51,603 [ERROR] LogOutputStream:75 - [STDERR_REDIRECT] 
2025-08-14 22:44:52,601 [ERROR] LogOutputStream:75 - [STDERR_REDIRECT] [Fatal Error] :1:1: Premature end of file.
2025-08-14 22:44:52,601 [ERROR] LogOutputStream:75 - [STDERR_REDIRECT] 
2025-08-14 22:44:53,600 [ERROR] LogOutputStream:75 - [STDERR_REDIRECT] [Fatal Error] :1:1: Premature end of file.
2025-08-14 22:44:53,600 [ERROR] LogOutputStream:75 - [STDERR_REDIRECT] 
2025-08-14 22:44:54,601 [ERROR] LogOutputStream:75 - [STDERR_REDIRECT] [Fatal Error] :1:1: Premature end of file.
2025-08-14 22:44:54,601 [ERROR] LogOutputStream:75 - [STDERR_REDIRECT] 
2025-08-14 22:44:55,598 [ERROR] LogOutputStream:75 - [STDERR_REDIRECT] [Fatal Error] :1:1: Premature end of file.
2025-08-14 22:44:55,598 [ERROR] LogOutputStream:75 - [STDERR_REDIRECT] 
2025-08-14 22:44:56,605 [ERROR] LogOutputStream:75 - [STDERR_REDIRECT] [Fatal Error] :1:1: Premature end of file.
2025-08-14 22:44:56,606 [ERROR] LogOutputStream:75 - [STDERR_REDIRECT] 
2025-08-14 22:44:57,600 [ERROR] LogOutputStream:75 - [STDERR_REDIRECT] [Fatal Error] :1:1: Premature end of file.
2025-08-14 22:44:57,600 [ERROR] LogOutputStream:75 - [STDERR_REDIRECT] 
2025-08-14 22:44:58,607 [ERROR] LogOutputStream:75 - [STDERR_REDIRECT] [Fatal Error] :1:1: Premature end of file.
2025-08-14 22:44:58,607 [ERROR] LogOutputStream:75 - [STDERR_REDIRECT] 
2025-08-14 22:44:59,607 [ERROR] LogOutputStream:75 - [STDERR_REDIRECT] [Fatal Error] :1:1: Premature end of file.
2025-08-14 22:44:59,607 [ERROR] LogOutputStream:75 - [STDERR_REDIRECT] 
2025-08-14 22:45:00,603 [ERROR] LogOutputStream:75 - [STDERR_REDIRECT] [Fatal Error] :1:1: Premature end of file.
2025-08-14 22:45:00,603 [ERROR] LogOutputStream:75 - [STDERR_REDIRECT] 
2025-08-14 22:45:01,610 [ERROR] LogOutputStream:75 - [STDERR_REDIRECT] [Fatal Error] :1:1: Premature end of file.
2025-08-14 22:45:01,610 [ERROR] LogOutputStream:75 - [STDERR_REDIRECT] 
2025-08-14 22:45:02,602 [ERROR] LogOutputStream:75 - [STDERR_REDIRECT] [Fatal Error] :1:1: Premature end of file.
2025-08-14 22:45:02,602 [ERROR] LogOutputStream:75 - [STDERR_REDIRECT] 
2025-08-14 22:45:03,604 [ERROR] LogOutputStream:75 - [STDERR_REDIRECT] [Fatal Error] :1:1: Premature end of file.
2025-08-14 22:45:03,604 [ERROR] LogOutputStream:75 - [STDERR_REDIRECT] 
2025-08-14 22:45:04,607 [ERROR] LogOutputStream:75 - [STDERR_REDIRECT] [Fatal Error] :1:1: Premature end of file.
2025-08-14 22:45:04,607 [ERROR] LogOutputStream:75 - [STDERR_REDIRECT] 
2025-08-14 22:45:05,598 [ERROR] LogOutputStream:75 - [STDERR_REDIRECT] [Fatal Error] :1:1: Premature end of file.
2025-08-14 22:45:05,598 [ERROR] LogOutputStream:75 - [STDERR_REDIRECT] 
2025-08-14 22:45:06,607 [ERROR] LogOutputStream:75 - [STDERR_REDIRECT] [Fatal Error] :1:1: Premature end of file.
2025-08-14 22:45:06,607 [ERROR] LogOutputStream:75 - [STDERR_REDIRECT] 
2025-08-14 22:45:07,607 [ERROR] LogOutputStream:75 - [STDERR_REDIRECT] [Fatal Error] :1:1: Premature end of file.
2025-08-14 22:45:07,607 [ERROR] LogOutputStream:75 - [STDERR_REDIRECT] 
2025-08-14 22:45:08,598 [ERROR] LogOutputStream:75 - [STDERR_REDIRECT] [Fatal Error] :1:1: Premature end of file.
2025-08-14 22:45:08,598 [ERROR] LogOutputStream:75 - [STDERR_REDIRECT] 
2025-08-14 22:45:09,595 [ERROR] LogOutputStream:75 - [STDERR_REDIRECT] [Fatal Error] :1:1: Premature end of file.
2025-08-14 22:45:09,595 [ERROR] LogOutputStream:75 - [STDERR_REDIRECT] 
2025-08-14 22:45:10,609 [ERROR] LogOutputStream:75 - [STDERR_REDIRECT] [Fatal Error] :1:1: Premature end of file.
2025-08-14 22:45:10,609 [ERROR] LogOutputStream:75 - [STDERR_REDIRECT] 
2025-08-14 22:45:11,615 [ERROR] LogOutputStream:75 - [STDERR_REDIRECT] [Fatal Error] :1:1: Premature end of file.
2025-08-14 22:45:11,615 [ERROR] LogOutputStream:75 - [STDERR_REDIRECT] 
2025-08-14 22:45:12,598 [ERROR] LogOutputStream:75 - [STDERR_REDIRECT] [Fatal Error] :1:1: Premature end of file.
2025-08-14 22:45:12,598 [ERROR] LogOutputStream:75 - [STDERR_REDIRECT] 
2025-08-14 22:45:13,604 [ERROR] LogOutputStream:75 - [STDERR_REDIRECT] [Fatal Error] :1:1: Premature end of file.
2025-08-14 22:45:13,604 [ERROR] LogOutputStream:75 - [STDERR_REDIRECT] 
2025-08-14 22:45:14,600 [ERROR] LogOutputStream:75 - [STDERR_REDIRECT] [Fatal Error] :1:1: Premature end of file.
2025-08-14 22:45:14,600 [ERROR] LogOutputStream:75 - [STDERR_REDIRECT] 
2025-08-14 22:45:15,599 [ERROR] LogOutputStream:75 - [STDERR_REDIRECT] [Fatal Error] :1:1: Premature end of file.
2025-08-14 22:45:15,599 [ERROR] LogOutputStream:75 - [STDERR_REDIRECT] 
2025-08-14 22:45:16,600 [ERROR] LogOutputStream:75 - [STDERR_REDIRECT] [Fatal Error] :1:1: Premature end of file.
2025-08-14 22:45:16,600 [ERROR] LogOutputStream:75 - [STDERR_REDIRECT] 
2025-08-14 22:45:17,598 [ERROR] LogOutputStream:75 - [STDERR_REDIRECT] [Fatal Error] :1:1: Premature end of file.
2025-08-14 22:45:17,598 [ERROR] LogOutputStream:75 - [STDERR_REDIRECT] 
2025-08-14 22:45:18,596 [ERROR] LogOutputStream:75 - [STDERR_REDIRECT] [Fatal Error] :1:1: Premature end of file.
2025-08-14 22:45:18,596 [ERROR] LogOutputStream:75 - [STDERR_REDIRECT] 
2025-08-14 22:45:19,601 [ERROR] LogOutputStream:75 - [STDERR_REDIRECT] [Fatal Error] :1:1: Premature end of file.
2025-08-14 22:45:19,601 [ERROR] LogOutputStream:75 - [STDERR_REDIRECT] 
2025-08-14 22:45:20,598 [ERROR] LogOutputStream:75 - [STDERR_REDIRECT] [Fatal Error] :1:1: Premature end of file.
2025-08-14 22:45:20,598 [ERROR] LogOutputStream:75 - [STDERR_REDIRECT] 
2025-08-14 22:45:21,595 [ERROR] LogOutputStream:75 - [STDERR_REDIRECT] [Fatal Error] :1:1: Premature end of file.
2025-08-14 22:45:21,595 [ERROR] LogOutputStream:75 - [STDERR_REDIRECT] 
2025-08-14 22:45:22,596 [ERROR] LogOutputStream:75 - [STDERR_REDIRECT] [Fatal Error] :1:1: Premature end of file.
2025-08-14 22:45:22,596 [ERROR] LogOutputStream:75 - [STDERR_REDIRECT] 
2025-08-14 22:45:23,609 [ERROR] LogOutputStream:75 - [STDERR_REDIRECT] [Fatal Error] :1:1: Premature end of file.
2025-08-14 22:45:23,609 [ERROR] LogOutputStream:75 - [STDERR_REDIRECT] 
2025-08-14 22:45:24,608 [ERROR] LogOutputStream:75 - [STDERR_REDIRECT] [Fatal Error] :1:1: Premature end of file.
2025-08-14 22:45:24,608 [ERROR] LogOutputStream:75 - [STDERR_REDIRECT] 
2025-08-14 22:45:25,600 [ERROR] LogOutputStream:75 - [STDERR_REDIRECT] [Fatal Error] :1:1: Premature end of file.
2025-08-14 22:45:25,600 [ERROR] LogOutputStream:75 - [STDERR_REDIRECT] 
2025-08-14 22:45:26,595 [ERROR] LogOutputStream:75 - [STDERR_REDIRECT] [Fatal Error] :1:1: Premature end of file.
2025-08-14 22:45:26,595 [ERROR] LogOutputStream:75 - [STDERR_REDIRECT] 
2025-08-14 22:45:27,602 [ERROR] LogOutputStream:75 - [STDERR_REDIRECT] [Fatal Error] :1:1: Premature end of file.
2025-08-14 22:45:27,602 [ERROR] LogOutputStream:75 - [STDERR_REDIRECT] 
2025-08-14 22:45:28,598 [ERROR] LogOutputStream:75 - [STDERR_REDIRECT] [Fatal Error] :1:1: Premature end of file.
2025-08-14 22:45:28,605 [ERROR] LogOutputStream:75 - [STDERR_REDIRECT] 
2025-08-14 22:45:29,608 [ERROR] LogOutputStream:75 - [STDERR_REDIRECT] [Fatal Error] :1:1: Premature end of file.
2025-08-14 22:45:29,608 [ERROR] LogOutputStream:75 - [STDERR_REDIRECT] 
2025-08-14 22:45:30,606 [ERROR] LogOutputStream:75 - [STDERR_REDIRECT] [Fatal Error] :1:1: Premature end of file.
2025-08-14 22:45:30,606 [ERROR] LogOutputStream:75 - [STDERR_REDIRECT] 
2025-08-14 22:45:31,655 [ERROR] LogOutputStream:75 - [STDERR_REDIRECT] [Fatal Error] :1:1: Premature end of file.
2025-08-14 22:45:31,655 [ERROR] LogOutputStream:75 - [STDERR_REDIRECT] 
2025-08-14 22:45:32,623 [ERROR] LogOutputStream:75 - [STDERR_REDIRECT] [Fatal Error] :1:1: Premature end of file.
2025-08-14 22:45:32,623 [ERROR] LogOutputStream:75 - [STDERR_REDIRECT] 
2025-08-14 22:45:33,606 [ERROR] LogOutputStream:75 - [STDERR_REDIRECT] [Fatal Error] :1:1: Premature end of file.
2025-08-14 22:45:33,606 [ERROR] LogOutputStream:75 - [STDERR_REDIRECT] 
2025-08-14 22:45:34,599 [ERROR] LogOutputStream:75 - [STDERR_REDIRECT] [Fatal Error] :1:1: Premature end of file.
2025-08-14 22:45:34,599 [ERROR] LogOutputStream:75 - [STDERR_REDIRECT] 
2025-08-14 22:45:35,599 [ERROR] LogOutputStream:75 - [STDERR_REDIRECT] [Fatal Error] :1:1: Premature end of file.
2025-08-14 22:45:35,599 [ERROR] LogOutputStream:75 - [STDERR_REDIRECT] 
2025-08-14 22:45:36,606 [ERROR] LogOutputStream:75 - [STDERR_REDIRECT] [Fatal Error] :1:1: Premature end of file.
2025-08-14 22:45:36,606 [ERROR] LogOutputStream:75 - [STDERR_REDIRECT] 
2025-08-14 22:45:37,608 [ERROR] LogOutputStream:75 - [STDERR_REDIRECT] [Fatal Error] :1:1: Premature end of file.
2025-08-14 22:45:37,609 [ERROR] LogOutputStream:75 - [STDERR_REDIRECT] 
2025-08-14 22:45:38,596 [ERROR] LogOutputStream:75 - [STDERR_REDIRECT] [Fatal Error] :1:1: Premature end of file.
2025-08-14 22:45:38,596 [ERROR] LogOutputStream:75 - [STDERR_REDIRECT] 
2025-08-14 22:45:39,599 [ERROR] LogOutputStream:75 - [STDERR_REDIRECT] [Fatal Error] :1:1: Premature end of file.
2025-08-14 22:45:39,599 [ERROR] LogOutputStream:75 - [STDERR_REDIRECT] 
2025-08-14 22:45:40,611 [ERROR] LogOutputStream:75 - [STDERR_REDIRECT] [Fatal Error] :1:1: Premature end of file.
2025-08-14 22:45:40,611 [ERROR] LogOutputStream:75 - [STDERR_REDIRECT] 
2025-08-14 22:45:41,597 [ERROR] LogOutputStream:75 - [STDERR_REDIRECT] [Fatal Error] :1:1: Premature end of file.
2025-08-14 22:45:41,597 [ERROR] LogOutputStream:75 - [STDERR_REDIRECT] 
2025-08-14 22:45:42,604 [ERROR] LogOutputStream:75 - [STDERR_REDIRECT] [Fatal Error] :1:1: Premature end of file.
2025-08-14 22:45:42,604 [ERROR] LogOutputStream:75 - [STDERR_REDIRECT] 
2025-08-14 22:45:43,610 [ERROR] LogOutputStream:75 - [STDERR_REDIRECT] [Fatal Error] :1:1: Premature end of file.
2025-08-14 22:45:43,610 [ERROR] LogOutputStream:75 - [STDERR_REDIRECT] 
2025-08-14 22:45:44,604 [ERROR] LogOutputStream:75 - [STDERR_REDIRECT] [Fatal Error] :1:1: Premature end of file.
2025-08-14 22:45:44,605 [ERROR] LogOutputStream:75 - [STDERR_REDIRECT] 
2025-08-14 22:45:45,606 [ERROR] LogOutputStream:75 - [STDERR_REDIRECT] [Fatal Error] :1:1: Premature end of file.
2025-08-14 22:45:45,606 [ERROR] LogOutputStream:75 - [STDERR_REDIRECT] 
2025-08-14 22:45:46,611 [ERROR] LogOutputStream:75 - [STDERR_REDIRECT] [Fatal Error] :1:1: Premature end of file.
2025-08-14 22:45:46,611 [ERROR] LogOutputStream:75 - [STDERR_REDIRECT] 
2025-08-14 22:45:47,604 [ERROR] LogOutputStream:75 - [STDERR_REDIRECT] [Fatal Error] :1:1: Premature end of file.
2025-08-14 22:45:47,604 [ERROR] LogOutputStream:75 - [STDERR_REDIRECT] 
2025-08-14 22:45:48,603 [ERROR] LogOutputStream:75 - [STDERR_REDIRECT] [Fatal Error] :1:1: Premature end of file.
2025-08-14 22:45:48,603 [ERROR] LogOutputStream:75 - [STDERR_REDIRECT] 
2025-08-14 22:45:49,602 [ERROR] LogOutputStream:75 - [STDERR_REDIRECT] [Fatal Error] :1:1: Premature end of file.
2025-08-14 22:45:49,602 [ERROR] LogOutputStream:75 - [STDERR_REDIRECT] 
2025-08-14 22:45:50,601 [ERROR] LogOutputStream:75 - [STDERR_REDIRECT] [Fatal Error] :1:1: Premature end of file.
2025-08-14 22:45:50,601 [ERROR] LogOutputStream:75 - [STDERR_REDIRECT] 
2025-08-14 22:45:51,600 [ERROR] LogOutputStream:75 - [STDERR_REDIRECT] [Fatal Error] :1:1: Premature end of file.
2025-08-14 22:45:51,600 [ERROR] LogOutputStream:75 - [STDERR_REDIRECT] 
2025-08-14 22:45:52,599 [ERROR] LogOutputStream:75 - [STDERR_REDIRECT] [Fatal Error] :1:1: Premature end of file.
2025-08-14 22:45:52,599 [ERROR] LogOutputStream:75 - [STDERR_REDIRECT] 
2025-08-14 22:45:53,599 [ERROR] LogOutputStream:75 - [STDERR_REDIRECT] [Fatal Error] :1:1: Premature end of file.
2025-08-14 22:45:53,599 [ERROR] LogOutputStream:75 - [STDERR_REDIRECT] 
2025-08-14 22:45:54,601 [ERROR] LogOutputStream:75 - [STDERR_REDIRECT] [Fatal Error] :1:1: Premature end of file.
2025-08-14 22:45:54,601 [ERROR] LogOutputStream:75 - [STDERR_REDIRECT] 
2025-08-14 22:45:55,596 [ERROR] LogOutputStream:75 - [STDERR_REDIRECT] [Fatal Error] :1:1: Premature end of file.
2025-08-14 22:45:55,596 [ERROR] LogOutputStream:75 - [STDERR_REDIRECT] 
2025-08-14 22:45:56,600 [ERROR] LogOutputStream:75 - [STDERR_REDIRECT] [Fatal Error] :1:1: Premature end of file.
2025-08-14 22:45:56,600 [ERROR] LogOutputStream:75 - [STDERR_REDIRECT] 
2025-08-14 22:45:57,594 [ERROR] LogOutputStream:75 - [STDERR_REDIRECT] [Fatal Error] :1:1: Premature end of file.
2025-08-14 22:45:57,594 [ERROR] LogOutputStream:75 - [STDERR_REDIRECT] 
2025-08-14 22:45:58,613 [ERROR] LogOutputStream:75 - [STDERR_REDIRECT] [Fatal Error] :1:1: Premature end of file.
2025-08-14 22:45:58,613 [ERROR] LogOutputStream:75 - [STDERR_REDIRECT] 
2025-08-14 22:45:59,661 [ERROR] LogOutputStream:75 - [STDERR_REDIRECT] [Fatal Error] :1:1: Premature end of file.
2025-08-14 22:45:59,661 [ERROR] LogOutputStream:75 - [STDERR_REDIRECT] 
2025-08-14 22:46:00,608 [ERROR] LogOutputStream:75 - [STDERR_REDIRECT] [Fatal Error] :1:1: Premature end of file.
2025-08-14 22:46:00,608 [ERROR] LogOutputStream:75 - [STDERR_REDIRECT] 
2025-08-14 22:46:01,609 [ERROR] LogOutputStream:75 - [STDERR_REDIRECT] [Fatal Error] :1:1: Premature end of file.
2025-08-14 22:46:01,609 [ERROR] LogOutputStream:75 - [STDERR_REDIRECT] 
2025-08-14 22:46:02,612 [ERROR] LogOutputStream:75 - [STDERR_REDIRECT] [Fatal Error] :1:1: Premature end of file.
2025-08-14 22:46:02,612 [ERROR] LogOutputStream:75 - [STDERR_REDIRECT] 
2025-08-14 22:46:03,612 [ERROR] LogOutputStream:75 - [STDERR_REDIRECT] [Fatal Error] :1:1: Premature end of file.
2025-08-14 22:46:03,612 [ERROR] LogOutputStream:75 - [STDERR_REDIRECT] 
2025-08-14 22:46:04,613 [ERROR] LogOutputStream:75 - [STDERR_REDIRECT] [Fatal Error] :1:1: Premature end of file.
2025-08-14 22:46:04,613 [ERROR] LogOutputStream:75 - [STDERR_REDIRECT] 
2025-08-14 22:46:05,610 [ERROR] LogOutputStream:75 - [STDERR_REDIRECT] [Fatal Error] :1:1: Premature end of file.
2025-08-14 22:46:05,610 [ERROR] LogOutputStream:75 - [STDERR_REDIRECT] 
2025-08-14 22:46:06,603 [ERROR] LogOutputStream:75 - [STDERR_REDIRECT] [Fatal Error] :1:1: Premature end of file.
2025-08-14 22:46:06,603 [ERROR] LogOutputStream:75 - [STDERR_REDIRECT] 
2025-08-14 22:46:07,608 [ERROR] LogOutputStream:75 - [STDERR_REDIRECT] [Fatal Error] :1:1: Premature end of file.
2025-08-14 22:46:07,608 [ERROR] LogOutputStream:75 - [STDERR_REDIRECT] 
2025-08-14 22:46:08,602 [ERROR] LogOutputStream:75 - [STDERR_REDIRECT] [Fatal Error] :1:1: Premature end of file.
2025-08-14 22:46:08,602 [ERROR] LogOutputStream:75 - [STDERR_REDIRECT] 
2025-08-14 22:46:09,605 [ERROR] LogOutputStream:75 - [STDERR_REDIRECT] [Fatal Error] :1:1: Premature end of file.
2025-08-14 22:46:09,605 [ERROR] LogOutputStream:75 - [STDERR_REDIRECT] 
2025-08-14 22:46:10,605 [ERROR] LogOutputStream:75 - [STDERR_REDIRECT] [Fatal Error] :1:1: Premature end of file.
2025-08-14 22:46:10,605 [ERROR] LogOutputStream:75 - [STDERR_REDIRECT] 
2025-08-14 22:46:11,603 [ERROR] LogOutputStream:75 - [STDERR_REDIRECT] [Fatal Error] :1:1: Premature end of file.
2025-08-14 22:46:11,603 [ERROR] LogOutputStream:75 - [STDERR_REDIRECT] 
2025-08-14 22:46:12,603 [ERROR] LogOutputStream:75 - [STDERR_REDIRECT] [Fatal Error] :1:1: Premature end of file.
2025-08-14 22:46:12,603 [ERROR] LogOutputStream:75 - [STDERR_REDIRECT] 
2025-08-14 22:46:13,602 [ERROR] LogOutputStream:75 - [STDERR_REDIRECT] [Fatal Error] :1:1: Premature end of file.
2025-08-14 22:46:13,602 [ERROR] LogOutputStream:75 - [STDERR_REDIRECT] 
2025-08-14 22:46:14,600 [ERROR] LogOutputStream:75 - [STDERR_REDIRECT] [Fatal Error] :1:1: Premature end of file.
2025-08-14 22:46:14,600 [ERROR] LogOutputStream:75 - [STDERR_REDIRECT] 
2025-08-14 22:46:15,595 [ERROR] LogOutputStream:75 - [STDERR_REDIRECT] [Fatal Error] :1:1: Premature end of file.
2025-08-14 22:46:15,595 [ERROR] LogOutputStream:75 - [STDERR_REDIRECT] 
2025-08-14 22:46:16,594 [ERROR] LogOutputStream:75 - [STDERR_REDIRECT] [Fatal Error] :1:1: Premature end of file.
2025-08-14 22:46:16,594 [ERROR] LogOutputStream:75 - [STDERR_REDIRECT] 
2025-08-14 22:46:17,614 [ERROR] LogOutputStream:75 - [STDERR_REDIRECT] [Fatal Error] :1:1: Premature end of file.
2025-08-14 22:46:17,614 [ERROR] LogOutputStream:75 - [STDERR_REDIRECT] 
2025-08-14 22:46:18,616 [ERROR] LogOutputStream:75 - [STDERR_REDIRECT] [Fatal Error] :1:1: Premature end of file.
2025-08-14 22:46:18,616 [ERROR] LogOutputStream:75 - [STDERR_REDIRECT] 
2025-08-14 22:46:19,614 [ERROR] LogOutputStream:75 - [STDERR_REDIRECT] [Fatal Error] :1:1: Premature end of file.
2025-08-14 22:46:19,614 [ERROR] LogOutputStream:75 - [STDERR_REDIRECT] 
2025-08-14 22:46:20,612 [ERROR] LogOutputStream:75 - [STDERR_REDIRECT] [Fatal Error] :1:1: Premature end of file.
2025-08-14 22:46:20,612 [ERROR] LogOutputStream:75 - [STDERR_REDIRECT] 
2025-08-14 22:46:21,611 [ERROR] LogOutputStream:75 - [STDERR_REDIRECT] [Fatal Error] :1:1: Premature end of file.
2025-08-14 22:46:21,612 [ERROR] LogOutputStream:75 - [STDERR_REDIRECT] 
2025-08-14 22:46:22,605 [ERROR] LogOutputStream:75 - [STDERR_REDIRECT] [Fatal Error] :1:1: Premature end of file.
2025-08-14 22:46:22,605 [ERROR] LogOutputStream:75 - [STDERR_REDIRECT] 
2025-08-14 22:46:23,611 [ERROR] LogOutputStream:75 - [STDERR_REDIRECT] [Fatal Error] :1:1: Premature end of file.
2025-08-14 22:46:23,611 [ERROR] LogOutputStream:75 - [STDERR_REDIRECT] 
2025-08-14 22:46:24,609 [ERROR] LogOutputStream:75 - [STDERR_REDIRECT] [Fatal Error] :1:1: Premature end of file.
2025-08-14 22:46:24,609 [ERROR] LogOutputStream:75 - [STDERR_REDIRECT] 
2025-08-14 22:46:25,607 [ERROR] LogOutputStream:75 - [STDERR_REDIRECT] [Fatal Error] :1:1: Premature end of file.
2025-08-14 22:46:25,607 [ERROR] LogOutputStream:75 - [STDERR_REDIRECT] 
2025-08-14 22:46:26,605 [ERROR] LogOutputStream:75 - [STDERR_REDIRECT] [Fatal Error] :1:1: Premature end of file.
2025-08-14 22:46:26,605 [ERROR] LogOutputStream:75 - [STDERR_REDIRECT] 
2025-08-14 22:46:27,601 [ERROR] LogOutputStream:75 - [STDERR_REDIRECT] [Fatal Error] :1:1: Premature end of file.
2025-08-14 22:46:27,601 [ERROR] LogOutputStream:75 - [STDERR_REDIRECT] 
2025-08-14 22:46:28,601 [ERROR] LogOutputStream:75 - [STDERR_REDIRECT] [Fatal Error] :1:1: Premature end of file.
2025-08-14 22:46:28,602 [ERROR] LogOutputStream:75 - [STDERR_REDIRECT] 
2025-08-14 22:46:29,602 [ERROR] LogOutputStream:75 - [STDERR_REDIRECT] [Fatal Error] :1:1: Premature end of file.
2025-08-14 22:46:29,602 [ERROR] LogOutputStream:75 - [STDERR_REDIRECT] 
2025-08-14 22:46:30,602 [ERROR] LogOutputStream:75 - [STDERR_REDIRECT] [Fatal Error] :1:1: Premature end of file.
2025-08-14 22:46:30,602 [ERROR] LogOutputStream:75 - [STDERR_REDIRECT] 
2025-08-14 22:46:31,602 [ERROR] LogOutputStream:75 - [STDERR_REDIRECT] [Fatal Error] :1:1: Premature end of file.
2025-08-14 22:46:31,603 [ERROR] LogOutputStream:75 - [STDERR_REDIRECT] 
2025-08-14 22:46:32,595 [ERROR] LogOutputStream:75 - [STDERR_REDIRECT] [Fatal Error] :1:1: Premature end of file.
2025-08-14 22:46:32,595 [ERROR] LogOutputStream:75 - [STDERR_REDIRECT] 
2025-08-14 22:46:33,612 [ERROR] LogOutputStream:75 - [STDERR_REDIRECT] [Fatal Error] :1:1: Premature end of file.
2025-08-14 22:46:33,612 [ERROR] LogOutputStream:75 - [STDERR_REDIRECT] 
2025-08-14 22:46:34,611 [ERROR] LogOutputStream:75 - [STDERR_REDIRECT] [Fatal Error] :1:1: Premature end of file.
2025-08-14 22:46:34,611 [ERROR] LogOutputStream:75 - [STDERR_REDIRECT] 
2025-08-14 22:46:35,610 [ERROR] LogOutputStream:75 - [STDERR_REDIRECT] [Fatal Error] :1:1: Premature end of file.
2025-08-14 22:46:35,610 [ERROR] LogOutputStream:75 - [STDERR_REDIRECT] 
2025-08-14 22:46:36,609 [ERROR] LogOutputStream:75 - [STDERR_REDIRECT] [Fatal Error] :1:1: Premature end of file.
2025-08-14 22:46:36,609 [ERROR] LogOutputStream:75 - [STDERR_REDIRECT] 
2025-08-14 22:46:37,608 [ERROR] LogOutputStream:75 - [STDERR_REDIRECT] [Fatal Error] :1:1: Premature end of file.
2025-08-14 22:46:37,608 [ERROR] LogOutputStream:75 - [STDERR_REDIRECT] 
2025-08-14 22:46:38,607 [ERROR] LogOutputStream:75 - [STDERR_REDIRECT] [Fatal Error] :1:1: Premature end of file.
2025-08-14 22:46:38,607 [ERROR] LogOutputStream:75 - [STDERR_REDIRECT] 
2025-08-14 22:46:39,609 [ERROR] LogOutputStream:75 - [STDERR_REDIRECT] [Fatal Error] :1:1: Premature end of file.
2025-08-14 22:46:39,609 [ERROR] LogOutputStream:75 - [STDERR_REDIRECT] 
2025-08-14 22:46:40,606 [ERROR] LogOutputStream:75 - [STDERR_REDIRECT] [Fatal Error] :1:1: Premature end of file.
2025-08-14 22:46:40,606 [ERROR] LogOutputStream:75 - [STDERR_REDIRECT] 
2025-08-14 22:46:41,604 [ERROR] LogOutputStream:75 - [STDERR_REDIRECT] [Fatal Error] :1:1: Premature end of file.
2025-08-14 22:46:41,604 [ERROR] LogOutputStream:75 - [STDERR_REDIRECT] 
2025-08-14 22:46:42,605 [ERROR] LogOutputStream:75 - [STDERR_REDIRECT] [Fatal Error] :1:1: Premature end of file.
2025-08-14 22:46:42,606 [ERROR] LogOutputStream:75 - [STDERR_REDIRECT] 
2025-08-14 22:46:43,607 [ERROR] LogOutputStream:75 - [STDERR_REDIRECT] [Fatal Error] :1:1: Premature end of file.
2025-08-14 22:46:43,607 [ERROR] LogOutputStream:75 - [STDERR_REDIRECT] 
2025-08-14 22:46:44,606 [ERROR] LogOutputStream:75 - [STDERR_REDIRECT] [Fatal Error] :1:1: Premature end of file.
2025-08-14 22:46:44,607 [ERROR] LogOutputStream:75 - [STDERR_REDIRECT] 
2025-08-14 22:46:45,599 [ERROR] LogOutputStream:75 - [STDERR_REDIRECT] [Fatal Error] :1:1: Premature end of file.
2025-08-14 22:46:45,599 [ERROR] LogOutputStream:75 - [STDERR_REDIRECT] 
2025-08-14 22:46:46,598 [ERROR] LogOutputStream:75 - [STDERR_REDIRECT] [Fatal Error] :1:1: Premature end of file.
2025-08-14 22:46:46,598 [ERROR] LogOutputStream:75 - [STDERR_REDIRECT] 
2025-08-14 22:46:47,597 [ERROR] LogOutputStream:75 - [STDERR_REDIRECT] [Fatal Error] :1:1: Premature end of file.
2025-08-14 22:46:47,597 [ERROR] LogOutputStream:75 - [STDERR_REDIRECT] 
2025-08-14 22:46:48,597 [ERROR] LogOutputStream:75 - [STDERR_REDIRECT] [Fatal Error] :1:1: Premature end of file.
2025-08-14 22:46:48,597 [ERROR] LogOutputStream:75 - [STDERR_REDIRECT] 
2025-08-14 22:46:49,597 [ERROR] LogOutputStream:75 - [STDERR_REDIRECT] [Fatal Error] :1:1: Premature end of file.
2025-08-14 22:46:49,597 [ERROR] LogOutputStream:75 - [STDERR_REDIRECT] 
2025-08-14 22:46:50,599 [ERROR] LogOutputStream:75 - [STDERR_REDIRECT] [Fatal Error] :1:1: Premature end of file.
2025-08-14 22:46:50,599 [ERROR] LogOutputStream:75 - [STDERR_REDIRECT] 
2025-08-14 22:46:51,600 [ERROR] LogOutputStream:75 - [STDERR_REDIRECT] [Fatal Error] :1:1: Premature end of file.
2025-08-14 22:46:51,600 [ERROR] LogOutputStream:75 - [STDERR_REDIRECT] 
2025-08-14 22:46:52,599 [ERROR] LogOutputStream:75 - [STDERR_REDIRECT] [Fatal Error] :1:1: Premature end of file.
2025-08-14 22:46:52,599 [ERROR] LogOutputStream:75 - [STDERR_REDIRECT] 
2025-08-14 22:46:53,617 [ERROR] LogOutputStream:75 - [STDERR_REDIRECT] [Fatal Error] :1:1: Premature end of file.
2025-08-14 22:46:53,617 [ERROR] LogOutputStream:75 - [STDERR_REDIRECT] 
2025-08-14 22:46:54,609 [ERROR] LogOutputStream:75 - [STDERR_REDIRECT] [Fatal Error] :1:1: Premature end of file.
2025-08-14 22:46:54,609 [ERROR] LogOutputStream:75 - [STDERR_REDIRECT] 
2025-08-14 22:46:55,608 [ERROR] LogOutputStream:75 - [STDERR_REDIRECT] [Fatal Error] :1:1: Premature end of file.
2025-08-14 22:46:55,608 [ERROR] LogOutputStream:75 - [STDERR_REDIRECT] 
2025-08-14 22:46:56,607 [ERROR] LogOutputStream:75 - [STDERR_REDIRECT] [Fatal Error] :1:1: Premature end of file.
2025-08-14 22:46:56,607 [ERROR] LogOutputStream:75 - [STDERR_REDIRECT] 
2025-08-14 22:46:57,606 [ERROR] LogOutputStream:75 - [STDERR_REDIRECT] [Fatal Error] :1:1: Premature end of file.
2025-08-14 22:46:57,606 [ERROR] LogOutputStream:75 - [STDERR_REDIRECT] 
2025-08-14 22:46:58,613 [ERROR] LogOutputStream:75 - [STDERR_REDIRECT] [Fatal Error] :1:1: Premature end of file.
2025-08-14 22:46:58,613 [ERROR] LogOutputStream:75 - [STDERR_REDIRECT] 
2025-08-14 22:46:59,604 [ERROR] LogOutputStream:75 - [STDERR_REDIRECT] [Fatal Error] :1:1: Premature end of file.
2025-08-14 22:46:59,604 [ERROR] LogOutputStream:75 - [STDERR_REDIRECT] 
2025-08-14 22:47:00,603 [ERROR] LogOutputStream:75 - [STDERR_REDIRECT] [Fatal Error] :1:1: Premature end of file.
2025-08-14 22:47:00,603 [ERROR] LogOutputStream:75 - [STDERR_REDIRECT] 
2025-08-14 22:47:01,602 [ERROR] LogOutputStream:75 - [STDERR_REDIRECT] [Fatal Error] :1:1: Premature end of file.
2025-08-14 22:47:01,602 [ERROR] LogOutputStream:75 - [STDERR_REDIRECT] 
2025-08-14 22:47:02,601 [ERROR] LogOutputStream:75 - [STDERR_REDIRECT] [Fatal Error] :1:1: Premature end of file.
2025-08-14 22:47:02,601 [ERROR] LogOutputStream:75 - [STDERR_REDIRECT] 
2025-08-14 22:47:03,603 [ERROR] LogOutputStream:75 - [STDERR_REDIRECT] [Fatal Error] :1:1: Premature end of file.
2025-08-14 22:47:03,603 [ERROR] LogOutputStream:75 - [STDERR_REDIRECT] 
2025-08-14 22:47:04,599 [ERROR] LogOutputStream:75 - [STDERR_REDIRECT] [Fatal Error] :1:1: Premature end of file.
2025-08-14 22:47:04,599 [ERROR] LogOutputStream:75 - [STDERR_REDIRECT] 
2025-08-14 22:47:05,598 [ERROR] LogOutputStream:75 - [STDERR_REDIRECT] [Fatal Error] :1:1: Premature end of file.
2025-08-14 22:47:05,598 [ERROR] LogOutputStream:75 - [STDERR_REDIRECT] 
2025-08-14 22:47:06,598 [ERROR] LogOutputStream:75 - [STDERR_REDIRECT] [Fatal Error] :1:1: Premature end of file.
2025-08-14 22:47:06,598 [ERROR] LogOutputStream:75 - [STDERR_REDIRECT] 
2025-08-14 22:47:07,596 [ERROR] LogOutputStream:75 - [STDERR_REDIRECT] [Fatal Error] :1:1: Premature end of file.
2025-08-14 22:47:07,596 [ERROR] LogOutputStream:75 - [STDERR_REDIRECT] 
2025-08-14 22:47:08,595 [ERROR] LogOutputStream:75 - [STDERR_REDIRECT] [Fatal Error] :1:1: Premature end of file.
2025-08-14 22:47:08,595 [ERROR] LogOutputStream:75 - [STDERR_REDIRECT] 
2025-08-14 22:47:09,616 [ERROR] LogOutputStream:75 - [STDERR_REDIRECT] [Fatal Error] :1:1: Premature end of file.
2025-08-14 22:47:09,616 [ERROR] LogOutputStream:75 - [STDERR_REDIRECT] 
2025-08-14 22:47:10,600 [ERROR] LogOutputStream:75 - [STDERR_REDIRECT] [Fatal Error] :1:1: Premature end of file.
2025-08-14 22:47:10,600 [ERROR] LogOutputStream:75 - [STDERR_REDIRECT] 
2025-08-14 22:47:11,602 [ERROR] LogOutputStream:75 - [STDERR_REDIRECT] [Fatal Error] :1:1: Premature end of file.
2025-08-14 22:47:11,602 [ERROR] LogOutputStream:75 - [STDERR_REDIRECT] 
2025-08-14 22:47:12,607 [ERROR] LogOutputStream:75 - [STDERR_REDIRECT] [Fatal Error] :1:1: Premature end of file.
2025-08-14 22:47:12,607 [ERROR] LogOutputStream:75 - [STDERR_REDIRECT] 
2025-08-14 22:47:13,606 [ERROR] LogOutputStream:75 - [STDERR_REDIRECT] [Fatal Error] :1:1: Premature end of file.
2025-08-14 22:47:13,606 [ERROR] LogOutputStream:75 - [STDERR_REDIRECT] 
2025-08-14 22:47:14,607 [ERROR] LogOutputStream:75 - [STDERR_REDIRECT] [Fatal Error] :1:1: Premature end of file.
2025-08-14 22:47:14,607 [ERROR] LogOutputStream:75 - [STDERR_REDIRECT] 
2025-08-14 22:47:15,605 [ERROR] LogOutputStream:75 - [STDERR_REDIRECT] [Fatal Error] :1:1: Premature end of file.
2025-08-14 22:47:15,605 [ERROR] LogOutputStream:75 - [STDERR_REDIRECT] 
2025-08-14 22:47:16,608 [ERROR] LogOutputStream:75 - [STDERR_REDIRECT] [Fatal Error] :1:1: Premature end of file.
2025-08-14 22:47:16,608 [ERROR] LogOutputStream:75 - [STDERR_REDIRECT] 
2025-08-14 22:47:17,603 [ERROR] LogOutputStream:75 - [STDERR_REDIRECT] [Fatal Error] :1:1: Premature end of file.
2025-08-14 22:47:17,603 [ERROR] LogOutputStream:75 - [STDERR_REDIRECT] 
2025-08-14 22:47:18,602 [ERROR] LogOutputStream:75 - [STDERR_REDIRECT] [Fatal Error] :1:1: Premature end of file.
2025-08-14 22:47:18,602 [ERROR] LogOutputStream:75 - [STDERR_REDIRECT] 
2025-08-14 22:47:19,605 [ERROR] LogOutputStream:75 - [STDERR_REDIRECT] [Fatal Error] :1:1: Premature end of file.
2025-08-14 22:47:19,606 [ERROR] LogOutputStream:75 - [STDERR_REDIRECT] 
2025-08-14 22:47:20,606 [ERROR] LogOutputStream:75 - [STDERR_REDIRECT] [Fatal Error] :1:1: Premature end of file.
2025-08-14 22:47:20,606 [ERROR] LogOutputStream:75 - [STDERR_REDIRECT] 
2025-08-14 22:47:21,601 [ERROR] LogOutputStream:75 - [STDERR_REDIRECT] [Fatal Error] :1:1: Premature end of file.
2025-08-14 22:47:21,601 [ERROR] LogOutputStream:75 - [STDERR_REDIRECT] 
2025-08-14 22:47:22,603 [ERROR] LogOutputStream:75 - [STDERR_REDIRECT] [Fatal Error] :1:1: Premature end of file.
2025-08-14 22:47:22,603 [ERROR] LogOutputStream:75 - [STDERR_REDIRECT] 
2025-08-14 22:47:23,602 [ERROR] LogOutputStream:75 - [STDERR_REDIRECT] [Fatal Error] :1:1: Premature end of file.
2025-08-14 22:47:23,603 [ERROR] LogOutputStream:75 - [STDERR_REDIRECT] 
2025-08-14 22:47:24,606 [ERROR] LogOutputStream:75 - [STDERR_REDIRECT] [Fatal Error] :1:1: Premature end of file.
2025-08-14 22:47:24,606 [ERROR] LogOutputStream:75 - [STDERR_REDIRECT] 
2025-08-14 22:47:25,595 [ERROR] LogOutputStream:75 - [STDERR_REDIRECT] [Fatal Error] :1:1: Premature end of file.
2025-08-14 22:47:25,595 [ERROR] LogOutputStream:75 - [STDERR_REDIRECT] 
2025-08-14 22:47:26,612 [ERROR] LogOutputStream:75 - [STDERR_REDIRECT] [Fatal Error] :1:1: Premature end of file.
2025-08-14 22:47:26,612 [ERROR] LogOutputStream:75 - [STDERR_REDIRECT] 
2025-08-14 22:47:27,599 [ERROR] LogOutputStream:75 - [STDERR_REDIRECT] [Fatal Error] :1:1: Premature end of file.
2025-08-14 22:47:27,599 [ERROR] LogOutputStream:75 - [STDERR_REDIRECT] 
2025-08-14 22:47:28,616 [ERROR] LogOutputStream:75 - [STDERR_REDIRECT] [Fatal Error] :1:1: Premature end of file.
2025-08-14 22:47:28,617 [ERROR] LogOutputStream:75 - [STDERR_REDIRECT] 
2025-08-14 22:47:29,608 [ERROR] LogOutputStream:75 - [STDERR_REDIRECT] [Fatal Error] :1:1: Premature end of file.
2025-08-14 22:47:29,608 [ERROR] LogOutputStream:75 - [STDERR_REDIRECT] 
2025-08-14 22:47:30,607 [ERROR] LogOutputStream:75 - [STDERR_REDIRECT] [Fatal Error] :1:1: Premature end of file.
2025-08-14 22:47:30,607 [ERROR] LogOutputStream:75 - [STDERR_REDIRECT] 
2025-08-14 22:47:31,606 [ERROR] LogOutputStream:75 - [STDERR_REDIRECT] [Fatal Error] :1:1: Premature end of file.
2025-08-14 22:47:31,606 [ERROR] LogOutputStream:75 - [STDERR_REDIRECT] 
2025-08-14 22:47:32,609 [ERROR] LogOutputStream:75 - [STDERR_REDIRECT] [Fatal Error] :1:1: Premature end of file.
2025-08-14 22:47:32,609 [ERROR] LogOutputStream:75 - [STDERR_REDIRECT] 
2025-08-14 22:47:33,604 [ERROR] LogOutputStream:75 - [STDERR_REDIRECT] [Fatal Error] :1:1: Premature end of file.
2025-08-14 22:47:33,604 [ERROR] LogOutputStream:75 - [STDERR_REDIRECT] 
2025-08-14 22:47:34,603 [ERROR] LogOutputStream:75 - [STDERR_REDIRECT] [Fatal Error] :1:1: Premature end of file.
2025-08-14 22:47:34,603 [ERROR] LogOutputStream:75 - [STDERR_REDIRECT] 
2025-08-14 22:47:35,607 [ERROR] LogOutputStream:75 - [STDERR_REDIRECT] [Fatal Error] :1:1: Premature end of file.
2025-08-14 22:47:35,607 [ERROR] LogOutputStream:75 - [STDERR_REDIRECT] 
2025-08-14 22:47:36,602 [ERROR] LogOutputStream:75 - [STDERR_REDIRECT] [Fatal Error] :1:1: Premature end of file.
2025-08-14 22:47:36,602 [ERROR] LogOutputStream:75 - [STDERR_REDIRECT] 
2025-08-14 22:47:37,601 [ERROR] LogOutputStream:75 - [STDERR_REDIRECT] [Fatal Error] :1:1: Premature end of file.
2025-08-14 22:47:37,601 [ERROR] LogOutputStream:75 - [STDERR_REDIRECT] 
2025-08-14 22:47:38,605 [ERROR] LogOutputStream:75 - [STDERR_REDIRECT] [Fatal Error] :1:1: Premature end of file.
2025-08-14 22:47:38,605 [ERROR] LogOutputStream:75 - [STDERR_REDIRECT] 
2025-08-14 22:47:39,608 [ERROR] LogOutputStream:75 - [STDERR_REDIRECT] [Fatal Error] :1:1: Premature end of file.
2025-08-14 22:47:39,608 [ERROR] LogOutputStream:75 - [STDERR_REDIRECT] 
2025-08-14 22:47:40,598 [ERROR] LogOutputStream:75 - [STDERR_REDIRECT] [Fatal Error] :1:1: Premature end of file.
2025-08-14 22:47:40,598 [ERROR] LogOutputStream:75 - [STDERR_REDIRECT] 
2025-08-14 22:47:41,601 [ERROR] LogOutputStream:75 - [STDERR_REDIRECT] [Fatal Error] :1:1: Premature end of file.
2025-08-14 22:47:41,601 [ERROR] LogOutputStream:75 - [STDERR_REDIRECT] 
2025-08-14 22:47:42,596 [ERROR] LogOutputStream:75 - [STDERR_REDIRECT] [Fatal Error] :1:1: Premature end of file.
2025-08-14 22:47:42,596 [ERROR] LogOutputStream:75 - [STDERR_REDIRECT] 
2025-08-14 22:47:43,595 [ERROR] LogOutputStream:75 - [STDERR_REDIRECT] [Fatal Error] :1:1: Premature end of file.
2025-08-14 22:47:43,595 [ERROR] LogOutputStream:75 - [STDERR_REDIRECT] 
2025-08-14 22:47:44,594 [ERROR] LogOutputStream:75 - [STDERR_REDIRECT] [Fatal Error] :1:1: Premature end of file.
2025-08-14 22:47:44,594 [ERROR] LogOutputStream:75 - [STDERR_REDIRECT] 
2025-08-14 22:47:45,610 [ERROR] LogOutputStream:75 - [STDERR_REDIRECT] [Fatal Error] :1:1: Premature end of file.
2025-08-14 22:47:45,610 [ERROR] LogOutputStream:75 - [STDERR_REDIRECT] 
2025-08-14 22:47:46,609 [ERROR] LogOutputStream:75 - [STDERR_REDIRECT] [Fatal Error] :1:1: Premature end of file.
2025-08-14 22:47:46,609 [ERROR] LogOutputStream:75 - [STDERR_REDIRECT] 
2025-08-14 22:47:47,608 [ERROR] LogOutputStream:75 - [STDERR_REDIRECT] [Fatal Error] :1:1: Premature end of file.
2025-08-14 22:47:47,608 [ERROR] LogOutputStream:75 - [STDERR_REDIRECT] 
2025-08-14 22:47:48,607 [ERROR] LogOutputStream:75 - [STDERR_REDIRECT] [Fatal Error] :1:1: Premature end of file.
2025-08-14 22:47:48,607 [ERROR] LogOutputStream:75 - [STDERR_REDIRECT] 
2025-08-14 22:47:49,602 [ERROR] LogOutputStream:75 - [STDERR_REDIRECT] [Fatal Error] :1:1: Premature end of file.
2025-08-14 22:47:49,603 [ERROR] LogOutputStream:75 - [STDERR_REDIRECT] 
2025-08-14 22:47:50,613 [ERROR] LogOutputStream:75 - [STDERR_REDIRECT] [Fatal Error] :1:1: Premature end of file.
2025-08-14 22:47:50,613 [ERROR] LogOutputStream:75 - [STDERR_REDIRECT] 
2025-08-14 22:47:51,605 [ERROR] LogOutputStream:75 - [STDERR_REDIRECT] [Fatal Error] :1:1: Premature end of file.
2025-08-14 22:47:51,605 [ERROR] LogOutputStream:75 - [STDERR_REDIRECT] 
2025-08-14 22:47:52,604 [ERROR] LogOutputStream:75 - [STDERR_REDIRECT] [Fatal Error] :1:1: Premature end of file.
2025-08-14 22:47:52,604 [ERROR] LogOutputStream:75 - [STDERR_REDIRECT] 
2025-08-14 22:47:53,603 [ERROR] LogOutputStream:75 - [STDERR_REDIRECT] [Fatal Error] :1:1: Premature end of file.
2025-08-14 22:47:53,603 [ERROR] LogOutputStream:75 - [STDERR_REDIRECT] 
2025-08-14 22:47:54,602 [ERROR] LogOutputStream:75 - [STDERR_REDIRECT] [Fatal Error] :1:1: Premature end of file.
2025-08-14 22:47:54,602 [ERROR] LogOutputStream:75 - [STDERR_REDIRECT] 
2025-08-14 22:47:55,600 [ERROR] LogOutputStream:75 - [STDERR_REDIRECT] [Fatal Error] :1:1: Premature end of file.
2025-08-14 22:47:55,600 [ERROR] LogOutputStream:75 - [STDERR_REDIRECT] 
2025-08-14 22:47:56,600 [ERROR] LogOutputStream:75 - [STDERR_REDIRECT] [Fatal Error] :1:1: Premature end of file.
2025-08-14 22:47:56,600 [ERROR] LogOutputStream:75 - [STDERR_REDIRECT] 
2025-08-14 22:47:57,599 [ERROR] LogOutputStream:75 - [STDERR_REDIRECT] [Fatal Error] :1:1: Premature end of file.
2025-08-14 22:47:57,599 [ERROR] LogOutputStream:75 - [STDERR_REDIRECT] 
2025-08-14 22:47:58,601 [ERROR] LogOutputStream:75 - [STDERR_REDIRECT] [Fatal Error] :1:1: Premature end of file.
2025-08-14 22:47:58,601 [ERROR] LogOutputStream:75 - [STDERR_REDIRECT] 
2025-08-14 22:47:59,604 [ERROR] LogOutputStream:75 - [STDERR_REDIRECT] [Fatal Error] :1:1: Premature end of file.
2025-08-14 22:47:59,604 [ERROR] LogOutputStream:75 - [STDERR_REDIRECT] 
2025-08-14 22:48:00,599 [ERROR] LogOutputStream:75 - [STDERR_REDIRECT] [Fatal Error] :1:1: Premature end of file.
2025-08-14 22:48:00,599 [ERROR] LogOutputStream:75 - [STDERR_REDIRECT] 
2025-08-14 22:48:01,602 [ERROR] LogOutputStream:75 - [STDERR_REDIRECT] [Fatal Error] :1:1: Premature end of file.
2025-08-14 22:48:01,603 [ERROR] LogOutputStream:75 - [STDERR_REDIRECT] 
2025-08-14 22:48:02,615 [ERROR] LogOutputStream:75 - [STDERR_REDIRECT] [Fatal Error] :1:1: Premature end of file.
2025-08-14 22:48:02,615 [ERROR] LogOutputStream:75 - [STDERR_REDIRECT] 
2025-08-14 22:48:03,613 [ERROR] LogOutputStream:75 - [STDERR_REDIRECT] [Fatal Error] :1:1: Premature end of file.
2025-08-14 22:48:03,613 [ERROR] LogOutputStream:75 - [STDERR_REDIRECT] 
2025-08-14 22:48:04,607 [ERROR] LogOutputStream:75 - [STDERR_REDIRECT] [Fatal Error] :1:1: Premature end of file.
2025-08-14 22:48:04,607 [ERROR] LogOutputStream:75 - [STDERR_REDIRECT] 
2025-08-14 22:48:05,615 [ERROR] LogOutputStream:75 - [STDERR_REDIRECT] [Fatal Error] :1:1: Premature end of file.
2025-08-14 22:48:05,615 [ERROR] LogOutputStream:75 - [STDERR_REDIRECT] 
2025-08-14 22:48:06,599 [ERROR] LogOutputStream:75 - [STDERR_REDIRECT] [Fatal Error] :1:1: Premature end of file.
2025-08-14 22:48:06,599 [ERROR] LogOutputStream:75 - [STDERR_REDIRECT] 
2025-08-14 22:48:07,596 [ERROR] LogOutputStream:75 - [STDERR_REDIRECT] [Fatal Error] :1:1: Premature end of file.
2025-08-14 22:48:07,596 [ERROR] LogOutputStream:75 - [STDERR_REDIRECT] 
2025-08-14 22:48:08,597 [ERROR] LogOutputStream:75 - [STDERR_REDIRECT] [Fatal Error] :1:1: Premature end of file.
2025-08-14 22:48:08,597 [ERROR] LogOutputStream:75 - [STDERR_REDIRECT] 
2025-08-14 22:48:09,593 [ERROR] LogOutputStream:75 - [STDERR_REDIRECT] [Fatal Error] :1:1: Premature end of file.
2025-08-14 22:48:09,593 [ERROR] LogOutputStream:75 - [STDERR_REDIRECT] 
2025-08-14 22:48:10,599 [ERROR] LogOutputStream:75 - [STDERR_REDIRECT] [Fatal Error] :1:1: Premature end of file.
2025-08-14 22:48:10,599 [ERROR] LogOutputStream:75 - [STDERR_REDIRECT] 
2025-08-14 22:48:11,601 [ERROR] LogOutputStream:75 - [STDERR_REDIRECT] [Fatal Error] :1:1: Premature end of file.
2025-08-14 22:48:11,601 [ERROR] LogOutputStream:75 - [STDERR_REDIRECT] 
2025-08-14 22:48:12,602 [ERROR] LogOutputStream:75 - [STDERR_REDIRECT] [Fatal Error] :1:1: Premature end of file.
2025-08-14 22:48:12,602 [ERROR] LogOutputStream:75 - [STDERR_REDIRECT] 
2025-08-14 22:48:13,604 [ERROR] LogOutputStream:75 - [STDERR_REDIRECT] [Fatal Error] :1:1: Premature end of file.
2025-08-14 22:48:13,604 [ERROR] LogOutputStream:75 - [STDERR_REDIRECT] 
2025-08-14 22:48:14,593 [ERROR] LogOutputStream:75 - [STDERR_REDIRECT] [Fatal Error] :1:1: Premature end of file.
2025-08-14 22:48:14,593 [ERROR] LogOutputStream:75 - [STDERR_REDIRECT] 
2025-08-14 22:48:15,607 [ERROR] LogOutputStream:75 - [STDERR_REDIRECT] [Fatal Error] :1:1: Premature end of file.
2025-08-14 22:48:15,607 [ERROR] LogOutputStream:75 - [STDERR_REDIRECT] 
2025-08-14 22:48:16,604 [ERROR] LogOutputStream:75 - [STDERR_REDIRECT] [Fatal Error] :1:1: Premature end of file.
2025-08-14 22:48:16,604 [ERROR] LogOutputStream:75 - [STDERR_REDIRECT] 
2025-08-14 22:48:17,602 [ERROR] LogOutputStream:75 - [STDERR_REDIRECT] [Fatal Error] :1:1: Premature end of file.
2025-08-14 22:48:17,602 [ERROR] LogOutputStream:75 - [STDERR_REDIRECT] 
2025-08-14 22:48:18,601 [ERROR] LogOutputStream:75 - [STDERR_REDIRECT] [Fatal Error] :1:1: Premature end of file.
2025-08-14 22:48:18,601 [ERROR] LogOutputStream:75 - [STDERR_REDIRECT] 
2025-08-14 22:48:19,594 [ERROR] LogOutputStream:75 - [STDERR_REDIRECT] [Fatal Error] :1:1: Premature end of file.
2025-08-14 22:48:19,594 [ERROR] LogOutputStream:75 - [STDERR_REDIRECT] 
2025-08-14 22:48:20,601 [ERROR] LogOutputStream:75 - [STDERR_REDIRECT] [Fatal Error] :1:1: Premature end of file.
2025-08-14 22:48:20,601 [ERROR] LogOutputStream:75 - [STDERR_REDIRECT] 
2025-08-14 22:48:21,616 [ERROR] LogOutputStream:75 - [STDERR_REDIRECT] [Fatal Error] :1:1: Premature end of file.
2025-08-14 22:48:21,616 [ERROR] LogOutputStream:75 - [STDERR_REDIRECT] 
2025-08-14 22:48:22,600 [ERROR] LogOutputStream:75 - [STDERR_REDIRECT] [Fatal Error] :1:1: Premature end of file.
2025-08-14 22:48:22,600 [ERROR] LogOutputStream:75 - [STDERR_REDIRECT] 
2025-08-14 22:48:23,609 [ERROR] LogOutputStream:75 - [STDERR_REDIRECT] [Fatal Error] :1:1: Premature end of file.
2025-08-14 22:48:23,609 [ERROR] LogOutputStream:75 - [STDERR_REDIRECT] 
2025-08-14 22:48:24,608 [ERROR] LogOutputStream:75 - [STDERR_REDIRECT] [Fatal Error] :1:1: Premature end of file.
2025-08-14 22:48:24,608 [ERROR] LogOutputStream:75 - [STDERR_REDIRECT] 
2025-08-14 22:48:25,605 [ERROR] LogOutputStream:75 - [STDERR_REDIRECT] [Fatal Error] :1:1: Premature end of file.
2025-08-14 22:48:25,605 [ERROR] LogOutputStream:75 - [STDERR_REDIRECT] 
2025-08-14 22:48:26,618 [ERROR] LogOutputStream:75 - [STDERR_REDIRECT] [Fatal Error] :1:1: Premature end of file.
2025-08-14 22:48:26,618 [ERROR] LogOutputStream:75 - [STDERR_REDIRECT] 
2025-08-14 22:48:27,609 [ERROR] LogOutputStream:75 - [STDERR_REDIRECT] [Fatal Error] :1:1: Premature end of file.
2025-08-14 22:48:27,611 [ERROR] LogOutputStream:75 - [STDERR_REDIRECT] 
2025-08-14 22:48:28,613 [ERROR] LogOutputStream:75 - [STDERR_REDIRECT] [Fatal Error] :1:1: Premature end of file.
2025-08-14 22:48:28,613 [ERROR] LogOutputStream:75 - [STDERR_REDIRECT] 
2025-08-14 22:48:29,606 [ERROR] LogOutputStream:75 - [STDERR_REDIRECT] [Fatal Error] :1:1: Premature end of file.
2025-08-14 22:48:29,606 [ERROR] LogOutputStream:75 - [STDERR_REDIRECT] 
2025-08-14 22:48:30,602 [ERROR] LogOutputStream:75 - [STDERR_REDIRECT] [Fatal Error] :1:1: Premature end of file.
2025-08-14 22:48:30,602 [ERROR] LogOutputStream:75 - [STDERR_REDIRECT] 
2025-08-14 22:48:31,605 [ERROR] LogOutputStream:75 - [STDERR_REDIRECT] [Fatal Error] :1:1: Premature end of file.
2025-08-14 22:48:31,605 [ERROR] LogOutputStream:75 - [STDERR_REDIRECT] 
2025-08-14 22:48:32,608 [ERROR] LogOutputStream:75 - [STDERR_REDIRECT] [Fatal Error] :1:1: Premature end of file.
2025-08-14 22:48:32,608 [ERROR] LogOutputStream:75 - [STDERR_REDIRECT] 
2025-08-14 22:48:33,600 [ERROR] LogOutputStream:75 - [STDERR_REDIRECT] [Fatal Error] :1:1: Premature end of file.
2025-08-14 22:48:33,600 [ERROR] LogOutputStream:75 - [STDERR_REDIRECT] 
2025-08-14 22:48:34,601 [ERROR] LogOutputStream:75 - [STDERR_REDIRECT] [Fatal Error] :1:1: Premature end of file.
2025-08-14 22:48:34,601 [ERROR] LogOutputStream:75 - [STDERR_REDIRECT] 
2025-08-14 22:48:35,602 [ERROR] LogOutputStream:75 - [STDERR_REDIRECT] [Fatal Error] :1:1: Premature end of file.
2025-08-14 22:48:35,602 [ERROR] LogOutputStream:75 - [STDERR_REDIRECT] 
2025-08-14 22:48:36,597 [ERROR] LogOutputStream:75 - [STDERR_REDIRECT] [Fatal Error] :1:1: Premature end of file.
2025-08-14 22:48:36,597 [ERROR] LogOutputStream:75 - [STDERR_REDIRECT] 
2025-08-14 22:48:37,596 [ERROR] LogOutputStream:75 - [STDERR_REDIRECT] [Fatal Error] :1:1: Premature end of file.
2025-08-14 22:48:37,596 [ERROR] LogOutputStream:75 - [STDERR_REDIRECT] 
2025-08-14 22:48:38,599 [ERROR] LogOutputStream:75 - [STDERR_REDIRECT] [Fatal Error] :1:1: Premature end of file.
2025-08-14 22:48:38,599 [ERROR] LogOutputStream:75 - [STDERR_REDIRECT] 
2025-08-14 22:48:39,600 [ERROR] LogOutputStream:75 - [STDERR_REDIRECT] [Fatal Error] :1:1: Premature end of file.
2025-08-14 22:48:39,600 [ERROR] LogOutputStream:75 - [STDERR_REDIRECT] 
2025-08-14 22:48:40,617 [ERROR] LogOutputStream:75 - [STDERR_REDIRECT] [Fatal Error] :1:1: Premature end of file.
2025-08-14 22:48:40,617 [ERROR] LogOutputStream:75 - [STDERR_REDIRECT] 
2025-08-14 22:48:41,610 [ERROR] LogOutputStream:75 - [STDERR_REDIRECT] [Fatal Error] :1:1: Premature end of file.
2025-08-14 22:48:41,610 [ERROR] LogOutputStream:75 - [STDERR_REDIRECT] 
2025-08-14 22:48:42,609 [ERROR] LogOutputStream:75 - [STDERR_REDIRECT] [Fatal Error] :1:1: Premature end of file.
2025-08-14 22:48:42,609 [ERROR] LogOutputStream:75 - [STDERR_REDIRECT] 
2025-08-14 22:48:43,606 [ERROR] LogOutputStream:75 - [STDERR_REDIRECT] [Fatal Error] :1:1: Premature end of file.
2025-08-14 22:48:43,606 [ERROR] LogOutputStream:75 - [STDERR_REDIRECT] 
2025-08-14 22:48:44,605 [ERROR] LogOutputStream:75 - [STDERR_REDIRECT] [Fatal Error] :1:1: Premature end of file.
2025-08-14 22:48:44,605 [ERROR] LogOutputStream:75 - [STDERR_REDIRECT] 
2025-08-14 22:48:45,608 [ERROR] LogOutputStream:75 - [STDERR_REDIRECT] [Fatal Error] :1:1: Premature end of file.
2025-08-14 22:48:45,608 [ERROR] LogOutputStream:75 - [STDERR_REDIRECT] 
2025-08-14 22:48:46,610 [ERROR] LogOutputStream:75 - [STDERR_REDIRECT] [Fatal Error] :1:1: Premature end of file.
2025-08-14 22:48:46,610 [ERROR] LogOutputStream:75 - [STDERR_REDIRECT] 
2025-08-14 22:48:47,603 [ERROR] LogOutputStream:75 - [STDERR_REDIRECT] [Fatal Error] :1:1: Premature end of file.
2025-08-14 22:48:47,603 [ERROR] LogOutputStream:75 - [STDERR_REDIRECT] 
2025-08-14 22:48:48,607 [ERROR] LogOutputStream:75 - [STDERR_REDIRECT] [Fatal Error] :1:1: Premature end of file.
2025-08-14 22:48:48,608 [ERROR] LogOutputStream:75 - [STDERR_REDIRECT] 
2025-08-14 22:48:49,601 [ERROR] LogOutputStream:75 - [STDERR_REDIRECT] [Fatal Error] :1:1: Premature end of file.
2025-08-14 22:48:49,601 [ERROR] LogOutputStream:75 - [STDERR_REDIRECT] 
2025-08-14 22:48:50,604 [ERROR] LogOutputStream:75 - [STDERR_REDIRECT] [Fatal Error] :1:1: Premature end of file.
2025-08-14 22:48:50,604 [ERROR] LogOutputStream:75 - [STDERR_REDIRECT] 
2025-08-14 22:48:51,599 [ERROR] LogOutputStream:75 - [STDERR_REDIRECT] [Fatal Error] :1:1: Premature end of file.
2025-08-14 22:48:51,599 [ERROR] LogOutputStream:75 - [STDERR_REDIRECT] 
2025-08-14 22:48:52,598 [ERROR] LogOutputStream:75 - [STDERR_REDIRECT] [Fatal Error] :1:1: Premature end of file.
2025-08-14 22:48:52,598 [ERROR] LogOutputStream:75 - [STDERR_REDIRECT] 
2025-08-14 22:48:53,598 [ERROR] LogOutputStream:75 - [STDERR_REDIRECT] [Fatal Error] :1:1: Premature end of file.
2025-08-14 22:48:53,598 [ERROR] LogOutputStream:75 - [STDERR_REDIRECT] 
2025-08-14 22:48:54,603 [ERROR] LogOutputStream:75 - [STDERR_REDIRECT] [Fatal Error] :1:1: Premature end of file.
2025-08-14 22:48:54,603 [ERROR] LogOutputStream:75 - [STDERR_REDIRECT] 
2025-08-14 22:48:55,602 [ERROR] LogOutputStream:75 - [STDERR_REDIRECT] [Fatal Error] :1:1: Premature end of file.
2025-08-14 22:48:55,602 [ERROR] LogOutputStream:75 - [STDERR_REDIRECT] 
2025-08-14 22:48:56,600 [ERROR] LogOutputStream:75 - [STDERR_REDIRECT] [Fatal Error] :1:1: Premature end of file.
2025-08-14 22:48:56,600 [ERROR] LogOutputStream:75 - [STDERR_REDIRECT] 
2025-08-14 22:48:57,596 [ERROR] LogOutputStream:75 - [STDERR_REDIRECT] [Fatal Error] :1:1: Premature end of file.
2025-08-14 22:48:57,596 [ERROR] LogOutputStream:75 - [STDERR_REDIRECT] 
2025-08-14 22:48:58,606 [ERROR] LogOutputStream:75 - [STDERR_REDIRECT] [Fatal Error] :1:1: Premature end of file.
2025-08-14 22:48:58,606 [ERROR] LogOutputStream:75 - [STDERR_REDIRECT] 
2025-08-14 22:48:59,623 [ERROR] LogOutputStream:75 - [STDERR_REDIRECT] [Fatal Error] :1:1: Premature end of file.
2025-08-14 22:48:59,623 [ERROR] LogOutputStream:75 - [STDERR_REDIRECT] 
2025-08-14 22:49:00,603 [ERROR] LogOutputStream:75 - [STDERR_REDIRECT] [Fatal Error] :1:1: Premature end of file.
2025-08-14 22:49:00,603 [ERROR] LogOutputStream:75 - [STDERR_REDIRECT] 
2025-08-14 22:49:01,600 [ERROR] LogOutputStream:75 - [STDERR_REDIRECT] [Fatal Error] :1:1: Premature end of file.
2025-08-14 22:49:01,600 [ERROR] LogOutputStream:75 - [STDERR_REDIRECT] 
2025-08-14 22:49:02,604 [ERROR] LogOutputStream:75 - [STDERR_REDIRECT] [Fatal Error] :1:1: Premature end of file.
2025-08-14 22:49:02,604 [ERROR] LogOutputStream:75 - [STDERR_REDIRECT] 
2025-08-14 22:49:03,608 [ERROR] LogOutputStream:75 - [STDERR_REDIRECT] [Fatal Error] :1:1: Premature end of file.
2025-08-14 22:49:03,608 [ERROR] LogOutputStream:75 - [STDERR_REDIRECT] 
2025-08-14 22:49:04,607 [ERROR] LogOutputStream:75 - [STDERR_REDIRECT] [Fatal Error] :1:1: Premature end of file.
2025-08-14 22:49:04,607 [ERROR] LogOutputStream:75 - [STDERR_REDIRECT] 
2025-08-14 22:49:05,601 [ERROR] LogOutputStream:75 - [STDERR_REDIRECT] [Fatal Error] :1:1: Premature end of file.
2025-08-14 22:49:05,601 [ERROR] LogOutputStream:75 - [STDERR_REDIRECT] 
2025-08-14 22:49:06,603 [ERROR] LogOutputStream:75 - [STDERR_REDIRECT] [Fatal Error] :1:1: Premature end of file.
2025-08-14 22:49:06,603 [ERROR] LogOutputStream:75 - [STDERR_REDIRECT] 
2025-08-14 22:49:07,609 [ERROR] LogOutputStream:75 - [STDERR_REDIRECT] [Fatal Error] :1:1: Premature end of file.
2025-08-14 22:49:07,609 [ERROR] LogOutputStream:75 - [STDERR_REDIRECT] 
2025-08-14 22:49:08,603 [ERROR] LogOutputStream:75 - [STDERR_REDIRECT] [Fatal Error] :1:1: Premature end of file.
2025-08-14 22:49:08,603 [ERROR] LogOutputStream:75 - [STDERR_REDIRECT] 
2025-08-14 22:49:09,604 [ERROR] LogOutputStream:75 - [STDERR_REDIRECT] [Fatal Error] :1:1: Premature end of file.
2025-08-14 22:49:09,604 [ERROR] LogOutputStream:75 - [STDERR_REDIRECT] 
2025-08-14 22:49:10,603 [ERROR] LogOutputStream:75 - [STDERR_REDIRECT] [Fatal Error] :1:1: Premature end of file.
2025-08-14 22:49:10,603 [ERROR] LogOutputStream:75 - [STDERR_REDIRECT] 
2025-08-14 22:49:11,594 [ERROR] LogOutputStream:75 - [STDERR_REDIRECT] [Fatal Error] :1:1: Premature end of file.
2025-08-14 22:49:11,594 [ERROR] LogOutputStream:75 - [STDERR_REDIRECT] 
2025-08-14 22:49:12,603 [ERROR] LogOutputStream:75 - [STDERR_REDIRECT] [Fatal Error] :1:1: Premature end of file.
2025-08-14 22:49:12,603 [ERROR] LogOutputStream:75 - [STDERR_REDIRECT] 
2025-08-14 22:49:13,602 [ERROR] LogOutputStream:75 - [STDERR_REDIRECT] [Fatal Error] :1:1: Premature end of file.
2025-08-14 22:49:13,602 [ERROR] LogOutputStream:75 - [STDERR_REDIRECT] 
2025-08-14 22:49:14,623 [ERROR] LogOutputStream:75 - [STDERR_REDIRECT] [Fatal Error] :1:1: Premature end of file.
2025-08-14 22:49:14,623 [ERROR] LogOutputStream:75 - [STDERR_REDIRECT] 
2025-08-14 22:49:15,614 [ERROR] LogOutputStream:75 - [STDERR_REDIRECT] [Fatal Error] :1:1: Premature end of file.
2025-08-14 22:49:15,614 [ERROR] LogOutputStream:75 - [STDERR_REDIRECT] 
2025-08-14 22:49:16,609 [ERROR] LogOutputStream:75 - [STDERR_REDIRECT] [Fatal Error] :1:1: Premature end of file.
2025-08-14 22:49:16,609 [ERROR] LogOutputStream:75 - [STDERR_REDIRECT] 
2025-08-14 22:49:17,607 [ERROR] LogOutputStream:75 - [STDERR_REDIRECT] [Fatal Error] :1:1: Premature end of file.
2025-08-14 22:49:17,607 [ERROR] LogOutputStream:75 - [STDERR_REDIRECT] 
2025-08-14 22:49:18,604 [ERROR] LogOutputStream:75 - [STDERR_REDIRECT] [Fatal Error] :1:1: Premature end of file.
2025-08-14 22:49:18,604 [ERROR] LogOutputStream:75 - [STDERR_REDIRECT] 
2025-08-14 22:49:19,610 [ERROR] LogOutputStream:75 - [STDERR_REDIRECT] [Fatal Error] :1:1: Premature end of file.
2025-08-14 22:49:19,610 [ERROR] LogOutputStream:75 - [STDERR_REDIRECT] 
2025-08-14 22:49:20,611 [ERROR] LogOutputStream:75 - [STDERR_REDIRECT] [Fatal Error] :1:1: Premature end of file.
2025-08-14 22:49:20,611 [ERROR] LogOutputStream:75 - [STDERR_REDIRECT] 
2025-08-14 22:49:21,605 [ERROR] LogOutputStream:75 - [STDERR_REDIRECT] [Fatal Error] :1:1: Premature end of file.
2025-08-14 22:49:21,605 [ERROR] LogOutputStream:75 - [STDERR_REDIRECT] 
2025-08-14 22:49:22,599 [ERROR] LogOutputStream:75 - [STDERR_REDIRECT] [Fatal Error] :1:1: Premature end of file.
2025-08-14 22:49:22,599 [ERROR] LogOutputStream:75 - [STDERR_REDIRECT] 
2025-08-14 22:49:23,606 [ERROR] LogOutputStream:75 - [STDERR_REDIRECT] [Fatal Error] :1:1: Premature end of file.
2025-08-14 22:49:23,606 [ERROR] LogOutputStream:75 - [STDERR_REDIRECT] 
2025-08-14 22:49:24,602 [ERROR] LogOutputStream:75 - [STDERR_REDIRECT] [Fatal Error] :1:1: Premature end of file.
2025-08-14 22:49:24,602 [ERROR] LogOutputStream:75 - [STDERR_REDIRECT] 
2025-08-14 22:49:25,606 [ERROR] LogOutputStream:75 - [STDERR_REDIRECT] [Fatal Error] :1:1: Premature end of file.
2025-08-14 22:49:25,606 [ERROR] LogOutputStream:75 - [STDERR_REDIRECT] 
2025-08-14 22:49:26,601 [ERROR] LogOutputStream:75 - [STDERR_REDIRECT] [Fatal Error] :1:1: Premature end of file.
2025-08-14 22:49:26,601 [ERROR] LogOutputStream:75 - [STDERR_REDIRECT] 
2025-08-14 22:49:27,598 [ERROR] LogOutputStream:75 - [STDERR_REDIRECT] [Fatal Error] :1:1: Premature end of file.
2025-08-14 22:49:27,598 [ERROR] LogOutputStream:75 - [STDERR_REDIRECT] 
2025-08-14 22:49:28,593 [ERROR] LogOutputStream:75 - [STDERR_REDIRECT] [Fatal Error] :1:1: Premature end of file.
2025-08-14 22:49:28,593 [ERROR] LogOutputStream:75 - [STDERR_REDIRECT] 
2025-08-14 22:49:29,604 [ERROR] LogOutputStream:75 - [STDERR_REDIRECT] [Fatal Error] :1:1: Premature end of file.
2025-08-14 22:49:29,604 [ERROR] LogOutputStream:75 - [STDERR_REDIRECT] 
2025-08-14 22:49:30,608 [ERROR] LogOutputStream:75 - [STDERR_REDIRECT] [Fatal Error] :1:1: Premature end of file.
2025-08-14 22:49:30,608 [ERROR] LogOutputStream:75 - [STDERR_REDIRECT] 
2025-08-14 22:49:31,598 [ERROR] LogOutputStream:75 - [STDERR_REDIRECT] [Fatal Error] :1:1: Premature end of file.
2025-08-14 22:49:31,598 [ERROR] LogOutputStream:75 - [STDERR_REDIRECT] 
2025-08-14 22:49:32,615 [ERROR] LogOutputStream:75 - [STDERR_REDIRECT] [Fatal Error] :1:1: Premature end of file.
2025-08-14 22:49:32,616 [ERROR] LogOutputStream:75 - [STDERR_REDIRECT] 
2025-08-14 22:49:33,604 [ERROR] LogOutputStream:75 - [STDERR_REDIRECT] [Fatal Error] :1:1: Premature end of file.
2025-08-14 22:49:33,604 [ERROR] LogOutputStream:75 - [STDERR_REDIRECT] 
2025-08-14 22:49:34,607 [ERROR] LogOutputStream:75 - [STDERR_REDIRECT] [Fatal Error] :1:1: Premature end of file.
2025-08-14 22:49:34,607 [ERROR] LogOutputStream:75 - [STDERR_REDIRECT] 
2025-08-14 22:49:35,614 [ERROR] LogOutputStream:75 - [STDERR_REDIRECT] [Fatal Error] :1:1: Premature end of file.
2025-08-14 22:49:35,614 [ERROR] LogOutputStream:75 - [STDERR_REDIRECT] 
2025-08-14 22:49:36,600 [ERROR] LogOutputStream:75 - [STDERR_REDIRECT] [Fatal Error] :1:1: Premature end of file.
2025-08-14 22:49:36,600 [ERROR] LogOutputStream:75 - [STDERR_REDIRECT] 
2025-08-14 22:49:37,610 [ERROR] LogOutputStream:75 - [STDERR_REDIRECT] [Fatal Error] :1:1: Premature end of file.
2025-08-14 22:49:37,610 [ERROR] LogOutputStream:75 - [STDERR_REDIRECT] 
2025-08-14 22:49:38,610 [ERROR] LogOutputStream:75 - [STDERR_REDIRECT] [Fatal Error] :1:1: Premature end of file.
2025-08-14 22:49:38,611 [ERROR] LogOutputStream:75 - [STDERR_REDIRECT] 
2025-08-14 22:49:39,603 [ERROR] LogOutputStream:75 - [STDERR_REDIRECT] [Fatal Error] :1:1: Premature end of file.
2025-08-14 22:49:39,603 [ERROR] LogOutputStream:75 - [STDERR_REDIRECT] 
2025-08-14 22:49:40,603 [ERROR] LogOutputStream:75 - [STDERR_REDIRECT] [Fatal Error] :1:1: Premature end of file.
2025-08-14 22:49:40,603 [ERROR] LogOutputStream:75 - [STDERR_REDIRECT] 
2025-08-14 22:49:41,602 [ERROR] LogOutputStream:75 - [STDERR_REDIRECT] [Fatal Error] :1:1: Premature end of file.
2025-08-14 22:49:41,602 [ERROR] LogOutputStream:75 - [STDERR_REDIRECT] 
2025-08-14 22:49:42,600 [ERROR] LogOutputStream:75 - [STDERR_REDIRECT] [Fatal Error] :1:1: Premature end of file.
2025-08-14 22:49:42,600 [ERROR] LogOutputStream:75 - [STDERR_REDIRECT] 
2025-08-14 22:49:43,606 [ERROR] LogOutputStream:75 - [STDERR_REDIRECT] [Fatal Error] :1:1: Premature end of file.
2025-08-14 22:49:43,606 [ERROR] LogOutputStream:75 - [STDERR_REDIRECT] 
2025-08-14 22:49:44,603 [ERROR] LogOutputStream:75 - [STDERR_REDIRECT] [Fatal Error] :1:1: Premature end of file.
2025-08-14 22:49:44,603 [ERROR] LogOutputStream:75 - [STDERR_REDIRECT] 
2025-08-14 22:49:45,600 [ERROR] LogOutputStream:75 - [STDERR_REDIRECT] [Fatal Error] :1:1: Premature end of file.
2025-08-14 22:49:45,600 [ERROR] LogOutputStream:75 - [STDERR_REDIRECT] 
2025-08-14 22:49:46,596 [ERROR] LogOutputStream:75 - [STDERR_REDIRECT] [Fatal Error] :1:1: Premature end of file.
2025-08-14 22:49:46,596 [ERROR] LogOutputStream:75 - [STDERR_REDIRECT] 
2025-08-14 22:49:47,602 [ERROR] LogOutputStream:75 - [STDERR_REDIRECT] [Fatal Error] :1:1: Premature end of file.
2025-08-14 22:49:47,602 [ERROR] LogOutputStream:75 - [STDERR_REDIRECT] 
2025-08-14 22:49:48,601 [ERROR] LogOutputStream:75 - [STDERR_REDIRECT] [Fatal Error] :1:1: Premature end of file.
2025-08-14 22:49:48,602 [ERROR] LogOutputStream:75 - [STDERR_REDIRECT] 
2025-08-14 22:49:49,602 [ERROR] LogOutputStream:75 - [STDERR_REDIRECT] [Fatal Error] :1:1: Premature end of file.
2025-08-14 22:49:49,602 [ERROR] LogOutputStream:75 - [STDERR_REDIRECT] 
2025-08-14 22:49:50,613 [ERROR] LogOutputStream:75 - [STDERR_REDIRECT] [Fatal Error] :1:1: Premature end of file.
2025-08-14 22:49:50,613 [ERROR] LogOutputStream:75 - [STDERR_REDIRECT] 
2025-08-14 22:49:51,604 [ERROR] LogOutputStream:75 - [STDERR_REDIRECT] [Fatal Error] :1:1: Premature end of file.
2025-08-14 22:49:51,604 [ERROR] LogOutputStream:75 - [STDERR_REDIRECT] 
2025-08-14 22:49:52,605 [ERROR] LogOutputStream:75 - [STDERR_REDIRECT] [Fatal Error] :1:1: Premature end of file.
2025-08-14 22:49:52,605 [ERROR] LogOutputStream:75 - [STDERR_REDIRECT] 
2025-08-14 22:49:53,602 [ERROR] LogOutputStream:75 - [STDERR_REDIRECT] [Fatal Error] :1:1: Premature end of file.
2025-08-14 22:49:53,602 [ERROR] LogOutputStream:75 - [STDERR_REDIRECT] 
2025-08-14 22:49:54,618 [ERROR] LogOutputStream:75 - [STDERR_REDIRECT] [Fatal Error] :1:1: Premature end of file.
2025-08-14 22:49:54,618 [ERROR] LogOutputStream:75 - [STDERR_REDIRECT] 
2025-08-14 22:49:55,605 [ERROR] LogOutputStream:75 - [STDERR_REDIRECT] [Fatal Error] :1:1: Premature end of file.
2025-08-14 22:49:55,605 [ERROR] LogOutputStream:75 - [STDERR_REDIRECT] 
2025-08-14 22:49:56,607 [ERROR] LogOutputStream:75 - [STDERR_REDIRECT] [Fatal Error] :1:1: Premature end of file.
2025-08-14 22:49:56,607 [ERROR] LogOutputStream:75 - [STDERR_REDIRECT] 
2025-08-14 22:49:57,603 [ERROR] LogOutputStream:75 - [STDERR_REDIRECT] [Fatal Error] :1:1: Premature end of file.
2025-08-14 22:49:57,603 [ERROR] LogOutputStream:75 - [STDERR_REDIRECT] 
2025-08-14 22:49:58,603 [ERROR] LogOutputStream:75 - [STDERR_REDIRECT] [Fatal Error] :1:1: Premature end of file.
2025-08-14 22:49:58,604 [ERROR] LogOutputStream:75 - [STDERR_REDIRECT] 
2025-08-14 22:49:59,608 [ERROR] LogOutputStream:75 - [STDERR_REDIRECT] [Fatal Error] :1:1: Premature end of file.
2025-08-14 22:49:59,608 [ERROR] LogOutputStream:75 - [STDERR_REDIRECT] 
2025-08-14 22:50:00,602 [ERROR] LogOutputStream:75 - [STDERR_REDIRECT] [Fatal Error] :1:1: Premature end of file.
2025-08-14 22:50:00,602 [ERROR] LogOutputStream:75 - [STDERR_REDIRECT] 
2025-08-14 22:50:01,599 [ERROR] LogOutputStream:75 - [STDERR_REDIRECT] [Fatal Error] :1:1: Premature end of file.
2025-08-14 22:50:01,599 [ERROR] LogOutputStream:75 - [STDERR_REDIRECT] 
2025-08-14 22:50:02,599 [ERROR] LogOutputStream:75 - [STDERR_REDIRECT] [Fatal Error] :1:1: Premature end of file.
2025-08-14 22:50:02,599 [ERROR] LogOutputStream:75 - [STDERR_REDIRECT] 
2025-08-14 22:50:03,598 [ERROR] LogOutputStream:75 - [STDERR_REDIRECT] [Fatal Error] :1:1: Premature end of file.
2025-08-14 22:50:03,598 [ERROR] LogOutputStream:75 - [STDERR_REDIRECT] 
2025-08-14 22:50:04,596 [ERROR] LogOutputStream:75 - [STDERR_REDIRECT] [Fatal Error] :1:1: Premature end of file.
2025-08-14 22:50:04,596 [ERROR] LogOutputStream:75 - [STDERR_REDIRECT] 
2025-08-14 22:50:05,606 [ERROR] LogOutputStream:75 - [STDERR_REDIRECT] [Fatal Error] :1:1: Premature end of file.
2025-08-14 22:50:05,606 [ERROR] LogOutputStream:75 - [STDERR_REDIRECT] 
2025-08-14 22:50:06,620 [ERROR] LogOutputStream:75 - [STDERR_REDIRECT] [Fatal Error] :1:1: Premature end of file.
2025-08-14 22:50:06,620 [ERROR] LogOutputStream:75 - [STDERR_REDIRECT] 
2025-08-14 22:50:07,608 [ERROR] LogOutputStream:75 - [STDERR_REDIRECT] [Fatal Error] :1:1: Premature end of file.
2025-08-14 22:50:07,608 [ERROR] LogOutputStream:75 - [STDERR_REDIRECT] 
2025-08-14 22:50:08,608 [ERROR] LogOutputStream:75 - [STDERR_REDIRECT] [Fatal Error] :1:1: Premature end of file.
2025-08-14 22:50:08,608 [ERROR] LogOutputStream:75 - [STDERR_REDIRECT] 
2025-08-14 22:50:09,608 [ERROR] LogOutputStream:75 - [STDERR_REDIRECT] [Fatal Error] :1:1: Premature end of file.
2025-08-14 22:50:09,608 [ERROR] LogOutputStream:75 - [STDERR_REDIRECT] 
2025-08-14 22:50:10,601 [ERROR] LogOutputStream:75 - [STDERR_REDIRECT] [Fatal Error] :1:1: Premature end of file.
2025-08-14 22:50:10,601 [ERROR] LogOutputStream:75 - [STDERR_REDIRECT] 
2025-08-14 22:50:11,595 [ERROR] LogOutputStream:75 - [STDERR_REDIRECT] [Fatal Error] :1:1: Premature end of file.
2025-08-14 22:50:11,595 [ERROR] LogOutputStream:75 - [STDERR_REDIRECT] 
2025-08-14 22:50:12,600 [ERROR] LogOutputStream:75 - [STDERR_REDIRECT] [Fatal Error] :1:1: Premature end of file.
2025-08-14 22:50:12,600 [ERROR] LogOutputStream:75 - [STDERR_REDIRECT] 
2025-08-14 22:50:13,595 [ERROR] LogOutputStream:75 - [STDERR_REDIRECT] [Fatal Error] :1:1: Premature end of file.
2025-08-14 22:50:13,595 [ERROR] LogOutputStream:75 - [STDERR_REDIRECT] 
2025-08-14 22:50:14,599 [ERROR] LogOutputStream:75 - [STDERR_REDIRECT] [Fatal Error] :1:1: Premature end of file.
2025-08-14 22:50:14,599 [ERROR] LogOutputStream:75 - [STDERR_REDIRECT] 
2025-08-14 22:50:15,601 [ERROR] LogOutputStream:75 - [STDERR_REDIRECT] [Fatal Error] :1:1: Premature end of file.
2025-08-14 22:50:15,601 [ERROR] LogOutputStream:75 - [STDERR_REDIRECT] 
2025-08-14 22:50:16,601 [ERROR] LogOutputStream:75 - [STDERR_REDIRECT] [Fatal Error] :1:1: Premature end of file.
2025-08-14 22:50:16,601 [ERROR] LogOutputStream:75 - [STDERR_REDIRECT] 
2025-08-14 22:50:17,608 [ERROR] LogOutputStream:75 - [STDERR_REDIRECT] [Fatal Error] :1:1: Premature end of file.
2025-08-14 22:50:17,608 [ERROR] LogOutputStream:75 - [STDERR_REDIRECT] 
2025-08-14 22:50:18,608 [ERROR] LogOutputStream:75 - [STDERR_REDIRECT] [Fatal Error] :1:1: Premature end of file.
2025-08-14 22:50:18,608 [ERROR] LogOutputStream:75 - [STDERR_REDIRECT] 
2025-08-14 22:50:19,596 [ERROR] LogOutputStream:75 - [STDERR_REDIRECT] [Fatal Error] :1:1: Premature end of file.
2025-08-14 22:50:19,596 [ERROR] LogOutputStream:75 - [STDERR_REDIRECT] 
2025-08-14 22:50:20,604 [ERROR] LogOutputStream:75 - [STDERR_REDIRECT] [Fatal Error] :1:1: Premature end of file.
2025-08-14 22:50:20,604 [ERROR] LogOutputStream:75 - [STDERR_REDIRECT] 
2025-08-14 22:50:21,610 [ERROR] LogOutputStream:75 - [STDERR_REDIRECT] [Fatal Error] :1:1: Premature end of file.
2025-08-14 22:50:21,610 [ERROR] LogOutputStream:75 - [STDERR_REDIRECT] 
2025-08-14 22:50:22,608 [ERROR] LogOutputStream:75 - [STDERR_REDIRECT] [Fatal Error] :1:1: Premature end of file.
2025-08-14 22:50:22,608 [ERROR] LogOutputStream:75 - [STDERR_REDIRECT] 
2025-08-14 22:50:23,598 [ERROR] LogOutputStream:75 - [STDERR_REDIRECT] [Fatal Error] :1:1: Premature end of file.
2025-08-14 22:50:23,598 [ERROR] LogOutputStream:75 - [STDERR_REDIRECT] 
2025-08-14 22:50:24,600 [ERROR] LogOutputStream:75 - [STDERR_REDIRECT] [Fatal Error] :1:1: Premature end of file.
2025-08-14 22:50:24,600 [ERROR] LogOutputStream:75 - [STDERR_REDIRECT] 
2025-08-14 22:50:25,598 [ERROR] LogOutputStream:75 - [STDERR_REDIRECT] [Fatal Error] :1:1: Premature end of file.
2025-08-14 22:50:25,598 [ERROR] LogOutputStream:75 - [STDERR_REDIRECT] 
2025-08-14 22:50:26,600 [ERROR] LogOutputStream:75 - [STDERR_REDIRECT] [Fatal Error] :1:1: Premature end of file.
2025-08-14 22:50:26,600 [ERROR] LogOutputStream:75 - [STDERR_REDIRECT] 
2025-08-14 22:50:27,601 [ERROR] LogOutputStream:75 - [STDERR_REDIRECT] [Fatal Error] :1:1: Premature end of file.
2025-08-14 22:50:27,601 [ERROR] LogOutputStream:75 - [STDERR_REDIRECT] 
2025-08-14 22:50:28,605 [ERROR] LogOutputStream:75 - [STDERR_REDIRECT] [Fatal Error] :1:1: Premature end of file.
2025-08-14 22:50:28,605 [ERROR] LogOutputStream:75 - [STDERR_REDIRECT] 
2025-08-14 22:50:29,621 [ERROR] LogOutputStream:75 - [STDERR_REDIRECT] [Fatal Error] :1:1: Premature end of file.
2025-08-14 22:50:29,621 [ERROR] LogOutputStream:75 - [STDERR_REDIRECT] 
2025-08-14 22:50:30,612 [ERROR] LogOutputStream:75 - [STDERR_REDIRECT] [Fatal Error] :1:1: Premature end of file.
2025-08-14 22:50:30,612 [ERROR] LogOutputStream:75 - [STDERR_REDIRECT] 
2025-08-14 22:50:31,603 [ERROR] LogOutputStream:75 - [STDERR_REDIRECT] [Fatal Error] :1:1: Premature end of file.
2025-08-14 22:50:31,603 [ERROR] LogOutputStream:75 - [STDERR_REDIRECT] 
2025-08-14 22:50:32,604 [ERROR] LogOutputStream:75 - [STDERR_REDIRECT] [Fatal Error] :1:1: Premature end of file.
2025-08-14 22:50:32,604 [ERROR] LogOutputStream:75 - [STDERR_REDIRECT] 
2025-08-14 22:50:33,595 [ERROR] LogOutputStream:75 - [STDERR_REDIRECT] [Fatal Error] :1:1: Premature end of file.
2025-08-14 22:50:33,595 [ERROR] LogOutputStream:75 - [STDERR_REDIRECT] 
2025-08-14 22:50:34,662 [ERROR] LogOutputStream:75 - [STDERR_REDIRECT] [Fatal Error] :1:1: Premature end of file.
2025-08-14 22:50:34,662 [ERROR] LogOutputStream:75 - [STDERR_REDIRECT] 
2025-08-14 22:50:35,602 [ERROR] LogOutputStream:75 - [STDERR_REDIRECT] [Fatal Error] :1:1: Premature end of file.
2025-08-14 22:50:35,602 [ERROR] LogOutputStream:75 - [STDERR_REDIRECT] 
2025-08-14 22:50:36,600 [ERROR] LogOutputStream:75 - [STDERR_REDIRECT] [Fatal Error] :1:1: Premature end of file.
2025-08-14 22:50:36,600 [ERROR] LogOutputStream:75 - [STDERR_REDIRECT] 
2025-08-14 22:50:37,599 [ERROR] LogOutputStream:75 - [STDERR_REDIRECT] [Fatal Error] :1:1: Premature end of file.
2025-08-14 22:50:37,599 [ERROR] LogOutputStream:75 - [STDERR_REDIRECT] 
2025-08-14 22:50:38,635 [ERROR] LogOutputStream:75 - [STDERR_REDIRECT] [Fatal Error] :1:1: Premature end of file.
2025-08-14 22:50:38,635 [ERROR] LogOutputStream:75 - [STDERR_REDIRECT] 
2025-08-14 22:50:39,615 [ERROR] LogOutputStream:75 - [STDERR_REDIRECT] [Fatal Error] :1:1: Premature end of file.
2025-08-14 22:50:39,620 [ERROR] LogOutputStream:75 - [STDERR_REDIRECT] 
2025-08-14 22:50:40,598 [ERROR] LogOutputStream:75 - [STDERR_REDIRECT] [Fatal Error] :1:1: Premature end of file.
2025-08-14 22:50:40,598 [ERROR] LogOutputStream:75 - [STDERR_REDIRECT] 
2025-08-14 22:50:41,612 [ERROR] LogOutputStream:75 - [STDERR_REDIRECT] [Fatal Error] :1:1: Premature end of file.
2025-08-14 22:50:41,612 [ERROR] LogOutputStream:75 - [STDERR_REDIRECT] 
2025-08-14 22:50:42,601 [ERROR] LogOutputStream:75 - [STDERR_REDIRECT] [Fatal Error] :1:1: Premature end of file.
2025-08-14 22:50:42,601 [ERROR] LogOutputStream:75 - [STDERR_REDIRECT] 
2025-08-14 22:50:43,596 [ERROR] LogOutputStream:75 - [STDERR_REDIRECT] [Fatal Error] :1:1: Premature end of file.
2025-08-14 22:50:43,596 [ERROR] LogOutputStream:75 - [STDERR_REDIRECT] 
2025-08-14 22:50:44,614 [ERROR] LogOutputStream:75 - [STDERR_REDIRECT] [Fatal Error] :1:1: Premature end of file.
2025-08-14 22:50:44,614 [ERROR] LogOutputStream:75 - [STDERR_REDIRECT] 
2025-08-14 22:50:45,609 [ERROR] LogOutputStream:75 - [STDERR_REDIRECT] [Fatal Error] :1:1: Premature end of file.
2025-08-14 22:50:45,609 [ERROR] LogOutputStream:75 - [STDERR_REDIRECT] 
2025-08-14 22:50:46,606 [ERROR] LogOutputStream:75 - [STDERR_REDIRECT] [Fatal Error] :1:1: Premature end of file.
2025-08-14 22:50:46,606 [ERROR] LogOutputStream:75 - [STDERR_REDIRECT] 
2025-08-14 22:50:47,607 [ERROR] LogOutputStream:75 - [STDERR_REDIRECT] [Fatal Error] :1:1: Premature end of file.
2025-08-14 22:50:47,607 [ERROR] LogOutputStream:75 - [STDERR_REDIRECT] 
2025-08-14 22:50:48,604 [ERROR] LogOutputStream:75 - [STDERR_REDIRECT] [Fatal Error] :1:1: Premature end of file.
2025-08-14 22:50:48,604 [ERROR] LogOutputStream:75 - [STDERR_REDIRECT] 
2025-08-14 22:50:49,608 [ERROR] LogOutputStream:75 - [STDERR_REDIRECT] [Fatal Error] :1:1: Premature end of file.
2025-08-14 22:50:49,608 [ERROR] LogOutputStream:75 - [STDERR_REDIRECT] 
2025-08-14 22:50:50,618 [ERROR] LogOutputStream:75 - [STDERR_REDIRECT] [Fatal Error] :1:1: Premature end of file.
2025-08-14 22:50:50,618 [ERROR] LogOutputStream:75 - [STDERR_REDIRECT] 
2025-08-14 22:50:51,594 [ERROR] LogOutputStream:75 - [STDERR_REDIRECT] [Fatal Error] :1:1: Premature end of file.
2025-08-14 22:50:51,594 [ERROR] LogOutputStream:75 - [STDERR_REDIRECT] 
2025-08-14 22:50:52,602 [ERROR] LogOutputStream:75 - [STDERR_REDIRECT] [Fatal Error] :1:1: Premature end of file.
2025-08-14 22:50:52,602 [ERROR] LogOutputStream:75 - [STDERR_REDIRECT] 
2025-08-14 22:50:53,601 [ERROR] LogOutputStream:75 - [STDERR_REDIRECT] [Fatal Error] :1:1: Premature end of file.
2025-08-14 22:50:53,601 [ERROR] LogOutputStream:75 - [STDERR_REDIRECT] 
2025-08-14 22:50:54,606 [ERROR] LogOutputStream:75 - [STDERR_REDIRECT] [Fatal Error] :1:1: Premature end of file.
2025-08-14 22:50:54,606 [ERROR] LogOutputStream:75 - [STDERR_REDIRECT] 
2025-08-14 22:50:55,602 [ERROR] LogOutputStream:75 - [STDERR_REDIRECT] [Fatal Error] :1:1: Premature end of file.
2025-08-14 22:50:55,602 [ERROR] LogOutputStream:75 - [STDERR_REDIRECT] 
2025-08-14 22:50:56,598 [ERROR] LogOutputStream:75 - [STDERR_REDIRECT] [Fatal Error] :1:1: Premature end of file.
2025-08-14 22:50:56,598 [ERROR] LogOutputStream:75 - [STDERR_REDIRECT] 
2025-08-14 22:50:57,594 [ERROR] LogOutputStream:75 - [STDERR_REDIRECT] [Fatal Error] :1:1: Premature end of file.
2025-08-14 22:50:57,594 [ERROR] LogOutputStream:75 - [STDERR_REDIRECT] 
2025-08-14 22:50:58,614 [ERROR] LogOutputStream:75 - [STDERR_REDIRECT] [Fatal Error] :1:1: Premature end of file.
2025-08-14 22:50:58,614 [ERROR] LogOutputStream:75 - [STDERR_REDIRECT] 
2025-08-14 22:50:59,622 [ERROR] LogOutputStream:75 - [STDERR_REDIRECT] [Fatal Error] :1:1: Premature end of file.
2025-08-14 22:50:59,622 [ERROR] LogOutputStream:75 - [STDERR_REDIRECT] 
2025-08-14 22:51:00,616 [ERROR] LogOutputStream:75 - [STDERR_REDIRECT] [Fatal Error] :1:1: Premature end of file.
2025-08-14 22:51:00,616 [ERROR] LogOutputStream:75 - [STDERR_REDIRECT] 
2025-08-14 22:51:01,611 [ERROR] LogOutputStream:75 - [STDERR_REDIRECT] [Fatal Error] :1:1: Premature end of file.
2025-08-14 22:51:01,611 [ERROR] LogOutputStream:75 - [STDERR_REDIRECT] 
2025-08-14 22:51:02,598 [ERROR] LogOutputStream:75 - [STDERR_REDIRECT] [Fatal Error] :1:1: Premature end of file.
2025-08-14 22:51:02,598 [ERROR] LogOutputStream:75 - [STDERR_REDIRECT] 
2025-08-14 22:51:03,929 [ERROR] LogOutputStream:75 - [STDERR_REDIRECT] [Fatal Error] :1:1: Premature end of file.
2025-08-14 22:51:03,929 [ERROR] LogOutputStream:75 - [STDERR_REDIRECT] 
2025-08-14 22:51:04,639 [ERROR] LogOutputStream:75 - [STDERR_REDIRECT] [Fatal Error] :1:1: Premature end of file.
2025-08-14 22:51:04,639 [ERROR] LogOutputStream:75 - [STDERR_REDIRECT] 
2025-08-14 22:51:05,661 [ERROR] LogOutputStream:75 - [STDERR_REDIRECT] [Fatal Error] :1:1: Premature end of file.
2025-08-14 22:51:05,661 [ERROR] LogOutputStream:75 - [STDERR_REDIRECT] 
2025-08-14 22:51:06,758 [ERROR] LogOutputStream:75 - [STDERR_REDIRECT] [Fatal Error] :1:1: Premature end of file.
2025-08-14 22:51:06,758 [ERROR] LogOutputStream:75 - [STDERR_REDIRECT] 
2025-08-14 22:51:07,622 [ERROR] LogOutputStream:75 - [STDERR_REDIRECT] [Fatal Error] :1:1: Premature end of file.
2025-08-14 22:51:07,622 [ERROR] LogOutputStream:75 - [STDERR_REDIRECT] 
2025-08-14 22:51:08,606 [ERROR] LogOutputStream:75 - [STDERR_REDIRECT] [Fatal Error] :1:1: Premature end of file.
2025-08-14 22:51:08,606 [ERROR] LogOutputStream:75 - [STDERR_REDIRECT] 
2025-08-14 22:51:09,609 [ERROR] LogOutputStream:75 - [STDERR_REDIRECT] [Fatal Error] :1:1: Premature end of file.
2025-08-14 22:51:09,609 [ERROR] LogOutputStream:75 - [STDERR_REDIRECT] 
2025-08-14 22:51:10,603 [ERROR] LogOutputStream:75 - [STDERR_REDIRECT] [Fatal Error] :1:1: Premature end of file.
2025-08-14 22:51:10,603 [ERROR] LogOutputStream:75 - [STDERR_REDIRECT] 
2025-08-14 22:51:11,604 [ERROR] LogOutputStream:75 - [STDERR_REDIRECT] [Fatal Error] :1:1: Premature end of file.
2025-08-14 22:51:11,604 [ERROR] LogOutputStream:75 - [STDERR_REDIRECT] 
2025-08-14 22:51:12,646 [ERROR] LogOutputStream:75 - [STDERR_REDIRECT] [Fatal Error] :1:1: Premature end of file.
2025-08-14 22:51:12,646 [ERROR] LogOutputStream:75 - [STDERR_REDIRECT] 
2025-08-14 22:51:13,614 [ERROR] LogOutputStream:75 - [STDERR_REDIRECT] [Fatal Error] :1:1: Premature end of file.
2025-08-14 22:51:13,614 [ERROR] LogOutputStream:75 - [STDERR_REDIRECT] 
2025-08-14 22:51:14,933 [ERROR] LogOutputStream:75 - [STDERR_REDIRECT] [Fatal Error] :1:1: Premature end of file.
2025-08-14 22:51:14,933 [ERROR] LogOutputStream:75 - [STDERR_REDIRECT] 
2025-08-14 22:51:15,617 [ERROR] LogOutputStream:75 - [STDERR_REDIRECT] [Fatal Error] :1:1: Premature end of file.
2025-08-14 22:51:15,617 [ERROR] LogOutputStream:75 - [STDERR_REDIRECT] 
2025-08-14 22:51:16,909 [ERROR] LogOutputStream:75 - [STDERR_REDIRECT] [Fatal Error] :1:1: Premature end of file.
2025-08-14 22:51:16,909 [ERROR] LogOutputStream:75 - [STDERR_REDIRECT] 
2025-08-14 22:51:17,668 [ERROR] LogOutputStream:75 - [STDERR_REDIRECT] [Fatal Error] :1:1: Premature end of file.
2025-08-14 22:51:17,668 [ERROR] LogOutputStream:75 - [STDERR_REDIRECT] 
2025-08-14 22:51:18,778 [ERROR] LogOutputStream:75 - [STDERR_REDIRECT] [Fatal Error] :1:1: Premature end of file.
2025-08-14 22:51:18,778 [ERROR] LogOutputStream:75 - [STDERR_REDIRECT] 
2025-08-14 22:51:19,816 [ERROR] LogOutputStream:75 - [STDERR_REDIRECT] [Fatal Error] :1:1: Premature end of file.
2025-08-14 22:51:19,816 [ERROR] LogOutputStream:75 - [STDERR_REDIRECT] 
2025-08-14 22:51:20,625 [ERROR] LogOutputStream:75 - [STDERR_REDIRECT] [Fatal Error] :1:1: Premature end of file.
2025-08-14 22:51:20,625 [ERROR] LogOutputStream:75 - [STDERR_REDIRECT] 
2025-08-14 22:51:21,622 [ERROR] LogOutputStream:75 - [STDERR_REDIRECT] [Fatal Error] :1:1: Premature end of file.
2025-08-14 22:51:21,623 [ERROR] LogOutputStream:75 - [STDERR_REDIRECT] 
2025-08-14 22:51:22,620 [ERROR] LogOutputStream:75 - [STDERR_REDIRECT] [Fatal Error] :1:1: Premature end of file.
2025-08-14 22:51:22,620 [ERROR] LogOutputStream:75 - [STDERR_REDIRECT] 
2025-08-14 22:51:23,640 [ERROR] LogOutputStream:75 - [STDERR_REDIRECT] [Fatal Error] :1:1: Premature end of file.
2025-08-14 22:51:23,640 [ERROR] LogOutputStream:75 - [STDERR_REDIRECT] 
2025-08-14 22:51:24,612 [ERROR] LogOutputStream:75 - [STDERR_REDIRECT] [Fatal Error] :1:1: Premature end of file.
2025-08-14 22:51:24,612 [ERROR] LogOutputStream:75 - [STDERR_REDIRECT] 
2025-08-14 22:51:25,606 [ERROR] LogOutputStream:75 - [STDERR_REDIRECT] [Fatal Error] :1:1: Premature end of file.
2025-08-14 22:51:25,606 [ERROR] LogOutputStream:75 - [STDERR_REDIRECT] 
2025-08-14 22:51:26,608 [ERROR] LogOutputStream:75 - [STDERR_REDIRECT] [Fatal Error] :1:1: Premature end of file.
2025-08-14 22:51:26,608 [ERROR] LogOutputStream:75 - [STDERR_REDIRECT] 
2025-08-14 22:51:27,608 [ERROR] LogOutputStream:75 - [STDERR_REDIRECT] [Fatal Error] :1:1: Premature end of file.
2025-08-14 22:51:27,612 [ERROR] LogOutputStream:75 - [STDERR_REDIRECT] 
2025-08-14 22:51:28,603 [ERROR] LogOutputStream:75 - [STDERR_REDIRECT] [Fatal Error] :1:1: Premature end of file.
2025-08-14 22:51:28,603 [ERROR] LogOutputStream:75 - [STDERR_REDIRECT] 
2025-08-14 22:51:29,602 [ERROR] LogOutputStream:75 - [STDERR_REDIRECT] [Fatal Error] :1:1: Premature end of file.
2025-08-14 22:51:29,602 [ERROR] LogOutputStream:75 - [STDERR_REDIRECT] 
2025-08-14 22:51:30,606 [ERROR] LogOutputStream:75 - [STDERR_REDIRECT] [Fatal Error] :1:1: Premature end of file.
2025-08-14 22:51:30,606 [ERROR] LogOutputStream:75 - [STDERR_REDIRECT] 
2025-08-14 22:51:31,605 [ERROR] LogOutputStream:75 - [STDERR_REDIRECT] [Fatal Error] :1:1: Premature end of file.
2025-08-14 22:51:31,605 [ERROR] LogOutputStream:75 - [STDERR_REDIRECT] 
2025-08-14 22:51:32,599 [ERROR] LogOutputStream:75 - [STDERR_REDIRECT] [Fatal Error] :1:1: Premature end of file.
2025-08-14 22:51:32,599 [ERROR] LogOutputStream:75 - [STDERR_REDIRECT] 
2025-08-14 22:51:33,596 [ERROR] LogOutputStream:75 - [STDERR_REDIRECT] [Fatal Error] :1:1: Premature end of file.
2025-08-14 22:51:33,596 [ERROR] LogOutputStream:75 - [STDERR_REDIRECT] 
2025-08-14 22:51:34,595 [ERROR] LogOutputStream:75 - [STDERR_REDIRECT] [Fatal Error] :1:1: Premature end of file.
2025-08-14 22:51:34,595 [ERROR] LogOutputStream:75 - [STDERR_REDIRECT] 
2025-08-14 22:51:35,595 [ERROR] LogOutputStream:75 - [STDERR_REDIRECT] [Fatal Error] :1:1: Premature end of file.
2025-08-14 22:51:35,595 [ERROR] LogOutputStream:75 - [STDERR_REDIRECT] 
2025-08-14 22:51:36,600 [ERROR] LogOutputStream:75 - [STDERR_REDIRECT] [Fatal Error] :1:1: Premature end of file.
2025-08-14 22:51:36,600 [ERROR] LogOutputStream:75 - [STDERR_REDIRECT] 
2025-08-14 22:51:37,613 [ERROR] LogOutputStream:75 - [STDERR_REDIRECT] [Fatal Error] :1:1: Premature end of file.
2025-08-14 22:51:37,613 [ERROR] LogOutputStream:75 - [STDERR_REDIRECT] 
2025-08-14 22:51:38,608 [ERROR] LogOutputStream:75 - [STDERR_REDIRECT] [Fatal Error] :1:1: Premature end of file.
2025-08-14 22:51:38,608 [ERROR] LogOutputStream:75 - [STDERR_REDIRECT] 
2025-08-14 22:51:39,615 [ERROR] LogOutputStream:75 - [STDERR_REDIRECT] [Fatal Error] :1:1: Premature end of file.
2025-08-14 22:51:39,615 [ERROR] LogOutputStream:75 - [STDERR_REDIRECT] 
2025-08-14 22:51:40,608 [ERROR] LogOutputStream:75 - [STDERR_REDIRECT] [Fatal Error] :1:1: Premature end of file.
2025-08-14 22:51:40,608 [ERROR] LogOutputStream:75 - [STDERR_REDIRECT] 
2025-08-14 22:51:41,606 [ERROR] LogOutputStream:75 - [STDERR_REDIRECT] [Fatal Error] :1:1: Premature end of file.
2025-08-14 22:51:41,606 [ERROR] LogOutputStream:75 - [STDERR_REDIRECT] 
2025-08-14 22:51:42,604 [ERROR] LogOutputStream:75 - [STDERR_REDIRECT] [Fatal Error] :1:1: Premature end of file.
2025-08-14 22:51:42,604 [ERROR] LogOutputStream:75 - [STDERR_REDIRECT] 
2025-08-14 22:51:43,604 [ERROR] LogOutputStream:75 - [STDERR_REDIRECT] [Fatal Error] :1:1: Premature end of file.
2025-08-14 22:51:43,604 [ERROR] LogOutputStream:75 - [STDERR_REDIRECT] 
2025-08-14 22:51:44,603 [ERROR] LogOutputStream:75 - [STDERR_REDIRECT] [Fatal Error] :1:1: Premature end of file.
2025-08-14 22:51:44,603 [ERROR] LogOutputStream:75 - [STDERR_REDIRECT] 
2025-08-14 22:51:45,602 [ERROR] LogOutputStream:75 - [STDERR_REDIRECT] [Fatal Error] :1:1: Premature end of file.
2025-08-14 22:51:45,602 [ERROR] LogOutputStream:75 - [STDERR_REDIRECT] 
2025-08-14 22:51:46,605 [ERROR] LogOutputStream:75 - [STDERR_REDIRECT] [Fatal Error] :1:1: Premature end of file.
2025-08-14 22:51:46,605 [ERROR] LogOutputStream:75 - [STDERR_REDIRECT] 
2025-08-14 22:51:47,601 [ERROR] LogOutputStream:75 - [STDERR_REDIRECT] [Fatal Error] :1:1: Premature end of file.
2025-08-14 22:51:47,601 [ERROR] LogOutputStream:75 - [STDERR_REDIRECT] 
2025-08-14 22:51:48,601 [ERROR] LogOutputStream:75 - [STDERR_REDIRECT] [Fatal Error] :1:1: Premature end of file.
2025-08-14 22:51:48,609 [ERROR] LogOutputStream:75 - [STDERR_REDIRECT] 
2025-08-14 22:51:49,614 [ERROR] LogOutputStream:75 - [STDERR_REDIRECT] [Fatal Error] :1:1: Premature end of file.
2025-08-14 22:51:49,614 [ERROR] LogOutputStream:75 - [STDERR_REDIRECT] 
2025-08-14 22:51:50,598 [ERROR] LogOutputStream:75 - [STDERR_REDIRECT] [Fatal Error] :1:1: Premature end of file.
2025-08-14 22:51:50,598 [ERROR] LogOutputStream:75 - [STDERR_REDIRECT] 
2025-08-14 22:51:51,747 [ERROR] LogOutputStream:75 - [STDERR_REDIRECT] [Fatal Error] :1:1: Premature end of file.
2025-08-14 22:51:51,749 [ERROR] LogOutputStream:75 - [STDERR_REDIRECT] 
2025-08-14 22:51:52,606 [ERROR] LogOutputStream:75 - [STDERR_REDIRECT] [Fatal Error] :1:1: Premature end of file.
2025-08-14 22:51:52,606 [ERROR] LogOutputStream:75 - [STDERR_REDIRECT] 
2025-08-14 22:51:53,595 [ERROR] LogOutputStream:75 - [STDERR_REDIRECT] [Fatal Error] :1:1: Premature end of file.
2025-08-14 22:51:53,595 [ERROR] LogOutputStream:75 - [STDERR_REDIRECT] 
2025-08-14 22:51:54,608 [ERROR] LogOutputStream:75 - [STDERR_REDIRECT] [Fatal Error] :1:1: Premature end of file.
2025-08-14 22:51:54,608 [ERROR] LogOutputStream:75 - [STDERR_REDIRECT] 
2025-08-14 22:51:55,607 [ERROR] LogOutputStream:75 - [STDERR_REDIRECT] [Fatal Error] :1:1: Premature end of file.
2025-08-14 22:51:55,607 [ERROR] LogOutputStream:75 - [STDERR_REDIRECT] 
2025-08-14 22:51:56,609 [ERROR] LogOutputStream:75 - [STDERR_REDIRECT] [Fatal Error] :1:1: Premature end of file.
2025-08-14 22:51:56,609 [ERROR] LogOutputStream:75 - [STDERR_REDIRECT] 
2025-08-14 22:51:57,737 [ERROR] LogOutputStream:75 - [STDERR_REDIRECT] [Fatal Error] :1:1: Premature end of file.
2025-08-14 22:51:57,737 [ERROR] LogOutputStream:75 - [STDERR_REDIRECT] 
2025-08-14 22:51:58,619 [ERROR] LogOutputStream:75 - [STDERR_REDIRECT] [Fatal Error] :1:1: Premature end of file.
2025-08-14 22:51:58,619 [ERROR] LogOutputStream:75 - [STDERR_REDIRECT] 
2025-08-14 22:51:59,603 [ERROR] LogOutputStream:75 - [STDERR_REDIRECT] [Fatal Error] :1:1: Premature end of file.
2025-08-14 22:51:59,603 [ERROR] LogOutputStream:75 - [STDERR_REDIRECT] 
2025-08-14 22:52:00,606 [ERROR] LogOutputStream:75 - [STDERR_REDIRECT] [Fatal Error] :1:1: Premature end of file.
2025-08-14 22:52:00,606 [ERROR] LogOutputStream:75 - [STDERR_REDIRECT] 
2025-08-14 22:52:01,605 [ERROR] LogOutputStream:75 - [STDERR_REDIRECT] [Fatal Error] :1:1: Premature end of file.
2025-08-14 22:52:01,605 [ERROR] LogOutputStream:75 - [STDERR_REDIRECT] 
2025-08-14 22:52:02,603 [ERROR] LogOutputStream:75 - [STDERR_REDIRECT] [Fatal Error] :1:1: Premature end of file.
2025-08-14 22:52:02,603 [ERROR] LogOutputStream:75 - [STDERR_REDIRECT] 
2025-08-14 22:52:03,603 [ERROR] LogOutputStream:75 - [STDERR_REDIRECT] [Fatal Error] :1:1: Premature end of file.
2025-08-14 22:52:03,603 [ERROR] LogOutputStream:75 - [STDERR_REDIRECT] 
2025-08-14 22:52:04,613 [ERROR] LogOutputStream:75 - [STDERR_REDIRECT] [Fatal Error] :1:1: Premature end of file.
2025-08-14 22:52:04,613 [ERROR] LogOutputStream:75 - [STDERR_REDIRECT] 
2025-08-14 22:52:05,599 [ERROR] LogOutputStream:75 - [STDERR_REDIRECT] [Fatal Error] :1:1: Premature end of file.
2025-08-14 22:52:05,599 [ERROR] LogOutputStream:75 - [STDERR_REDIRECT] 
2025-08-14 22:52:06,599 [ERROR] LogOutputStream:75 - [STDERR_REDIRECT] [Fatal Error] :1:1: Premature end of file.
2025-08-14 22:52:06,599 [ERROR] LogOutputStream:75 - [STDERR_REDIRECT] 
2025-08-14 22:52:07,619 [ERROR] LogOutputStream:75 - [STDERR_REDIRECT] [Fatal Error] :1:1: Premature end of file.
2025-08-14 22:52:07,620 [ERROR] LogOutputStream:75 - [STDERR_REDIRECT] 
2025-08-14 22:52:08,603 [ERROR] LogOutputStream:75 - [STDERR_REDIRECT] [Fatal Error] :1:1: Premature end of file.
2025-08-14 22:52:08,603 [ERROR] LogOutputStream:75 - [STDERR_REDIRECT] 
2025-08-14 22:52:09,608 [ERROR] LogOutputStream:75 - [STDERR_REDIRECT] [Fatal Error] :1:1: Premature end of file.
2025-08-14 22:52:09,608 [ERROR] LogOutputStream:75 - [STDERR_REDIRECT] 
2025-08-14 22:52:10,595 [ERROR] LogOutputStream:75 - [STDERR_REDIRECT] [Fatal Error] :1:1: Premature end of file.
2025-08-14 22:52:10,595 [ERROR] LogOutputStream:75 - [STDERR_REDIRECT] 
2025-08-14 22:52:11,607 [ERROR] LogOutputStream:75 - [STDERR_REDIRECT] [Fatal Error] :1:1: Premature end of file.
2025-08-14 22:52:11,607 [ERROR] LogOutputStream:75 - [STDERR_REDIRECT] 
2025-08-14 22:52:12,595 [ERROR] LogOutputStream:75 - [STDERR_REDIRECT] [Fatal Error] :1:1: Premature end of file.
2025-08-14 22:52:12,595 [ERROR] LogOutputStream:75 - [STDERR_REDIRECT] 
2025-08-14 22:52:13,592 [ERROR] LogOutputStream:75 - [STDERR_REDIRECT] [Fatal Error] :1:1: Premature end of file.
2025-08-14 22:52:13,592 [ERROR] LogOutputStream:75 - [STDERR_REDIRECT] 
2025-08-14 22:52:14,622 [ERROR] LogOutputStream:75 - [STDERR_REDIRECT] [Fatal Error] :1:1: Premature end of file.
2025-08-14 22:52:14,622 [ERROR] LogOutputStream:75 - [STDERR_REDIRECT] 
2025-08-14 22:52:15,616 [ERROR] LogOutputStream:75 - [STDERR_REDIRECT] [Fatal Error] :1:1: Premature end of file.
2025-08-14 22:52:15,616 [ERROR] LogOutputStream:75 - [STDERR_REDIRECT] 
2025-08-14 22:52:16,602 [ERROR] LogOutputStream:75 - [STDERR_REDIRECT] [Fatal Error] :1:1: Premature end of file.
2025-08-14 22:52:16,602 [ERROR] LogOutputStream:75 - [STDERR_REDIRECT] 
2025-08-14 22:52:17,603 [ERROR] LogOutputStream:75 - [STDERR_REDIRECT] [Fatal Error] :1:1: Premature end of file.
2025-08-14 22:52:17,603 [ERROR] LogOutputStream:75 - [STDERR_REDIRECT] 
2025-08-14 22:52:18,598 [ERROR] LogOutputStream:75 - [STDERR_REDIRECT] [Fatal Error] :1:1: Premature end of file.
2025-08-14 22:52:18,598 [ERROR] LogOutputStream:75 - [STDERR_REDIRECT] 
2025-08-14 22:52:19,601 [ERROR] LogOutputStream:75 - [STDERR_REDIRECT] [Fatal Error] :1:1: Premature end of file.
2025-08-14 22:52:19,601 [ERROR] LogOutputStream:75 - [STDERR_REDIRECT] 
2025-08-14 22:52:20,612 [ERROR] LogOutputStream:75 - [STDERR_REDIRECT] [Fatal Error] :1:1: Premature end of file.
2025-08-14 22:52:20,612 [ERROR] LogOutputStream:75 - [STDERR_REDIRECT] 
2025-08-14 22:52:21,610 [ERROR] LogOutputStream:75 - [STDERR_REDIRECT] [Fatal Error] :1:1: Premature end of file.
2025-08-14 22:52:21,610 [ERROR] LogOutputStream:75 - [STDERR_REDIRECT] 
2025-08-14 22:52:22,602 [ERROR] LogOutputStream:75 - [STDERR_REDIRECT] [Fatal Error] :1:1: Premature end of file.
2025-08-14 22:52:22,602 [ERROR] LogOutputStream:75 - [STDERR_REDIRECT] 
2025-08-14 22:52:23,608 [ERROR] LogOutputStream:75 - [STDERR_REDIRECT] [Fatal Error] :1:1: Premature end of file.
2025-08-14 22:52:23,608 [ERROR] LogOutputStream:75 - [STDERR_REDIRECT] 
2025-08-14 22:52:24,604 [ERROR] LogOutputStream:75 - [STDERR_REDIRECT] [Fatal Error] :1:1: Premature end of file.
2025-08-14 22:52:24,604 [ERROR] LogOutputStream:75 - [STDERR_REDIRECT] 
2025-08-14 22:52:25,606 [ERROR] LogOutputStream:75 - [STDERR_REDIRECT] [Fatal Error] :1:1: Premature end of file.
2025-08-14 22:52:25,606 [ERROR] LogOutputStream:75 - [STDERR_REDIRECT] 
2025-08-14 22:52:26,598 [ERROR] LogOutputStream:75 - [STDERR_REDIRECT] [Fatal Error] :1:1: Premature end of file.
2025-08-14 22:52:26,598 [ERROR] LogOutputStream:75 - [STDERR_REDIRECT] 
2025-08-14 22:52:27,602 [ERROR] LogOutputStream:75 - [STDERR_REDIRECT] [Fatal Error] :1:1: Premature end of file.
2025-08-14 22:52:27,602 [ERROR] LogOutputStream:75 - [STDERR_REDIRECT] 
2025-08-14 22:52:28,593 [ERROR] LogOutputStream:75 - [STDERR_REDIRECT] [Fatal Error] :1:1: Premature end of file.
2025-08-14 22:52:28,593 [ERROR] LogOutputStream:75 - [STDERR_REDIRECT] 
2025-08-14 22:52:29,601 [ERROR] LogOutputStream:75 - [STDERR_REDIRECT] [Fatal Error] :1:1: Premature end of file.
2025-08-14 22:52:29,601 [ERROR] LogOutputStream:75 - [STDERR_REDIRECT] 
2025-08-14 22:52:30,612 [ERROR] LogOutputStream:75 - [STDERR_REDIRECT] [Fatal Error] :1:1: Premature end of file.
2025-08-14 22:52:30,612 [ERROR] LogOutputStream:75 - [STDERR_REDIRECT] 
2025-08-14 22:52:31,600 [ERROR] LogOutputStream:75 - [STDERR_REDIRECT] [Fatal Error] :1:1: Premature end of file.
2025-08-14 22:52:31,600 [ERROR] LogOutputStream:75 - [STDERR_REDIRECT] 
2025-08-14 22:52:32,608 [ERROR] LogOutputStream:75 - [STDERR_REDIRECT] [Fatal Error] :1:1: Premature end of file.
2025-08-14 22:52:32,608 [ERROR] LogOutputStream:75 - [STDERR_REDIRECT] 
2025-08-14 22:52:33,607 [ERROR] LogOutputStream:75 - [STDERR_REDIRECT] [Fatal Error] :1:1: Premature end of file.
2025-08-14 22:52:33,607 [ERROR] LogOutputStream:75 - [STDERR_REDIRECT] 
2025-08-14 22:52:34,613 [ERROR] LogOutputStream:75 - [STDERR_REDIRECT] [Fatal Error] :1:1: Premature end of file.
2025-08-14 22:52:34,613 [ERROR] LogOutputStream:75 - [STDERR_REDIRECT] 
2025-08-14 22:52:35,611 [ERROR] LogOutputStream:75 - [STDERR_REDIRECT] [Fatal Error] :1:1: Premature end of file.
2025-08-14 22:52:35,611 [ERROR] LogOutputStream:75 - [STDERR_REDIRECT] 
2025-08-14 22:52:36,594 [ERROR] LogOutputStream:75 - [STDERR_REDIRECT] [Fatal Error] :1:1: Premature end of file.
2025-08-14 22:52:36,594 [ERROR] LogOutputStream:75 - [STDERR_REDIRECT] 
2025-08-14 22:52:37,598 [ERROR] LogOutputStream:75 - [STDERR_REDIRECT] [Fatal Error] :1:1: Premature end of file.
2025-08-14 22:52:37,598 [ERROR] LogOutputStream:75 - [STDERR_REDIRECT] 
2025-08-14 22:52:38,602 [ERROR] LogOutputStream:75 - [STDERR_REDIRECT] [Fatal Error] :1:1: Premature end of file.
2025-08-14 22:52:38,602 [ERROR] LogOutputStream:75 - [STDERR_REDIRECT] 
2025-08-14 22:52:39,607 [ERROR] LogOutputStream:75 - [STDERR_REDIRECT] [Fatal Error] :1:1: Premature end of file.
2025-08-14 22:52:39,607 [ERROR] LogOutputStream:75 - [STDERR_REDIRECT] 
2025-08-14 22:52:40,606 [ERROR] LogOutputStream:75 - [STDERR_REDIRECT] [Fatal Error] :1:1: Premature end of file.
2025-08-14 22:52:40,606 [ERROR] LogOutputStream:75 - [STDERR_REDIRECT] 
2025-08-14 22:52:41,599 [ERROR] LogOutputStream:75 - [STDERR_REDIRECT] [Fatal Error] :1:1: Premature end of file.
2025-08-14 22:52:41,599 [ERROR] LogOutputStream:75 - [STDERR_REDIRECT] 
2025-08-14 22:52:42,598 [ERROR] LogOutputStream:75 - [STDERR_REDIRECT] [Fatal Error] :1:1: Premature end of file.
2025-08-14 22:52:42,598 [ERROR] LogOutputStream:75 - [STDERR_REDIRECT] 
2025-08-14 22:52:43,602 [ERROR] LogOutputStream:75 - [STDERR_REDIRECT] [Fatal Error] :1:1: Premature end of file.
2025-08-14 22:52:43,602 [ERROR] LogOutputStream:75 - [STDERR_REDIRECT] 
2025-08-14 22:52:44,600 [ERROR] LogOutputStream:75 - [STDERR_REDIRECT] [Fatal Error] :1:1: Premature end of file.
2025-08-14 22:52:44,600 [ERROR] LogOutputStream:75 - [STDERR_REDIRECT] 
2025-08-14 22:52:45,609 [ERROR] LogOutputStream:75 - [STDERR_REDIRECT] [Fatal Error] :1:1: Premature end of file.
2025-08-14 22:52:45,609 [ERROR] LogOutputStream:75 - [STDERR_REDIRECT] 
2025-08-14 22:52:46,605 [ERROR] LogOutputStream:75 - [STDERR_REDIRECT] [Fatal Error] :1:1: Premature end of file.
2025-08-14 22:52:46,605 [ERROR] LogOutputStream:75 - [STDERR_REDIRECT] 
2025-08-14 22:52:47,602 [ERROR] LogOutputStream:75 - [STDERR_REDIRECT] [Fatal Error] :1:1: Premature end of file.
2025-08-14 22:52:47,602 [ERROR] LogOutputStream:75 - [STDERR_REDIRECT] 
2025-08-14 22:52:48,606 [ERROR] LogOutputStream:75 - [STDERR_REDIRECT] [Fatal Error] :1:1: Premature end of file.
2025-08-14 22:52:48,606 [ERROR] LogOutputStream:75 - [STDERR_REDIRECT] 
2025-08-14 22:52:49,606 [ERROR] LogOutputStream:75 - [STDERR_REDIRECT] [Fatal Error] :1:1: Premature end of file.
2025-08-14 22:52:49,606 [ERROR] LogOutputStream:75 - [STDERR_REDIRECT] 
2025-08-14 22:52:50,598 [ERROR] LogOutputStream:75 - [STDERR_REDIRECT] [Fatal Error] :1:1: Premature end of file.
2025-08-14 22:52:50,598 [ERROR] LogOutputStream:75 - [STDERR_REDIRECT] 
2025-08-14 22:52:51,597 [ERROR] LogOutputStream:75 - [STDERR_REDIRECT] [Fatal Error] :1:1: Premature end of file.
2025-08-14 22:52:51,597 [ERROR] LogOutputStream:75 - [STDERR_REDIRECT] 
2025-08-14 22:52:52,595 [ERROR] LogOutputStream:75 - [STDERR_REDIRECT] [Fatal Error] :1:1: Premature end of file.
2025-08-14 22:52:52,595 [ERROR] LogOutputStream:75 - [STDERR_REDIRECT] 
2025-08-14 22:52:53,604 [ERROR] LogOutputStream:75 - [STDERR_REDIRECT] [Fatal Error] :1:1: Premature end of file.
2025-08-14 22:52:53,604 [ERROR] LogOutputStream:75 - [STDERR_REDIRECT] 
2025-08-14 22:52:54,600 [ERROR] LogOutputStream:75 - [STDERR_REDIRECT] [Fatal Error] :1:1: Premature end of file.
2025-08-14 22:52:54,600 [ERROR] LogOutputStream:75 - [STDERR_REDIRECT] 
2025-08-14 22:52:55,603 [ERROR] LogOutputStream:75 - [STDERR_REDIRECT] [Fatal Error] :1:1: Premature end of file.
2025-08-14 22:52:55,603 [ERROR] LogOutputStream:75 - [STDERR_REDIRECT] 
2025-08-14 22:52:56,605 [ERROR] LogOutputStream:75 - [STDERR_REDIRECT] [Fatal Error] :1:1: Premature end of file.
2025-08-14 22:52:56,605 [ERROR] LogOutputStream:75 - [STDERR_REDIRECT] 
2025-08-14 22:52:57,605 [ERROR] LogOutputStream:75 - [STDERR_REDIRECT] [Fatal Error] :1:1: Premature end of file.
2025-08-14 22:52:57,605 [ERROR] LogOutputStream:75 - [STDERR_REDIRECT] 
2025-08-14 22:52:58,598 [ERROR] LogOutputStream:75 - [STDERR_REDIRECT] [Fatal Error] :1:1: Premature end of file.
2025-08-14 22:52:58,598 [ERROR] LogOutputStream:75 - [STDERR_REDIRECT] 
2025-08-14 22:52:59,599 [ERROR] LogOutputStream:75 - [STDERR_REDIRECT] [Fatal Error] :1:1: Premature end of file.
2025-08-14 22:52:59,599 [ERROR] LogOutputStream:75 - [STDERR_REDIRECT] 
2025-08-14 22:53:00,595 [ERROR] LogOutputStream:75 - [STDERR_REDIRECT] [Fatal Error] :1:1: Premature end of file.
2025-08-14 22:53:00,595 [ERROR] LogOutputStream:75 - [STDERR_REDIRECT] 
2025-08-14 22:53:01,608 [ERROR] LogOutputStream:75 - [STDERR_REDIRECT] [Fatal Error] :1:1: Premature end of file.
2025-08-14 22:53:01,608 [ERROR] LogOutputStream:75 - [STDERR_REDIRECT] 
2025-08-14 22:53:02,303 [INFO] WebApp:194 - Connection lost
2025-08-14 22:53:02,599 [ERROR] LogOutputStream:75 - [STDERR_REDIRECT] [Fatal Error] :1:1: Premature end of file.
2025-08-14 22:53:02,599 [ERROR] LogOutputStream:75 - [STDERR_REDIRECT] 
2025-08-14 22:53:03,601 [ERROR] LogOutputStream:75 - [STDERR_REDIRECT] [Fatal Error] :1:1: Premature end of file.
2025-08-14 22:53:03,601 [ERROR] LogOutputStream:75 - [STDERR_REDIRECT] 
2025-08-14 22:53:04,597 [ERROR] LogOutputStream:75 - [STDERR_REDIRECT] [Fatal Error] :1:1: Premature end of file.
2025-08-14 22:53:04,597 [ERROR] LogOutputStream:75 - [STDERR_REDIRECT] 
2025-08-14 22:53:05,608 [ERROR] LogOutputStream:75 - [STDERR_REDIRECT] [Fatal Error] :1:1: Premature end of file.
2025-08-14 22:53:05,608 [ERROR] LogOutputStream:75 - [STDERR_REDIRECT] 
2025-08-14 22:53:06,613 [ERROR] LogOutputStream:75 - [STDERR_REDIRECT] [Fatal Error] :1:1: Premature end of file.
2025-08-14 22:53:06,613 [ERROR] LogOutputStream:75 - [STDERR_REDIRECT] 
2025-08-14 22:53:07,610 [ERROR] LogOutputStream:75 - [STDERR_REDIRECT] [Fatal Error] :1:1: Premature end of file.
2025-08-14 22:53:07,610 [ERROR] LogOutputStream:75 - [STDERR_REDIRECT] 
2025-08-14 22:53:08,659 [ERROR] LogOutputStream:75 - [STDERR_REDIRECT] [Fatal Error] :1:1: Premature end of file.
2025-08-14 22:53:08,659 [ERROR] LogOutputStream:75 - [STDERR_REDIRECT] 
2025-08-14 22:53:09,608 [ERROR] LogOutputStream:75 - [STDERR_REDIRECT] [Fatal Error] :1:1: Premature end of file.
2025-08-14 22:53:09,608 [ERROR] LogOutputStream:75 - [STDERR_REDIRECT] 
2025-08-14 22:53:10,605 [ERROR] LogOutputStream:75 - [STDERR_REDIRECT] [Fatal Error] :1:1: Premature end of file.
2025-08-14 22:53:10,605 [ERROR] LogOutputStream:75 - [STDERR_REDIRECT] 
2025-08-14 22:53:11,632 [ERROR] LogOutputStream:75 - [STDERR_REDIRECT] [Fatal Error] :1:1: Premature end of file.
2025-08-14 22:53:11,632 [ERROR] LogOutputStream:75 - [STDERR_REDIRECT] 
2025-08-14 22:53:12,604 [ERROR] LogOutputStream:75 - [STDERR_REDIRECT] [Fatal Error] :1:1: Premature end of file.
2025-08-14 22:53:12,604 [ERROR] LogOutputStream:75 - [STDERR_REDIRECT] 
2025-08-14 22:53:13,602 [ERROR] LogOutputStream:75 - [STDERR_REDIRECT] [Fatal Error] :1:1: Premature end of file.
2025-08-14 22:53:13,602 [ERROR] LogOutputStream:75 - [STDERR_REDIRECT] 
2025-08-14 22:53:14,604 [ERROR] LogOutputStream:75 - [STDERR_REDIRECT] [Fatal Error] :1:1: Premature end of file.
2025-08-14 22:53:14,604 [ERROR] LogOutputStream:75 - [STDERR_REDIRECT] 
2025-08-14 22:53:15,608 [ERROR] LogOutputStream:75 - [STDERR_REDIRECT] [Fatal Error] :1:1: Premature end of file.
2025-08-14 22:53:15,608 [ERROR] LogOutputStream:75 - [STDERR_REDIRECT] 
2025-08-14 22:53:16,617 [ERROR] LogOutputStream:75 - [STDERR_REDIRECT] [Fatal Error] :1:1: Premature end of file.
2025-08-14 22:53:16,617 [ERROR] LogOutputStream:75 - [STDERR_REDIRECT] 
2025-08-14 22:53:17,596 [ERROR] LogOutputStream:75 - [STDERR_REDIRECT] [Fatal Error] :1:1: Premature end of file.
2025-08-14 22:53:17,596 [ERROR] LogOutputStream:75 - [STDERR_REDIRECT] 
2025-08-14 22:53:18,608 [ERROR] LogOutputStream:75 - [STDERR_REDIRECT] [Fatal Error] :1:1: Premature end of file.
2025-08-14 22:53:18,608 [ERROR] LogOutputStream:75 - [STDERR_REDIRECT] 
2025-08-14 22:53:19,605 [ERROR] LogOutputStream:75 - [STDERR_REDIRECT] [Fatal Error] :1:1: Premature end of file.
2025-08-14 22:53:19,605 [ERROR] LogOutputStream:75 - [STDERR_REDIRECT] 
2025-08-14 22:53:20,607 [ERROR] LogOutputStream:75 - [STDERR_REDIRECT] [Fatal Error] :1:1: Premature end of file.
2025-08-14 22:53:20,607 [ERROR] LogOutputStream:75 - [STDERR_REDIRECT] 
2025-08-14 22:53:21,601 [ERROR] LogOutputStream:75 - [STDERR_REDIRECT] [Fatal Error] :1:1: Premature end of file.
2025-08-14 22:53:21,601 [ERROR] LogOutputStream:75 - [STDERR_REDIRECT] 
2025-08-14 22:53:22,595 [ERROR] LogOutputStream:75 - [STDERR_REDIRECT] [Fatal Error] :1:1: Premature end of file.
2025-08-14 22:53:22,595 [ERROR] LogOutputStream:75 - [STDERR_REDIRECT] 
2025-08-14 22:53:23,600 [ERROR] LogOutputStream:75 - [STDERR_REDIRECT] [Fatal Error] :1:1: Premature end of file.
2025-08-14 22:53:23,600 [ERROR] LogOutputStream:75 - [STDERR_REDIRECT] 
2025-08-14 22:53:24,603 [ERROR] LogOutputStream:75 - [STDERR_REDIRECT] [Fatal Error] :1:1: Premature end of file.
2025-08-14 22:53:24,603 [ERROR] LogOutputStream:75 - [STDERR_REDIRECT] 
2025-08-14 22:53:25,601 [ERROR] LogOutputStream:75 - [STDERR_REDIRECT] [Fatal Error] :1:1: Premature end of file.
2025-08-14 22:53:25,601 [ERROR] LogOutputStream:75 - [STDERR_REDIRECT] 
2025-08-14 22:53:26,602 [ERROR] LogOutputStream:75 - [STDERR_REDIRECT] [Fatal Error] :1:1: Premature end of file.
2025-08-14 22:53:26,602 [ERROR] LogOutputStream:75 - [STDERR_REDIRECT] 
2025-08-14 22:53:27,600 [ERROR] LogOutputStream:75 - [STDERR_REDIRECT] [Fatal Error] :1:1: Premature end of file.
2025-08-14 22:53:27,600 [ERROR] LogOutputStream:75 - [STDERR_REDIRECT] 
2025-08-14 22:53:28,598 [ERROR] LogOutputStream:75 - [STDERR_REDIRECT] [Fatal Error] :1:1: Premature end of file.
2025-08-14 22:53:28,598 [ERROR] LogOutputStream:75 - [STDERR_REDIRECT] 
2025-08-14 22:53:29,602 [ERROR] LogOutputStream:75 - [STDERR_REDIRECT] [Fatal Error] :1:1: Premature end of file.
2025-08-14 22:53:29,602 [ERROR] LogOutputStream:75 - [STDERR_REDIRECT] 
2025-08-14 22:53:30,609 [ERROR] LogOutputStream:75 - [STDERR_REDIRECT] [Fatal Error] :1:1: Premature end of file.
2025-08-14 22:53:30,609 [ERROR] LogOutputStream:75 - [STDERR_REDIRECT] 
2025-08-14 22:53:31,593 [ERROR] LogOutputStream:75 - [STDERR_REDIRECT] [Fatal Error] :1:1: Premature end of file.
2025-08-14 22:53:31,593 [ERROR] LogOutputStream:75 - [STDERR_REDIRECT] 
2025-08-14 22:53:32,605 [ERROR] LogOutputStream:75 - [STDERR_REDIRECT] [Fatal Error] :1:1: Premature end of file.
2025-08-14 22:53:32,605 [ERROR] LogOutputStream:75 - [STDERR_REDIRECT] 
2025-08-14 22:53:33,609 [ERROR] LogOutputStream:75 - [STDERR_REDIRECT] [Fatal Error] :1:1: Premature end of file.
2025-08-14 22:53:33,609 [ERROR] LogOutputStream:75 - [STDERR_REDIRECT] 
2025-08-14 22:53:34,596 [ERROR] LogOutputStream:75 - [STDERR_REDIRECT] [Fatal Error] :1:1: Premature end of file.
2025-08-14 22:53:34,596 [ERROR] LogOutputStream:75 - [STDERR_REDIRECT] 
2025-08-14 22:53:35,604 [ERROR] LogOutputStream:75 - [STDERR_REDIRECT] [Fatal Error] :1:1: Premature end of file.
2025-08-14 22:53:35,604 [ERROR] LogOutputStream:75 - [STDERR_REDIRECT] 
2025-08-14 22:53:36,613 [ERROR] LogOutputStream:75 - [STDERR_REDIRECT] [Fatal Error] :1:1: Premature end of file.
2025-08-14 22:53:36,613 [ERROR] LogOutputStream:75 - [STDERR_REDIRECT] 
2025-08-14 22:53:37,604 [ERROR] LogOutputStream:75 - [STDERR_REDIRECT] [Fatal Error] :1:1: Premature end of file.
2025-08-14 22:53:37,604 [ERROR] LogOutputStream:75 - [STDERR_REDIRECT] 
2025-08-14 22:53:38,608 [ERROR] LogOutputStream:75 - [STDERR_REDIRECT] [Fatal Error] :1:1: Premature end of file.
2025-08-14 22:53:38,608 [ERROR] LogOutputStream:75 - [STDERR_REDIRECT] 
2025-08-14 22:53:39,594 [ERROR] LogOutputStream:75 - [STDERR_REDIRECT] [Fatal Error] :1:1: Premature end of file.
2025-08-14 22:53:39,594 [ERROR] LogOutputStream:75 - [STDERR_REDIRECT] 
2025-08-14 22:53:40,613 [ERROR] LogOutputStream:75 - [STDERR_REDIRECT] [Fatal Error] :1:1: Premature end of file.
2025-08-14 22:53:40,613 [ERROR] LogOutputStream:75 - [STDERR_REDIRECT] 
2025-08-14 22:53:41,595 [ERROR] LogOutputStream:75 - [STDERR_REDIRECT] [Fatal Error] :1:1: Premature end of file.
2025-08-14 22:53:41,595 [ERROR] LogOutputStream:75 - [STDERR_REDIRECT] 
2025-08-14 22:53:42,601 [ERROR] LogOutputStream:75 - [STDERR_REDIRECT] [Fatal Error] :1:1: Premature end of file.
2025-08-14 22:53:42,601 [ERROR] LogOutputStream:75 - [STDERR_REDIRECT] 
2025-08-14 22:53:43,596 [ERROR] LogOutputStream:75 - [STDERR_REDIRECT] [Fatal Error] :1:1: Premature end of file.
2025-08-14 22:53:43,596 [ERROR] LogOutputStream:75 - [STDERR_REDIRECT] 
2025-08-14 22:53:44,600 [ERROR] LogOutputStream:75 - [STDERR_REDIRECT] [Fatal Error] :1:1: Premature end of file.
2025-08-14 22:53:44,600 [ERROR] LogOutputStream:75 - [STDERR_REDIRECT] 
2025-08-14 22:53:45,600 [ERROR] LogOutputStream:75 - [STDERR_REDIRECT] [Fatal Error] :1:1: Premature end of file.
2025-08-14 22:53:45,600 [ERROR] LogOutputStream:75 - [STDERR_REDIRECT] 
2025-08-14 22:53:46,596 [ERROR] LogOutputStream:75 - [STDERR_REDIRECT] [Fatal Error] :1:1: Premature end of file.
2025-08-14 22:53:46,596 [ERROR] LogOutputStream:75 - [STDERR_REDIRECT] 
2025-08-14 22:53:47,599 [ERROR] LogOutputStream:75 - [STDERR_REDIRECT] [Fatal Error] :1:1: Premature end of file.
2025-08-14 22:53:47,599 [ERROR] LogOutputStream:75 - [STDERR_REDIRECT] 
2025-08-14 22:53:48,608 [ERROR] LogOutputStream:75 - [STDERR_REDIRECT] [Fatal Error] :1:1: Premature end of file.
2025-08-14 22:53:48,608 [ERROR] LogOutputStream:75 - [STDERR_REDIRECT] 
2025-08-14 22:53:49,598 [ERROR] LogOutputStream:75 - [STDERR_REDIRECT] [Fatal Error] :1:1: Premature end of file.
2025-08-14 22:53:49,598 [ERROR] LogOutputStream:75 - [STDERR_REDIRECT] 
2025-08-14 22:53:50,607 [ERROR] LogOutputStream:75 - [STDERR_REDIRECT] [Fatal Error] :1:1: Premature end of file.
2025-08-14 22:53:50,607 [ERROR] LogOutputStream:75 - [STDERR_REDIRECT] 
2025-08-14 22:53:51,609 [ERROR] LogOutputStream:75 - [STDERR_REDIRECT] [Fatal Error] :1:1: Premature end of file.
2025-08-14 22:53:51,609 [ERROR] LogOutputStream:75 - [STDERR_REDIRECT] 
2025-08-14 22:53:52,609 [ERROR] LogOutputStream:75 - [STDERR_REDIRECT] [Fatal Error] :1:1: Premature end of file.
2025-08-14 22:53:52,609 [ERROR] LogOutputStream:75 - [STDERR_REDIRECT] 
2025-08-14 22:53:53,594 [ERROR] LogOutputStream:75 - [STDERR_REDIRECT] [Fatal Error] :1:1: Premature end of file.
2025-08-14 22:53:53,594 [ERROR] LogOutputStream:75 - [STDERR_REDIRECT] 
2025-08-14 22:53:54,597 [ERROR] LogOutputStream:75 - [STDERR_REDIRECT] [Fatal Error] :1:1: Premature end of file.
2025-08-14 22:53:54,597 [ERROR] LogOutputStream:75 - [STDERR_REDIRECT] 
2025-08-14 22:53:55,594 [ERROR] LogOutputStream:75 - [STDERR_REDIRECT] [Fatal Error] :1:1: Premature end of file.
2025-08-14 22:53:55,594 [ERROR] LogOutputStream:75 - [STDERR_REDIRECT] 
2025-08-14 22:53:56,595 [ERROR] LogOutputStream:75 - [STDERR_REDIRECT] [Fatal Error] :1:1: Premature end of file.
2025-08-14 22:53:56,595 [ERROR] LogOutputStream:75 - [STDERR_REDIRECT] 
2025-08-14 22:53:57,596 [ERROR] LogOutputStream:75 - [STDERR_REDIRECT] [Fatal Error] :1:1: Premature end of file.
2025-08-14 22:53:57,596 [ERROR] LogOutputStream:75 - [STDERR_REDIRECT] 
2025-08-14 22:53:58,604 [ERROR] LogOutputStream:75 - [STDERR_REDIRECT] [Fatal Error] :1:1: Premature end of file.
2025-08-14 22:53:58,604 [ERROR] LogOutputStream:75 - [STDERR_REDIRECT] 
2025-08-14 22:53:59,601 [ERROR] LogOutputStream:75 - [STDERR_REDIRECT] [Fatal Error] :1:1: Premature end of file.
2025-08-14 22:53:59,601 [ERROR] LogOutputStream:75 - [STDERR_REDIRECT] 
2025-08-14 22:54:00,599 [ERROR] LogOutputStream:75 - [STDERR_REDIRECT] [Fatal Error] :1:1: Premature end of file.
2025-08-14 22:54:00,599 [ERROR] LogOutputStream:75 - [STDERR_REDIRECT] 
2025-08-14 22:54:01,600 [ERROR] LogOutputStream:75 - [STDERR_REDIRECT] [Fatal Error] :1:1: Premature end of file.
2025-08-14 22:54:01,600 [ERROR] LogOutputStream:75 - [STDERR_REDIRECT] 
2025-08-14 22:54:02,600 [ERROR] LogOutputStream:75 - [STDERR_REDIRECT] [Fatal Error] :1:1: Premature end of file.
2025-08-14 22:54:02,600 [ERROR] LogOutputStream:75 - [STDERR_REDIRECT] 
2025-08-14 22:54:03,603 [ERROR] LogOutputStream:75 - [STDERR_REDIRECT] [Fatal Error] :1:1: Premature end of file.
2025-08-14 22:54:03,603 [ERROR] LogOutputStream:75 - [STDERR_REDIRECT] 
2025-08-14 22:54:04,605 [ERROR] LogOutputStream:75 - [STDERR_REDIRECT] [Fatal Error] :1:1: Premature end of file.
2025-08-14 22:54:04,605 [ERROR] LogOutputStream:75 - [STDERR_REDIRECT] 
2025-08-14 22:54:05,595 [ERROR] LogOutputStream:75 - [STDERR_REDIRECT] [Fatal Error] :1:1: Premature end of file.
2025-08-14 22:54:05,595 [ERROR] LogOutputStream:75 - [STDERR_REDIRECT] 
2025-08-14 22:54:06,595 [ERROR] LogOutputStream:75 - [STDERR_REDIRECT] [Fatal Error] :1:1: Premature end of file.
2025-08-14 22:54:06,595 [ERROR] LogOutputStream:75 - [STDERR_REDIRECT] 
2025-08-14 22:54:07,602 [ERROR] LogOutputStream:75 - [STDERR_REDIRECT] [Fatal Error] :1:1: Premature end of file.
2025-08-14 22:54:07,602 [ERROR] LogOutputStream:75 - [STDERR_REDIRECT] 
2025-08-14 22:54:08,594 [ERROR] LogOutputStream:75 - [STDERR_REDIRECT] [Fatal Error] :1:1: Premature end of file.
2025-08-14 22:54:08,594 [ERROR] LogOutputStream:75 - [STDERR_REDIRECT] 
2025-08-14 22:54:09,596 [ERROR] LogOutputStream:75 - [STDERR_REDIRECT] [Fatal Error] :1:1: Premature end of file.
2025-08-14 22:54:09,596 [ERROR] LogOutputStream:75 - [STDERR_REDIRECT] 
2025-08-14 22:54:10,605 [ERROR] LogOutputStream:75 - [STDERR_REDIRECT] [Fatal Error] :1:1: Premature end of file.
2025-08-14 22:54:10,605 [ERROR] LogOutputStream:75 - [STDERR_REDIRECT] 
2025-08-14 22:54:11,605 [ERROR] LogOutputStream:75 - [STDERR_REDIRECT] [Fatal Error] :1:1: Premature end of file.
2025-08-14 22:54:11,605 [ERROR] LogOutputStream:75 - [STDERR_REDIRECT] 
2025-08-14 22:54:12,606 [ERROR] LogOutputStream:75 - [STDERR_REDIRECT] [Fatal Error] :1:1: Premature end of file.
2025-08-14 22:54:12,606 [ERROR] LogOutputStream:75 - [STDERR_REDIRECT] 
2025-08-14 22:54:13,608 [ERROR] LogOutputStream:75 - [STDERR_REDIRECT] [Fatal Error] :1:1: Premature end of file.
2025-08-14 22:54:13,608 [ERROR] LogOutputStream:75 - [STDERR_REDIRECT] 
2025-08-14 22:54:14,609 [ERROR] LogOutputStream:75 - [STDERR_REDIRECT] [Fatal Error] :1:1: Premature end of file.
2025-08-14 22:54:14,609 [ERROR] LogOutputStream:75 - [STDERR_REDIRECT] 
2025-08-14 22:54:15,602 [ERROR] LogOutputStream:75 - [STDERR_REDIRECT] [Fatal Error] :1:1: Premature end of file.
2025-08-14 22:54:15,602 [ERROR] LogOutputStream:75 - [STDERR_REDIRECT] 
2025-08-14 22:54:16,604 [ERROR] LogOutputStream:75 - [STDERR_REDIRECT] [Fatal Error] :1:1: Premature end of file.
2025-08-14 22:54:16,604 [ERROR] LogOutputStream:75 - [STDERR_REDIRECT] 
2025-08-14 22:54:17,605 [ERROR] LogOutputStream:75 - [STDERR_REDIRECT] [Fatal Error] :1:1: Premature end of file.
2025-08-14 22:54:17,605 [ERROR] LogOutputStream:75 - [STDERR_REDIRECT] 
2025-08-14 22:54:18,611 [ERROR] LogOutputStream:75 - [STDERR_REDIRECT] [Fatal Error] :1:1: Premature end of file.
2025-08-14 22:54:18,611 [ERROR] LogOutputStream:75 - [STDERR_REDIRECT] 
2025-08-14 22:54:19,612 [ERROR] LogOutputStream:75 - [STDERR_REDIRECT] [Fatal Error] :1:1: Premature end of file.
2025-08-14 22:54:19,612 [ERROR] LogOutputStream:75 - [STDERR_REDIRECT] 
2025-08-14 22:54:20,599 [ERROR] LogOutputStream:75 - [STDERR_REDIRECT] [Fatal Error] :1:1: Premature end of file.
2025-08-14 22:54:20,599 [ERROR] LogOutputStream:75 - [STDERR_REDIRECT] 
2025-08-14 22:54:21,597 [ERROR] LogOutputStream:75 - [STDERR_REDIRECT] [Fatal Error] :1:1: Premature end of file.
2025-08-14 22:54:21,597 [ERROR] LogOutputStream:75 - [STDERR_REDIRECT] 
2025-08-14 22:54:22,613 [ERROR] LogOutputStream:75 - [STDERR_REDIRECT] [Fatal Error] :1:1: Premature end of file.
2025-08-14 22:54:22,613 [ERROR] LogOutputStream:75 - [STDERR_REDIRECT] 
2025-08-14 22:54:23,596 [ERROR] LogOutputStream:75 - [STDERR_REDIRECT] [Fatal Error] :1:1: Premature end of file.
2025-08-14 22:54:23,596 [ERROR] LogOutputStream:75 - [STDERR_REDIRECT] 
2025-08-14 22:54:24,613 [ERROR] LogOutputStream:75 - [STDERR_REDIRECT] [Fatal Error] :1:1: Premature end of file.
2025-08-14 22:54:24,613 [ERROR] LogOutputStream:75 - [STDERR_REDIRECT] 
2025-08-14 22:54:25,608 [ERROR] LogOutputStream:75 - [STDERR_REDIRECT] [Fatal Error] :1:1: Premature end of file.
2025-08-14 22:54:25,608 [ERROR] LogOutputStream:75 - [STDERR_REDIRECT] 
2025-08-14 22:54:26,593 [ERROR] LogOutputStream:75 - [STDERR_REDIRECT] [Fatal Error] :1:1: Premature end of file.
2025-08-14 22:54:26,593 [ERROR] LogOutputStream:75 - [STDERR_REDIRECT] 
2025-08-14 22:54:27,599 [ERROR] LogOutputStream:75 - [STDERR_REDIRECT] [Fatal Error] :1:1: Premature end of file.
2025-08-14 22:54:27,599 [ERROR] LogOutputStream:75 - [STDERR_REDIRECT] 
2025-08-14 22:54:28,596 [ERROR] LogOutputStream:75 - [STDERR_REDIRECT] [Fatal Error] :1:1: Premature end of file.
2025-08-14 22:54:28,596 [ERROR] LogOutputStream:75 - [STDERR_REDIRECT] 
2025-08-14 22:54:29,598 [ERROR] LogOutputStream:75 - [STDERR_REDIRECT] [Fatal Error] :1:1: Premature end of file.
2025-08-14 22:54:29,598 [ERROR] LogOutputStream:75 - [STDERR_REDIRECT] 
2025-08-14 22:54:30,604 [ERROR] LogOutputStream:75 - [STDERR_REDIRECT] [Fatal Error] :1:1: Premature end of file.
2025-08-14 22:54:30,604 [ERROR] LogOutputStream:75 - [STDERR_REDIRECT] 
2025-08-14 22:54:31,607 [ERROR] LogOutputStream:75 - [STDERR_REDIRECT] [Fatal Error] :1:1: Premature end of file.
2025-08-14 22:54:31,607 [ERROR] LogOutputStream:75 - [STDERR_REDIRECT] 
2025-08-14 22:54:32,603 [ERROR] LogOutputStream:75 - [STDERR_REDIRECT] [Fatal Error] :1:1: Premature end of file.
2025-08-14 22:54:32,603 [ERROR] LogOutputStream:75 - [STDERR_REDIRECT] 
2025-08-14 22:54:33,607 [ERROR] LogOutputStream:75 - [STDERR_REDIRECT] [Fatal Error] :1:1: Premature end of file.
2025-08-14 22:54:33,607 [ERROR] LogOutputStream:75 - [STDERR_REDIRECT] 
2025-08-14 22:54:34,596 [ERROR] LogOutputStream:75 - [STDERR_REDIRECT] [Fatal Error] :1:1: Premature end of file.
2025-08-14 22:54:34,596 [ERROR] LogOutputStream:75 - [STDERR_REDIRECT] 
2025-08-14 22:54:35,603 [ERROR] LogOutputStream:75 - [STDERR_REDIRECT] [Fatal Error] :1:1: Premature end of file.
2025-08-14 22:54:35,603 [ERROR] LogOutputStream:75 - [STDERR_REDIRECT] 
2025-08-14 22:54:36,603 [ERROR] LogOutputStream:75 - [STDERR_REDIRECT] [Fatal Error] :1:1: Premature end of file.
2025-08-14 22:54:36,603 [ERROR] LogOutputStream:75 - [STDERR_REDIRECT] 
2025-08-14 22:54:37,602 [ERROR] LogOutputStream:75 - [STDERR_REDIRECT] [Fatal Error] :1:1: Premature end of file.
2025-08-14 22:54:37,602 [ERROR] LogOutputStream:75 - [STDERR_REDIRECT] 
2025-08-14 22:54:38,604 [ERROR] LogOutputStream:75 - [STDERR_REDIRECT] [Fatal Error] :1:1: Premature end of file.
2025-08-14 22:54:38,604 [ERROR] LogOutputStream:75 - [STDERR_REDIRECT] 
2025-08-14 22:54:39,607 [ERROR] LogOutputStream:75 - [STDERR_REDIRECT] [Fatal Error] :1:1: Premature end of file.
2025-08-14 22:54:39,607 [ERROR] LogOutputStream:75 - [STDERR_REDIRECT] 
2025-08-14 22:54:40,596 [ERROR] LogOutputStream:75 - [STDERR_REDIRECT] [Fatal Error] :1:1: Premature end of file.
2025-08-14 22:54:40,596 [ERROR] LogOutputStream:75 - [STDERR_REDIRECT] 
2025-08-14 22:54:41,593 [ERROR] LogOutputStream:75 - [STDERR_REDIRECT] [Fatal Error] :1:1: Premature end of file.
2025-08-14 22:54:41,593 [ERROR] LogOutputStream:75 - [STDERR_REDIRECT] 
2025-08-14 22:54:42,595 [ERROR] LogOutputStream:75 - [STDERR_REDIRECT] [Fatal Error] :1:1: Premature end of file.
2025-08-14 22:54:42,595 [ERROR] LogOutputStream:75 - [STDERR_REDIRECT] 
2025-08-14 22:54:43,612 [ERROR] LogOutputStream:75 - [STDERR_REDIRECT] [Fatal Error] :1:1: Premature end of file.
2025-08-14 22:54:43,612 [ERROR] LogOutputStream:75 - [STDERR_REDIRECT] 
2025-08-14 22:54:44,614 [ERROR] LogOutputStream:75 - [STDERR_REDIRECT] [Fatal Error] :1:1: Premature end of file.
2025-08-14 22:54:44,614 [ERROR] LogOutputStream:75 - [STDERR_REDIRECT] 
2025-08-14 22:54:45,606 [ERROR] LogOutputStream:75 - [STDERR_REDIRECT] [Fatal Error] :1:1: Premature end of file.
2025-08-14 22:54:45,606 [ERROR] LogOutputStream:75 - [STDERR_REDIRECT] 
2025-08-14 22:54:46,606 [ERROR] LogOutputStream:75 - [STDERR_REDIRECT] [Fatal Error] :1:1: Premature end of file.
2025-08-14 22:54:46,606 [ERROR] LogOutputStream:75 - [STDERR_REDIRECT] 
2025-08-14 22:54:47,603 [ERROR] LogOutputStream:75 - [STDERR_REDIRECT] [Fatal Error] :1:1: Premature end of file.
2025-08-14 22:54:47,603 [ERROR] LogOutputStream:75 - [STDERR_REDIRECT] 
2025-08-14 22:54:48,607 [ERROR] LogOutputStream:75 - [STDERR_REDIRECT] [Fatal Error] :1:1: Premature end of file.
2025-08-14 22:54:48,607 [ERROR] LogOutputStream:75 - [STDERR_REDIRECT] 
2025-08-14 22:54:49,608 [ERROR] LogOutputStream:75 - [STDERR_REDIRECT] [Fatal Error] :1:1: Premature end of file.
2025-08-14 22:54:49,608 [ERROR] LogOutputStream:75 - [STDERR_REDIRECT] 
2025-08-14 22:54:50,601 [ERROR] LogOutputStream:75 - [STDERR_REDIRECT] [Fatal Error] :1:1: Premature end of file.
2025-08-14 22:54:50,601 [ERROR] LogOutputStream:75 - [STDERR_REDIRECT] 
2025-08-14 22:54:51,598 [ERROR] LogOutputStream:75 - [STDERR_REDIRECT] [Fatal Error] :1:1: Premature end of file.
2025-08-14 22:54:51,598 [ERROR] LogOutputStream:75 - [STDERR_REDIRECT] 
2025-08-14 22:54:52,612 [ERROR] LogOutputStream:75 - [STDERR_REDIRECT] [Fatal Error] :1:1: Premature end of file.
2025-08-14 22:54:52,612 [ERROR] LogOutputStream:75 - [STDERR_REDIRECT] 
2025-08-14 22:54:53,595 [ERROR] LogOutputStream:75 - [STDERR_REDIRECT] [Fatal Error] :1:1: Premature end of file.
2025-08-14 22:54:53,595 [ERROR] LogOutputStream:75 - [STDERR_REDIRECT] 
2025-08-14 22:54:54,595 [ERROR] LogOutputStream:75 - [STDERR_REDIRECT] [Fatal Error] :1:1: Premature end of file.
2025-08-14 22:54:54,595 [ERROR] LogOutputStream:75 - [STDERR_REDIRECT] 
2025-08-14 22:54:55,598 [ERROR] LogOutputStream:75 - [STDERR_REDIRECT] [Fatal Error] :1:1: Premature end of file.
2025-08-14 22:54:55,598 [ERROR] LogOutputStream:75 - [STDERR_REDIRECT] 
2025-08-14 22:54:56,604 [ERROR] LogOutputStream:75 - [STDERR_REDIRECT] [Fatal Error] :1:1: Premature end of file.
2025-08-14 22:54:56,604 [ERROR] LogOutputStream:75 - [STDERR_REDIRECT] 
2025-08-14 22:54:57,603 [ERROR] LogOutputStream:75 - [STDERR_REDIRECT] [Fatal Error] :1:1: Premature end of file.
2025-08-14 22:54:57,603 [ERROR] LogOutputStream:75 - [STDERR_REDIRECT] 
2025-08-14 22:54:58,606 [ERROR] LogOutputStream:75 - [STDERR_REDIRECT] [Fatal Error] :1:1: Premature end of file.
2025-08-14 22:54:58,606 [ERROR] LogOutputStream:75 - [STDERR_REDIRECT] 
2025-08-14 22:54:59,610 [ERROR] LogOutputStream:75 - [STDERR_REDIRECT] [Fatal Error] :1:1: Premature end of file.
2025-08-14 22:54:59,610 [ERROR] LogOutputStream:75 - [STDERR_REDIRECT] 
2025-08-14 22:55:00,608 [ERROR] LogOutputStream:75 - [STDERR_REDIRECT] [Fatal Error] :1:1: Premature end of file.
2025-08-14 22:55:00,608 [ERROR] LogOutputStream:75 - [STDERR_REDIRECT] 
2025-08-14 22:55:01,594 [ERROR] LogOutputStream:75 - [STDERR_REDIRECT] [Fatal Error] :1:1: Premature end of file.
2025-08-14 22:55:01,594 [ERROR] LogOutputStream:75 - [STDERR_REDIRECT] 
2025-08-14 22:55:02,601 [ERROR] LogOutputStream:75 - [STDERR_REDIRECT] [Fatal Error] :1:1: Premature end of file.
2025-08-14 22:55:02,601 [ERROR] LogOutputStream:75 - [STDERR_REDIRECT] 
2025-08-14 22:55:03,597 [ERROR] LogOutputStream:75 - [STDERR_REDIRECT] [Fatal Error] :1:1: Premature end of file.
2025-08-14 22:55:03,597 [ERROR] LogOutputStream:75 - [STDERR_REDIRECT] 
2025-08-14 22:55:04,598 [ERROR] LogOutputStream:75 - [STDERR_REDIRECT] [Fatal Error] :1:1: Premature end of file.
2025-08-14 22:55:04,598 [ERROR] LogOutputStream:75 - [STDERR_REDIRECT] 
2025-08-14 22:55:05,603 [ERROR] LogOutputStream:75 - [STDERR_REDIRECT] [Fatal Error] :1:1: Premature end of file.
2025-08-14 22:55:05,603 [ERROR] LogOutputStream:75 - [STDERR_REDIRECT] 
2025-08-14 22:55:06,607 [ERROR] LogOutputStream:75 - [STDERR_REDIRECT] [Fatal Error] :1:1: Premature end of file.
2025-08-14 22:55:06,607 [ERROR] LogOutputStream:75 - [STDERR_REDIRECT] 
2025-08-14 22:55:07,614 [ERROR] LogOutputStream:75 - [STDERR_REDIRECT] [Fatal Error] :1:1: Premature end of file.
2025-08-14 22:55:07,614 [ERROR] LogOutputStream:75 - [STDERR_REDIRECT] 
2025-08-14 22:55:08,608 [ERROR] LogOutputStream:75 - [STDERR_REDIRECT] [Fatal Error] :1:1: Premature end of file.
2025-08-14 22:55:08,608 [ERROR] LogOutputStream:75 - [STDERR_REDIRECT] 
2025-08-14 22:55:09,599 [ERROR] LogOutputStream:75 - [STDERR_REDIRECT] [Fatal Error] :1:1: Premature end of file.
2025-08-14 22:55:09,599 [ERROR] LogOutputStream:75 - [STDERR_REDIRECT] 
2025-08-14 22:55:10,600 [ERROR] LogOutputStream:75 - [STDERR_REDIRECT] [Fatal Error] :1:1: Premature end of file.
2025-08-14 22:55:10,600 [ERROR] LogOutputStream:75 - [STDERR_REDIRECT] 
2025-08-14 22:55:11,609 [ERROR] LogOutputStream:75 - [STDERR_REDIRECT] [Fatal Error] :1:1: Premature end of file.
2025-08-14 22:55:11,609 [ERROR] LogOutputStream:75 - [STDERR_REDIRECT] 
2025-08-14 22:55:12,607 [ERROR] LogOutputStream:75 - [STDERR_REDIRECT] [Fatal Error] :1:1: Premature end of file.
2025-08-14 22:55:12,607 [ERROR] LogOutputStream:75 - [STDERR_REDIRECT] 
2025-08-14 22:55:13,601 [ERROR] LogOutputStream:75 - [STDERR_REDIRECT] [Fatal Error] :1:1: Premature end of file.
2025-08-14 22:55:13,601 [ERROR] LogOutputStream:75 - [STDERR_REDIRECT] 
2025-08-14 22:55:14,605 [ERROR] LogOutputStream:75 - [STDERR_REDIRECT] [Fatal Error] :1:1: Premature end of file.
2025-08-14 22:55:14,605 [ERROR] LogOutputStream:75 - [STDERR_REDIRECT] 
2025-08-14 22:55:15,595 [ERROR] LogOutputStream:75 - [STDERR_REDIRECT] [Fatal Error] :1:1: Premature end of file.
2025-08-14 22:55:15,595 [ERROR] LogOutputStream:75 - [STDERR_REDIRECT] 
2025-08-14 22:55:16,606 [ERROR] LogOutputStream:75 - [STDERR_REDIRECT] [Fatal Error] :1:1: Premature end of file.
2025-08-14 22:55:16,606 [ERROR] LogOutputStream:75 - [STDERR_REDIRECT] 
2025-08-14 22:55:17,596 [ERROR] LogOutputStream:75 - [STDERR_REDIRECT] [Fatal Error] :1:1: Premature end of file.
2025-08-14 22:55:17,596 [ERROR] LogOutputStream:75 - [STDERR_REDIRECT] 
2025-08-14 22:55:18,597 [ERROR] LogOutputStream:75 - [STDERR_REDIRECT] [Fatal Error] :1:1: Premature end of file.
2025-08-14 22:55:18,597 [ERROR] LogOutputStream:75 - [STDERR_REDIRECT] 
2025-08-14 22:55:19,600 [ERROR] LogOutputStream:75 - [STDERR_REDIRECT] [Fatal Error] :1:1: Premature end of file.
2025-08-14 22:55:19,600 [ERROR] LogOutputStream:75 - [STDERR_REDIRECT] 
2025-08-14 22:55:20,611 [ERROR] LogOutputStream:75 - [STDERR_REDIRECT] [Fatal Error] :1:1: Premature end of file.
2025-08-14 22:55:20,611 [ERROR] LogOutputStream:75 - [STDERR_REDIRECT] 
2025-08-14 22:55:21,608 [ERROR] LogOutputStream:75 - [STDERR_REDIRECT] [Fatal Error] :1:1: Premature end of file.
2025-08-14 22:55:21,608 [ERROR] LogOutputStream:75 - [STDERR_REDIRECT] 
2025-08-14 22:55:22,594 [ERROR] LogOutputStream:75 - [STDERR_REDIRECT] [Fatal Error] :1:1: Premature end of file.
2025-08-14 22:55:22,594 [ERROR] LogOutputStream:75 - [STDERR_REDIRECT] 
2025-08-14 22:55:23,595 [ERROR] LogOutputStream:75 - [STDERR_REDIRECT] [Fatal Error] :1:1: Premature end of file.
2025-08-14 22:55:23,595 [ERROR] LogOutputStream:75 - [STDERR_REDIRECT] 
2025-08-14 22:55:24,617 [ERROR] LogOutputStream:75 - [STDERR_REDIRECT] [Fatal Error] :1:1: Premature end of file.
2025-08-14 22:55:24,617 [ERROR] LogOutputStream:75 - [STDERR_REDIRECT] 
2025-08-14 22:55:25,602 [ERROR] LogOutputStream:75 - [STDERR_REDIRECT] [Fatal Error] :1:1: Premature end of file.
2025-08-14 22:55:25,602 [ERROR] LogOutputStream:75 - [STDERR_REDIRECT] 
2025-08-14 22:55:26,600 [ERROR] LogOutputStream:75 - [STDERR_REDIRECT] [Fatal Error] :1:1: Premature end of file.
2025-08-14 22:55:26,600 [ERROR] LogOutputStream:75 - [STDERR_REDIRECT] 
2025-08-14 22:55:27,597 [ERROR] LogOutputStream:75 - [STDERR_REDIRECT] [Fatal Error] :1:1: Premature end of file.
2025-08-14 22:55:27,597 [ERROR] LogOutputStream:75 - [STDERR_REDIRECT] 
2025-08-14 22:55:28,596 [ERROR] LogOutputStream:75 - [STDERR_REDIRECT] [Fatal Error] :1:1: Premature end of file.
2025-08-14 22:55:28,596 [ERROR] LogOutputStream:75 - [STDERR_REDIRECT] 
2025-08-14 22:55:29,601 [ERROR] LogOutputStream:75 - [STDERR_REDIRECT] [Fatal Error] :1:1: Premature end of file.
2025-08-14 22:55:29,601 [ERROR] LogOutputStream:75 - [STDERR_REDIRECT] 
2025-08-14 22:55:30,596 [ERROR] LogOutputStream:75 - [STDERR_REDIRECT] [Fatal Error] :1:1: Premature end of file.
2025-08-14 22:55:30,596 [ERROR] LogOutputStream:75 - [STDERR_REDIRECT] 
2025-08-14 22:55:31,598 [ERROR] LogOutputStream:75 - [STDERR_REDIRECT] [Fatal Error] :1:1: Premature end of file.
2025-08-14 22:55:31,598 [ERROR] LogOutputStream:75 - [STDERR_REDIRECT] 
2025-08-14 22:55:32,608 [ERROR] LogOutputStream:75 - [STDERR_REDIRECT] [Fatal Error] :1:1: Premature end of file.
2025-08-14 22:55:32,608 [ERROR] LogOutputStream:75 - [STDERR_REDIRECT] 
2025-08-14 22:55:33,608 [ERROR] LogOutputStream:75 - [STDERR_REDIRECT] [Fatal Error] :1:1: Premature end of file.
2025-08-14 22:55:33,608 [ERROR] LogOutputStream:75 - [STDERR_REDIRECT] 
2025-08-14 22:55:34,596 [ERROR] LogOutputStream:75 - [STDERR_REDIRECT] [Fatal Error] :1:1: Premature end of file.
2025-08-14 22:55:34,596 [ERROR] LogOutputStream:75 - [STDERR_REDIRECT] 
2025-08-14 22:55:35,610 [ERROR] LogOutputStream:75 - [STDERR_REDIRECT] [Fatal Error] :1:1: Premature end of file.
2025-08-14 22:55:35,610 [ERROR] LogOutputStream:75 - [STDERR_REDIRECT] 
2025-08-14 22:55:36,594 [ERROR] LogOutputStream:75 - [STDERR_REDIRECT] [Fatal Error] :1:1: Premature end of file.
2025-08-14 22:55:36,594 [ERROR] LogOutputStream:75 - [STDERR_REDIRECT] 
2025-08-14 22:55:37,600 [ERROR] LogOutputStream:75 - [STDERR_REDIRECT] [Fatal Error] :1:1: Premature end of file.
2025-08-14 22:55:37,600 [ERROR] LogOutputStream:75 - [STDERR_REDIRECT] 
2025-08-14 22:55:38,608 [ERROR] LogOutputStream:75 - [STDERR_REDIRECT] [Fatal Error] :1:1: Premature end of file.
2025-08-14 22:55:38,608 [ERROR] LogOutputStream:75 - [STDERR_REDIRECT] 
2025-08-14 22:55:39,603 [ERROR] LogOutputStream:75 - [STDERR_REDIRECT] [Fatal Error] :1:1: Premature end of file.
2025-08-14 22:55:39,603 [ERROR] LogOutputStream:75 - [STDERR_REDIRECT] 
2025-08-14 22:55:40,610 [ERROR] LogOutputStream:75 - [STDERR_REDIRECT] [Fatal Error] :1:1: Premature end of file.
2025-08-14 22:55:40,610 [ERROR] LogOutputStream:75 - [STDERR_REDIRECT] 
2025-08-14 22:55:41,605 [ERROR] LogOutputStream:75 - [STDERR_REDIRECT] [Fatal Error] :1:1: Premature end of file.
2025-08-14 22:55:41,605 [ERROR] LogOutputStream:75 - [STDERR_REDIRECT] 
2025-08-14 22:55:42,606 [ERROR] LogOutputStream:75 - [STDERR_REDIRECT] [Fatal Error] :1:1: Premature end of file.
2025-08-14 22:55:42,606 [ERROR] LogOutputStream:75 - [STDERR_REDIRECT] 
2025-08-14 22:55:43,607 [ERROR] LogOutputStream:75 - [STDERR_REDIRECT] [Fatal Error] :1:1: Premature end of file.
2025-08-14 22:55:43,607 [ERROR] LogOutputStream:75 - [STDERR_REDIRECT] 
2025-08-14 22:55:44,611 [ERROR] LogOutputStream:75 - [STDERR_REDIRECT] [Fatal Error] :1:1: Premature end of file.
2025-08-14 22:55:44,611 [ERROR] LogOutputStream:75 - [STDERR_REDIRECT] 
2025-08-14 22:55:45,609 [ERROR] LogOutputStream:75 - [STDERR_REDIRECT] [Fatal Error] :1:1: Premature end of file.
2025-08-14 22:55:45,609 [ERROR] LogOutputStream:75 - [STDERR_REDIRECT] 
2025-08-14 22:55:46,599 [ERROR] LogOutputStream:75 - [STDERR_REDIRECT] [Fatal Error] :1:1: Premature end of file.
2025-08-14 22:55:46,599 [ERROR] LogOutputStream:75 - [STDERR_REDIRECT] 
2025-08-14 22:55:47,608 [ERROR] LogOutputStream:75 - [STDERR_REDIRECT] [Fatal Error] :1:1: Premature end of file.
2025-08-14 22:55:47,608 [ERROR] LogOutputStream:75 - [STDERR_REDIRECT] 
2025-08-14 22:55:48,612 [ERROR] LogOutputStream:75 - [STDERR_REDIRECT] [Fatal Error] :1:1: Premature end of file.
2025-08-14 22:55:48,612 [ERROR] LogOutputStream:75 - [STDERR_REDIRECT] 
2025-08-14 22:55:49,595 [ERROR] LogOutputStream:75 - [STDERR_REDIRECT] [Fatal Error] :1:1: Premature end of file.
2025-08-14 22:55:49,595 [ERROR] LogOutputStream:75 - [STDERR_REDIRECT] 
2025-08-14 22:55:50,600 [ERROR] LogOutputStream:75 - [STDERR_REDIRECT] [Fatal Error] :1:1: Premature end of file.
2025-08-14 22:55:50,600 [ERROR] LogOutputStream:75 - [STDERR_REDIRECT] 
2025-08-14 22:55:51,599 [ERROR] LogOutputStream:75 - [STDERR_REDIRECT] [Fatal Error] :1:1: Premature end of file.
2025-08-14 22:55:51,599 [ERROR] LogOutputStream:75 - [STDERR_REDIRECT] 
2025-08-14 22:55:52,601 [ERROR] LogOutputStream:75 - [STDERR_REDIRECT] [Fatal Error] :1:1: Premature end of file.
2025-08-14 22:55:52,601 [ERROR] LogOutputStream:75 - [STDERR_REDIRECT] 
2025-08-14 22:55:53,602 [ERROR] LogOutputStream:75 - [STDERR_REDIRECT] [Fatal Error] :1:1: Premature end of file.
2025-08-14 22:55:53,602 [ERROR] LogOutputStream:75 - [STDERR_REDIRECT] 
2025-08-14 22:55:54,605 [ERROR] LogOutputStream:75 - [STDERR_REDIRECT] [Fatal Error] :1:1: Premature end of file.
2025-08-14 22:55:54,605 [ERROR] LogOutputStream:75 - [STDERR_REDIRECT] 
2025-08-14 22:55:55,615 [ERROR] LogOutputStream:75 - [STDERR_REDIRECT] [Fatal Error] :1:1: Premature end of file.
2025-08-14 22:55:55,615 [ERROR] LogOutputStream:75 - [STDERR_REDIRECT] 
2025-08-14 22:55:56,599 [ERROR] LogOutputStream:75 - [STDERR_REDIRECT] [Fatal Error] :1:1: Premature end of file.
2025-08-14 22:55:56,599 [ERROR] LogOutputStream:75 - [STDERR_REDIRECT] 
2025-08-14 22:55:57,603 [ERROR] LogOutputStream:75 - [STDERR_REDIRECT] [Fatal Error] :1:1: Premature end of file.
2025-08-14 22:55:57,603 [ERROR] LogOutputStream:75 - [STDERR_REDIRECT] 
2025-08-14 22:55:58,601 [ERROR] LogOutputStream:75 - [STDERR_REDIRECT] [Fatal Error] :1:1: Premature end of file.
2025-08-14 22:55:58,601 [ERROR] LogOutputStream:75 - [STDERR_REDIRECT] 
2025-08-14 22:55:59,604 [ERROR] LogOutputStream:75 - [STDERR_REDIRECT] [Fatal Error] :1:1: Premature end of file.
2025-08-14 22:55:59,604 [ERROR] LogOutputStream:75 - [STDERR_REDIRECT] 
2025-08-14 22:56:00,608 [ERROR] LogOutputStream:75 - [STDERR_REDIRECT] [Fatal Error] :1:1: Premature end of file.
2025-08-14 22:56:00,608 [ERROR] LogOutputStream:75 - [STDERR_REDIRECT] 
2025-08-14 22:56:01,610 [ERROR] LogOutputStream:75 - [STDERR_REDIRECT] [Fatal Error] :1:1: Premature end of file.
2025-08-14 22:56:01,610 [ERROR] LogOutputStream:75 - [STDERR_REDIRECT] 
2025-08-14 22:56:02,609 [ERROR] LogOutputStream:75 - [STDERR_REDIRECT] [Fatal Error] :1:1: Premature end of file.
2025-08-14 22:56:02,609 [ERROR] LogOutputStream:75 - [STDERR_REDIRECT] 
2025-08-14 22:56:03,603 [ERROR] LogOutputStream:75 - [STDERR_REDIRECT] [Fatal Error] :1:1: Premature end of file.
2025-08-14 22:56:03,603 [ERROR] LogOutputStream:75 - [STDERR_REDIRECT] 
2025-08-14 22:56:04,608 [ERROR] LogOutputStream:75 - [STDERR_REDIRECT] [Fatal Error] :1:1: Premature end of file.
2025-08-14 22:56:04,608 [ERROR] LogOutputStream:75 - [STDERR_REDIRECT] 
2025-08-14 22:56:05,599 [ERROR] LogOutputStream:75 - [STDERR_REDIRECT] [Fatal Error] :1:1: Premature end of file.
2025-08-14 22:56:05,599 [ERROR] LogOutputStream:75 - [STDERR_REDIRECT] 
2025-08-14 22:56:06,601 [ERROR] LogOutputStream:75 - [STDERR_REDIRECT] [Fatal Error] :1:1: Premature end of file.
2025-08-14 22:56:06,608 [ERROR] LogOutputStream:75 - [STDERR_REDIRECT] 
2025-08-14 22:56:07,606 [ERROR] LogOutputStream:75 - [STDERR_REDIRECT] [Fatal Error] :1:1: Premature end of file.
2025-08-14 22:56:07,606 [ERROR] LogOutputStream:75 - [STDERR_REDIRECT] 
2025-08-14 22:56:08,607 [ERROR] LogOutputStream:75 - [STDERR_REDIRECT] [Fatal Error] :1:1: Premature end of file.
2025-08-14 22:56:08,607 [ERROR] LogOutputStream:75 - [STDERR_REDIRECT] 
2025-08-14 22:56:09,593 [ERROR] LogOutputStream:75 - [STDERR_REDIRECT] [Fatal Error] :1:1: Premature end of file.
2025-08-14 22:56:09,593 [ERROR] LogOutputStream:75 - [STDERR_REDIRECT] 
2025-08-14 22:56:10,615 [ERROR] LogOutputStream:75 - [STDERR_REDIRECT] [Fatal Error] :1:1: Premature end of file.
2025-08-14 22:56:10,615 [ERROR] LogOutputStream:75 - [STDERR_REDIRECT] 
2025-08-14 22:56:11,599 [ERROR] LogOutputStream:75 - [STDERR_REDIRECT] [Fatal Error] :1:1: Premature end of file.
2025-08-14 22:56:11,599 [ERROR] LogOutputStream:75 - [STDERR_REDIRECT] 
2025-08-14 22:56:12,600 [ERROR] LogOutputStream:75 - [STDERR_REDIRECT] [Fatal Error] :1:1: Premature end of file.
2025-08-14 22:56:12,600 [ERROR] LogOutputStream:75 - [STDERR_REDIRECT] 
2025-08-14 22:56:13,603 [ERROR] LogOutputStream:75 - [STDERR_REDIRECT] [Fatal Error] :1:1: Premature end of file.
2025-08-14 22:56:13,603 [ERROR] LogOutputStream:75 - [STDERR_REDIRECT] 
2025-08-14 22:56:14,605 [ERROR] LogOutputStream:75 - [STDERR_REDIRECT] [Fatal Error] :1:1: Premature end of file.
2025-08-14 22:56:14,605 [ERROR] LogOutputStream:75 - [STDERR_REDIRECT] 
2025-08-14 22:56:15,609 [ERROR] LogOutputStream:75 - [STDERR_REDIRECT] [Fatal Error] :1:1: Premature end of file.
2025-08-14 22:56:15,609 [ERROR] LogOutputStream:75 - [STDERR_REDIRECT] 
2025-08-14 22:56:16,607 [ERROR] LogOutputStream:75 - [STDERR_REDIRECT] [Fatal Error] :1:1: Premature end of file.
2025-08-14 22:56:16,607 [ERROR] LogOutputStream:75 - [STDERR_REDIRECT] 
2025-08-14 22:56:17,601 [ERROR] LogOutputStream:75 - [STDERR_REDIRECT] [Fatal Error] :1:1: Premature end of file.
2025-08-14 22:56:17,601 [ERROR] LogOutputStream:75 - [STDERR_REDIRECT] 
2025-08-14 22:56:18,599 [ERROR] LogOutputStream:75 - [STDERR_REDIRECT] [Fatal Error] :1:1: Premature end of file.
2025-08-14 22:56:18,599 [ERROR] LogOutputStream:75 - [STDERR_REDIRECT] 
2025-08-14 22:56:19,602 [ERROR] LogOutputStream:75 - [STDERR_REDIRECT] [Fatal Error] :1:1: Premature end of file.
2025-08-14 22:56:19,602 [ERROR] LogOutputStream:75 - [STDERR_REDIRECT] 
2025-08-14 22:56:20,601 [ERROR] LogOutputStream:75 - [STDERR_REDIRECT] [Fatal Error] :1:1: Premature end of file.
2025-08-14 22:56:20,601 [ERROR] LogOutputStream:75 - [STDERR_REDIRECT] 
2025-08-14 22:56:21,603 [ERROR] LogOutputStream:75 - [STDERR_REDIRECT] [Fatal Error] :1:1: Premature end of file.
2025-08-14 22:56:21,603 [ERROR] LogOutputStream:75 - [STDERR_REDIRECT] 
2025-08-14 22:56:22,608 [ERROR] LogOutputStream:75 - [STDERR_REDIRECT] [Fatal Error] :1:1: Premature end of file.
2025-08-14 22:56:22,608 [ERROR] LogOutputStream:75 - [STDERR_REDIRECT] 
2025-08-14 22:56:23,599 [ERROR] LogOutputStream:75 - [STDERR_REDIRECT] [Fatal Error] :1:1: Premature end of file.
2025-08-14 22:56:23,599 [ERROR] LogOutputStream:75 - [STDERR_REDIRECT] 
2025-08-14 22:56:24,599 [ERROR] LogOutputStream:75 - [STDERR_REDIRECT] [Fatal Error] :1:1: Premature end of file.
2025-08-14 22:56:24,599 [ERROR] LogOutputStream:75 - [STDERR_REDIRECT] 
2025-08-14 22:56:25,601 [ERROR] LogOutputStream:75 - [STDERR_REDIRECT] [Fatal Error] :1:1: Premature end of file.
2025-08-14 22:56:25,601 [ERROR] LogOutputStream:75 - [STDERR_REDIRECT] 
2025-08-14 22:56:26,601 [ERROR] LogOutputStream:75 - [STDERR_REDIRECT] [Fatal Error] :1:1: Premature end of file.
2025-08-14 22:56:26,601 [ERROR] LogOutputStream:75 - [STDERR_REDIRECT] 
2025-08-14 22:56:27,604 [ERROR] LogOutputStream:75 - [STDERR_REDIRECT] [Fatal Error] :1:1: Premature end of file.
2025-08-14 22:56:27,604 [ERROR] LogOutputStream:75 - [STDERR_REDIRECT] 
2025-08-14 22:56:28,598 [ERROR] LogOutputStream:75 - [STDERR_REDIRECT] [Fatal Error] :1:1: Premature end of file.
2025-08-14 22:56:28,598 [ERROR] LogOutputStream:75 - [STDERR_REDIRECT] 
2025-08-14 22:56:29,601 [ERROR] LogOutputStream:75 - [STDERR_REDIRECT] [Fatal Error] :1:1: Premature end of file.
2025-08-14 22:56:29,601 [ERROR] LogOutputStream:75 - [STDERR_REDIRECT] 
2025-08-14 22:56:30,607 [ERROR] LogOutputStream:75 - [STDERR_REDIRECT] [Fatal Error] :1:1: Premature end of file.
2025-08-14 22:56:30,607 [ERROR] LogOutputStream:75 - [STDERR_REDIRECT] 
2025-08-14 22:56:31,608 [ERROR] LogOutputStream:75 - [STDERR_REDIRECT] [Fatal Error] :1:1: Premature end of file.
2025-08-14 22:56:31,608 [ERROR] LogOutputStream:75 - [STDERR_REDIRECT] 
2025-08-14 22:56:32,599 [ERROR] LogOutputStream:75 - [STDERR_REDIRECT] [Fatal Error] :1:1: Premature end of file.
2025-08-14 22:56:32,599 [ERROR] LogOutputStream:75 - [STDERR_REDIRECT] 
2025-08-14 22:56:33,608 [ERROR] LogOutputStream:75 - [STDERR_REDIRECT] [Fatal Error] :1:1: Premature end of file.
2025-08-14 22:56:33,608 [ERROR] LogOutputStream:75 - [STDERR_REDIRECT] 
2025-08-14 22:56:34,607 [ERROR] LogOutputStream:75 - [STDERR_REDIRECT] [Fatal Error] :1:1: Premature end of file.
2025-08-14 22:56:34,607 [ERROR] LogOutputStream:75 - [STDERR_REDIRECT] 
2025-08-14 22:56:35,602 [ERROR] LogOutputStream:75 - [STDERR_REDIRECT] [Fatal Error] :1:1: Premature end of file.
2025-08-14 22:56:35,602 [ERROR] LogOutputStream:75 - [STDERR_REDIRECT] 
2025-08-14 22:56:36,600 [ERROR] LogOutputStream:75 - [STDERR_REDIRECT] [Fatal Error] :1:1: Premature end of file.
2025-08-14 22:56:36,601 [ERROR] LogOutputStream:75 - [STDERR_REDIRECT] 
2025-08-14 22:56:37,608 [ERROR] LogOutputStream:75 - [STDERR_REDIRECT] [Fatal Error] :1:1: Premature end of file.
2025-08-14 22:56:37,608 [ERROR] LogOutputStream:75 - [STDERR_REDIRECT] 
2025-08-14 22:56:38,597 [ERROR] LogOutputStream:75 - [STDERR_REDIRECT] [Fatal Error] :1:1: Premature end of file.
2025-08-14 22:56:38,597 [ERROR] LogOutputStream:75 - [STDERR_REDIRECT] 
2025-08-14 22:56:39,604 [ERROR] LogOutputStream:75 - [STDERR_REDIRECT] [Fatal Error] :1:1: Premature end of file.
2025-08-14 22:56:39,604 [ERROR] LogOutputStream:75 - [STDERR_REDIRECT] 
2025-08-14 22:56:40,607 [ERROR] LogOutputStream:75 - [STDERR_REDIRECT] [Fatal Error] :1:1: Premature end of file.
2025-08-14 22:56:40,607 [ERROR] LogOutputStream:75 - [STDERR_REDIRECT] 
2025-08-14 22:56:41,605 [ERROR] LogOutputStream:75 - [STDERR_REDIRECT] [Fatal Error] :1:1: Premature end of file.
2025-08-14 22:56:41,605 [ERROR] LogOutputStream:75 - [STDERR_REDIRECT] 
2025-08-14 22:56:42,593 [ERROR] LogOutputStream:75 - [STDERR_REDIRECT] [Fatal Error] :1:1: Premature end of file.
2025-08-14 22:56:42,593 [ERROR] LogOutputStream:75 - [STDERR_REDIRECT] 
2025-08-14 22:56:43,598 [ERROR] LogOutputStream:75 - [STDERR_REDIRECT] [Fatal Error] :1:1: Premature end of file.
2025-08-14 22:56:43,598 [ERROR] LogOutputStream:75 - [STDERR_REDIRECT] 
2025-08-14 22:56:44,599 [ERROR] LogOutputStream:75 - [STDERR_REDIRECT] [Fatal Error] :1:1: Premature end of file.
2025-08-14 22:56:44,599 [ERROR] LogOutputStream:75 - [STDERR_REDIRECT] 
2025-08-14 22:56:45,601 [ERROR] LogOutputStream:75 - [STDERR_REDIRECT] [Fatal Error] :1:1: Premature end of file.
2025-08-14 22:56:45,601 [ERROR] LogOutputStream:75 - [STDERR_REDIRECT] 
2025-08-14 22:56:46,600 [ERROR] LogOutputStream:75 - [STDERR_REDIRECT] [Fatal Error] :1:1: Premature end of file.
2025-08-14 22:56:46,600 [ERROR] LogOutputStream:75 - [STDERR_REDIRECT] 
2025-08-14 22:56:47,602 [ERROR] LogOutputStream:75 - [STDERR_REDIRECT] [Fatal Error] :1:1: Premature end of file.
2025-08-14 22:56:47,602 [ERROR] LogOutputStream:75 - [STDERR_REDIRECT] 
2025-08-14 22:56:48,601 [ERROR] LogOutputStream:75 - [STDERR_REDIRECT] [Fatal Error] :1:1: Premature end of file.
2025-08-14 22:56:48,601 [ERROR] LogOutputStream:75 - [STDERR_REDIRECT] 
2025-08-14 22:56:49,596 [ERROR] LogOutputStream:75 - [STDERR_REDIRECT] [Fatal Error] :1:1: Premature end of file.
2025-08-14 22:56:49,596 [ERROR] LogOutputStream:75 - [STDERR_REDIRECT] 
2025-08-14 22:56:50,595 [ERROR] LogOutputStream:75 - [STDERR_REDIRECT] [Fatal Error] :1:1: Premature end of file.
2025-08-14 22:56:50,595 [ERROR] LogOutputStream:75 - [STDERR_REDIRECT] 
2025-08-14 22:56:51,606 [ERROR] LogOutputStream:75 - [STDERR_REDIRECT] [Fatal Error] :1:1: Premature end of file.
2025-08-14 22:56:51,606 [ERROR] LogOutputStream:75 - [STDERR_REDIRECT] 
2025-08-14 22:56:52,604 [ERROR] LogOutputStream:75 - [STDERR_REDIRECT] [Fatal Error] :1:1: Premature end of file.
2025-08-14 22:56:52,604 [ERROR] LogOutputStream:75 - [STDERR_REDIRECT] 
2025-08-14 22:56:53,596 [ERROR] LogOutputStream:75 - [STDERR_REDIRECT] [Fatal Error] :1:1: Premature end of file.
2025-08-14 22:56:53,596 [ERROR] LogOutputStream:75 - [STDERR_REDIRECT] 
2025-08-14 22:56:54,597 [ERROR] LogOutputStream:75 - [STDERR_REDIRECT] [Fatal Error] :1:1: Premature end of file.
2025-08-14 22:56:54,597 [ERROR] LogOutputStream:75 - [STDERR_REDIRECT] 
2025-08-14 22:56:55,607 [ERROR] LogOutputStream:75 - [STDERR_REDIRECT] [Fatal Error] :1:1: Premature end of file.
2025-08-14 22:56:55,607 [ERROR] LogOutputStream:75 - [STDERR_REDIRECT] 
2025-08-14 22:56:56,602 [ERROR] LogOutputStream:75 - [STDERR_REDIRECT] [Fatal Error] :1:1: Premature end of file.
2025-08-14 22:56:56,602 [ERROR] LogOutputStream:75 - [STDERR_REDIRECT] 
2025-08-14 22:56:57,594 [ERROR] LogOutputStream:75 - [STDERR_REDIRECT] [Fatal Error] :1:1: Premature end of file.
2025-08-14 22:56:57,594 [ERROR] LogOutputStream:75 - [STDERR_REDIRECT] 
2025-08-14 22:56:58,601 [ERROR] LogOutputStream:75 - [STDERR_REDIRECT] [Fatal Error] :1:1: Premature end of file.
2025-08-14 22:56:58,601 [ERROR] LogOutputStream:75 - [STDERR_REDIRECT] 
2025-08-14 22:56:59,601 [ERROR] LogOutputStream:75 - [STDERR_REDIRECT] [Fatal Error] :1:1: Premature end of file.
2025-08-14 22:56:59,601 [ERROR] LogOutputStream:75 - [STDERR_REDIRECT] 
2025-08-14 22:57:00,600 [ERROR] LogOutputStream:75 - [STDERR_REDIRECT] [Fatal Error] :1:1: Premature end of file.
2025-08-14 22:57:00,600 [ERROR] LogOutputStream:75 - [STDERR_REDIRECT] 
2025-08-14 22:57:01,601 [ERROR] LogOutputStream:75 - [STDERR_REDIRECT] [Fatal Error] :1:1: Premature end of file.
2025-08-14 22:57:01,601 [ERROR] LogOutputStream:75 - [STDERR_REDIRECT] 
2025-08-14 22:57:02,604 [ERROR] LogOutputStream:75 - [STDERR_REDIRECT] [Fatal Error] :1:1: Premature end of file.
2025-08-14 22:57:02,604 [ERROR] LogOutputStream:75 - [STDERR_REDIRECT] 
2025-08-14 22:57:03,606 [ERROR] LogOutputStream:75 - [STDERR_REDIRECT] [Fatal Error] :1:1: Premature end of file.
2025-08-14 22:57:03,606 [ERROR] LogOutputStream:75 - [STDERR_REDIRECT] 
2025-08-14 22:57:04,607 [ERROR] LogOutputStream:75 - [STDERR_REDIRECT] [Fatal Error] :1:1: Premature end of file.
2025-08-14 22:57:04,607 [ERROR] LogOutputStream:75 - [STDERR_REDIRECT] 
2025-08-14 22:57:05,614 [ERROR] LogOutputStream:75 - [STDERR_REDIRECT] [Fatal Error] :1:1: Premature end of file.
2025-08-14 22:57:05,614 [ERROR] LogOutputStream:75 - [STDERR_REDIRECT] 
2025-08-14 22:57:06,593 [ERROR] LogOutputStream:75 - [STDERR_REDIRECT] [Fatal Error] :1:1: Premature end of file.
2025-08-14 22:57:06,593 [ERROR] LogOutputStream:75 - [STDERR_REDIRECT] 
2025-08-14 22:57:07,607 [ERROR] LogOutputStream:75 - [STDERR_REDIRECT] [Fatal Error] :1:1: Premature end of file.
2025-08-14 22:57:07,607 [ERROR] LogOutputStream:75 - [STDERR_REDIRECT] 
2025-08-14 22:57:08,609 [ERROR] LogOutputStream:75 - [STDERR_REDIRECT] [Fatal Error] :1:1: Premature end of file.
2025-08-14 22:57:08,609 [ERROR] LogOutputStream:75 - [STDERR_REDIRECT] 
2025-08-14 22:57:09,605 [ERROR] LogOutputStream:75 - [STDERR_REDIRECT] [Fatal Error] :1:1: Premature end of file.
2025-08-14 22:57:09,605 [ERROR] LogOutputStream:75 - [STDERR_REDIRECT] 
2025-08-14 22:57:10,605 [ERROR] LogOutputStream:75 - [STDERR_REDIRECT] [Fatal Error] :1:1: Premature end of file.
2025-08-14 22:57:10,605 [ERROR] LogOutputStream:75 - [STDERR_REDIRECT] 
2025-08-14 22:57:11,599 [ERROR] LogOutputStream:75 - [STDERR_REDIRECT] [Fatal Error] :1:1: Premature end of file.
2025-08-14 22:57:11,599 [ERROR] LogOutputStream:75 - [STDERR_REDIRECT] 
2025-08-14 22:57:12,599 [ERROR] LogOutputStream:75 - [STDERR_REDIRECT] [Fatal Error] :1:1: Premature end of file.
2025-08-14 22:57:12,599 [ERROR] LogOutputStream:75 - [STDERR_REDIRECT] 
2025-08-14 22:57:13,606 [ERROR] LogOutputStream:75 - [STDERR_REDIRECT] [Fatal Error] :1:1: Premature end of file.
2025-08-14 22:57:13,606 [ERROR] LogOutputStream:75 - [STDERR_REDIRECT] 
2025-08-14 22:57:14,610 [ERROR] LogOutputStream:75 - [STDERR_REDIRECT] [Fatal Error] :1:1: Premature end of file.
2025-08-14 22:57:14,610 [ERROR] LogOutputStream:75 - [STDERR_REDIRECT] 
2025-08-14 22:57:15,601 [ERROR] LogOutputStream:75 - [STDERR_REDIRECT] [Fatal Error] :1:1: Premature end of file.
2025-08-14 22:57:15,601 [ERROR] LogOutputStream:75 - [STDERR_REDIRECT] 
2025-08-14 22:57:16,602 [ERROR] LogOutputStream:75 - [STDERR_REDIRECT] [Fatal Error] :1:1: Premature end of file.
2025-08-14 22:57:16,602 [ERROR] LogOutputStream:75 - [STDERR_REDIRECT] 
2025-08-14 22:57:17,606 [ERROR] LogOutputStream:75 - [STDERR_REDIRECT] [Fatal Error] :1:1: Premature end of file.
2025-08-14 22:57:17,606 [ERROR] LogOutputStream:75 - [STDERR_REDIRECT] 
2025-08-14 22:57:18,611 [ERROR] LogOutputStream:75 - [STDERR_REDIRECT] [Fatal Error] :1:1: Premature end of file.
2025-08-14 22:57:18,611 [ERROR] LogOutputStream:75 - [STDERR_REDIRECT] 
2025-08-14 22:57:19,599 [ERROR] LogOutputStream:75 - [STDERR_REDIRECT] [Fatal Error] :1:1: Premature end of file.
2025-08-14 22:57:19,599 [ERROR] LogOutputStream:75 - [STDERR_REDIRECT] 
2025-08-14 22:57:20,595 [ERROR] LogOutputStream:75 - [STDERR_REDIRECT] [Fatal Error] :1:1: Premature end of file.
2025-08-14 22:57:20,595 [ERROR] LogOutputStream:75 - [STDERR_REDIRECT] 
2025-08-14 22:57:21,599 [ERROR] LogOutputStream:75 - [STDERR_REDIRECT] [Fatal Error] :1:1: Premature end of file.
2025-08-14 22:57:21,599 [ERROR] LogOutputStream:75 - [STDERR_REDIRECT] 
2025-08-14 22:57:22,601 [ERROR] LogOutputStream:75 - [STDERR_REDIRECT] [Fatal Error] :1:1: Premature end of file.
2025-08-14 22:57:22,601 [ERROR] LogOutputStream:75 - [STDERR_REDIRECT] 
2025-08-14 22:57:23,603 [ERROR] LogOutputStream:75 - [STDERR_REDIRECT] [Fatal Error] :1:1: Premature end of file.
2025-08-14 22:57:23,603 [ERROR] LogOutputStream:75 - [STDERR_REDIRECT] 
2025-08-14 22:57:24,599 [ERROR] LogOutputStream:75 - [STDERR_REDIRECT] [Fatal Error] :1:1: Premature end of file.
2025-08-14 22:57:24,599 [ERROR] LogOutputStream:75 - [STDERR_REDIRECT] 
2025-08-14 22:57:25,610 [ERROR] LogOutputStream:75 - [STDERR_REDIRECT] [Fatal Error] :1:1: Premature end of file.
2025-08-14 22:57:25,610 [ERROR] LogOutputStream:75 - [STDERR_REDIRECT] 
2025-08-14 22:57:26,608 [ERROR] LogOutputStream:75 - [STDERR_REDIRECT] [Fatal Error] :1:1: Premature end of file.
2025-08-14 22:57:26,608 [ERROR] LogOutputStream:75 - [STDERR_REDIRECT] 
2025-08-14 22:57:27,608 [ERROR] LogOutputStream:75 - [STDERR_REDIRECT] [Fatal Error] :1:1: Premature end of file.
2025-08-14 22:57:27,608 [ERROR] LogOutputStream:75 - [STDERR_REDIRECT] 
2025-08-14 22:57:28,597 [ERROR] LogOutputStream:75 - [STDERR_REDIRECT] [Fatal Error] :1:1: Premature end of file.
2025-08-14 22:57:28,597 [ERROR] LogOutputStream:75 - [STDERR_REDIRECT] 
2025-08-14 22:57:29,602 [ERROR] LogOutputStream:75 - [STDERR_REDIRECT] [Fatal Error] :1:1: Premature end of file.
2025-08-14 22:57:29,602 [ERROR] LogOutputStream:75 - [STDERR_REDIRECT] 
2025-08-14 22:57:30,602 [ERROR] LogOutputStream:75 - [STDERR_REDIRECT] [Fatal Error] :1:1: Premature end of file.
2025-08-14 22:57:30,602 [ERROR] LogOutputStream:75 - [STDERR_REDIRECT] 
2025-08-14 22:57:31,601 [ERROR] LogOutputStream:75 - [STDERR_REDIRECT] [Fatal Error] :1:1: Premature end of file.
2025-08-14 22:57:31,601 [ERROR] LogOutputStream:75 - [STDERR_REDIRECT] 
2025-08-14 22:57:32,609 [ERROR] LogOutputStream:75 - [STDERR_REDIRECT] [Fatal Error] :1:1: Premature end of file.
2025-08-14 22:57:32,609 [ERROR] LogOutputStream:75 - [STDERR_REDIRECT] 
2025-08-14 22:57:33,595 [ERROR] LogOutputStream:75 - [STDERR_REDIRECT] [Fatal Error] :1:1: Premature end of file.
2025-08-14 22:57:33,595 [ERROR] LogOutputStream:75 - [STDERR_REDIRECT] 
2025-08-14 22:57:34,600 [ERROR] LogOutputStream:75 - [STDERR_REDIRECT] [Fatal Error] :1:1: Premature end of file.
2025-08-14 22:57:34,600 [ERROR] LogOutputStream:75 - [STDERR_REDIRECT] 
2025-08-14 22:57:35,603 [ERROR] LogOutputStream:75 - [STDERR_REDIRECT] [Fatal Error] :1:1: Premature end of file.
2025-08-14 22:57:35,603 [ERROR] LogOutputStream:75 - [STDERR_REDIRECT] 
2025-08-14 22:57:36,604 [ERROR] LogOutputStream:75 - [STDERR_REDIRECT] [Fatal Error] :1:1: Premature end of file.
2025-08-14 22:57:36,604 [ERROR] LogOutputStream:75 - [STDERR_REDIRECT] 
2025-08-14 22:57:37,593 [ERROR] LogOutputStream:75 - [STDERR_REDIRECT] [Fatal Error] :1:1: Premature end of file.
2025-08-14 22:57:37,593 [ERROR] LogOutputStream:75 - [STDERR_REDIRECT] 
2025-08-14 22:57:38,595 [ERROR] LogOutputStream:75 - [STDERR_REDIRECT] [Fatal Error] :1:1: Premature end of file.
2025-08-14 22:57:38,595 [ERROR] LogOutputStream:75 - [STDERR_REDIRECT] 
2025-08-14 22:57:39,601 [ERROR] LogOutputStream:75 - [STDERR_REDIRECT] [Fatal Error] :1:1: Premature end of file.
2025-08-14 22:57:39,601 [ERROR] LogOutputStream:75 - [STDERR_REDIRECT] 
2025-08-14 22:57:40,613 [ERROR] LogOutputStream:75 - [STDERR_REDIRECT] [Fatal Error] :1:1: Premature end of file.
2025-08-14 22:57:40,613 [ERROR] LogOutputStream:75 - [STDERR_REDIRECT] 
2025-08-14 22:57:41,598 [ERROR] LogOutputStream:75 - [STDERR_REDIRECT] [Fatal Error] :1:1: Premature end of file.
2025-08-14 22:57:41,598 [ERROR] LogOutputStream:75 - [STDERR_REDIRECT] 
2025-08-14 22:57:42,597 [ERROR] LogOutputStream:75 - [STDERR_REDIRECT] [Fatal Error] :1:1: Premature end of file.
2025-08-14 22:57:42,597 [ERROR] LogOutputStream:75 - [STDERR_REDIRECT] 
2025-08-14 22:57:43,606 [ERROR] LogOutputStream:75 - [STDERR_REDIRECT] [Fatal Error] :1:1: Premature end of file.
2025-08-14 22:57:43,606 [ERROR] LogOutputStream:75 - [STDERR_REDIRECT] 
2025-08-14 22:57:44,606 [ERROR] LogOutputStream:75 - [STDERR_REDIRECT] [Fatal Error] :1:1: Premature end of file.
2025-08-14 22:57:44,606 [ERROR] LogOutputStream:75 - [STDERR_REDIRECT] 
2025-08-14 22:57:45,609 [ERROR] LogOutputStream:75 - [STDERR_REDIRECT] [Fatal Error] :1:1: Premature end of file.
2025-08-14 22:57:45,609 [ERROR] LogOutputStream:75 - [STDERR_REDIRECT] 
2025-08-14 22:57:46,611 [ERROR] LogOutputStream:75 - [STDERR_REDIRECT] [Fatal Error] :1:1: Premature end of file.
2025-08-14 22:57:46,611 [ERROR] LogOutputStream:75 - [STDERR_REDIRECT] 
2025-08-14 22:57:47,594 [ERROR] LogOutputStream:75 - [STDERR_REDIRECT] [Fatal Error] :1:1: Premature end of file.
2025-08-14 22:57:47,594 [ERROR] LogOutputStream:75 - [STDERR_REDIRECT] 
2025-08-14 22:57:48,601 [ERROR] LogOutputStream:75 - [STDERR_REDIRECT] [Fatal Error] :1:1: Premature end of file.
2025-08-14 22:57:48,601 [ERROR] LogOutputStream:75 - [STDERR_REDIRECT] 
2025-08-14 22:57:49,605 [ERROR] LogOutputStream:75 - [STDERR_REDIRECT] [Fatal Error] :1:1: Premature end of file.
2025-08-14 22:57:49,605 [ERROR] LogOutputStream:75 - [STDERR_REDIRECT] 
2025-08-14 22:57:50,603 [ERROR] LogOutputStream:75 - [STDERR_REDIRECT] [Fatal Error] :1:1: Premature end of file.
2025-08-14 22:57:50,603 [ERROR] LogOutputStream:75 - [STDERR_REDIRECT] 
2025-08-14 22:57:51,602 [ERROR] LogOutputStream:75 - [STDERR_REDIRECT] [Fatal Error] :1:1: Premature end of file.
2025-08-14 22:57:51,602 [ERROR] LogOutputStream:75 - [STDERR_REDIRECT] 
2025-08-14 22:57:52,605 [ERROR] LogOutputStream:75 - [STDERR_REDIRECT] [Fatal Error] :1:1: Premature end of file.
2025-08-14 22:57:52,605 [ERROR] LogOutputStream:75 - [STDERR_REDIRECT] 
2025-08-14 22:57:53,614 [ERROR] LogOutputStream:75 - [STDERR_REDIRECT] [Fatal Error] :1:1: Premature end of file.
2025-08-14 22:57:53,614 [ERROR] LogOutputStream:75 - [STDERR_REDIRECT] 
2025-08-14 22:57:54,596 [ERROR] LogOutputStream:75 - [STDERR_REDIRECT] [Fatal Error] :1:1: Premature end of file.
2025-08-14 22:57:54,596 [ERROR] LogOutputStream:75 - [STDERR_REDIRECT] 
2025-08-14 22:57:55,600 [ERROR] LogOutputStream:75 - [STDERR_REDIRECT] [Fatal Error] :1:1: Premature end of file.
2025-08-14 22:57:55,600 [ERROR] LogOutputStream:75 - [STDERR_REDIRECT] 
2025-08-14 22:57:56,594 [ERROR] LogOutputStream:75 - [STDERR_REDIRECT] [Fatal Error] :1:1: Premature end of file.
2025-08-14 22:57:56,594 [ERROR] LogOutputStream:75 - [STDERR_REDIRECT] 
2025-08-14 22:57:57,596 [ERROR] LogOutputStream:75 - [STDERR_REDIRECT] [Fatal Error] :1:1: Premature end of file.
2025-08-14 22:57:57,596 [ERROR] LogOutputStream:75 - [STDERR_REDIRECT] 
2025-08-14 22:57:58,605 [ERROR] LogOutputStream:75 - [STDERR_REDIRECT] [Fatal Error] :1:1: Premature end of file.
2025-08-14 22:57:58,605 [ERROR] LogOutputStream:75 - [STDERR_REDIRECT] 
2025-08-14 22:57:59,600 [ERROR] LogOutputStream:75 - [STDERR_REDIRECT] [Fatal Error] :1:1: Premature end of file.
2025-08-14 22:57:59,600 [ERROR] LogOutputStream:75 - [STDERR_REDIRECT] 
2025-08-14 22:58:00,605 [ERROR] LogOutputStream:75 - [STDERR_REDIRECT] [Fatal Error] :1:1: Premature end of file.
2025-08-14 22:58:00,605 [ERROR] LogOutputStream:75 - [STDERR_REDIRECT] 
2025-08-14 22:58:01,598 [ERROR] LogOutputStream:75 - [STDERR_REDIRECT] [Fatal Error] :1:1: Premature end of file.
2025-08-14 22:58:01,598 [ERROR] LogOutputStream:75 - [STDERR_REDIRECT] 
2025-08-14 22:58:02,607 [ERROR] LogOutputStream:75 - [STDERR_REDIRECT] [Fatal Error] :1:1: Premature end of file.
2025-08-14 22:58:02,607 [ERROR] LogOutputStream:75 - [STDERR_REDIRECT] 
2025-08-14 22:58:03,597 [ERROR] LogOutputStream:75 - [STDERR_REDIRECT] [Fatal Error] :1:1: Premature end of file.
2025-08-14 22:58:03,597 [ERROR] LogOutputStream:75 - [STDERR_REDIRECT] 
2025-08-14 22:58:04,600 [ERROR] LogOutputStream:75 - [STDERR_REDIRECT] [Fatal Error] :1:1: Premature end of file.
2025-08-14 22:58:04,600 [ERROR] LogOutputStream:75 - [STDERR_REDIRECT] 
2025-08-14 22:58:05,602 [ERROR] LogOutputStream:75 - [STDERR_REDIRECT] [Fatal Error] :1:1: Premature end of file.
2025-08-14 22:58:05,602 [ERROR] LogOutputStream:75 - [STDERR_REDIRECT] 
2025-08-14 22:58:06,610 [ERROR] LogOutputStream:75 - [STDERR_REDIRECT] [Fatal Error] :1:1: Premature end of file.
2025-08-14 22:58:06,610 [ERROR] LogOutputStream:75 - [STDERR_REDIRECT] 
2025-08-14 22:58:07,610 [ERROR] LogOutputStream:75 - [STDERR_REDIRECT] [Fatal Error] :1:1: Premature end of file.
2025-08-14 22:58:07,610 [ERROR] LogOutputStream:75 - [STDERR_REDIRECT] 
2025-08-14 22:58:08,601 [ERROR] LogOutputStream:75 - [STDERR_REDIRECT] [Fatal Error] :1:1: Premature end of file.
2025-08-14 22:58:08,601 [ERROR] LogOutputStream:75 - [STDERR_REDIRECT] 
2025-08-14 22:58:09,603 [ERROR] LogOutputStream:75 - [STDERR_REDIRECT] [Fatal Error] :1:1: Premature end of file.
2025-08-14 22:58:09,603 [ERROR] LogOutputStream:75 - [STDERR_REDIRECT] 
2025-08-14 22:58:10,597 [ERROR] LogOutputStream:75 - [STDERR_REDIRECT] [Fatal Error] :1:1: Premature end of file.
2025-08-14 22:58:10,597 [ERROR] LogOutputStream:75 - [STDERR_REDIRECT] 
2025-08-14 22:58:11,597 [ERROR] LogOutputStream:75 - [STDERR_REDIRECT] [Fatal Error] :1:1: Premature end of file.
2025-08-14 22:58:11,597 [ERROR] LogOutputStream:75 - [STDERR_REDIRECT] 
2025-08-14 22:58:12,597 [ERROR] LogOutputStream:75 - [STDERR_REDIRECT] [Fatal Error] :1:1: Premature end of file.
2025-08-14 22:58:12,597 [ERROR] LogOutputStream:75 - [STDERR_REDIRECT] 
2025-08-14 22:58:13,604 [ERROR] LogOutputStream:75 - [STDERR_REDIRECT] [Fatal Error] :1:1: Premature end of file.
2025-08-14 22:58:13,604 [ERROR] LogOutputStream:75 - [STDERR_REDIRECT] 
2025-08-14 22:58:14,602 [ERROR] LogOutputStream:75 - [STDERR_REDIRECT] [Fatal Error] :1:1: Premature end of file.
2025-08-14 22:58:14,603 [ERROR] LogOutputStream:75 - [STDERR_REDIRECT] 
2025-08-14 22:58:15,609 [ERROR] LogOutputStream:75 - [STDERR_REDIRECT] [Fatal Error] :1:1: Premature end of file.
2025-08-14 22:58:15,609 [ERROR] LogOutputStream:75 - [STDERR_REDIRECT] 
2025-08-14 22:58:16,603 [ERROR] LogOutputStream:75 - [STDERR_REDIRECT] [Fatal Error] :1:1: Premature end of file.
2025-08-14 22:58:16,603 [ERROR] LogOutputStream:75 - [STDERR_REDIRECT] 
2025-08-14 22:58:17,596 [ERROR] LogOutputStream:75 - [STDERR_REDIRECT] [Fatal Error] :1:1: Premature end of file.
2025-08-14 22:58:17,596 [ERROR] LogOutputStream:75 - [STDERR_REDIRECT] 
2025-08-14 22:58:18,601 [ERROR] LogOutputStream:75 - [STDERR_REDIRECT] [Fatal Error] :1:1: Premature end of file.
2025-08-14 22:58:18,601 [ERROR] LogOutputStream:75 - [STDERR_REDIRECT] 
2025-08-14 22:58:19,602 [ERROR] LogOutputStream:75 - [STDERR_REDIRECT] [Fatal Error] :1:1: Premature end of file.
2025-08-14 22:58:19,602 [ERROR] LogOutputStream:75 - [STDERR_REDIRECT] 
2025-08-14 22:58:20,599 [ERROR] LogOutputStream:75 - [STDERR_REDIRECT] [Fatal Error] :1:1: Premature end of file.
2025-08-14 22:58:20,599 [ERROR] LogOutputStream:75 - [STDERR_REDIRECT] 
2025-08-14 22:58:21,597 [ERROR] LogOutputStream:75 - [STDERR_REDIRECT] [Fatal Error] :1:1: Premature end of file.
2025-08-14 22:58:21,597 [ERROR] LogOutputStream:75 - [STDERR_REDIRECT] 
2025-08-14 22:58:22,604 [ERROR] LogOutputStream:75 - [STDERR_REDIRECT] [Fatal Error] :1:1: Premature end of file.
2025-08-14 22:58:22,604 [ERROR] LogOutputStream:75 - [STDERR_REDIRECT] 
2025-08-14 22:58:23,610 [ERROR] LogOutputStream:75 - [STDERR_REDIRECT] [Fatal Error] :1:1: Premature end of file.
2025-08-14 22:58:23,610 [ERROR] LogOutputStream:75 - [STDERR_REDIRECT] 
2025-08-14 22:58:24,608 [ERROR] LogOutputStream:75 - [STDERR_REDIRECT] [Fatal Error] :1:1: Premature end of file.
2025-08-14 22:58:24,608 [ERROR] LogOutputStream:75 - [STDERR_REDIRECT] 
2025-08-14 22:58:25,609 [ERROR] LogOutputStream:75 - [STDERR_REDIRECT] [Fatal Error] :1:1: Premature end of file.
2025-08-14 22:58:25,609 [ERROR] LogOutputStream:75 - [STDERR_REDIRECT] 
2025-08-14 22:58:26,601 [ERROR] LogOutputStream:75 - [STDERR_REDIRECT] [Fatal Error] :1:1: Premature end of file.
2025-08-14 22:58:26,601 [ERROR] LogOutputStream:75 - [STDERR_REDIRECT] 
2025-08-14 22:58:27,600 [ERROR] LogOutputStream:75 - [STDERR_REDIRECT] [Fatal Error] :1:1: Premature end of file.
2025-08-14 22:58:27,600 [ERROR] LogOutputStream:75 - [STDERR_REDIRECT] 
2025-08-14 22:58:28,599 [ERROR] LogOutputStream:75 - [STDERR_REDIRECT] [Fatal Error] :1:1: Premature end of file.
2025-08-14 22:58:28,599 [ERROR] LogOutputStream:75 - [STDERR_REDIRECT] 
2025-08-14 22:58:29,601 [ERROR] LogOutputStream:75 - [STDERR_REDIRECT] [Fatal Error] :1:1: Premature end of file.
2025-08-14 22:58:29,601 [ERROR] LogOutputStream:75 - [STDERR_REDIRECT] 
2025-08-14 22:58:30,603 [ERROR] LogOutputStream:75 - [STDERR_REDIRECT] [Fatal Error] :1:1: Premature end of file.
2025-08-14 22:58:30,603 [ERROR] LogOutputStream:75 - [STDERR_REDIRECT] 
2025-08-14 22:58:31,611 [ERROR] LogOutputStream:75 - [STDERR_REDIRECT] [Fatal Error] :1:1: Premature end of file.
2025-08-14 22:58:31,611 [ERROR] LogOutputStream:75 - [STDERR_REDIRECT] 
2025-08-14 22:58:32,596 [ERROR] LogOutputStream:75 - [STDERR_REDIRECT] [Fatal Error] :1:1: Premature end of file.
2025-08-14 22:58:32,596 [ERROR] LogOutputStream:75 - [STDERR_REDIRECT] 
2025-08-14 22:58:33,599 [ERROR] LogOutputStream:75 - [STDERR_REDIRECT] [Fatal Error] :1:1: Premature end of file.
2025-08-14 22:58:33,599 [ERROR] LogOutputStream:75 - [STDERR_REDIRECT] 
2025-08-14 22:58:34,601 [ERROR] LogOutputStream:75 - [STDERR_REDIRECT] [Fatal Error] :1:1: Premature end of file.
2025-08-14 22:58:34,601 [ERROR] LogOutputStream:75 - [STDERR_REDIRECT] 
2025-08-14 22:58:35,603 [ERROR] LogOutputStream:75 - [STDERR_REDIRECT] [Fatal Error] :1:1: Premature end of file.
2025-08-14 22:58:35,603 [ERROR] LogOutputStream:75 - [STDERR_REDIRECT] 
2025-08-14 22:58:36,593 [ERROR] LogOutputStream:75 - [STDERR_REDIRECT] [Fatal Error] :1:1: Premature end of file.
2025-08-14 22:58:36,593 [ERROR] LogOutputStream:75 - [STDERR_REDIRECT] 
2025-08-14 22:58:37,596 [ERROR] LogOutputStream:75 - [STDERR_REDIRECT] [Fatal Error] :1:1: Premature end of file.
2025-08-14 22:58:37,596 [ERROR] LogOutputStream:75 - [STDERR_REDIRECT] 
2025-08-14 22:58:38,596 [ERROR] LogOutputStream:75 - [STDERR_REDIRECT] [Fatal Error] :1:1: Premature end of file.
2025-08-14 22:58:38,596 [ERROR] LogOutputStream:75 - [STDERR_REDIRECT] 
2025-08-14 22:58:39,604 [ERROR] LogOutputStream:75 - [STDERR_REDIRECT] [Fatal Error] :1:1: Premature end of file.
2025-08-14 22:58:39,604 [ERROR] LogOutputStream:75 - [STDERR_REDIRECT] 
2025-08-14 22:58:40,606 [ERROR] LogOutputStream:75 - [STDERR_REDIRECT] [Fatal Error] :1:1: Premature end of file.
2025-08-14 22:58:40,606 [ERROR] LogOutputStream:75 - [STDERR_REDIRECT] 
2025-08-14 22:58:41,606 [ERROR] LogOutputStream:75 - [STDERR_REDIRECT] [Fatal Error] :1:1: Premature end of file.
2025-08-14 22:58:41,606 [ERROR] LogOutputStream:75 - [STDERR_REDIRECT] 
2025-08-14 22:58:42,604 [ERROR] LogOutputStream:75 - [STDERR_REDIRECT] [Fatal Error] :1:1: Premature end of file.
2025-08-14 22:58:42,604 [ERROR] LogOutputStream:75 - [STDERR_REDIRECT] 
2025-08-14 22:58:43,606 [ERROR] LogOutputStream:75 - [STDERR_REDIRECT] [Fatal Error] :1:1: Premature end of file.
2025-08-14 22:58:43,606 [ERROR] LogOutputStream:75 - [STDERR_REDIRECT] 
2025-08-14 22:58:44,602 [ERROR] LogOutputStream:75 - [STDERR_REDIRECT] [Fatal Error] :1:1: Premature end of file.
2025-08-14 22:58:44,602 [ERROR] LogOutputStream:75 - [STDERR_REDIRECT] 
2025-08-14 22:58:45,607 [ERROR] LogOutputStream:75 - [STDERR_REDIRECT] [Fatal Error] :1:1: Premature end of file.
2025-08-14 22:58:45,607 [ERROR] LogOutputStream:75 - [STDERR_REDIRECT] 
2025-08-14 22:58:46,594 [ERROR] LogOutputStream:75 - [STDERR_REDIRECT] [Fatal Error] :1:1: Premature end of file.
2025-08-14 22:58:46,594 [ERROR] LogOutputStream:75 - [STDERR_REDIRECT] 
2025-08-14 22:58:47,601 [ERROR] LogOutputStream:75 - [STDERR_REDIRECT] [Fatal Error] :1:1: Premature end of file.
2025-08-14 22:58:47,601 [ERROR] LogOutputStream:75 - [STDERR_REDIRECT] 
2025-08-14 22:58:48,605 [ERROR] LogOutputStream:75 - [STDERR_REDIRECT] [Fatal Error] :1:1: Premature end of file.
2025-08-14 22:58:48,605 [ERROR] LogOutputStream:75 - [STDERR_REDIRECT] 
2025-08-14 22:58:49,610 [ERROR] LogOutputStream:75 - [STDERR_REDIRECT] [Fatal Error] :1:1: Premature end of file.
2025-08-14 22:58:49,610 [ERROR] LogOutputStream:75 - [STDERR_REDIRECT] 
2025-08-14 22:58:50,595 [ERROR] LogOutputStream:75 - [STDERR_REDIRECT] [Fatal Error] :1:1: Premature end of file.
2025-08-14 22:58:50,595 [ERROR] LogOutputStream:75 - [STDERR_REDIRECT] 
2025-08-14 22:58:51,602 [ERROR] LogOutputStream:75 - [STDERR_REDIRECT] [Fatal Error] :1:1: Premature end of file.
2025-08-14 22:58:51,602 [ERROR] LogOutputStream:75 - [STDERR_REDIRECT] 
2025-08-14 22:58:52,595 [ERROR] LogOutputStream:75 - [STDERR_REDIRECT] [Fatal Error] :1:1: Premature end of file.
2025-08-14 22:58:52,595 [ERROR] LogOutputStream:75 - [STDERR_REDIRECT] 
2025-08-14 22:58:53,600 [ERROR] LogOutputStream:75 - [STDERR_REDIRECT] [Fatal Error] :1:1: Premature end of file.
2025-08-14 22:58:53,600 [ERROR] LogOutputStream:75 - [STDERR_REDIRECT] 
2025-08-14 22:58:54,596 [ERROR] LogOutputStream:75 - [STDERR_REDIRECT] [Fatal Error] :1:1: Premature end of file.
2025-08-14 22:58:54,596 [ERROR] LogOutputStream:75 - [STDERR_REDIRECT] 
2025-08-14 22:58:55,604 [ERROR] LogOutputStream:75 - [STDERR_REDIRECT] [Fatal Error] :1:1: Premature end of file.
2025-08-14 22:58:55,604 [ERROR] LogOutputStream:75 - [STDERR_REDIRECT] 
2025-08-14 22:58:56,606 [ERROR] LogOutputStream:75 - [STDERR_REDIRECT] [Fatal Error] :1:1: Premature end of file.
2025-08-14 22:58:56,606 [ERROR] LogOutputStream:75 - [STDERR_REDIRECT] 
2025-08-14 22:58:57,607 [ERROR] LogOutputStream:75 - [STDERR_REDIRECT] [Fatal Error] :1:1: Premature end of file.
2025-08-14 22:58:57,607 [ERROR] LogOutputStream:75 - [STDERR_REDIRECT] 
2025-08-14 22:58:58,596 [ERROR] LogOutputStream:75 - [STDERR_REDIRECT] [Fatal Error] :1:1: Premature end of file.
2025-08-14 22:58:58,596 [ERROR] LogOutputStream:75 - [STDERR_REDIRECT] 
2025-08-14 22:58:59,610 [ERROR] LogOutputStream:75 - [STDERR_REDIRECT] [Fatal Error] :1:1: Premature end of file.
2025-08-14 22:58:59,610 [ERROR] LogOutputStream:75 - [STDERR_REDIRECT] 
2025-08-14 22:59:00,601 [ERROR] LogOutputStream:75 - [STDERR_REDIRECT] [Fatal Error] :1:1: Premature end of file.
2025-08-14 22:59:00,601 [ERROR] LogOutputStream:75 - [STDERR_REDIRECT] 
2025-08-14 22:59:01,598 [ERROR] LogOutputStream:75 - [STDERR_REDIRECT] [Fatal Error] :1:1: Premature end of file.
2025-08-14 22:59:01,598 [ERROR] LogOutputStream:75 - [STDERR_REDIRECT] 
2025-08-14 22:59:02,600 [ERROR] LogOutputStream:75 - [STDERR_REDIRECT] [Fatal Error] :1:1: Premature end of file.
2025-08-14 22:59:02,600 [ERROR] LogOutputStream:75 - [STDERR_REDIRECT] 
2025-08-14 22:59:03,601 [ERROR] LogOutputStream:75 - [STDERR_REDIRECT] [Fatal Error] :1:1: Premature end of file.
2025-08-14 22:59:03,601 [ERROR] LogOutputStream:75 - [STDERR_REDIRECT] 
2025-08-14 22:59:04,601 [ERROR] LogOutputStream:75 - [STDERR_REDIRECT] [Fatal Error] :1:1: Premature end of file.
2025-08-14 22:59:04,601 [ERROR] LogOutputStream:75 - [STDERR_REDIRECT] 
2025-08-14 22:59:05,609 [ERROR] LogOutputStream:75 - [STDERR_REDIRECT] [Fatal Error] :1:1: Premature end of file.
2025-08-14 22:59:05,609 [ERROR] LogOutputStream:75 - [STDERR_REDIRECT] 
2025-08-14 22:59:06,607 [ERROR] LogOutputStream:75 - [STDERR_REDIRECT] [Fatal Error] :1:1: Premature end of file.
2025-08-14 22:59:06,607 [ERROR] LogOutputStream:75 - [STDERR_REDIRECT] 
2025-08-14 22:59:07,595 [ERROR] LogOutputStream:75 - [STDERR_REDIRECT] [Fatal Error] :1:1: Premature end of file.
2025-08-14 22:59:07,595 [ERROR] LogOutputStream:75 - [STDERR_REDIRECT] 
2025-08-14 22:59:08,602 [ERROR] LogOutputStream:75 - [STDERR_REDIRECT] [Fatal Error] :1:1: Premature end of file.
2025-08-14 22:59:08,602 [ERROR] LogOutputStream:75 - [STDERR_REDIRECT] 
2025-08-14 22:59:09,599 [ERROR] LogOutputStream:75 - [STDERR_REDIRECT] [Fatal Error] :1:1: Premature end of file.
2025-08-14 22:59:09,599 [ERROR] LogOutputStream:75 - [STDERR_REDIRECT] 
2025-08-14 22:59:10,601 [ERROR] LogOutputStream:75 - [STDERR_REDIRECT] [Fatal Error] :1:1: Premature end of file.
2025-08-14 22:59:10,601 [ERROR] LogOutputStream:75 - [STDERR_REDIRECT] 
2025-08-14 22:59:11,608 [ERROR] LogOutputStream:75 - [STDERR_REDIRECT] [Fatal Error] :1:1: Premature end of file.
2025-08-14 22:59:11,608 [ERROR] LogOutputStream:75 - [STDERR_REDIRECT] 
2025-08-14 22:59:12,599 [ERROR] LogOutputStream:75 - [STDERR_REDIRECT] [Fatal Error] :1:1: Premature end of file.
2025-08-14 22:59:12,599 [ERROR] LogOutputStream:75 - [STDERR_REDIRECT] 
2025-08-14 22:59:13,608 [ERROR] LogOutputStream:75 - [STDERR_REDIRECT] [Fatal Error] :1:1: Premature end of file.
2025-08-14 22:59:13,608 [ERROR] LogOutputStream:75 - [STDERR_REDIRECT] 
2025-08-14 22:59:14,607 [ERROR] LogOutputStream:75 - [STDERR_REDIRECT] [Fatal Error] :1:1: Premature end of file.
2025-08-14 22:59:14,607 [ERROR] LogOutputStream:75 - [STDERR_REDIRECT] 
2025-08-14 22:59:15,608 [ERROR] LogOutputStream:75 - [STDERR_REDIRECT] [Fatal Error] :1:1: Premature end of file.
2025-08-14 22:59:15,608 [ERROR] LogOutputStream:75 - [STDERR_REDIRECT] 
2025-08-14 22:59:16,609 [ERROR] LogOutputStream:75 - [STDERR_REDIRECT] [Fatal Error] :1:1: Premature end of file.
2025-08-14 22:59:16,609 [ERROR] LogOutputStream:75 - [STDERR_REDIRECT] 
2025-08-14 22:59:17,598 [ERROR] LogOutputStream:75 - [STDERR_REDIRECT] [Fatal Error] :1:1: Premature end of file.
2025-08-14 22:59:17,598 [ERROR] LogOutputStream:75 - [STDERR_REDIRECT] 
2025-08-14 22:59:18,608 [ERROR] LogOutputStream:75 - [STDERR_REDIRECT] [Fatal Error] :1:1: Premature end of file.
2025-08-14 22:59:18,608 [ERROR] LogOutputStream:75 - [STDERR_REDIRECT] 
2025-08-14 22:59:19,595 [ERROR] LogOutputStream:75 - [STDERR_REDIRECT] [Fatal Error] :1:1: Premature end of file.
2025-08-14 22:59:19,595 [ERROR] LogOutputStream:75 - [STDERR_REDIRECT] 
2025-08-14 22:59:20,603 [ERROR] LogOutputStream:75 - [STDERR_REDIRECT] [Fatal Error] :1:1: Premature end of file.
2025-08-14 22:59:20,603 [ERROR] LogOutputStream:75 - [STDERR_REDIRECT] 
2025-08-14 22:59:21,601 [ERROR] LogOutputStream:75 - [STDERR_REDIRECT] [Fatal Error] :1:1: Premature end of file.
2025-08-14 22:59:21,601 [ERROR] LogOutputStream:75 - [STDERR_REDIRECT] 
2025-08-14 22:59:22,602 [ERROR] LogOutputStream:75 - [STDERR_REDIRECT] [Fatal Error] :1:1: Premature end of file.
2025-08-14 22:59:22,602 [ERROR] LogOutputStream:75 - [STDERR_REDIRECT] 
2025-08-14 22:59:23,604 [ERROR] LogOutputStream:75 - [STDERR_REDIRECT] [Fatal Error] :1:1: Premature end of file.
2025-08-14 22:59:23,604 [ERROR] LogOutputStream:75 - [STDERR_REDIRECT] 
2025-08-14 22:59:24,601 [ERROR] LogOutputStream:75 - [STDERR_REDIRECT] [Fatal Error] :1:1: Premature end of file.
2025-08-14 22:59:24,601 [ERROR] LogOutputStream:75 - [STDERR_REDIRECT] 
2025-08-14 22:59:25,603 [ERROR] LogOutputStream:75 - [STDERR_REDIRECT] [Fatal Error] :1:1: Premature end of file.
2025-08-14 22:59:25,603 [ERROR] LogOutputStream:75 - [STDERR_REDIRECT] 
2025-08-14 22:59:26,594 [ERROR] LogOutputStream:75 - [STDERR_REDIRECT] [Fatal Error] :1:1: Premature end of file.
2025-08-14 22:59:26,594 [ERROR] LogOutputStream:75 - [STDERR_REDIRECT] 
2025-08-14 22:59:27,613 [ERROR] LogOutputStream:75 - [STDERR_REDIRECT] [Fatal Error] :1:1: Premature end of file.
2025-08-14 22:59:27,613 [ERROR] LogOutputStream:75 - [STDERR_REDIRECT] 
2025-08-14 22:59:28,609 [ERROR] LogOutputStream:75 - [STDERR_REDIRECT] [Fatal Error] :1:1: Premature end of file.
2025-08-14 22:59:28,609 [ERROR] LogOutputStream:75 - [STDERR_REDIRECT] 
2025-08-14 22:59:29,600 [ERROR] LogOutputStream:75 - [STDERR_REDIRECT] [Fatal Error] :1:1: Premature end of file.
2025-08-14 22:59:29,600 [ERROR] LogOutputStream:75 - [STDERR_REDIRECT] 
2025-08-14 22:59:30,596 [ERROR] LogOutputStream:75 - [STDERR_REDIRECT] [Fatal Error] :1:1: Premature end of file.
2025-08-14 22:59:30,596 [ERROR] LogOutputStream:75 - [STDERR_REDIRECT] 
2025-08-14 22:59:31,604 [ERROR] LogOutputStream:75 - [STDERR_REDIRECT] [Fatal Error] :1:1: Premature end of file.
2025-08-14 22:59:31,604 [ERROR] LogOutputStream:75 - [STDERR_REDIRECT] 
2025-08-14 22:59:32,610 [ERROR] LogOutputStream:75 - [STDERR_REDIRECT] [Fatal Error] :1:1: Premature end of file.
2025-08-14 22:59:32,610 [ERROR] LogOutputStream:75 - [STDERR_REDIRECT] 
2025-08-14 22:59:33,597 [ERROR] LogOutputStream:75 - [STDERR_REDIRECT] [Fatal Error] :1:1: Premature end of file.
2025-08-14 22:59:33,597 [ERROR] LogOutputStream:75 - [STDERR_REDIRECT] 
2025-08-14 22:59:34,601 [ERROR] LogOutputStream:75 - [STDERR_REDIRECT] [Fatal Error] :1:1: Premature end of file.
2025-08-14 22:59:34,601 [ERROR] LogOutputStream:75 - [STDERR_REDIRECT] 
2025-08-14 22:59:35,595 [ERROR] LogOutputStream:75 - [STDERR_REDIRECT] [Fatal Error] :1:1: Premature end of file.
2025-08-14 22:59:35,595 [ERROR] LogOutputStream:75 - [STDERR_REDIRECT] 
2025-08-14 22:59:36,598 [ERROR] LogOutputStream:75 - [STDERR_REDIRECT] [Fatal Error] :1:1: Premature end of file.
2025-08-14 22:59:36,598 [ERROR] LogOutputStream:75 - [STDERR_REDIRECT] 
2025-08-14 22:59:37,605 [ERROR] LogOutputStream:75 - [STDERR_REDIRECT] [Fatal Error] :1:1: Premature end of file.
2025-08-14 22:59:37,605 [ERROR] LogOutputStream:75 - [STDERR_REDIRECT] 
2025-08-14 22:59:38,613 [ERROR] LogOutputStream:75 - [STDERR_REDIRECT] [Fatal Error] :1:1: Premature end of file.
2025-08-14 22:59:38,613 [ERROR] LogOutputStream:75 - [STDERR_REDIRECT] 
2025-08-14 22:59:39,597 [ERROR] LogOutputStream:75 - [STDERR_REDIRECT] [Fatal Error] :1:1: Premature end of file.
2025-08-14 22:59:39,597 [ERROR] LogOutputStream:75 - [STDERR_REDIRECT] 
2025-08-14 22:59:40,598 [ERROR] LogOutputStream:75 - [STDERR_REDIRECT] [Fatal Error] :1:1: Premature end of file.
2025-08-14 22:59:40,598 [ERROR] LogOutputStream:75 - [STDERR_REDIRECT] 
2025-08-14 22:59:41,601 [ERROR] LogOutputStream:75 - [STDERR_REDIRECT] [Fatal Error] :1:1: Premature end of file.
2025-08-14 22:59:41,601 [ERROR] LogOutputStream:75 - [STDERR_REDIRECT] 
2025-08-14 22:59:42,595 [ERROR] LogOutputStream:75 - [STDERR_REDIRECT] [Fatal Error] :1:1: Premature end of file.
2025-08-14 22:59:42,595 [ERROR] LogOutputStream:75 - [STDERR_REDIRECT] 
2025-08-14 22:59:43,604 [ERROR] LogOutputStream:75 - [STDERR_REDIRECT] [Fatal Error] :1:1: Premature end of file.
2025-08-14 22:59:43,604 [ERROR] LogOutputStream:75 - [STDERR_REDIRECT] 
2025-08-14 22:59:44,603 [ERROR] LogOutputStream:75 - [STDERR_REDIRECT] [Fatal Error] :1:1: Premature end of file.
2025-08-14 22:59:44,603 [ERROR] LogOutputStream:75 - [STDERR_REDIRECT] 
2025-08-14 22:59:45,601 [ERROR] LogOutputStream:75 - [STDERR_REDIRECT] [Fatal Error] :1:1: Premature end of file.
2025-08-14 22:59:45,601 [ERROR] LogOutputStream:75 - [STDERR_REDIRECT] 
2025-08-14 22:59:46,607 [ERROR] LogOutputStream:75 - [STDERR_REDIRECT] [Fatal Error] :1:1: Premature end of file.
2025-08-14 22:59:46,607 [ERROR] LogOutputStream:75 - [STDERR_REDIRECT] 
2025-08-14 22:59:47,614 [ERROR] LogOutputStream:75 - [STDERR_REDIRECT] [Fatal Error] :1:1: Premature end of file.
2025-08-14 22:59:47,614 [ERROR] LogOutputStream:75 - [STDERR_REDIRECT] 
2025-08-14 22:59:48,596 [ERROR] LogOutputStream:75 - [STDERR_REDIRECT] [Fatal Error] :1:1: Premature end of file.
2025-08-14 22:59:48,596 [ERROR] LogOutputStream:75 - [STDERR_REDIRECT] 
2025-08-14 22:59:49,597 [ERROR] LogOutputStream:75 - [STDERR_REDIRECT] [Fatal Error] :1:1: Premature end of file.
2025-08-14 22:59:49,597 [ERROR] LogOutputStream:75 - [STDERR_REDIRECT] 
2025-08-14 22:59:50,602 [ERROR] LogOutputStream:75 - [STDERR_REDIRECT] [Fatal Error] :1:1: Premature end of file.
2025-08-14 22:59:50,602 [ERROR] LogOutputStream:75 - [STDERR_REDIRECT] 
2025-08-14 22:59:51,609 [ERROR] LogOutputStream:75 - [STDERR_REDIRECT] [Fatal Error] :1:1: Premature end of file.
2025-08-14 22:59:51,609 [ERROR] LogOutputStream:75 - [STDERR_REDIRECT] 
2025-08-14 22:59:52,608 [ERROR] LogOutputStream:75 - [STDERR_REDIRECT] [Fatal Error] :1:1: Premature end of file.
2025-08-14 22:59:52,608 [ERROR] LogOutputStream:75 - [STDERR_REDIRECT] 
2025-08-14 22:59:53,609 [ERROR] LogOutputStream:75 - [STDERR_REDIRECT] [Fatal Error] :1:1: Premature end of file.
2025-08-14 22:59:53,609 [ERROR] LogOutputStream:75 - [STDERR_REDIRECT] 
2025-08-14 22:59:54,604 [ERROR] LogOutputStream:75 - [STDERR_REDIRECT] [Fatal Error] :1:1: Premature end of file.
2025-08-14 22:59:54,604 [ERROR] LogOutputStream:75 - [STDERR_REDIRECT] 
2025-08-14 22:59:55,601 [ERROR] LogOutputStream:75 - [STDERR_REDIRECT] [Fatal Error] :1:1: Premature end of file.
2025-08-14 22:59:55,601 [ERROR] LogOutputStream:75 - [STDERR_REDIRECT] 
2025-08-14 22:59:56,602 [ERROR] LogOutputStream:75 - [STDERR_REDIRECT] [Fatal Error] :1:1: Premature end of file.
2025-08-14 22:59:56,602 [ERROR] LogOutputStream:75 - [STDERR_REDIRECT] 
2025-08-14 22:59:57,606 [ERROR] LogOutputStream:75 - [STDERR_REDIRECT] [Fatal Error] :1:1: Premature end of file.
2025-08-14 22:59:57,606 [ERROR] LogOutputStream:75 - [STDERR_REDIRECT] 
2025-08-14 22:59:58,595 [ERROR] LogOutputStream:75 - [STDERR_REDIRECT] [Fatal Error] :1:1: Premature end of file.
2025-08-14 22:59:58,595 [ERROR] LogOutputStream:75 - [STDERR_REDIRECT] 
2025-08-14 22:59:59,601 [ERROR] LogOutputStream:75 - [STDERR_REDIRECT] [Fatal Error] :1:1: Premature end of file.
2025-08-14 22:59:59,601 [ERROR] LogOutputStream:75 - [STDERR_REDIRECT] 
2025-08-14 23:00:00,603 [ERROR] LogOutputStream:75 - [STDERR_REDIRECT] [Fatal Error] :1:1: Premature end of file.
2025-08-14 23:00:00,603 [ERROR] LogOutputStream:75 - [STDERR_REDIRECT] 
2025-08-14 23:00:01,604 [ERROR] LogOutputStream:75 - [STDERR_REDIRECT] [Fatal Error] :1:1: Premature end of file.
2025-08-14 23:00:01,604 [ERROR] LogOutputStream:75 - [STDERR_REDIRECT] 
2025-08-14 23:00:02,605 [ERROR] LogOutputStream:75 - [STDERR_REDIRECT] [Fatal Error] :1:1: Premature end of file.
2025-08-14 23:00:02,605 [ERROR] LogOutputStream:75 - [STDERR_REDIRECT] 
2025-08-14 23:00:03,600 [ERROR] LogOutputStream:75 - [STDERR_REDIRECT] [Fatal Error] :1:1: Premature end of file.
2025-08-14 23:00:03,600 [ERROR] LogOutputStream:75 - [STDERR_REDIRECT] 
2025-08-14 23:00:04,603 [ERROR] LogOutputStream:75 - [STDERR_REDIRECT] [Fatal Error] :1:1: Premature end of file.
2025-08-14 23:00:04,603 [ERROR] LogOutputStream:75 - [STDERR_REDIRECT] 
2025-08-14 23:00:05,611 [ERROR] LogOutputStream:75 - [STDERR_REDIRECT] [Fatal Error] :1:1: Premature end of file.
2025-08-14 23:00:05,611 [ERROR] LogOutputStream:75 - [STDERR_REDIRECT] 
2025-08-14 23:00:06,607 [ERROR] LogOutputStream:75 - [STDERR_REDIRECT] [Fatal Error] :1:1: Premature end of file.
2025-08-14 23:00:06,607 [ERROR] LogOutputStream:75 - [STDERR_REDIRECT] 
2025-08-14 23:00:07,595 [ERROR] LogOutputStream:75 - [STDERR_REDIRECT] [Fatal Error] :1:1: Premature end of file.
2025-08-14 23:00:07,595 [ERROR] LogOutputStream:75 - [STDERR_REDIRECT] 
2025-08-14 23:00:08,600 [ERROR] LogOutputStream:75 - [STDERR_REDIRECT] [Fatal Error] :1:1: Premature end of file.
2025-08-14 23:00:08,600 [ERROR] LogOutputStream:75 - [STDERR_REDIRECT] 
2025-08-14 23:00:09,595 [ERROR] LogOutputStream:75 - [STDERR_REDIRECT] [Fatal Error] :1:1: Premature end of file.
2025-08-14 23:00:09,595 [ERROR] LogOutputStream:75 - [STDERR_REDIRECT] 
2025-08-14 23:00:10,604 [ERROR] LogOutputStream:75 - [STDERR_REDIRECT] [Fatal Error] :1:1: Premature end of file.
2025-08-14 23:00:10,604 [ERROR] LogOutputStream:75 - [STDERR_REDIRECT] 
2025-08-14 23:00:11,609 [ERROR] LogOutputStream:75 - [STDERR_REDIRECT] [Fatal Error] :1:1: Premature end of file.
2025-08-14 23:00:11,609 [ERROR] LogOutputStream:75 - [STDERR_REDIRECT] 
2025-08-14 23:00:12,610 [ERROR] LogOutputStream:75 - [STDERR_REDIRECT] [Fatal Error] :1:1: Premature end of file.
2025-08-14 23:00:12,610 [ERROR] LogOutputStream:75 - [STDERR_REDIRECT] 
2025-08-14 23:00:13,602 [ERROR] LogOutputStream:75 - [STDERR_REDIRECT] [Fatal Error] :1:1: Premature end of file.
2025-08-14 23:00:13,602 [ERROR] LogOutputStream:75 - [STDERR_REDIRECT] 
2025-08-14 23:00:14,604 [ERROR] LogOutputStream:75 - [STDERR_REDIRECT] [Fatal Error] :1:1: Premature end of file.
2025-08-14 23:00:14,604 [ERROR] LogOutputStream:75 - [STDERR_REDIRECT] 
2025-08-14 23:00:15,606 [ERROR] LogOutputStream:75 - [STDERR_REDIRECT] [Fatal Error] :1:1: Premature end of file.
2025-08-14 23:00:15,606 [ERROR] LogOutputStream:75 - [STDERR_REDIRECT] 
2025-08-14 23:00:16,612 [ERROR] LogOutputStream:75 - [STDERR_REDIRECT] [Fatal Error] :1:1: Premature end of file.
2025-08-14 23:00:16,612 [ERROR] LogOutputStream:75 - [STDERR_REDIRECT] 
2025-08-14 23:00:17,598 [ERROR] LogOutputStream:75 - [STDERR_REDIRECT] [Fatal Error] :1:1: Premature end of file.
2025-08-14 23:00:17,598 [ERROR] LogOutputStream:75 - [STDERR_REDIRECT] 
2025-08-14 23:00:18,613 [ERROR] LogOutputStream:75 - [STDERR_REDIRECT] [Fatal Error] :1:1: Premature end of file.
2025-08-14 23:00:18,613 [ERROR] LogOutputStream:75 - [STDERR_REDIRECT] 
2025-08-14 23:00:19,599 [ERROR] LogOutputStream:75 - [STDERR_REDIRECT] [Fatal Error] :1:1: Premature end of file.
2025-08-14 23:00:19,599 [ERROR] LogOutputStream:75 - [STDERR_REDIRECT] 
2025-08-14 23:00:20,600 [ERROR] LogOutputStream:75 - [STDERR_REDIRECT] [Fatal Error] :1:1: Premature end of file.
2025-08-14 23:00:20,600 [ERROR] LogOutputStream:75 - [STDERR_REDIRECT] 
2025-08-14 23:00:21,601 [ERROR] LogOutputStream:75 - [STDERR_REDIRECT] [Fatal Error] :1:1: Premature end of file.
2025-08-14 23:00:21,601 [ERROR] LogOutputStream:75 - [STDERR_REDIRECT] 
2025-08-14 23:00:22,598 [ERROR] LogOutputStream:75 - [STDERR_REDIRECT] [Fatal Error] :1:1: Premature end of file.
2025-08-14 23:00:22,598 [ERROR] LogOutputStream:75 - [STDERR_REDIRECT] 
2025-08-14 23:00:23,598 [ERROR] LogOutputStream:75 - [STDERR_REDIRECT] [Fatal Error] :1:1: Premature end of file.
2025-08-14 23:00:23,598 [ERROR] LogOutputStream:75 - [STDERR_REDIRECT] 
2025-08-14 23:00:24,603 [ERROR] LogOutputStream:75 - [STDERR_REDIRECT] [Fatal Error] :1:1: Premature end of file.
2025-08-14 23:00:24,603 [ERROR] LogOutputStream:75 - [STDERR_REDIRECT] 
2025-08-14 23:00:25,601 [ERROR] LogOutputStream:75 - [STDERR_REDIRECT] [Fatal Error] :1:1: Premature end of file.
2025-08-14 23:00:25,601 [ERROR] LogOutputStream:75 - [STDERR_REDIRECT] 
2025-08-14 23:00:26,609 [ERROR] LogOutputStream:75 - [STDERR_REDIRECT] [Fatal Error] :1:1: Premature end of file.
2025-08-14 23:00:26,609 [ERROR] LogOutputStream:75 - [STDERR_REDIRECT] 
2025-08-14 23:00:27,608 [ERROR] LogOutputStream:75 - [STDERR_REDIRECT] [Fatal Error] :1:1: Premature end of file.
2025-08-14 23:00:27,608 [ERROR] LogOutputStream:75 - [STDERR_REDIRECT] 
2025-08-14 23:00:28,594 [ERROR] LogOutputStream:75 - [STDERR_REDIRECT] [Fatal Error] :1:1: Premature end of file.
2025-08-14 23:00:28,594 [ERROR] LogOutputStream:75 - [STDERR_REDIRECT] 
2025-08-14 23:00:29,604 [ERROR] LogOutputStream:75 - [STDERR_REDIRECT] [Fatal Error] :1:1: Premature end of file.
2025-08-14 23:00:29,604 [ERROR] LogOutputStream:75 - [STDERR_REDIRECT] 
2025-08-14 23:00:30,603 [ERROR] LogOutputStream:75 - [STDERR_REDIRECT] [Fatal Error] :1:1: Premature end of file.
2025-08-14 23:00:30,603 [ERROR] LogOutputStream:75 - [STDERR_REDIRECT] 
2025-08-14 23:00:31,601 [ERROR] LogOutputStream:75 - [STDERR_REDIRECT] [Fatal Error] :1:1: Premature end of file.
2025-08-14 23:00:31,601 [ERROR] LogOutputStream:75 - [STDERR_REDIRECT] 
2025-08-14 23:00:32,604 [ERROR] LogOutputStream:75 - [STDERR_REDIRECT] [Fatal Error] :1:1: Premature end of file.
2025-08-14 23:00:32,604 [ERROR] LogOutputStream:75 - [STDERR_REDIRECT] 
2025-08-14 23:00:33,600 [ERROR] LogOutputStream:75 - [STDERR_REDIRECT] [Fatal Error] :1:1: Premature end of file.
2025-08-14 23:00:33,600 [ERROR] LogOutputStream:75 - [STDERR_REDIRECT] 
2025-08-14 23:00:34,599 [ERROR] LogOutputStream:75 - [STDERR_REDIRECT] [Fatal Error] :1:1: Premature end of file.
2025-08-14 23:00:34,599 [ERROR] LogOutputStream:75 - [STDERR_REDIRECT] 
2025-08-14 23:00:35,599 [ERROR] LogOutputStream:75 - [STDERR_REDIRECT] [Fatal Error] :1:1: Premature end of file.
2025-08-14 23:00:35,599 [ERROR] LogOutputStream:75 - [STDERR_REDIRECT] 
2025-08-14 23:00:36,607 [ERROR] LogOutputStream:75 - [STDERR_REDIRECT] [Fatal Error] :1:1: Premature end of file.
2025-08-14 23:00:36,607 [ERROR] LogOutputStream:75 - [STDERR_REDIRECT] 
2025-08-14 23:00:37,605 [ERROR] LogOutputStream:75 - [STDERR_REDIRECT] [Fatal Error] :1:1: Premature end of file.
2025-08-14 23:00:37,605 [ERROR] LogOutputStream:75 - [STDERR_REDIRECT] 
2025-08-14 23:00:38,613 [ERROR] LogOutputStream:75 - [STDERR_REDIRECT] [Fatal Error] :1:1: Premature end of file.
2025-08-14 23:00:38,613 [ERROR] LogOutputStream:75 - [STDERR_REDIRECT] 
2025-08-14 23:00:39,598 [ERROR] LogOutputStream:75 - [STDERR_REDIRECT] [Fatal Error] :1:1: Premature end of file.
2025-08-14 23:00:39,598 [ERROR] LogOutputStream:75 - [STDERR_REDIRECT] 
2025-08-14 23:00:40,596 [ERROR] LogOutputStream:75 - [STDERR_REDIRECT] [Fatal Error] :1:1: Premature end of file.
2025-08-14 23:00:40,596 [ERROR] LogOutputStream:75 - [STDERR_REDIRECT] 
2025-08-14 23:00:41,597 [ERROR] LogOutputStream:75 - [STDERR_REDIRECT] [Fatal Error] :1:1: Premature end of file.
2025-08-14 23:00:41,597 [ERROR] LogOutputStream:75 - [STDERR_REDIRECT] 
2025-08-14 23:00:42,600 [ERROR] LogOutputStream:75 - [STDERR_REDIRECT] [Fatal Error] :1:1: Premature end of file.
2025-08-14 23:00:42,600 [ERROR] LogOutputStream:75 - [STDERR_REDIRECT] 
2025-08-14 23:00:43,604 [ERROR] LogOutputStream:75 - [STDERR_REDIRECT] [Fatal Error] :1:1: Premature end of file.
2025-08-14 23:00:43,604 [ERROR] LogOutputStream:75 - [STDERR_REDIRECT] 
2025-08-14 23:00:44,596 [ERROR] LogOutputStream:75 - [STDERR_REDIRECT] [Fatal Error] :1:1: Premature end of file.
2025-08-14 23:00:44,596 [ERROR] LogOutputStream:75 - [STDERR_REDIRECT] 
2025-08-14 23:00:45,608 [ERROR] LogOutputStream:75 - [STDERR_REDIRECT] [Fatal Error] :1:1: Premature end of file.
2025-08-14 23:00:45,608 [ERROR] LogOutputStream:75 - [STDERR_REDIRECT] 
2025-08-14 23:00:46,606 [ERROR] LogOutputStream:75 - [STDERR_REDIRECT] [Fatal Error] :1:1: Premature end of file.
2025-08-14 23:00:46,606 [ERROR] LogOutputStream:75 - [STDERR_REDIRECT] 
2025-08-14 23:00:47,610 [ERROR] LogOutputStream:75 - [STDERR_REDIRECT] [Fatal Error] :1:1: Premature end of file.
2025-08-14 23:00:47,610 [ERROR] LogOutputStream:75 - [STDERR_REDIRECT] 
2025-08-14 23:00:48,614 [ERROR] LogOutputStream:75 - [STDERR_REDIRECT] [Fatal Error] :1:1: Premature end of file.
2025-08-14 23:00:48,614 [ERROR] LogOutputStream:75 - [STDERR_REDIRECT] 
2025-08-14 23:00:49,608 [ERROR] LogOutputStream:75 - [STDERR_REDIRECT] [Fatal Error] :1:1: Premature end of file.
2025-08-14 23:00:49,608 [ERROR] LogOutputStream:75 - [STDERR_REDIRECT] 
2025-08-14 23:00:50,593 [ERROR] LogOutputStream:75 - [STDERR_REDIRECT] [Fatal Error] :1:1: Premature end of file.
2025-08-14 23:00:50,593 [ERROR] LogOutputStream:75 - [STDERR_REDIRECT] 
2025-08-14 23:00:51,606 [ERROR] LogOutputStream:75 - [STDERR_REDIRECT] [Fatal Error] :1:1: Premature end of file.
2025-08-14 23:00:51,606 [ERROR] LogOutputStream:75 - [STDERR_REDIRECT] 
2025-08-14 23:00:52,593 [ERROR] LogOutputStream:75 - [STDERR_REDIRECT] [Fatal Error] :1:1: Premature end of file.
2025-08-14 23:00:52,593 [ERROR] LogOutputStream:75 - [STDERR_REDIRECT] 
2025-08-14 23:00:53,604 [ERROR] LogOutputStream:75 - [STDERR_REDIRECT] [Fatal Error] :1:1: Premature end of file.
2025-08-14 23:00:53,604 [ERROR] LogOutputStream:75 - [STDERR_REDIRECT] 
2025-08-14 23:00:54,602 [ERROR] LogOutputStream:75 - [STDERR_REDIRECT] [Fatal Error] :1:1: Premature end of file.
2025-08-14 23:00:54,602 [ERROR] LogOutputStream:75 - [STDERR_REDIRECT] 
2025-08-14 23:00:55,602 [ERROR] LogOutputStream:75 - [STDERR_REDIRECT] [Fatal Error] :1:1: Premature end of file.
2025-08-14 23:00:55,602 [ERROR] LogOutputStream:75 - [STDERR_REDIRECT] 
2025-08-14 23:00:56,602 [ERROR] LogOutputStream:75 - [STDERR_REDIRECT] [Fatal Error] :1:1: Premature end of file.
2025-08-14 23:00:56,602 [ERROR] LogOutputStream:75 - [STDERR_REDIRECT] 
2025-08-14 23:00:57,604 [ERROR] LogOutputStream:75 - [STDERR_REDIRECT] [Fatal Error] :1:1: Premature end of file.
2025-08-14 23:00:57,604 [ERROR] LogOutputStream:75 - [STDERR_REDIRECT] 
2025-08-14 23:00:58,612 [ERROR] LogOutputStream:75 - [STDERR_REDIRECT] [Fatal Error] :1:1: Premature end of file.
2025-08-14 23:00:58,612 [ERROR] LogOutputStream:75 - [STDERR_REDIRECT] 
2025-08-14 23:00:59,611 [ERROR] LogOutputStream:75 - [STDERR_REDIRECT] [Fatal Error] :1:1: Premature end of file.
2025-08-14 23:00:59,611 [ERROR] LogOutputStream:75 - [STDERR_REDIRECT] 
2025-08-14 23:01:00,612 [ERROR] LogOutputStream:75 - [STDERR_REDIRECT] [Fatal Error] :1:1: Premature end of file.
2025-08-14 23:01:00,612 [ERROR] LogOutputStream:75 - [STDERR_REDIRECT] 
2025-08-14 23:01:01,600 [ERROR] LogOutputStream:75 - [STDERR_REDIRECT] [Fatal Error] :1:1: Premature end of file.
2025-08-14 23:01:01,600 [ERROR] LogOutputStream:75 - [STDERR_REDIRECT] 
2025-08-14 23:01:02,598 [ERROR] LogOutputStream:75 - [STDERR_REDIRECT] [Fatal Error] :1:1: Premature end of file.
2025-08-14 23:01:02,598 [ERROR] LogOutputStream:75 - [STDERR_REDIRECT] 
2025-08-14 23:01:03,600 [ERROR] LogOutputStream:75 - [STDERR_REDIRECT] [Fatal Error] :1:1: Premature end of file.
2025-08-14 23:01:03,600 [ERROR] LogOutputStream:75 - [STDERR_REDIRECT] 
2025-08-14 23:01:04,607 [ERROR] LogOutputStream:75 - [STDERR_REDIRECT] [Fatal Error] :1:1: Premature end of file.
2025-08-14 23:01:04,607 [ERROR] LogOutputStream:75 - [STDERR_REDIRECT] 
2025-08-14 23:01:05,613 [ERROR] LogOutputStream:75 - [STDERR_REDIRECT] [Fatal Error] :1:1: Premature end of file.
2025-08-14 23:01:05,613 [ERROR] LogOutputStream:75 - [STDERR_REDIRECT] 
2025-08-14 23:01:06,595 [ERROR] LogOutputStream:75 - [STDERR_REDIRECT] [Fatal Error] :1:1: Premature end of file.
2025-08-14 23:01:06,595 [ERROR] LogOutputStream:75 - [STDERR_REDIRECT] 
2025-08-14 23:01:07,609 [ERROR] LogOutputStream:75 - [STDERR_REDIRECT] [Fatal Error] :1:1: Premature end of file.
2025-08-14 23:01:07,609 [ERROR] LogOutputStream:75 - [STDERR_REDIRECT] 
2025-08-14 23:01:08,604 [ERROR] LogOutputStream:75 - [STDERR_REDIRECT] [Fatal Error] :1:1: Premature end of file.
2025-08-14 23:01:08,604 [ERROR] LogOutputStream:75 - [STDERR_REDIRECT] 
2025-08-14 23:01:09,604 [ERROR] LogOutputStream:75 - [STDERR_REDIRECT] [Fatal Error] :1:1: Premature end of file.
2025-08-14 23:01:09,604 [ERROR] LogOutputStream:75 - [STDERR_REDIRECT] 
2025-08-14 23:01:10,598 [ERROR] LogOutputStream:75 - [STDERR_REDIRECT] [Fatal Error] :1:1: Premature end of file.
2025-08-14 23:01:10,598 [ERROR] LogOutputStream:75 - [STDERR_REDIRECT] 
2025-08-14 23:01:11,596 [ERROR] LogOutputStream:75 - [STDERR_REDIRECT] [Fatal Error] :1:1: Premature end of file.
2025-08-14 23:01:11,596 [ERROR] LogOutputStream:75 - [STDERR_REDIRECT] 
2025-08-14 23:01:12,597 [ERROR] LogOutputStream:75 - [STDERR_REDIRECT] [Fatal Error] :1:1: Premature end of file.
2025-08-14 23:01:12,597 [ERROR] LogOutputStream:75 - [STDERR_REDIRECT] 
2025-08-14 23:01:13,600 [ERROR] LogOutputStream:75 - [STDERR_REDIRECT] [Fatal Error] :1:1: Premature end of file.
2025-08-14 23:01:13,600 [ERROR] LogOutputStream:75 - [STDERR_REDIRECT] 
2025-08-14 23:01:14,598 [ERROR] LogOutputStream:75 - [STDERR_REDIRECT] [Fatal Error] :1:1: Premature end of file.
2025-08-14 23:01:14,598 [ERROR] LogOutputStream:75 - [STDERR_REDIRECT] 
2025-08-14 23:01:15,600 [ERROR] LogOutputStream:75 - [STDERR_REDIRECT] [Fatal Error] :1:1: Premature end of file.
2025-08-14 23:01:15,600 [ERROR] LogOutputStream:75 - [STDERR_REDIRECT] 
2025-08-14 23:01:16,602 [ERROR] LogOutputStream:75 - [STDERR_REDIRECT] [Fatal Error] :1:1: Premature end of file.
2025-08-14 23:01:16,602 [ERROR] LogOutputStream:75 - [STDERR_REDIRECT] 
2025-08-14 23:01:17,597 [ERROR] LogOutputStream:75 - [STDERR_REDIRECT] [Fatal Error] :1:1: Premature end of file.
2025-08-14 23:01:17,597 [ERROR] LogOutputStream:75 - [STDERR_REDIRECT] 
2025-08-14 23:01:18,603 [ERROR] LogOutputStream:75 - [STDERR_REDIRECT] [Fatal Error] :1:1: Premature end of file.
2025-08-14 23:01:18,603 [ERROR] LogOutputStream:75 - [STDERR_REDIRECT] 
2025-08-14 23:01:19,602 [ERROR] LogOutputStream:75 - [STDERR_REDIRECT] [Fatal Error] :1:1: Premature end of file.
2025-08-14 23:01:19,602 [ERROR] LogOutputStream:75 - [STDERR_REDIRECT] 
2025-08-14 23:01:20,607 [ERROR] LogOutputStream:75 - [STDERR_REDIRECT] [Fatal Error] :1:1: Premature end of file.
2025-08-14 23:01:20,607 [ERROR] LogOutputStream:75 - [STDERR_REDIRECT] 
2025-08-14 23:01:21,602 [ERROR] LogOutputStream:75 - [STDERR_REDIRECT] [Fatal Error] :1:1: Premature end of file.
2025-08-14 23:01:21,602 [ERROR] LogOutputStream:75 - [STDERR_REDIRECT] 
2025-08-14 23:01:22,602 [ERROR] LogOutputStream:75 - [STDERR_REDIRECT] [Fatal Error] :1:1: Premature end of file.
2025-08-14 23:01:22,602 [ERROR] LogOutputStream:75 - [STDERR_REDIRECT] 
2025-08-14 23:01:23,604 [ERROR] LogOutputStream:75 - [STDERR_REDIRECT] [Fatal Error] :1:1: Premature end of file.
2025-08-14 23:01:23,604 [ERROR] LogOutputStream:75 - [STDERR_REDIRECT] 
2025-08-14 23:01:24,602 [ERROR] LogOutputStream:75 - [STDERR_REDIRECT] [Fatal Error] :1:1: Premature end of file.
2025-08-14 23:01:24,602 [ERROR] LogOutputStream:75 - [STDERR_REDIRECT] 
2025-08-14 23:01:25,604 [ERROR] LogOutputStream:75 - [STDERR_REDIRECT] [Fatal Error] :1:1: Premature end of file.
2025-08-14 23:01:25,604 [ERROR] LogOutputStream:75 - [STDERR_REDIRECT] 
2025-08-14 23:01:26,607 [ERROR] LogOutputStream:75 - [STDERR_REDIRECT] [Fatal Error] :1:1: Premature end of file.
2025-08-14 23:01:26,607 [ERROR] LogOutputStream:75 - [STDERR_REDIRECT] 
2025-08-14 23:01:27,600 [ERROR] LogOutputStream:75 - [STDERR_REDIRECT] [Fatal Error] :1:1: Premature end of file.
2025-08-14 23:01:27,600 [ERROR] LogOutputStream:75 - [STDERR_REDIRECT] 
2025-08-14 23:01:28,604 [ERROR] LogOutputStream:75 - [STDERR_REDIRECT] [Fatal Error] :1:1: Premature end of file.
2025-08-14 23:01:28,604 [ERROR] LogOutputStream:75 - [STDERR_REDIRECT] 
2025-08-14 23:01:29,598 [ERROR] LogOutputStream:75 - [STDERR_REDIRECT] [Fatal Error] :1:1: Premature end of file.
2025-08-14 23:01:29,598 [ERROR] LogOutputStream:75 - [STDERR_REDIRECT] 
2025-08-14 23:01:30,600 [ERROR] LogOutputStream:75 - [STDERR_REDIRECT] [Fatal Error] :1:1: Premature end of file.
2025-08-14 23:01:30,600 [ERROR] LogOutputStream:75 - [STDERR_REDIRECT] 
2025-08-14 23:01:31,608 [ERROR] LogOutputStream:75 - [STDERR_REDIRECT] [Fatal Error] :1:1: Premature end of file.
2025-08-14 23:01:31,608 [ERROR] LogOutputStream:75 - [STDERR_REDIRECT] 
2025-08-14 23:01:32,609 [ERROR] LogOutputStream:75 - [STDERR_REDIRECT] [Fatal Error] :1:1: Premature end of file.
2025-08-14 23:01:32,609 [ERROR] LogOutputStream:75 - [STDERR_REDIRECT] 
2025-08-14 23:01:33,594 [ERROR] LogOutputStream:75 - [STDERR_REDIRECT] [Fatal Error] :1:1: Premature end of file.
2025-08-14 23:01:33,594 [ERROR] LogOutputStream:75 - [STDERR_REDIRECT] 
2025-08-14 23:01:34,597 [ERROR] LogOutputStream:75 - [STDERR_REDIRECT] [Fatal Error] :1:1: Premature end of file.
2025-08-14 23:01:34,597 [ERROR] LogOutputStream:75 - [STDERR_REDIRECT] 
2025-08-14 23:01:35,599 [ERROR] LogOutputStream:75 - [STDERR_REDIRECT] [Fatal Error] :1:1: Premature end of file.
2025-08-14 23:01:35,599 [ERROR] LogOutputStream:75 - [STDERR_REDIRECT] 
2025-08-14 23:01:36,603 [ERROR] LogOutputStream:75 - [STDERR_REDIRECT] [Fatal Error] :1:1: Premature end of file.
2025-08-14 23:01:36,603 [ERROR] LogOutputStream:75 - [STDERR_REDIRECT] 
2025-08-14 23:01:37,603 [ERROR] LogOutputStream:75 - [STDERR_REDIRECT] [Fatal Error] :1:1: Premature end of file.
2025-08-14 23:01:37,603 [ERROR] LogOutputStream:75 - [STDERR_REDIRECT] 
2025-08-14 23:01:38,603 [ERROR] LogOutputStream:75 - [STDERR_REDIRECT] [Fatal Error] :1:1: Premature end of file.
2025-08-14 23:01:38,603 [ERROR] LogOutputStream:75 - [STDERR_REDIRECT] 
2025-08-14 23:01:39,602 [ERROR] LogOutputStream:75 - [STDERR_REDIRECT] [Fatal Error] :1:1: Premature end of file.
2025-08-14 23:01:39,602 [ERROR] LogOutputStream:75 - [STDERR_REDIRECT] 
2025-08-14 23:01:40,603 [ERROR] LogOutputStream:75 - [STDERR_REDIRECT] [Fatal Error] :1:1: Premature end of file.
2025-08-14 23:01:40,603 [ERROR] LogOutputStream:75 - [STDERR_REDIRECT] 
2025-08-14 23:01:41,613 [ERROR] LogOutputStream:75 - [STDERR_REDIRECT] [Fatal Error] :1:1: Premature end of file.
2025-08-14 23:01:41,613 [ERROR] LogOutputStream:75 - [STDERR_REDIRECT] 
2025-08-14 23:01:42,602 [ERROR] LogOutputStream:75 - [STDERR_REDIRECT] [Fatal Error] :1:1: Premature end of file.
2025-08-14 23:01:42,602 [ERROR] LogOutputStream:75 - [STDERR_REDIRECT] 
2025-08-14 23:01:43,602 [ERROR] LogOutputStream:75 - [STDERR_REDIRECT] [Fatal Error] :1:1: Premature end of file.
2025-08-14 23:01:43,602 [ERROR] LogOutputStream:75 - [STDERR_REDIRECT] 
2025-08-14 23:01:44,595 [ERROR] LogOutputStream:75 - [STDERR_REDIRECT] [Fatal Error] :1:1: Premature end of file.
2025-08-14 23:01:44,595 [ERROR] LogOutputStream:75 - [STDERR_REDIRECT] 
2025-08-14 23:01:45,598 [ERROR] LogOutputStream:75 - [STDERR_REDIRECT] [Fatal Error] :1:1: Premature end of file.
2025-08-14 23:01:45,598 [ERROR] LogOutputStream:75 - [STDERR_REDIRECT] 
2025-08-14 23:01:46,599 [ERROR] LogOutputStream:75 - [STDERR_REDIRECT] [Fatal Error] :1:1: Premature end of file.
2025-08-14 23:01:46,599 [ERROR] LogOutputStream:75 - [STDERR_REDIRECT] 
2025-08-14 23:01:47,614 [ERROR] LogOutputStream:75 - [STDERR_REDIRECT] [Fatal Error] :1:1: Premature end of file.
2025-08-14 23:01:47,614 [ERROR] LogOutputStream:75 - [STDERR_REDIRECT] 
2025-08-14 23:01:48,595 [ERROR] LogOutputStream:75 - [STDERR_REDIRECT] [Fatal Error] :1:1: Premature end of file.
2025-08-14 23:01:48,595 [ERROR] LogOutputStream:75 - [STDERR_REDIRECT] 
2025-08-14 23:01:49,599 [ERROR] LogOutputStream:75 - [STDERR_REDIRECT] [Fatal Error] :1:1: Premature end of file.
2025-08-14 23:01:49,599 [ERROR] LogOutputStream:75 - [STDERR_REDIRECT] 
2025-08-14 23:01:50,600 [ERROR] LogOutputStream:75 - [STDERR_REDIRECT] [Fatal Error] :1:1: Premature end of file.
2025-08-14 23:01:50,600 [ERROR] LogOutputStream:75 - [STDERR_REDIRECT] 
2025-08-14 23:01:51,605 [ERROR] LogOutputStream:75 - [STDERR_REDIRECT] [Fatal Error] :1:1: Premature end of file.
2025-08-14 23:01:51,605 [ERROR] LogOutputStream:75 - [STDERR_REDIRECT] 
2025-08-14 23:01:52,602 [ERROR] LogOutputStream:75 - [STDERR_REDIRECT] [Fatal Error] :1:1: Premature end of file.
2025-08-14 23:01:52,602 [ERROR] LogOutputStream:75 - [STDERR_REDIRECT] 
2025-08-14 23:01:53,604 [ERROR] LogOutputStream:75 - [STDERR_REDIRECT] [Fatal Error] :1:1: Premature end of file.
2025-08-14 23:01:53,604 [ERROR] LogOutputStream:75 - [STDERR_REDIRECT] 
2025-08-14 23:01:54,605 [ERROR] LogOutputStream:75 - [STDERR_REDIRECT] [Fatal Error] :1:1: Premature end of file.
2025-08-14 23:01:54,605 [ERROR] LogOutputStream:75 - [STDERR_REDIRECT] 
2025-08-14 23:01:55,615 [ERROR] LogOutputStream:75 - [STDERR_REDIRECT] [Fatal Error] :1:1: Premature end of file.
2025-08-14 23:01:55,615 [ERROR] LogOutputStream:75 - [STDERR_REDIRECT] 
2025-08-14 23:01:56,601 [ERROR] LogOutputStream:75 - [STDERR_REDIRECT] [Fatal Error] :1:1: Premature end of file.
2025-08-14 23:01:56,601 [ERROR] LogOutputStream:75 - [STDERR_REDIRECT] 
2025-08-14 23:01:57,601 [ERROR] LogOutputStream:75 - [STDERR_REDIRECT] [Fatal Error] :1:1: Premature end of file.
2025-08-14 23:01:57,601 [ERROR] LogOutputStream:75 - [STDERR_REDIRECT] 
2025-08-14 23:01:58,603 [ERROR] LogOutputStream:75 - [STDERR_REDIRECT] [Fatal Error] :1:1: Premature end of file.
2025-08-14 23:01:58,603 [ERROR] LogOutputStream:75 - [STDERR_REDIRECT] 
2025-08-14 23:01:59,610 [ERROR] LogOutputStream:75 - [STDERR_REDIRECT] [Fatal Error] :1:1: Premature end of file.
2025-08-14 23:01:59,610 [ERROR] LogOutputStream:75 - [STDERR_REDIRECT] 
2025-08-14 23:02:00,605 [ERROR] LogOutputStream:75 - [STDERR_REDIRECT] [Fatal Error] :1:1: Premature end of file.
2025-08-14 23:02:00,605 [ERROR] LogOutputStream:75 - [STDERR_REDIRECT] 
2025-08-14 23:02:01,609 [ERROR] LogOutputStream:75 - [STDERR_REDIRECT] [Fatal Error] :1:1: Premature end of file.
2025-08-14 23:02:01,609 [ERROR] LogOutputStream:75 - [STDERR_REDIRECT] 
2025-08-14 23:02:02,609 [ERROR] LogOutputStream:75 - [STDERR_REDIRECT] [Fatal Error] :1:1: Premature end of file.
2025-08-14 23:02:02,609 [ERROR] LogOutputStream:75 - [STDERR_REDIRECT] 
2025-08-14 23:02:03,595 [ERROR] LogOutputStream:75 - [STDERR_REDIRECT] [Fatal Error] :1:1: Premature end of file.
2025-08-14 23:02:03,595 [ERROR] LogOutputStream:75 - [STDERR_REDIRECT] 
2025-08-14 23:02:04,599 [ERROR] LogOutputStream:75 - [STDERR_REDIRECT] [Fatal Error] :1:1: Premature end of file.
2025-08-14 23:02:04,599 [ERROR] LogOutputStream:75 - [STDERR_REDIRECT] 
2025-08-14 23:02:05,603 [ERROR] LogOutputStream:75 - [STDERR_REDIRECT] [Fatal Error] :1:1: Premature end of file.
2025-08-14 23:02:05,603 [ERROR] LogOutputStream:75 - [STDERR_REDIRECT] 
2025-08-14 23:02:06,612 [ERROR] LogOutputStream:75 - [STDERR_REDIRECT] [Fatal Error] :1:1: Premature end of file.
2025-08-14 23:02:06,612 [ERROR] LogOutputStream:75 - [STDERR_REDIRECT] 
2025-08-14 23:02:07,599 [ERROR] LogOutputStream:75 - [STDERR_REDIRECT] [Fatal Error] :1:1: Premature end of file.
2025-08-14 23:02:07,599 [ERROR] LogOutputStream:75 - [STDERR_REDIRECT] 
2025-08-14 23:02:08,597 [ERROR] LogOutputStream:75 - [STDERR_REDIRECT] [Fatal Error] :1:1: Premature end of file.
2025-08-14 23:02:08,597 [ERROR] LogOutputStream:75 - [STDERR_REDIRECT] 
2025-08-14 23:02:09,600 [ERROR] LogOutputStream:75 - [STDERR_REDIRECT] [Fatal Error] :1:1: Premature end of file.
2025-08-14 23:02:09,600 [ERROR] LogOutputStream:75 - [STDERR_REDIRECT] 
2025-08-14 23:02:10,598 [ERROR] LogOutputStream:75 - [STDERR_REDIRECT] [Fatal Error] :1:1: Premature end of file.
2025-08-14 23:02:10,598 [ERROR] LogOutputStream:75 - [STDERR_REDIRECT] 
2025-08-14 23:02:11,600 [ERROR] LogOutputStream:75 - [STDERR_REDIRECT] [Fatal Error] :1:1: Premature end of file.
2025-08-14 23:02:11,600 [ERROR] LogOutputStream:75 - [STDERR_REDIRECT] 
2025-08-14 23:02:12,606 [ERROR] LogOutputStream:75 - [STDERR_REDIRECT] [Fatal Error] :1:1: Premature end of file.
2025-08-14 23:02:12,606 [ERROR] LogOutputStream:75 - [STDERR_REDIRECT] 
2025-08-14 23:02:13,604 [ERROR] LogOutputStream:75 - [STDERR_REDIRECT] [Fatal Error] :1:1: Premature end of file.
2025-08-14 23:02:13,604 [ERROR] LogOutputStream:75 - [STDERR_REDIRECT] 
2025-08-14 23:02:14,605 [ERROR] LogOutputStream:75 - [STDERR_REDIRECT] [Fatal Error] :1:1: Premature end of file.
2025-08-14 23:02:14,605 [ERROR] LogOutputStream:75 - [STDERR_REDIRECT] 
2025-08-14 23:02:15,611 [ERROR] LogOutputStream:75 - [STDERR_REDIRECT] [Fatal Error] :1:1: Premature end of file.
2025-08-14 23:02:15,611 [ERROR] LogOutputStream:75 - [STDERR_REDIRECT] 
2025-08-14 23:02:16,602 [ERROR] LogOutputStream:75 - [STDERR_REDIRECT] [Fatal Error] :1:1: Premature end of file.
2025-08-14 23:02:16,602 [ERROR] LogOutputStream:75 - [STDERR_REDIRECT] 
2025-08-14 23:02:17,609 [ERROR] LogOutputStream:75 - [STDERR_REDIRECT] [Fatal Error] :1:1: Premature end of file.
2025-08-14 23:02:17,609 [ERROR] LogOutputStream:75 - [STDERR_REDIRECT] 
2025-08-14 23:02:18,607 [ERROR] LogOutputStream:75 - [STDERR_REDIRECT] [Fatal Error] :1:1: Premature end of file.
2025-08-14 23:02:18,607 [ERROR] LogOutputStream:75 - [STDERR_REDIRECT] 
2025-08-14 23:02:19,600 [ERROR] LogOutputStream:75 - [STDERR_REDIRECT] [Fatal Error] :1:1: Premature end of file.
2025-08-14 23:02:19,600 [ERROR] LogOutputStream:75 - [STDERR_REDIRECT] 
2025-08-14 23:02:20,596 [ERROR] LogOutputStream:75 - [STDERR_REDIRECT] [Fatal Error] :1:1: Premature end of file.
2025-08-14 23:02:20,596 [ERROR] LogOutputStream:75 - [STDERR_REDIRECT] 
2025-08-14 23:02:21,596 [ERROR] LogOutputStream:75 - [STDERR_REDIRECT] [Fatal Error] :1:1: Premature end of file.
2025-08-14 23:02:21,596 [ERROR] LogOutputStream:75 - [STDERR_REDIRECT] 
2025-08-14 23:02:22,597 [ERROR] LogOutputStream:75 - [STDERR_REDIRECT] [Fatal Error] :1:1: Premature end of file.
2025-08-14 23:02:22,597 [ERROR] LogOutputStream:75 - [STDERR_REDIRECT] 
2025-08-14 23:02:23,613 [ERROR] LogOutputStream:75 - [STDERR_REDIRECT] [Fatal Error] :1:1: Premature end of file.
2025-08-14 23:02:23,613 [ERROR] LogOutputStream:75 - [STDERR_REDIRECT] 
2025-08-14 23:02:24,601 [ERROR] LogOutputStream:75 - [STDERR_REDIRECT] [Fatal Error] :1:1: Premature end of file.
2025-08-14 23:02:24,601 [ERROR] LogOutputStream:75 - [STDERR_REDIRECT] 
2025-08-14 23:02:25,596 [ERROR] LogOutputStream:75 - [STDERR_REDIRECT] [Fatal Error] :1:1: Premature end of file.
2025-08-14 23:02:25,596 [ERROR] LogOutputStream:75 - [STDERR_REDIRECT] 
2025-08-14 23:02:26,600 [ERROR] LogOutputStream:75 - [STDERR_REDIRECT] [Fatal Error] :1:1: Premature end of file.
2025-08-14 23:02:26,600 [ERROR] LogOutputStream:75 - [STDERR_REDIRECT] 
2025-08-14 23:02:27,600 [ERROR] LogOutputStream:75 - [STDERR_REDIRECT] [Fatal Error] :1:1: Premature end of file.
2025-08-14 23:02:27,600 [ERROR] LogOutputStream:75 - [STDERR_REDIRECT] 
2025-08-14 23:02:28,612 [ERROR] LogOutputStream:75 - [STDERR_REDIRECT] [Fatal Error] :1:1: Premature end of file.
2025-08-14 23:02:28,612 [ERROR] LogOutputStream:75 - [STDERR_REDIRECT] 
2025-08-14 23:02:29,607 [ERROR] LogOutputStream:75 - [STDERR_REDIRECT] [Fatal Error] :1:1: Premature end of file.
2025-08-14 23:02:29,607 [ERROR] LogOutputStream:75 - [STDERR_REDIRECT] 
2025-08-14 23:02:30,614 [ERROR] LogOutputStream:75 - [STDERR_REDIRECT] [Fatal Error] :1:1: Premature end of file.
2025-08-14 23:02:30,614 [ERROR] LogOutputStream:75 - [STDERR_REDIRECT] 
2025-08-14 23:02:31,593 [ERROR] LogOutputStream:75 - [STDERR_REDIRECT] [Fatal Error] :1:1: Premature end of file.
2025-08-14 23:02:31,593 [ERROR] LogOutputStream:75 - [STDERR_REDIRECT] 
2025-08-14 23:02:32,611 [ERROR] LogOutputStream:75 - [STDERR_REDIRECT] [Fatal Error] :1:1: Premature end of file.
2025-08-14 23:02:32,611 [ERROR] LogOutputStream:75 - [STDERR_REDIRECT] 
2025-08-14 23:02:33,614 [ERROR] LogOutputStream:75 - [STDERR_REDIRECT] [Fatal Error] :1:1: Premature end of file.
2025-08-14 23:02:33,614 [ERROR] LogOutputStream:75 - [STDERR_REDIRECT] 
2025-08-14 23:02:34,607 [ERROR] LogOutputStream:75 - [STDERR_REDIRECT] [Fatal Error] :1:1: Premature end of file.
2025-08-14 23:02:34,607 [ERROR] LogOutputStream:75 - [STDERR_REDIRECT] 
2025-08-14 23:02:35,603 [ERROR] LogOutputStream:75 - [STDERR_REDIRECT] [Fatal Error] :1:1: Premature end of file.
2025-08-14 23:02:35,603 [ERROR] LogOutputStream:75 - [STDERR_REDIRECT] 
2025-08-14 23:02:36,601 [ERROR] LogOutputStream:75 - [STDERR_REDIRECT] [Fatal Error] :1:1: Premature end of file.
2025-08-14 23:02:36,601 [ERROR] LogOutputStream:75 - [STDERR_REDIRECT] 
2025-08-14 23:02:37,606 [ERROR] LogOutputStream:75 - [STDERR_REDIRECT] [Fatal Error] :1:1: Premature end of file.
2025-08-14 23:02:37,606 [ERROR] LogOutputStream:75 - [STDERR_REDIRECT] 
2025-08-14 23:02:38,596 [ERROR] LogOutputStream:75 - [STDERR_REDIRECT] [Fatal Error] :1:1: Premature end of file.
2025-08-14 23:02:38,596 [ERROR] LogOutputStream:75 - [STDERR_REDIRECT] 
2025-08-14 23:02:39,598 [ERROR] LogOutputStream:75 - [STDERR_REDIRECT] [Fatal Error] :1:1: Premature end of file.
2025-08-14 23:02:39,598 [ERROR] LogOutputStream:75 - [STDERR_REDIRECT] 
2025-08-14 23:02:40,598 [ERROR] LogOutputStream:75 - [STDERR_REDIRECT] [Fatal Error] :1:1: Premature end of file.
2025-08-14 23:02:40,598 [ERROR] LogOutputStream:75 - [STDERR_REDIRECT] 
2025-08-14 23:02:41,600 [ERROR] LogOutputStream:75 - [STDERR_REDIRECT] [Fatal Error] :1:1: Premature end of file.
2025-08-14 23:02:41,600 [ERROR] LogOutputStream:75 - [STDERR_REDIRECT] 
2025-08-14 23:02:42,604 [ERROR] LogOutputStream:75 - [STDERR_REDIRECT] [Fatal Error] :1:1: Premature end of file.
2025-08-14 23:02:42,604 [ERROR] LogOutputStream:75 - [STDERR_REDIRECT] 
2025-08-14 23:02:43,607 [ERROR] LogOutputStream:75 - [STDERR_REDIRECT] [Fatal Error] :1:1: Premature end of file.
2025-08-14 23:02:43,607 [ERROR] LogOutputStream:75 - [STDERR_REDIRECT] 
2025-08-14 23:02:44,600 [ERROR] LogOutputStream:75 - [STDERR_REDIRECT] [Fatal Error] :1:1: Premature end of file.
2025-08-14 23:02:44,600 [ERROR] LogOutputStream:75 - [STDERR_REDIRECT] 
2025-08-14 23:02:45,607 [ERROR] LogOutputStream:75 - [STDERR_REDIRECT] [Fatal Error] :1:1: Premature end of file.
2025-08-14 23:02:45,607 [ERROR] LogOutputStream:75 - [STDERR_REDIRECT] 
2025-08-14 23:02:46,598 [ERROR] LogOutputStream:75 - [STDERR_REDIRECT] [Fatal Error] :1:1: Premature end of file.
2025-08-14 23:02:46,598 [ERROR] LogOutputStream:75 - [STDERR_REDIRECT] 
2025-08-14 23:02:47,597 [ERROR] LogOutputStream:75 - [STDERR_REDIRECT] [Fatal Error] :1:1: Premature end of file.
2025-08-14 23:02:47,597 [ERROR] LogOutputStream:75 - [STDERR_REDIRECT] 
2025-08-14 23:02:48,596 [ERROR] LogOutputStream:75 - [STDERR_REDIRECT] [Fatal Error] :1:1: Premature end of file.
2025-08-14 23:02:48,596 [ERROR] LogOutputStream:75 - [STDERR_REDIRECT] 
2025-08-14 23:02:49,600 [ERROR] LogOutputStream:75 - [STDERR_REDIRECT] [Fatal Error] :1:1: Premature end of file.
2025-08-14 23:02:49,600 [ERROR] LogOutputStream:75 - [STDERR_REDIRECT] 
2025-08-14 23:02:50,601 [ERROR] LogOutputStream:75 - [STDERR_REDIRECT] [Fatal Error] :1:1: Premature end of file.
2025-08-14 23:02:50,601 [ERROR] LogOutputStream:75 - [STDERR_REDIRECT] 
2025-08-14 23:02:51,602 [ERROR] LogOutputStream:75 - [STDERR_REDIRECT] [Fatal Error] :1:1: Premature end of file.
2025-08-14 23:02:51,602 [ERROR] LogOutputStream:75 - [STDERR_REDIRECT] 
2025-08-14 23:02:52,605 [ERROR] LogOutputStream:75 - [STDERR_REDIRECT] [Fatal Error] :1:1: Premature end of file.
2025-08-14 23:02:52,605 [ERROR] LogOutputStream:75 - [STDERR_REDIRECT] 
2025-08-14 23:02:53,608 [ERROR] LogOutputStream:75 - [STDERR_REDIRECT] [Fatal Error] :1:1: Premature end of file.
2025-08-14 23:02:53,608 [ERROR] LogOutputStream:75 - [STDERR_REDIRECT] 
2025-08-14 23:02:54,594 [ERROR] LogOutputStream:75 - [STDERR_REDIRECT] [Fatal Error] :1:1: Premature end of file.
2025-08-14 23:02:54,594 [ERROR] LogOutputStream:75 - [STDERR_REDIRECT] 
2025-08-14 23:02:55,606 [ERROR] LogOutputStream:75 - [STDERR_REDIRECT] [Fatal Error] :1:1: Premature end of file.
2025-08-14 23:02:55,606 [ERROR] LogOutputStream:75 - [STDERR_REDIRECT] 
2025-08-14 23:02:56,607 [ERROR] LogOutputStream:75 - [STDERR_REDIRECT] [Fatal Error] :1:1: Premature end of file.
2025-08-14 23:02:56,607 [ERROR] LogOutputStream:75 - [STDERR_REDIRECT] 
2025-08-14 23:02:57,615 [ERROR] LogOutputStream:75 - [STDERR_REDIRECT] [Fatal Error] :1:1: Premature end of file.
2025-08-14 23:02:57,615 [ERROR] LogOutputStream:75 - [STDERR_REDIRECT] 
2025-08-14 23:02:58,599 [ERROR] LogOutputStream:75 - [STDERR_REDIRECT] [Fatal Error] :1:1: Premature end of file.
2025-08-14 23:02:58,599 [ERROR] LogOutputStream:75 - [STDERR_REDIRECT] 
2025-08-14 23:02:59,599 [ERROR] LogOutputStream:75 - [STDERR_REDIRECT] [Fatal Error] :1:1: Premature end of file.
2025-08-14 23:02:59,599 [ERROR] LogOutputStream:75 - [STDERR_REDIRECT] 
2025-08-14 23:03:00,601 [ERROR] LogOutputStream:75 - [STDERR_REDIRECT] [Fatal Error] :1:1: Premature end of file.
2025-08-14 23:03:00,601 [ERROR] LogOutputStream:75 - [STDERR_REDIRECT] 
2025-08-14 23:03:01,609 [ERROR] LogOutputStream:75 - [STDERR_REDIRECT] [Fatal Error] :1:1: Premature end of file.
2025-08-14 23:03:01,609 [ERROR] LogOutputStream:75 - [STDERR_REDIRECT] 
2025-08-14 23:03:02,606 [ERROR] LogOutputStream:75 - [STDERR_REDIRECT] [Fatal Error] :1:1: Premature end of file.
2025-08-14 23:03:02,606 [ERROR] LogOutputStream:75 - [STDERR_REDIRECT] 
2025-08-14 23:03:03,609 [ERROR] LogOutputStream:75 - [STDERR_REDIRECT] [Fatal Error] :1:1: Premature end of file.
2025-08-14 23:03:03,609 [ERROR] LogOutputStream:75 - [STDERR_REDIRECT] 
2025-08-14 23:03:04,611 [ERROR] LogOutputStream:75 - [STDERR_REDIRECT] [Fatal Error] :1:1: Premature end of file.
2025-08-14 23:03:04,611 [ERROR] LogOutputStream:75 - [STDERR_REDIRECT] 
2025-08-14 23:03:05,596 [ERROR] LogOutputStream:75 - [STDERR_REDIRECT] [Fatal Error] :1:1: Premature end of file.
2025-08-14 23:03:05,596 [ERROR] LogOutputStream:75 - [STDERR_REDIRECT] 
2025-08-14 23:03:06,606 [ERROR] LogOutputStream:75 - [STDERR_REDIRECT] [Fatal Error] :1:1: Premature end of file.
2025-08-14 23:03:06,606 [ERROR] LogOutputStream:75 - [STDERR_REDIRECT] 
2025-08-14 23:03:07,594 [ERROR] LogOutputStream:75 - [STDERR_REDIRECT] [Fatal Error] :1:1: Premature end of file.
2025-08-14 23:03:07,594 [ERROR] LogOutputStream:75 - [STDERR_REDIRECT] 
2025-08-14 23:03:08,600 [ERROR] LogOutputStream:75 - [STDERR_REDIRECT] [Fatal Error] :1:1: Premature end of file.
2025-08-14 23:03:08,600 [ERROR] LogOutputStream:75 - [STDERR_REDIRECT] 
2025-08-14 23:03:09,602 [ERROR] LogOutputStream:75 - [STDERR_REDIRECT] [Fatal Error] :1:1: Premature end of file.
2025-08-14 23:03:09,602 [ERROR] LogOutputStream:75 - [STDERR_REDIRECT] 
2025-08-14 23:03:10,609 [ERROR] LogOutputStream:75 - [STDERR_REDIRECT] [Fatal Error] :1:1: Premature end of file.
2025-08-14 23:03:10,609 [ERROR] LogOutputStream:75 - [STDERR_REDIRECT] 
2025-08-14 23:03:11,601 [ERROR] LogOutputStream:75 - [STDERR_REDIRECT] [Fatal Error] :1:1: Premature end of file.
2025-08-14 23:03:11,601 [ERROR] LogOutputStream:75 - [STDERR_REDIRECT] 
2025-08-14 23:03:12,608 [ERROR] LogOutputStream:75 - [STDERR_REDIRECT] [Fatal Error] :1:1: Premature end of file.
2025-08-14 23:03:12,608 [ERROR] LogOutputStream:75 - [STDERR_REDIRECT] 
2025-08-14 23:03:13,602 [ERROR] LogOutputStream:75 - [STDERR_REDIRECT] [Fatal Error] :1:1: Premature end of file.
2025-08-14 23:03:13,602 [ERROR] LogOutputStream:75 - [STDERR_REDIRECT] 
2025-08-14 23:03:14,605 [ERROR] LogOutputStream:75 - [STDERR_REDIRECT] [Fatal Error] :1:1: Premature end of file.
2025-08-14 23:03:14,605 [ERROR] LogOutputStream:75 - [STDERR_REDIRECT] 
2025-08-14 23:03:15,599 [ERROR] LogOutputStream:75 - [STDERR_REDIRECT] [Fatal Error] :1:1: Premature end of file.
2025-08-14 23:03:15,599 [ERROR] LogOutputStream:75 - [STDERR_REDIRECT] 
2025-08-14 23:03:16,600 [ERROR] LogOutputStream:75 - [STDERR_REDIRECT] [Fatal Error] :1:1: Premature end of file.
2025-08-14 23:03:16,600 [ERROR] LogOutputStream:75 - [STDERR_REDIRECT] 
2025-08-14 23:03:17,598 [ERROR] LogOutputStream:75 - [STDERR_REDIRECT] [Fatal Error] :1:1: Premature end of file.
2025-08-14 23:03:17,598 [ERROR] LogOutputStream:75 - [STDERR_REDIRECT] 
2025-08-14 23:03:18,607 [ERROR] LogOutputStream:75 - [STDERR_REDIRECT] [Fatal Error] :1:1: Premature end of file.
2025-08-14 23:03:18,607 [ERROR] LogOutputStream:75 - [STDERR_REDIRECT] 
2025-08-14 23:03:19,598 [ERROR] LogOutputStream:75 - [STDERR_REDIRECT] [Fatal Error] :1:1: Premature end of file.
2025-08-14 23:03:19,598 [ERROR] LogOutputStream:75 - [STDERR_REDIRECT] 
2025-08-14 23:03:20,603 [ERROR] LogOutputStream:75 - [STDERR_REDIRECT] [Fatal Error] :1:1: Premature end of file.
2025-08-14 23:03:20,603 [ERROR] LogOutputStream:75 - [STDERR_REDIRECT] 
2025-08-14 23:03:21,602 [ERROR] LogOutputStream:75 - [STDERR_REDIRECT] [Fatal Error] :1:1: Premature end of file.
2025-08-14 23:03:21,602 [ERROR] LogOutputStream:75 - [STDERR_REDIRECT] 
2025-08-14 23:03:22,605 [ERROR] LogOutputStream:75 - [STDERR_REDIRECT] [Fatal Error] :1:1: Premature end of file.
2025-08-14 23:03:22,605 [ERROR] LogOutputStream:75 - [STDERR_REDIRECT] 
2025-08-14 23:03:23,609 [ERROR] LogOutputStream:75 - [STDERR_REDIRECT] [Fatal Error] :1:1: Premature end of file.
2025-08-14 23:03:23,609 [ERROR] LogOutputStream:75 - [STDERR_REDIRECT] 
2025-08-14 23:03:24,596 [ERROR] LogOutputStream:75 - [STDERR_REDIRECT] [Fatal Error] :1:1: Premature end of file.
2025-08-14 23:03:24,596 [ERROR] LogOutputStream:75 - [STDERR_REDIRECT] 
2025-08-14 23:03:25,613 [ERROR] LogOutputStream:75 - [STDERR_REDIRECT] [Fatal Error] :1:1: Premature end of file.
2025-08-14 23:03:25,613 [ERROR] LogOutputStream:75 - [STDERR_REDIRECT] 
2025-08-14 23:03:26,606 [ERROR] LogOutputStream:75 - [STDERR_REDIRECT] [Fatal Error] :1:1: Premature end of file.
2025-08-14 23:03:26,606 [ERROR] LogOutputStream:75 - [STDERR_REDIRECT] 
2025-08-14 23:03:27,613 [ERROR] LogOutputStream:75 - [STDERR_REDIRECT] [Fatal Error] :1:1: Premature end of file.
2025-08-14 23:03:27,613 [ERROR] LogOutputStream:75 - [STDERR_REDIRECT] 
2025-08-14 23:03:28,604 [ERROR] LogOutputStream:75 - [STDERR_REDIRECT] [Fatal Error] :1:1: Premature end of file.
2025-08-14 23:03:28,604 [ERROR] LogOutputStream:75 - [STDERR_REDIRECT] 
2025-08-14 23:03:29,605 [ERROR] LogOutputStream:75 - [STDERR_REDIRECT] [Fatal Error] :1:1: Premature end of file.
2025-08-14 23:03:29,605 [ERROR] LogOutputStream:75 - [STDERR_REDIRECT] 
2025-08-14 23:03:30,594 [ERROR] LogOutputStream:75 - [STDERR_REDIRECT] [Fatal Error] :1:1: Premature end of file.
2025-08-14 23:03:30,594 [ERROR] LogOutputStream:75 - [STDERR_REDIRECT] 
2025-08-14 23:03:31,607 [ERROR] LogOutputStream:75 - [STDERR_REDIRECT] [Fatal Error] :1:1: Premature end of file.
2025-08-14 23:03:31,607 [ERROR] LogOutputStream:75 - [STDERR_REDIRECT] 
2025-08-14 23:03:32,605 [ERROR] LogOutputStream:75 - [STDERR_REDIRECT] [Fatal Error] :1:1: Premature end of file.
2025-08-14 23:03:32,605 [ERROR] LogOutputStream:75 - [STDERR_REDIRECT] 
2025-08-14 23:03:33,609 [ERROR] LogOutputStream:75 - [STDERR_REDIRECT] [Fatal Error] :1:1: Premature end of file.
2025-08-14 23:03:33,609 [ERROR] LogOutputStream:75 - [STDERR_REDIRECT] 
2025-08-14 23:03:34,606 [ERROR] LogOutputStream:75 - [STDERR_REDIRECT] [Fatal Error] :1:1: Premature end of file.
2025-08-14 23:03:34,606 [ERROR] LogOutputStream:75 - [STDERR_REDIRECT] 
2025-08-14 23:03:35,607 [ERROR] LogOutputStream:75 - [STDERR_REDIRECT] [Fatal Error] :1:1: Premature end of file.
2025-08-14 23:03:35,607 [ERROR] LogOutputStream:75 - [STDERR_REDIRECT] 
2025-08-14 23:03:36,608 [ERROR] LogOutputStream:75 - [STDERR_REDIRECT] [Fatal Error] :1:1: Premature end of file.
2025-08-14 23:03:36,608 [ERROR] LogOutputStream:75 - [STDERR_REDIRECT] 
2025-08-14 23:03:37,594 [ERROR] LogOutputStream:75 - [STDERR_REDIRECT] [Fatal Error] :1:1: Premature end of file.
2025-08-14 23:03:37,594 [ERROR] LogOutputStream:75 - [STDERR_REDIRECT] 
2025-08-14 23:03:38,600 [ERROR] LogOutputStream:75 - [STDERR_REDIRECT] [Fatal Error] :1:1: Premature end of file.
2025-08-14 23:03:38,600 [ERROR] LogOutputStream:75 - [STDERR_REDIRECT] 
2025-08-14 23:03:39,596 [ERROR] LogOutputStream:75 - [STDERR_REDIRECT] [Fatal Error] :1:1: Premature end of file.
2025-08-14 23:03:39,596 [ERROR] LogOutputStream:75 - [STDERR_REDIRECT] 
2025-08-14 23:03:40,602 [ERROR] LogOutputStream:75 - [STDERR_REDIRECT] [Fatal Error] :1:1: Premature end of file.
2025-08-14 23:03:40,602 [ERROR] LogOutputStream:75 - [STDERR_REDIRECT] 
2025-08-14 23:03:41,595 [ERROR] LogOutputStream:75 - [STDERR_REDIRECT] [Fatal Error] :1:1: Premature end of file.
2025-08-14 23:03:41,595 [ERROR] LogOutputStream:75 - [STDERR_REDIRECT] 
2025-08-14 23:03:42,593 [ERROR] LogOutputStream:75 - [STDERR_REDIRECT] [Fatal Error] :1:1: Premature end of file.
2025-08-14 23:03:42,593 [ERROR] LogOutputStream:75 - [STDERR_REDIRECT] 
2025-08-14 23:03:43,608 [ERROR] LogOutputStream:75 - [STDERR_REDIRECT] [Fatal Error] :1:1: Premature end of file.
2025-08-14 23:03:43,608 [ERROR] LogOutputStream:75 - [STDERR_REDIRECT] 
2025-08-14 23:03:44,609 [ERROR] LogOutputStream:75 - [STDERR_REDIRECT] [Fatal Error] :1:1: Premature end of file.
2025-08-14 23:03:44,609 [ERROR] LogOutputStream:75 - [STDERR_REDIRECT] 
2025-08-14 23:03:45,603 [ERROR] LogOutputStream:75 - [STDERR_REDIRECT] [Fatal Error] :1:1: Premature end of file.
2025-08-14 23:03:45,603 [ERROR] LogOutputStream:75 - [STDERR_REDIRECT] 
2025-08-14 23:03:46,603 [ERROR] LogOutputStream:75 - [STDERR_REDIRECT] [Fatal Error] :1:1: Premature end of file.
2025-08-14 23:03:46,603 [ERROR] LogOutputStream:75 - [STDERR_REDIRECT] 
2025-08-14 23:03:47,598 [ERROR] LogOutputStream:75 - [STDERR_REDIRECT] [Fatal Error] :1:1: Premature end of file.
2025-08-14 23:03:47,598 [ERROR] LogOutputStream:75 - [STDERR_REDIRECT] 
2025-08-14 23:03:48,593 [ERROR] LogOutputStream:75 - [STDERR_REDIRECT] [Fatal Error] :1:1: Premature end of file.
2025-08-14 23:03:48,593 [ERROR] LogOutputStream:75 - [STDERR_REDIRECT] 
2025-08-14 23:03:49,593 [ERROR] LogOutputStream:75 - [STDERR_REDIRECT] [Fatal Error] :1:1: Premature end of file.
2025-08-14 23:03:49,593 [ERROR] LogOutputStream:75 - [STDERR_REDIRECT] 
2025-08-14 23:03:50,593 [ERROR] LogOutputStream:75 - [STDERR_REDIRECT] [Fatal Error] :1:1: Premature end of file.
2025-08-14 23:03:50,593 [ERROR] LogOutputStream:75 - [STDERR_REDIRECT] 
2025-08-14 23:03:51,601 [ERROR] LogOutputStream:75 - [STDERR_REDIRECT] [Fatal Error] :1:1: Premature end of file.
2025-08-14 23:03:51,601 [ERROR] LogOutputStream:75 - [STDERR_REDIRECT] 
2025-08-14 23:03:52,606 [ERROR] LogOutputStream:75 - [STDERR_REDIRECT] [Fatal Error] :1:1: Premature end of file.
2025-08-14 23:03:52,606 [ERROR] LogOutputStream:75 - [STDERR_REDIRECT] 
2025-08-14 23:03:53,599 [ERROR] LogOutputStream:75 - [STDERR_REDIRECT] [Fatal Error] :1:1: Premature end of file.
2025-08-14 23:03:53,599 [ERROR] LogOutputStream:75 - [STDERR_REDIRECT] 
2025-08-14 23:03:54,607 [ERROR] LogOutputStream:75 - [STDERR_REDIRECT] [Fatal Error] :1:1: Premature end of file.
2025-08-14 23:03:54,607 [ERROR] LogOutputStream:75 - [STDERR_REDIRECT] 
2025-08-14 23:03:55,608 [ERROR] LogOutputStream:75 - [STDERR_REDIRECT] [Fatal Error] :1:1: Premature end of file.
2025-08-14 23:03:55,608 [ERROR] LogOutputStream:75 - [STDERR_REDIRECT] 
2025-08-14 23:03:56,603 [ERROR] LogOutputStream:75 - [STDERR_REDIRECT] [Fatal Error] :1:1: Premature end of file.
2025-08-14 23:03:56,603 [ERROR] LogOutputStream:75 - [STDERR_REDIRECT] 
2025-08-14 23:03:57,607 [ERROR] LogOutputStream:75 - [STDERR_REDIRECT] [Fatal Error] :1:1: Premature end of file.
2025-08-14 23:03:57,607 [ERROR] LogOutputStream:75 - [STDERR_REDIRECT] 
2025-08-14 23:03:58,595 [ERROR] LogOutputStream:75 - [STDERR_REDIRECT] [Fatal Error] :1:1: Premature end of file.
2025-08-14 23:03:58,595 [ERROR] LogOutputStream:75 - [STDERR_REDIRECT] 
2025-08-14 23:03:59,596 [ERROR] LogOutputStream:75 - [STDERR_REDIRECT] [Fatal Error] :1:1: Premature end of file.
2025-08-14 23:03:59,596 [ERROR] LogOutputStream:75 - [STDERR_REDIRECT] 
2025-08-14 23:04:00,613 [ERROR] LogOutputStream:75 - [STDERR_REDIRECT] [Fatal Error] :1:1: Premature end of file.
2025-08-14 23:04:00,613 [ERROR] LogOutputStream:75 - [STDERR_REDIRECT] 
2025-08-14 23:04:01,599 [ERROR] LogOutputStream:75 - [STDERR_REDIRECT] [Fatal Error] :1:1: Premature end of file.
2025-08-14 23:04:01,599 [ERROR] LogOutputStream:75 - [STDERR_REDIRECT] 
2025-08-14 23:04:02,603 [ERROR] LogOutputStream:75 - [STDERR_REDIRECT] [Fatal Error] :1:1: Premature end of file.
2025-08-14 23:04:02,603 [ERROR] LogOutputStream:75 - [STDERR_REDIRECT] 
2025-08-14 23:04:03,610 [ERROR] LogOutputStream:75 - [STDERR_REDIRECT] [Fatal Error] :1:1: Premature end of file.
2025-08-14 23:04:03,610 [ERROR] LogOutputStream:75 - [STDERR_REDIRECT] 
2025-08-14 23:04:04,623 [ERROR] LogOutputStream:75 - [STDERR_REDIRECT] [Fatal Error] :1:1: Premature end of file.
2025-08-14 23:04:04,623 [ERROR] LogOutputStream:75 - [STDERR_REDIRECT] 
2025-08-14 23:04:05,600 [ERROR] LogOutputStream:75 - [STDERR_REDIRECT] [Fatal Error] :1:1: Premature end of file.
2025-08-14 23:04:05,600 [ERROR] LogOutputStream:75 - [STDERR_REDIRECT] 
2025-08-14 23:04:06,597 [ERROR] LogOutputStream:75 - [STDERR_REDIRECT] [Fatal Error] :1:1: Premature end of file.
2025-08-14 23:04:06,597 [ERROR] LogOutputStream:75 - [STDERR_REDIRECT] 
2025-08-14 23:04:07,598 [ERROR] LogOutputStream:75 - [STDERR_REDIRECT] [Fatal Error] :1:1: Premature end of file.
2025-08-14 23:04:07,598 [ERROR] LogOutputStream:75 - [STDERR_REDIRECT] 
2025-08-14 23:04:07,732 [ERROR] ConfigurationRetriever:142 - IOException on connection: sw-center.st.com
2025-08-14 23:04:07,742 [ERROR] ConfigurationRetriever:142 - IOException on connection: sw-center.st.com
2025-08-14 23:04:07,742 [ERROR] ConfigurationRetriever:142 - IOException on connection: sw-center.st.com
2025-08-14 23:04:08,573 [ERROR] LogOutputStream:75 - [STDERR_REDIRECT] 
2025-08-14 23:04:08,573 [ERROR] LogOutputStream:75 - [STDERR_REDIRECT] 
