2025-08-15 21:51:18,413 [INFO] Activator:176 - 


2025-08-15 21:51:18,413 [INFO] Activator:177 - !SESSION log4j initialized
2025-08-15 21:51:22,599 [INFO] LogOutputStream:77 - [STDOUT_REDIRECT] 
2025-08-15 21:51:22,908 [ERROR] ConfigurationRetriever:142 - IOException on connection: sw-center.st.com
2025-08-15 21:51:22,909 [ERROR] ConfigurationRetriever:142 - IOException on connection: sw-center.st.com
2025-08-15 21:51:22,910 [ERROR] ConfigurationRetriever:142 - IOException on connection: sw-center.st.com
2025-08-15 21:51:23,523 [INFO] ApplicationProperties:184 - Using Application install path: C:\ST\STM32CubeIDE_1.19.0\STM32CubeIDE\plugins\com.st.stm32cube.common.mx_6.15.0.202507011659
2025-08-15 21:51:23,542 [INFO] DbMcusXml:78 - Set database path to: C:\ST\STM32CubeIDE_1.19.0\STM32CubeIDE\plugins\com.st.stm32cube.common.mx_6.15.0.202507011659\\db\/mcu/
2025-08-15 21:51:23,543 [INFO] ApiDb:274 - Set plugin database path to: C:\ST\STM32CubeIDE_1.19.0\STM32CubeIDE\plugins\com.st.stm32cube.common.mx_6.15.0.202507011659\\db\/plugins/boardmanager/
2025-08-15 21:51:23,543 [WARN] ApiDb:259 - Overriding images path with different value:  => C:\ST\STM32CubeIDE_1.19.0\STM32CubeIDE\plugins\com.st.stm32cube.common.mx_6.15.0.202507011659\\db\/plugins/mcufinder/images/
2025-08-15 21:51:23,553 [INFO] ApiDb:250 - Set database path to: C:\Users\Harshil\.stmcufinder\plugins\mcufinder//mcu/
2025-08-15 21:51:23,554 [INFO] DbMcusAds:125 - Set database path to: C:\Users\Harshil\.stmcufinder\plugins\mcufinder//mcu/
2025-08-15 21:51:23,556 [INFO] CrossReferenceDbSqlite:203 - Set database path to: C:\Users\Harshil\.stmcufinder\plugins\mcufinder//mcu/cs/
2025-08-15 21:51:23,658 [INFO] RulesReader:64 - Compatibility file has been processed (317 Rules)
2025-08-15 21:51:23,733 [INFO] DbMcusXml:78 - Set database path to: C:\ST\STM32CubeIDE_1.19.0\STM32CubeIDE\plugins\com.st.stm32cube.common.mx_6.15.0.202507011659\\db\/mcu/
2025-08-15 21:51:23,733 [INFO] ApiDb:274 - Set plugin database path to: C:\ST\STM32CubeIDE_1.19.0\STM32CubeIDE\plugins\com.st.stm32cube.common.mx_6.15.0.202507011659\\db\/plugins/boardmanager/
2025-08-15 21:51:23,733 [INFO] ApiDb:261 - Set plugin images path to: C:\ST\STM32CubeIDE_1.19.0\STM32CubeIDE\plugins\com.st.stm32cube.common.mx_6.15.0.202507011659\\db\/plugins/mcufinder/images/
2025-08-15 21:51:23,733 [WARN] DbFile:41 - Overriding database path with different value: C:\Users\Harshil\.stmcufinder\plugins\mcufinder/ => C:\Users\Harshil\.stmcufinder\plugins\mcufinder
2025-08-15 21:51:23,733 [INFO] ApiDb:250 - Set database path to: C:\Users\Harshil\.stmcufinder\plugins\mcufinder//mcu/
2025-08-15 21:51:23,733 [WARN] DbFile:41 - Overriding database path with different value: C:\Users\Harshil\.stmcufinder\plugins\mcufinder/ => C:\Users\Harshil\.stmcufinder\plugins\mcufinder
2025-08-15 21:51:23,734 [INFO] DbMcusAds:125 - Set database path to: C:\Users\Harshil\.stmcufinder\plugins\mcufinder//mcu/
2025-08-15 21:51:23,734 [WARN] DbFile:41 - Overriding database path with different value: C:\Users\Harshil\.stmcufinder\plugins\mcufinder/ => C:\Users\Harshil\.stmcufinder\plugins\mcufinder
2025-08-15 21:51:23,734 [WARN] DbFile:41 - Overriding database path with different value: C:\Users\Harshil\.stmcufinder\plugins\mcufinder/ => C:\Users\Harshil\.stmcufinder\plugins\mcufinder
2025-08-15 21:51:23,734 [INFO] CrossReferenceDbSqlite:203 - Set database path to: C:\Users\Harshil\.stmcufinder\plugins\mcufinder//mcu/cs/
2025-08-15 21:51:23,804 [INFO] MainPanel:274 - HeapMemory: 268435456
2025-08-15 21:51:23,964 [INFO] DbMcusXml:78 - Set database path to: C:\ST\STM32CubeIDE_1.19.0\STM32CubeIDE\plugins\com.st.stm32cube.common.mx_6.15.0.202507011659\\db\/mcu/
2025-08-15 21:51:23,964 [INFO] ApiDb:274 - Set plugin database path to: C:\ST\STM32CubeIDE_1.19.0\STM32CubeIDE\plugins\com.st.stm32cube.common.mx_6.15.0.202507011659\\db\/plugins/boardmanager/
2025-08-15 21:51:23,964 [INFO] ApiDb:261 - Set plugin images path to: C:\ST\STM32CubeIDE_1.19.0\STM32CubeIDE\plugins\com.st.stm32cube.common.mx_6.15.0.202507011659\\db\/plugins/mcufinder/images/
2025-08-15 21:51:23,965 [WARN] DbFile:41 - Overriding database path with different value: C:\Users\Harshil\.stmcufinder\plugins\mcufinder/ => C:\Users\Harshil\.stmcufinder\plugins\mcufinder
2025-08-15 21:51:23,965 [INFO] ApiDb:250 - Set database path to: C:\Users\Harshil\.stmcufinder\plugins\mcufinder//mcu/
2025-08-15 21:51:23,965 [WARN] DbFile:41 - Overriding database path with different value: C:\Users\Harshil\.stmcufinder\plugins\mcufinder/ => C:\Users\Harshil\.stmcufinder\plugins\mcufinder
2025-08-15 21:51:23,965 [INFO] DbMcusAds:125 - Set database path to: C:\Users\Harshil\.stmcufinder\plugins\mcufinder//mcu/
2025-08-15 21:51:23,965 [WARN] DbFile:41 - Overriding database path with different value: C:\Users\Harshil\.stmcufinder\plugins\mcufinder/ => C:\Users\Harshil\.stmcufinder\plugins\mcufinder
2025-08-15 21:51:23,965 [WARN] DbFile:41 - Overriding database path with different value: C:\Users\Harshil\.stmcufinder\plugins\mcufinder/ => C:\Users\Harshil\.stmcufinder\plugins\mcufinder
2025-08-15 21:51:23,965 [INFO] CrossReferenceDbSqlite:203 - Set database path to: C:\Users\Harshil\.stmcufinder\plugins\mcufinder//mcu/cs/
2025-08-15 21:51:23,989 [INFO] ApplicationProperties:184 - Using Application install path: C:\ST\STM32CubeIDE_1.19.0\STM32CubeIDE\plugins\com.st.stm32cube.common.mx_6.15.0.202507011659
2025-08-15 21:51:23,993 [INFO] PluginManage:196 - Search for loadable plugins [exclusion list=, ]
2025-08-15 21:51:23,995 [INFO] PluginManage:310 - Check plugin analytics
2025-08-15 21:51:24,200 [INFO] AnalyticsPlugin:253 - Accepted Software Licenses: 
2025-08-15 21:51:24,200 [INFO] AnalyticsPlugin:255 - Accepted CMSIS Pack Licenses: 
2025-08-15 21:51:24,200 [INFO] AnalyticsPlugin:257 - Accepted Firmware Licenses: 
2025-08-15 21:51:24,202 [INFO] PluginManage:359 - Loaded plugin analytics (category:tool,tabindex:-1)
2025-08-15 21:51:24,203 [INFO] PluginManage:310 - Check plugin cadmodel
2025-08-15 21:51:24,204 [ERROR] ConfigurationRetriever:142 - IOException on connection: sw-center.st.com
2025-08-15 21:51:24,204 [ERROR] ConfigurationRetriever:142 - IOException on connection: sw-center.st.com
2025-08-15 21:51:24,205 [ERROR] ConfigurationRetriever:142 - IOException on connection: sw-center.st.com
2025-08-15 21:51:24,212 [INFO] CADModel:105 - Init CAD model plugin
2025-08-15 21:51:24,212 [INFO] PluginManage:359 - Loaded plugin cadmodel (category:power,tabindex:5)
2025-08-15 21:51:24,212 [INFO] PluginManage:310 - Check plugin clock
2025-08-15 21:51:24,222 [INFO] PluginManage:359 - Loaded plugin clock (category:base,tabindex:2)
2025-08-15 21:51:24,222 [INFO] PluginManage:310 - Check plugin ddr
2025-08-15 21:51:24,225 [INFO] PluginManage:359 - Loaded plugin ddr (category:tool,tabindex:6)
2025-08-15 21:51:24,225 [INFO] PluginManage:310 - Check plugin filemanager
2025-08-15 21:51:24,275 [ERROR] ConfigurationRetriever:142 - IOException on connection: sw-center.st.com
2025-08-15 21:51:24,276 [ERROR] ConfigurationRetriever:142 - IOException on connection: sw-center.st.com
2025-08-15 21:51:24,277 [ERROR] ConfigurationRetriever:142 - IOException on connection: sw-center.st.com
2025-08-15 21:51:24,375 [INFO] PluginManage:359 - Loaded plugin filemanager (category:base,tabindex:10)
2025-08-15 21:51:24,375 [INFO] PluginManage:310 - Check plugin ipmanager
2025-08-15 21:51:24,380 [INFO] PluginManage:359 - Loaded plugin ipmanager (category:base,tabindex:5)
2025-08-15 21:51:24,380 [INFO] PluginManage:310 - Check plugin lpbam
2025-08-15 21:51:24,391 [INFO] PluginManage:359 - Loaded plugin lpbam (category:base,tabindex:0)
2025-08-15 21:51:24,391 [INFO] PluginManage:310 - Check plugin memorymap
2025-08-15 21:51:24,406 [INFO] PluginManage:359 - Loaded plugin memorymap (category:base,tabindex:4)
2025-08-15 21:51:24,407 [INFO] PluginManage:310 - Check plugin pinoutandconfiguration
2025-08-15 21:51:24,416 [INFO] PluginManage:359 - Loaded plugin pinoutandconfiguration (category:base,tabindex:1)
2025-08-15 21:51:24,416 [INFO] PluginManage:310 - Check plugin pinoutconfig
2025-08-15 21:51:24,500 [WARN] SupportedApi:132 - Cannot load RTOS API schema: s4s-elt-must-match.1: The content of 'definitions' must match (annotation?, (simpleType | complexType)?, (unique | key | keyref)*)). A problem was found starting at: attribute.
2025-08-15 21:51:24,628 [INFO] PluginManage:359 - Loaded plugin pinoutconfig (category:base,tabindex:0)
2025-08-15 21:51:24,628 [INFO] PluginManage:310 - Check plugin power
2025-08-15 21:51:24,639 [INFO] PluginManage:359 - Loaded plugin power (category:power,tabindex:4)
2025-08-15 21:51:24,639 [INFO] PluginManage:310 - Check plugin projectmanager
2025-08-15 21:51:24,654 [INFO] PluginManage:359 - Loaded plugin projectmanager (category:projectmanager,tabindex:4)
2025-08-15 21:51:24,654 [INFO] PluginManage:310 - Check plugin rif
2025-08-15 21:51:24,662 [INFO] PluginManage:359 - Loaded plugin rif (category:base,tabindex:3)
2025-08-15 21:51:24,663 [INFO] PluginManage:310 - Check plugin thirdparty
2025-08-15 21:51:24,775 [INFO] PluginManage:359 - Loaded plugin thirdparty (category:base,tabindex:-1)
2025-08-15 21:51:24,775 [WARN] IntegrityCheckThread:84 - waiting for thirdparty lock release [integrity check]
2025-08-15 21:51:24,776 [INFO] PluginManage:310 - Check plugin tools
2025-08-15 21:51:24,776 [INFO] IntegrityCheckThread:86 - entering critical section [integrity check]
2025-08-15 21:51:24,776 [INFO] ThirdPartyUpdaterWithRetryManager:70 - Updater plugin not ready yet. [1/15]
2025-08-15 21:51:24,779 [INFO] PluginManage:359 - Loaded plugin tools (category:base,tabindex:7)
2025-08-15 21:51:24,779 [INFO] PluginManage:310 - Check plugin tutovideos
2025-08-15 21:51:24,966 [INFO] PluginManage:359 - Loaded plugin tutovideos (category:base,tabindex:-1)
2025-08-15 21:51:24,966 [INFO] PluginManage:310 - Check plugin updater
2025-08-15 21:51:24,986 [INFO] PluginManage:359 - Loaded plugin updater (category:base,tabindex:12)
2025-08-15 21:51:24,986 [INFO] PluginManage:310 - Check plugin userauth
2025-08-15 21:51:24,990 [INFO] UserAuth:118 - Init User Auth plugin
2025-08-15 21:51:24,991 [INFO] PluginManage:359 - Loaded plugin userauth (category:base,tabindex:14)
2025-08-15 21:51:24,991 [INFO] PluginManage:283 - PluginManage : Loaded plugins [18]
2025-08-15 21:51:25,197 [INFO] PinOutPanel:1589 - setPackage(No Configuration,No Configuration)
2025-08-15 21:51:25,281 [INFO] CADModel:165 - CPN selected for project level
2025-08-15 21:51:25,282 [INFO] CADModel:114 - Register for checkConnection events
2025-08-15 21:51:25,303 [INFO] IPUIPlugin:80 - create IPUIPlugin
2025-08-15 21:51:25,303 [INFO] PluginManager:220 - loadIPPluginJar : add adc
2025-08-15 21:51:25,306 [INFO] IPUIPlugin:80 - create IPUIPlugin
2025-08-15 21:51:25,306 [INFO] PluginManager:220 - loadIPPluginJar : add aes
2025-08-15 21:51:25,310 [INFO] IPUIPlugin:80 - create IPUIPlugin
2025-08-15 21:51:25,310 [INFO] PluginManager:220 - loadIPPluginJar : add can
2025-08-15 21:51:25,312 [INFO] IPUIPlugin:80 - create IPUIPlugin
2025-08-15 21:51:25,312 [INFO] PluginManager:220 - loadIPPluginJar : add comp
2025-08-15 21:51:25,315 [INFO] IPUIPlugin:80 - create IPUIPlugin
2025-08-15 21:51:25,315 [INFO] PluginManager:220 - loadIPPluginJar : add cryp
2025-08-15 21:51:25,318 [INFO] IPUIPlugin:80 - create IPUIPlugin
2025-08-15 21:51:25,318 [INFO] PluginManager:220 - loadIPPluginJar : add ddr_ctrl_phy
2025-08-15 21:51:25,321 [INFO] IPUIPlugin:80 - create IPUIPlugin
2025-08-15 21:51:25,321 [INFO] PluginManager:220 - loadIPPluginJar : add dfsdm
2025-08-15 21:51:25,326 [INFO] IPUIPlugin:80 - create IPUIPlugin
2025-08-15 21:51:25,326 [INFO] PluginManager:220 - loadIPPluginJar : add dma
2025-08-15 21:51:25,329 [INFO] IPUIPlugin:80 - create IPUIPlugin
2025-08-15 21:51:25,329 [INFO] PluginManager:220 - loadIPPluginJar : add dma3
2025-08-15 21:51:25,333 [INFO] IPUIPlugin:80 - create IPUIPlugin
2025-08-15 21:51:25,333 [INFO] PluginManager:220 - loadIPPluginJar : add extmemmanager
2025-08-15 21:51:25,335 [INFO] IPUIPlugin:80 - create IPUIPlugin
2025-08-15 21:51:25,335 [INFO] PluginManager:220 - loadIPPluginJar : add fatfs
2025-08-15 21:51:25,339 [INFO] IPUIPlugin:80 - create IPUIPlugin
2025-08-15 21:51:25,339 [INFO] PluginManager:220 - loadIPPluginJar : add fmc
2025-08-15 21:51:25,345 [INFO] IPUIPlugin:80 - create IPUIPlugin
2025-08-15 21:51:25,345 [INFO] PluginManager:220 - loadIPPluginJar : add freertos
2025-08-15 21:51:25,346 [INFO] IPUIPlugin:80 - create IPUIPlugin
2025-08-15 21:51:25,346 [INFO] PluginManager:220 - loadIPPluginJar : add genericplugin
2025-08-15 21:51:25,348 [INFO] IPUIPlugin:80 - create IPUIPlugin
2025-08-15 21:51:25,348 [INFO] PluginManager:220 - loadIPPluginJar : add gfxmmu
2025-08-15 21:51:25,352 [INFO] IPUIPlugin:80 - create IPUIPlugin
2025-08-15 21:51:25,352 [INFO] PluginManager:220 - loadIPPluginJar : add gic
2025-08-15 21:51:25,356 [INFO] IPUIPlugin:80 - create IPUIPlugin
2025-08-15 21:51:25,356 [INFO] PluginManager:220 - loadIPPluginJar : add gpio
2025-08-15 21:51:25,358 [INFO] IPUIPlugin:80 - create IPUIPlugin
2025-08-15 21:51:25,359 [INFO] PluginManager:220 - loadIPPluginJar : add gtzc
2025-08-15 21:51:25,362 [INFO] IPUIPlugin:80 - create IPUIPlugin
2025-08-15 21:51:25,362 [INFO] PluginManager:220 - loadIPPluginJar : add hash
2025-08-15 21:51:25,364 [INFO] IPUIPlugin:80 - create IPUIPlugin
2025-08-15 21:51:25,364 [INFO] PluginManager:220 - loadIPPluginJar : add i2c
2025-08-15 21:51:25,365 [INFO] IPUIPlugin:80 - create IPUIPlugin
2025-08-15 21:51:25,366 [INFO] PluginManager:220 - loadIPPluginJar : add i2s
2025-08-15 21:51:25,368 [INFO] IPUIPlugin:80 - create IPUIPlugin
2025-08-15 21:51:25,368 [INFO] PluginManager:220 - loadIPPluginJar : add i3c
2025-08-15 21:51:25,370 [INFO] IPUIPlugin:80 - create IPUIPlugin
2025-08-15 21:51:25,370 [INFO] PluginManager:220 - loadIPPluginJar : add ipddr
2025-08-15 21:51:25,377 [INFO] IPUIPlugin:80 - create IPUIPlugin
2025-08-15 21:51:25,377 [INFO] PluginManager:220 - loadIPPluginJar : add linkedlist
2025-08-15 21:51:25,379 [INFO] IPUIPlugin:80 - create IPUIPlugin
2025-08-15 21:51:25,379 [INFO] PluginManager:220 - loadIPPluginJar : add lorawan
2025-08-15 21:51:25,381 [INFO] IPUIPlugin:80 - create IPUIPlugin
2025-08-15 21:51:25,381 [INFO] PluginManager:220 - loadIPPluginJar : add ltdc
2025-08-15 21:51:25,386 [INFO] IPUIPlugin:80 - create IPUIPlugin
2025-08-15 21:51:25,387 [INFO] PluginManager:220 - loadIPPluginJar : add mdma
2025-08-15 21:51:25,391 [INFO] IPUIPlugin:80 - create IPUIPlugin
2025-08-15 21:51:25,391 [INFO] PluginManager:220 - loadIPPluginJar : add nvic
2025-08-15 21:51:25,394 [INFO] IPUIPlugin:80 - create IPUIPlugin
2025-08-15 21:51:25,394 [INFO] PluginManager:220 - loadIPPluginJar : add opamp
2025-08-15 21:51:25,397 [INFO] IPUIPlugin:80 - create IPUIPlugin
2025-08-15 21:51:25,397 [INFO] PluginManager:220 - loadIPPluginJar : add openamp
2025-08-15 21:51:25,399 [INFO] IPUIPlugin:80 - create IPUIPlugin
2025-08-15 21:51:25,399 [INFO] PluginManager:220 - loadIPPluginJar : add pdm2pcm
2025-08-15 21:51:25,405 [INFO] IPUIPlugin:80 - create IPUIPlugin
2025-08-15 21:51:25,407 [INFO] PluginManager:220 - loadIPPluginJar : add plateformsettings
2025-08-15 21:51:25,409 [INFO] IPUIPlugin:80 - create IPUIPlugin
2025-08-15 21:51:25,409 [INFO] PluginManager:220 - loadIPPluginJar : add quadspi
2025-08-15 21:51:25,411 [INFO] IPUIPlugin:80 - create IPUIPlugin
2025-08-15 21:51:25,411 [INFO] PluginManager:220 - loadIPPluginJar : add radio
2025-08-15 21:51:25,415 [INFO] IPUIPlugin:80 - create IPUIPlugin
2025-08-15 21:51:25,415 [INFO] PluginManager:220 - loadIPPluginJar : add resmgrutility
2025-08-15 21:51:25,420 [INFO] IPUIPlugin:80 - create IPUIPlugin
2025-08-15 21:51:25,420 [INFO] PluginManager:220 - loadIPPluginJar : add sai
2025-08-15 21:51:25,423 [INFO] IPUIPlugin:80 - create IPUIPlugin
2025-08-15 21:51:25,423 [INFO] PluginManager:220 - loadIPPluginJar : add spi
2025-08-15 21:51:25,428 [INFO] IPUIPlugin:80 - create IPUIPlugin
2025-08-15 21:51:25,428 [INFO] PluginManager:220 - loadIPPluginJar : add stm32_wpan
2025-08-15 21:51:25,430 [INFO] IPUIPlugin:80 - create IPUIPlugin
2025-08-15 21:51:25,431 [INFO] PluginManager:220 - loadIPPluginJar : add tim
2025-08-15 21:51:25,434 [INFO] IPUIPlugin:80 - create IPUIPlugin
2025-08-15 21:51:25,434 [INFO] PluginManager:220 - loadIPPluginJar : add touchsensing
2025-08-15 21:51:25,436 [INFO] IPUIPlugin:80 - create IPUIPlugin
2025-08-15 21:51:25,436 [INFO] PluginManager:220 - loadIPPluginJar : add tracer_emb
2025-08-15 21:51:25,438 [INFO] IPUIPlugin:80 - create IPUIPlugin
2025-08-15 21:51:25,438 [INFO] PluginManager:220 - loadIPPluginJar : add ts
2025-08-15 21:51:25,440 [INFO] IPUIPlugin:80 - create IPUIPlugin
2025-08-15 21:51:25,440 [INFO] PluginManager:220 - loadIPPluginJar : add tsc
2025-08-15 21:51:25,442 [INFO] IPUIPlugin:80 - create IPUIPlugin
2025-08-15 21:51:25,442 [INFO] PluginManager:220 - loadIPPluginJar : add ucpd
2025-08-15 21:51:25,445 [INFO] IPUIPlugin:80 - create IPUIPlugin
2025-08-15 21:51:25,445 [INFO] PluginManager:220 - loadIPPluginJar : add usart
2025-08-15 21:51:25,448 [INFO] IPUIPlugin:80 - create IPUIPlugin
2025-08-15 21:51:25,448 [INFO] PluginManager:220 - loadIPPluginJar : add usbx
2025-08-15 21:51:25,569 [FATAL] Updater:351 - Updater called before beeing initialized
2025-08-15 21:51:25,622 [INFO] RulesReader:64 - Compatibility file has been processed (317 Rules)
2025-08-15 21:51:25,635 [INFO] RulesReader:64 - Compatibility file has been processed (317 Rules)
2025-08-15 21:51:25,644 [INFO] CADModel:165 - CPN selected for project level
2025-08-15 21:51:25,645 [INFO] CADModel:114 - Register for checkConnection events
2025-08-15 21:51:25,645 [FATAL] Updater:351 - Updater called before beeing initialized
2025-08-15 21:51:25,645 [ERROR] CADModel:125 - Updater not yet initialized, retry later 
2025-08-15 21:51:25,804 [FATAL] Updater:351 - Updater called before beeing initialized
2025-08-15 21:51:25,806 [INFO] CADModel:165 - CPN selected for project level
2025-08-15 21:51:25,806 [INFO] CADModel:114 - Register for checkConnection events
2025-08-15 21:51:25,806 [FATAL] Updater:351 - Updater called before beeing initialized
2025-08-15 21:51:25,806 [ERROR] CADModel:125 - Updater not yet initialized, retry later 
2025-08-15 21:51:25,810 [FATAL] Updater:351 - Updater called before beeing initialized
2025-08-15 21:51:25,903 [FATAL] Updater:351 - Updater called before beeing initialized
2025-08-15 21:51:25,907 [INFO] DbMcusAds:53 - JSON generation date=Tue Jul 08 13:44:23 IST 2025 (1751962463582)
2025-08-15 21:51:25,908 [FATAL] Updater:351 - Updater called before beeing initialized
2025-08-15 21:51:25,943 [WARN] DetailPanel:346 - Failed to get advertising image, set to default
2025-08-15 21:51:26,016 [FATAL] Updater:351 - Updater called before beeing initialized
2025-08-15 21:51:26,017 [FATAL] Updater:351 - Updater called before beeing initialized
2025-08-15 21:51:26,017 [FATAL] Updater:351 - Updater called before beeing initialized
2025-08-15 21:51:26,017 [WARN] DetailPanel:346 - Failed to get advertising image, set to default
2025-08-15 21:51:26,018 [FATAL] Updater:351 - Updater called before beeing initialized
2025-08-15 21:51:26,088 [ERROR] Updater:1198 - MainUpdater not yet initialized. External WinMGr cannot be set.
2025-08-15 21:51:26,090 [INFO] Updater:1134 - Updater Version found : 6.15.0
2025-08-15 21:51:26,106 [INFO] ApplicationProperties:184 - Using Application install path: C:\ST\STM32CubeIDE_1.19.0\STM32CubeIDE\plugins\com.st.stm32cube.common.mx_6.15.0.202507011659
2025-08-15 21:51:27,676 [ERROR] LogOutputStream:75 - [STDERR_REDIRECT] Aug 15, 2025 9:51:27 PM java.util.prefs.WindowsPreferences <init>
2025-08-15 21:51:27,677 [ERROR] LogOutputStream:75 - [STDERR_REDIRECT] WARNING: Could not open/create prefs root node Software\JavaSoft\Prefs at root 0xffffffff80000002. Windows RegCreateKeyEx(...) returned error code 5.
2025-08-15 21:51:27,677 [ERROR] LogOutputStream:75 - [STDERR_REDIRECT] 
2025-08-15 21:51:27,777 [INFO] ThirdPartyUpdaterWithRetryManager:70 - Updater plugin not ready yet. [2/15]
2025-08-15 21:51:27,885 [INFO] MainUpdater:2872 - connection check result : 22
2025-08-15 21:51:27,886 [INFO] MainUpdater:289 - Updater Check For Update Now.
2025-08-15 21:51:27,886 [INFO] MicroXplorer:498 - Change Database Version : DB.6.0.150
2025-08-15 21:51:27,891 [INFO] McuFinderGlobals:63 - Set McuFinder mode to 2 (CubeIDE integrated)
2025-08-15 21:51:27,891 [INFO] UserAuth:171 - activating auth plugin
2025-08-15 21:51:27,894 [INFO] UserAuth:487 - Internet connection configuration mode: 2
2025-08-15 21:51:27,910 [INFO] UserAuth:487 - Internet connection configuration mode: 2
2025-08-15 21:51:28,071 [INFO] CheckServerUpdateThread:120 - End of CheckServer Thread
2025-08-15 21:51:28,183 [ERROR] LogOutputStream:75 - [STDERR_REDIRECT] [Fatal Error] :1:1: Premature end of file.
2025-08-15 21:51:28,184 [ERROR] LogOutputStream:75 - [STDERR_REDIRECT] 
2025-08-15 21:51:28,976 [ERROR] LogOutputStream:75 - [STDERR_REDIRECT] [Fatal Error] :1:1: Premature end of file.
2025-08-15 21:51:28,976 [ERROR] LogOutputStream:75 - [STDERR_REDIRECT] 
2025-08-15 21:51:29,976 [ERROR] LogOutputStream:75 - [STDERR_REDIRECT] [Fatal Error] :1:1: Premature end of file.
2025-08-15 21:51:29,976 [ERROR] LogOutputStream:75 - [STDERR_REDIRECT] 
2025-08-15 21:51:30,911 [WARN] PackLoader:240 - Cannot read IP mode file for STMicroelectronics.FP-SNS-MOTENVWB1.1.4.0
2025-08-15 21:51:30,921 [WARN] PackLoader:240 - Cannot read IP mode file for STMicroelectronics.FP-ATR-ASTRA1.2.0.2
2025-08-15 21:51:30,932 [WARN] PackLoader:240 - Cannot read IP mode file for STMicroelectronics.FP-SNS-STBOX1.2.1.0
2025-08-15 21:51:30,941 [WARN] PackLoader:240 - Cannot read IP mode file for STMicroelectronics.FP-SNS-SMARTAG2.1.2.0
2025-08-15 21:51:30,948 [WARN] PackLoader:240 - Cannot read IP mode file for STMicroelectronics.FP-SNS-FLIGHT1.5.1.0
2025-08-15 21:51:30,952 [WARN] PackLoader:240 - Cannot read IP mode file for STMicroelectronics.FP-SNS-MOTENV1.5.0.0
2025-08-15 21:51:30,958 [WARN] PackLoader:240 - Cannot read IP mode file for STMicroelectronics.FP-ATR-SIGFOX1.3.2.0
2025-08-15 21:51:30,965 [WARN] PackLoader:240 - Cannot read IP mode file for STMicroelectronics.X-CUBE-AI.10.2.0
2025-08-15 21:51:30,974 [WARN] PackLoader:240 - Cannot read IP mode file for STMicroelectronics.FP-SNS-STAIOTCFT.1.0.0
2025-08-15 21:51:30,980 [WARN] PackLoader:240 - Cannot read IP mode file for STMicroelectronics.X-CUBE-ALS.1.0.2
2025-08-15 21:51:30,981 [ERROR] LogOutputStream:75 - [STDERR_REDIRECT] [Fatal Error] :1:1: Premature end of file.
2025-08-15 21:51:30,981 [INFO] ThirdParty:978 - Integrity check success = true
2025-08-15 21:51:30,981 [INFO] IntegrityCheckThread:100 - exiting critical section [integrity check]
2025-08-15 21:51:30,981 [INFO] IntegrityCheckThread:103 - End integrity checks thread
2025-08-15 21:51:30,981 [ERROR] LogOutputStream:75 - [STDERR_REDIRECT] 
2025-08-15 21:51:31,978 [ERROR] LogOutputStream:75 - [STDERR_REDIRECT] [Fatal Error] :1:1: Premature end of file.
2025-08-15 21:51:31,979 [ERROR] LogOutputStream:75 - [STDERR_REDIRECT] 
2025-08-15 21:51:32,976 [ERROR] LogOutputStream:75 - [STDERR_REDIRECT] [Fatal Error] :1:1: Premature end of file.
2025-08-15 21:51:32,976 [ERROR] LogOutputStream:75 - [STDERR_REDIRECT] 
2025-08-15 21:51:33,976 [ERROR] LogOutputStream:75 - [STDERR_REDIRECT] [Fatal Error] :1:1: Premature end of file.
2025-08-15 21:51:33,977 [ERROR] LogOutputStream:75 - [STDERR_REDIRECT] 
2025-08-15 21:51:34,976 [ERROR] LogOutputStream:75 - [STDERR_REDIRECT] [Fatal Error] :1:1: Premature end of file.
2025-08-15 21:51:34,978 [ERROR] LogOutputStream:75 - [STDERR_REDIRECT] 
2025-08-15 21:51:35,976 [ERROR] LogOutputStream:75 - [STDERR_REDIRECT] [Fatal Error] :1:1: Premature end of file.
2025-08-15 21:51:35,976 [ERROR] LogOutputStream:75 - [STDERR_REDIRECT] 
2025-08-15 21:51:36,977 [ERROR] LogOutputStream:75 - [STDERR_REDIRECT] [Fatal Error] :1:1: Premature end of file.
2025-08-15 21:51:36,977 [ERROR] LogOutputStream:75 - [STDERR_REDIRECT] 
2025-08-15 21:51:37,978 [ERROR] LogOutputStream:75 - [STDERR_REDIRECT] [Fatal Error] :1:1: Premature end of file.
2025-08-15 21:51:37,978 [ERROR] LogOutputStream:75 - [STDERR_REDIRECT] 
2025-08-15 21:51:38,977 [ERROR] LogOutputStream:75 - [STDERR_REDIRECT] [Fatal Error] :1:1: Premature end of file.
2025-08-15 21:51:38,977 [ERROR] LogOutputStream:75 - [STDERR_REDIRECT] 
2025-08-15 21:51:39,976 [ERROR] LogOutputStream:75 - [STDERR_REDIRECT] [Fatal Error] :1:1: Premature end of file.
2025-08-15 21:51:39,976 [ERROR] LogOutputStream:75 - [STDERR_REDIRECT] 
2025-08-15 21:51:40,977 [ERROR] LogOutputStream:75 - [STDERR_REDIRECT] [Fatal Error] :1:1: Premature end of file.
2025-08-15 21:51:40,977 [ERROR] LogOutputStream:75 - [STDERR_REDIRECT] 
2025-08-15 21:51:41,976 [ERROR] LogOutputStream:75 - [STDERR_REDIRECT] [Fatal Error] :1:1: Premature end of file.
2025-08-15 21:51:41,977 [ERROR] LogOutputStream:75 - [STDERR_REDIRECT] 
2025-08-15 21:51:42,977 [ERROR] LogOutputStream:75 - [STDERR_REDIRECT] [Fatal Error] :1:1: Premature end of file.
2025-08-15 21:51:42,977 [ERROR] LogOutputStream:75 - [STDERR_REDIRECT] 
2025-08-15 21:51:43,977 [ERROR] LogOutputStream:75 - [STDERR_REDIRECT] [Fatal Error] :1:1: Premature end of file.
2025-08-15 21:51:43,977 [ERROR] LogOutputStream:75 - [STDERR_REDIRECT] 
2025-08-15 21:51:44,977 [ERROR] LogOutputStream:75 - [STDERR_REDIRECT] [Fatal Error] :1:1: Premature end of file.
2025-08-15 21:51:44,977 [ERROR] LogOutputStream:75 - [STDERR_REDIRECT] 
2025-08-15 21:51:45,976 [ERROR] LogOutputStream:75 - [STDERR_REDIRECT] [Fatal Error] :1:1: Premature end of file.
2025-08-15 21:51:45,976 [ERROR] LogOutputStream:75 - [STDERR_REDIRECT] 
2025-08-15 21:51:46,977 [ERROR] LogOutputStream:75 - [STDERR_REDIRECT] [Fatal Error] :1:1: Premature end of file.
2025-08-15 21:51:46,977 [ERROR] LogOutputStream:75 - [STDERR_REDIRECT] 
2025-08-15 21:51:47,977 [ERROR] LogOutputStream:75 - [STDERR_REDIRECT] [Fatal Error] :1:1: Premature end of file.
2025-08-15 21:51:47,977 [ERROR] LogOutputStream:75 - [STDERR_REDIRECT] 
2025-08-15 21:51:48,976 [ERROR] LogOutputStream:75 - [STDERR_REDIRECT] [Fatal Error] :1:1: Premature end of file.
2025-08-15 21:51:48,976 [ERROR] LogOutputStream:75 - [STDERR_REDIRECT] 
2025-08-15 21:51:49,976 [ERROR] LogOutputStream:75 - [STDERR_REDIRECT] [Fatal Error] :1:1: Premature end of file.
2025-08-15 21:51:49,976 [ERROR] LogOutputStream:75 - [STDERR_REDIRECT] 
2025-08-15 21:51:50,975 [ERROR] LogOutputStream:75 - [STDERR_REDIRECT] [Fatal Error] :1:1: Premature end of file.
2025-08-15 21:51:50,975 [ERROR] LogOutputStream:75 - [STDERR_REDIRECT] 
2025-08-15 21:51:51,977 [ERROR] LogOutputStream:75 - [STDERR_REDIRECT] [Fatal Error] :1:1: Premature end of file.
2025-08-15 21:51:51,977 [ERROR] LogOutputStream:75 - [STDERR_REDIRECT] 
2025-08-15 21:51:52,977 [ERROR] LogOutputStream:75 - [STDERR_REDIRECT] [Fatal Error] :1:1: Premature end of file.
2025-08-15 21:51:52,977 [ERROR] LogOutputStream:75 - [STDERR_REDIRECT] 
2025-08-15 21:51:53,975 [ERROR] LogOutputStream:75 - [STDERR_REDIRECT] [Fatal Error] :1:1: Premature end of file.
2025-08-15 21:51:53,975 [ERROR] LogOutputStream:75 - [STDERR_REDIRECT] 
2025-08-15 21:51:54,976 [ERROR] LogOutputStream:75 - [STDERR_REDIRECT] [Fatal Error] :1:1: Premature end of file.
2025-08-15 21:51:54,976 [ERROR] LogOutputStream:75 - [STDERR_REDIRECT] 
2025-08-15 21:51:55,977 [ERROR] LogOutputStream:75 - [STDERR_REDIRECT] [Fatal Error] :1:1: Premature end of file.
2025-08-15 21:51:55,977 [ERROR] LogOutputStream:75 - [STDERR_REDIRECT] 
2025-08-15 21:51:56,976 [ERROR] LogOutputStream:75 - [STDERR_REDIRECT] [Fatal Error] :1:1: Premature end of file.
2025-08-15 21:51:56,976 [ERROR] LogOutputStream:75 - [STDERR_REDIRECT] 
2025-08-15 21:51:57,978 [ERROR] LogOutputStream:75 - [STDERR_REDIRECT] [Fatal Error] :1:1: Premature end of file.
2025-08-15 21:51:57,978 [ERROR] LogOutputStream:75 - [STDERR_REDIRECT] 
2025-08-15 21:51:58,980 [ERROR] LogOutputStream:75 - [STDERR_REDIRECT] [Fatal Error] :1:1: Premature end of file.
2025-08-15 21:51:58,981 [ERROR] LogOutputStream:75 - [STDERR_REDIRECT] 
2025-08-15 21:51:59,977 [ERROR] LogOutputStream:75 - [STDERR_REDIRECT] [Fatal Error] :1:1: Premature end of file.
2025-08-15 21:51:59,977 [ERROR] LogOutputStream:75 - [STDERR_REDIRECT] 
2025-08-15 21:52:00,977 [ERROR] LogOutputStream:75 - [STDERR_REDIRECT] [Fatal Error] :1:1: Premature end of file.
2025-08-15 21:52:00,977 [ERROR] LogOutputStream:75 - [STDERR_REDIRECT] 
2025-08-15 21:52:01,976 [ERROR] LogOutputStream:75 - [STDERR_REDIRECT] [Fatal Error] :1:1: Premature end of file.
2025-08-15 21:52:01,976 [ERROR] LogOutputStream:75 - [STDERR_REDIRECT] 
2025-08-15 21:52:02,975 [ERROR] LogOutputStream:75 - [STDERR_REDIRECT] [Fatal Error] :1:1: Premature end of file.
2025-08-15 21:52:02,976 [ERROR] LogOutputStream:75 - [STDERR_REDIRECT] 
2025-08-15 21:52:03,978 [ERROR] LogOutputStream:75 - [STDERR_REDIRECT] [Fatal Error] :1:1: Premature end of file.
2025-08-15 21:52:03,978 [ERROR] LogOutputStream:75 - [STDERR_REDIRECT] 
2025-08-15 21:52:04,976 [ERROR] LogOutputStream:75 - [STDERR_REDIRECT] [Fatal Error] :1:1: Premature end of file.
2025-08-15 21:52:04,976 [ERROR] LogOutputStream:75 - [STDERR_REDIRECT] 
2025-08-15 21:52:05,977 [ERROR] LogOutputStream:75 - [STDERR_REDIRECT] [Fatal Error] :1:1: Premature end of file.
2025-08-15 21:52:05,977 [ERROR] LogOutputStream:75 - [STDERR_REDIRECT] 
2025-08-15 21:52:06,976 [ERROR] LogOutputStream:75 - [STDERR_REDIRECT] [Fatal Error] :1:1: Premature end of file.
2025-08-15 21:52:06,977 [ERROR] LogOutputStream:75 - [STDERR_REDIRECT] 
2025-08-15 21:52:07,976 [ERROR] LogOutputStream:75 - [STDERR_REDIRECT] [Fatal Error] :1:1: Premature end of file.
2025-08-15 21:52:07,977 [ERROR] LogOutputStream:75 - [STDERR_REDIRECT] 
2025-08-15 21:52:08,976 [ERROR] LogOutputStream:75 - [STDERR_REDIRECT] [Fatal Error] :1:1: Premature end of file.
2025-08-15 21:52:08,976 [ERROR] LogOutputStream:75 - [STDERR_REDIRECT] 
2025-08-15 21:52:09,976 [ERROR] LogOutputStream:75 - [STDERR_REDIRECT] [Fatal Error] :1:1: Premature end of file.
2025-08-15 21:52:09,976 [ERROR] LogOutputStream:75 - [STDERR_REDIRECT] 
2025-08-15 21:52:10,976 [ERROR] LogOutputStream:75 - [STDERR_REDIRECT] [Fatal Error] :1:1: Premature end of file.
2025-08-15 21:52:10,976 [ERROR] LogOutputStream:75 - [STDERR_REDIRECT] 
2025-08-15 21:52:11,975 [ERROR] LogOutputStream:75 - [STDERR_REDIRECT] [Fatal Error] :1:1: Premature end of file.
2025-08-15 21:52:11,975 [ERROR] LogOutputStream:75 - [STDERR_REDIRECT] 
2025-08-15 21:52:12,976 [ERROR] LogOutputStream:75 - [STDERR_REDIRECT] [Fatal Error] :1:1: Premature end of file.
2025-08-15 21:52:12,976 [ERROR] LogOutputStream:75 - [STDERR_REDIRECT] 
2025-08-15 21:52:13,977 [ERROR] LogOutputStream:75 - [STDERR_REDIRECT] [Fatal Error] :1:1: Premature end of file.
2025-08-15 21:52:13,977 [ERROR] LogOutputStream:75 - [STDERR_REDIRECT] 
2025-08-15 21:52:14,975 [ERROR] LogOutputStream:75 - [STDERR_REDIRECT] [Fatal Error] :1:1: Premature end of file.
2025-08-15 21:52:14,975 [ERROR] LogOutputStream:75 - [STDERR_REDIRECT] 
2025-08-15 21:52:15,978 [ERROR] LogOutputStream:75 - [STDERR_REDIRECT] [Fatal Error] :1:1: Premature end of file.
2025-08-15 21:52:15,978 [ERROR] LogOutputStream:75 - [STDERR_REDIRECT] 
2025-08-15 21:52:16,976 [ERROR] LogOutputStream:75 - [STDERR_REDIRECT] [Fatal Error] :1:1: Premature end of file.
2025-08-15 21:52:16,976 [ERROR] LogOutputStream:75 - [STDERR_REDIRECT] 
2025-08-15 21:52:17,976 [ERROR] LogOutputStream:75 - [STDERR_REDIRECT] [Fatal Error] :1:1: Premature end of file.
2025-08-15 21:52:17,977 [ERROR] LogOutputStream:75 - [STDERR_REDIRECT] 
2025-08-15 21:52:18,976 [ERROR] LogOutputStream:75 - [STDERR_REDIRECT] [Fatal Error] :1:1: Premature end of file.
2025-08-15 21:52:18,976 [ERROR] LogOutputStream:75 - [STDERR_REDIRECT] 
2025-08-15 21:52:19,976 [ERROR] LogOutputStream:75 - [STDERR_REDIRECT] [Fatal Error] :1:1: Premature end of file.
2025-08-15 21:52:19,976 [ERROR] LogOutputStream:75 - [STDERR_REDIRECT] 
2025-08-15 21:52:20,977 [ERROR] LogOutputStream:75 - [STDERR_REDIRECT] [Fatal Error] :1:1: Premature end of file.
2025-08-15 21:52:20,977 [ERROR] LogOutputStream:75 - [STDERR_REDIRECT] 
2025-08-15 21:52:21,977 [ERROR] LogOutputStream:75 - [STDERR_REDIRECT] [Fatal Error] :1:1: Premature end of file.
2025-08-15 21:52:21,977 [ERROR] LogOutputStream:75 - [STDERR_REDIRECT] 
2025-08-15 21:52:22,976 [ERROR] LogOutputStream:75 - [STDERR_REDIRECT] [Fatal Error] :1:1: Premature end of file.
2025-08-15 21:52:22,977 [ERROR] LogOutputStream:75 - [STDERR_REDIRECT] 
2025-08-15 21:52:23,977 [ERROR] LogOutputStream:75 - [STDERR_REDIRECT] [Fatal Error] :1:1: Premature end of file.
2025-08-15 21:52:23,977 [ERROR] LogOutputStream:75 - [STDERR_REDIRECT] 
2025-08-15 21:52:24,977 [ERROR] LogOutputStream:75 - [STDERR_REDIRECT] [Fatal Error] :1:1: Premature end of file.
2025-08-15 21:52:24,977 [ERROR] LogOutputStream:75 - [STDERR_REDIRECT] 
2025-08-15 21:52:25,976 [ERROR] LogOutputStream:75 - [STDERR_REDIRECT] [Fatal Error] :1:1: Premature end of file.
2025-08-15 21:52:25,977 [ERROR] LogOutputStream:75 - [STDERR_REDIRECT] 
2025-08-15 21:52:26,976 [ERROR] LogOutputStream:75 - [STDERR_REDIRECT] [Fatal Error] :1:1: Premature end of file.
2025-08-15 21:52:26,976 [ERROR] LogOutputStream:75 - [STDERR_REDIRECT] 
2025-08-15 21:52:27,977 [ERROR] LogOutputStream:75 - [STDERR_REDIRECT] [Fatal Error] :1:1: Premature end of file.
2025-08-15 21:52:27,977 [ERROR] LogOutputStream:75 - [STDERR_REDIRECT] 
2025-08-15 21:52:28,976 [ERROR] LogOutputStream:75 - [STDERR_REDIRECT] [Fatal Error] :1:1: Premature end of file.
2025-08-15 21:52:28,976 [ERROR] LogOutputStream:75 - [STDERR_REDIRECT] 
2025-08-15 21:52:29,975 [ERROR] LogOutputStream:75 - [STDERR_REDIRECT] [Fatal Error] :1:1: Premature end of file.
2025-08-15 21:52:29,976 [ERROR] LogOutputStream:75 - [STDERR_REDIRECT] 
2025-08-15 21:52:30,976 [ERROR] LogOutputStream:75 - [STDERR_REDIRECT] [Fatal Error] :1:1: Premature end of file.
2025-08-15 21:52:30,976 [ERROR] LogOutputStream:75 - [STDERR_REDIRECT] 
2025-08-15 21:52:31,977 [ERROR] LogOutputStream:75 - [STDERR_REDIRECT] [Fatal Error] :1:1: Premature end of file.
2025-08-15 21:52:31,977 [ERROR] LogOutputStream:75 - [STDERR_REDIRECT] 
2025-08-15 21:52:32,975 [ERROR] LogOutputStream:75 - [STDERR_REDIRECT] [Fatal Error] :1:1: Premature end of file.
2025-08-15 21:52:32,975 [ERROR] LogOutputStream:75 - [STDERR_REDIRECT] 
2025-08-15 21:52:33,976 [ERROR] LogOutputStream:75 - [STDERR_REDIRECT] [Fatal Error] :1:1: Premature end of file.
2025-08-15 21:52:33,976 [ERROR] LogOutputStream:75 - [STDERR_REDIRECT] 
2025-08-15 21:52:34,976 [ERROR] LogOutputStream:75 - [STDERR_REDIRECT] [Fatal Error] :1:1: Premature end of file.
2025-08-15 21:52:34,976 [ERROR] LogOutputStream:75 - [STDERR_REDIRECT] 
2025-08-15 21:52:35,976 [ERROR] LogOutputStream:75 - [STDERR_REDIRECT] [Fatal Error] :1:1: Premature end of file.
2025-08-15 21:52:35,976 [ERROR] LogOutputStream:75 - [STDERR_REDIRECT] 
2025-08-15 21:52:36,977 [ERROR] LogOutputStream:75 - [STDERR_REDIRECT] [Fatal Error] :1:1: Premature end of file.
2025-08-15 21:52:36,978 [ERROR] LogOutputStream:75 - [STDERR_REDIRECT] 
2025-08-15 21:52:37,976 [ERROR] LogOutputStream:75 - [STDERR_REDIRECT] [Fatal Error] :1:1: Premature end of file.
2025-08-15 21:52:37,976 [ERROR] LogOutputStream:75 - [STDERR_REDIRECT] 
2025-08-15 21:52:38,976 [ERROR] LogOutputStream:75 - [STDERR_REDIRECT] [Fatal Error] :1:1: Premature end of file.
2025-08-15 21:52:38,977 [ERROR] LogOutputStream:75 - [STDERR_REDIRECT] 
2025-08-15 21:52:39,977 [ERROR] LogOutputStream:75 - [STDERR_REDIRECT] [Fatal Error] :1:1: Premature end of file.
2025-08-15 21:52:39,977 [ERROR] LogOutputStream:75 - [STDERR_REDIRECT] 
2025-08-15 21:52:40,976 [ERROR] LogOutputStream:75 - [STDERR_REDIRECT] [Fatal Error] :1:1: Premature end of file.
2025-08-15 21:52:40,976 [ERROR] LogOutputStream:75 - [STDERR_REDIRECT] 
2025-08-15 21:52:41,976 [ERROR] LogOutputStream:75 - [STDERR_REDIRECT] [Fatal Error] :1:1: Premature end of file.
2025-08-15 21:52:41,977 [ERROR] LogOutputStream:75 - [STDERR_REDIRECT] 
2025-08-15 21:52:42,976 [ERROR] LogOutputStream:75 - [STDERR_REDIRECT] [Fatal Error] :1:1: Premature end of file.
2025-08-15 21:52:42,976 [ERROR] LogOutputStream:75 - [STDERR_REDIRECT] 
2025-08-15 21:52:43,975 [ERROR] LogOutputStream:75 - [STDERR_REDIRECT] [Fatal Error] :1:1: Premature end of file.
2025-08-15 21:52:43,975 [ERROR] LogOutputStream:75 - [STDERR_REDIRECT] 
2025-08-15 21:52:44,978 [ERROR] LogOutputStream:75 - [STDERR_REDIRECT] [Fatal Error] :1:1: Premature end of file.
2025-08-15 21:52:44,978 [ERROR] LogOutputStream:75 - [STDERR_REDIRECT] 
2025-08-15 21:52:45,976 [ERROR] LogOutputStream:75 - [STDERR_REDIRECT] [Fatal Error] :1:1: Premature end of file.
2025-08-15 21:52:45,976 [ERROR] LogOutputStream:75 - [STDERR_REDIRECT] 
2025-08-15 21:52:46,977 [ERROR] LogOutputStream:75 - [STDERR_REDIRECT] [Fatal Error] :1:1: Premature end of file.
2025-08-15 21:52:46,977 [ERROR] LogOutputStream:75 - [STDERR_REDIRECT] 
2025-08-15 21:52:47,978 [ERROR] LogOutputStream:75 - [STDERR_REDIRECT] [Fatal Error] :1:1: Premature end of file.
2025-08-15 21:52:47,978 [ERROR] LogOutputStream:75 - [STDERR_REDIRECT] 
2025-08-15 21:52:48,977 [ERROR] LogOutputStream:75 - [STDERR_REDIRECT] [Fatal Error] :1:1: Premature end of file.
2025-08-15 21:52:48,977 [ERROR] LogOutputStream:75 - [STDERR_REDIRECT] 
2025-08-15 21:52:49,983 [ERROR] LogOutputStream:75 - [STDERR_REDIRECT] [Fatal Error] :1:1: Premature end of file.
2025-08-15 21:52:49,983 [ERROR] LogOutputStream:75 - [STDERR_REDIRECT] 
2025-08-15 21:52:50,976 [ERROR] LogOutputStream:75 - [STDERR_REDIRECT] [Fatal Error] :1:1: Premature end of file.
2025-08-15 21:52:50,976 [ERROR] LogOutputStream:75 - [STDERR_REDIRECT] 
2025-08-15 21:52:51,980 [ERROR] LogOutputStream:75 - [STDERR_REDIRECT] [Fatal Error] :1:1: Premature end of file.
2025-08-15 21:52:51,980 [ERROR] LogOutputStream:75 - [STDERR_REDIRECT] 
2025-08-15 21:52:52,980 [ERROR] LogOutputStream:75 - [STDERR_REDIRECT] [Fatal Error] :1:1: Premature end of file.
2025-08-15 21:52:52,980 [ERROR] LogOutputStream:75 - [STDERR_REDIRECT] 
2025-08-15 21:52:53,977 [ERROR] LogOutputStream:75 - [STDERR_REDIRECT] [Fatal Error] :1:1: Premature end of file.
2025-08-15 21:52:53,978 [ERROR] LogOutputStream:75 - [STDERR_REDIRECT] 
2025-08-15 21:52:54,975 [ERROR] LogOutputStream:75 - [STDERR_REDIRECT] [Fatal Error] :1:1: Premature end of file.
2025-08-15 21:52:54,976 [ERROR] LogOutputStream:75 - [STDERR_REDIRECT] 
2025-08-15 21:52:55,977 [ERROR] LogOutputStream:75 - [STDERR_REDIRECT] [Fatal Error] :1:1: Premature end of file.
2025-08-15 21:52:55,977 [ERROR] LogOutputStream:75 - [STDERR_REDIRECT] 
2025-08-15 21:52:56,975 [ERROR] LogOutputStream:75 - [STDERR_REDIRECT] [Fatal Error] :1:1: Premature end of file.
2025-08-15 21:52:56,975 [ERROR] LogOutputStream:75 - [STDERR_REDIRECT] 
2025-08-15 21:52:57,977 [ERROR] LogOutputStream:75 - [STDERR_REDIRECT] [Fatal Error] :1:1: Premature end of file.
2025-08-15 21:52:57,977 [ERROR] LogOutputStream:75 - [STDERR_REDIRECT] 
2025-08-15 21:52:58,978 [ERROR] LogOutputStream:75 - [STDERR_REDIRECT] [Fatal Error] :1:1: Premature end of file.
2025-08-15 21:52:58,978 [ERROR] LogOutputStream:75 - [STDERR_REDIRECT] 
2025-08-15 21:52:59,977 [ERROR] LogOutputStream:75 - [STDERR_REDIRECT] [Fatal Error] :1:1: Premature end of file.
2025-08-15 21:52:59,977 [ERROR] LogOutputStream:75 - [STDERR_REDIRECT] 
2025-08-15 21:53:00,976 [ERROR] LogOutputStream:75 - [STDERR_REDIRECT] [Fatal Error] :1:1: Premature end of file.
2025-08-15 21:53:00,976 [ERROR] LogOutputStream:75 - [STDERR_REDIRECT] 
2025-08-15 21:53:01,976 [ERROR] LogOutputStream:75 - [STDERR_REDIRECT] [Fatal Error] :1:1: Premature end of file.
2025-08-15 21:53:01,976 [ERROR] LogOutputStream:75 - [STDERR_REDIRECT] 
2025-08-15 21:53:02,976 [ERROR] LogOutputStream:75 - [STDERR_REDIRECT] [Fatal Error] :1:1: Premature end of file.
2025-08-15 21:53:02,976 [ERROR] LogOutputStream:75 - [STDERR_REDIRECT] 
2025-08-15 21:53:03,977 [ERROR] LogOutputStream:75 - [STDERR_REDIRECT] [Fatal Error] :1:1: Premature end of file.
2025-08-15 21:53:03,977 [ERROR] LogOutputStream:75 - [STDERR_REDIRECT] 
2025-08-15 21:53:04,975 [ERROR] LogOutputStream:75 - [STDERR_REDIRECT] [Fatal Error] :1:1: Premature end of file.
2025-08-15 21:53:04,976 [ERROR] LogOutputStream:75 - [STDERR_REDIRECT] 
2025-08-15 21:53:05,977 [ERROR] LogOutputStream:75 - [STDERR_REDIRECT] [Fatal Error] :1:1: Premature end of file.
2025-08-15 21:53:05,977 [ERROR] LogOutputStream:75 - [STDERR_REDIRECT] 
2025-08-15 21:53:06,976 [ERROR] LogOutputStream:75 - [STDERR_REDIRECT] [Fatal Error] :1:1: Premature end of file.
2025-08-15 21:53:06,976 [ERROR] LogOutputStream:75 - [STDERR_REDIRECT] 
2025-08-15 21:53:07,977 [ERROR] LogOutputStream:75 - [STDERR_REDIRECT] [Fatal Error] :1:1: Premature end of file.
2025-08-15 21:53:07,978 [ERROR] LogOutputStream:75 - [STDERR_REDIRECT] 
2025-08-15 21:53:08,976 [ERROR] LogOutputStream:75 - [STDERR_REDIRECT] [Fatal Error] :1:1: Premature end of file.
2025-08-15 21:53:08,976 [ERROR] LogOutputStream:75 - [STDERR_REDIRECT] 
2025-08-15 21:53:09,977 [ERROR] LogOutputStream:75 - [STDERR_REDIRECT] [Fatal Error] :1:1: Premature end of file.
2025-08-15 21:53:09,977 [ERROR] LogOutputStream:75 - [STDERR_REDIRECT] 
2025-08-15 21:53:10,977 [ERROR] LogOutputStream:75 - [STDERR_REDIRECT] [Fatal Error] :1:1: Premature end of file.
2025-08-15 21:53:10,977 [ERROR] LogOutputStream:75 - [STDERR_REDIRECT] 
2025-08-15 21:53:11,977 [ERROR] LogOutputStream:75 - [STDERR_REDIRECT] [Fatal Error] :1:1: Premature end of file.
2025-08-15 21:53:11,977 [ERROR] LogOutputStream:75 - [STDERR_REDIRECT] 
2025-08-15 21:53:12,977 [ERROR] LogOutputStream:75 - [STDERR_REDIRECT] [Fatal Error] :1:1: Premature end of file.
2025-08-15 21:53:12,977 [ERROR] LogOutputStream:75 - [STDERR_REDIRECT] 
2025-08-15 21:53:13,978 [ERROR] LogOutputStream:75 - [STDERR_REDIRECT] [Fatal Error] :1:1: Premature end of file.
2025-08-15 21:53:13,979 [ERROR] LogOutputStream:75 - [STDERR_REDIRECT] 
2025-08-15 21:53:14,976 [ERROR] LogOutputStream:75 - [STDERR_REDIRECT] [Fatal Error] :1:1: Premature end of file.
2025-08-15 21:53:14,976 [ERROR] LogOutputStream:75 - [STDERR_REDIRECT] 
2025-08-15 21:53:15,976 [ERROR] LogOutputStream:75 - [STDERR_REDIRECT] [Fatal Error] :1:1: Premature end of file.
2025-08-15 21:53:15,976 [ERROR] LogOutputStream:75 - [STDERR_REDIRECT] 
2025-08-15 21:53:16,975 [ERROR] LogOutputStream:75 - [STDERR_REDIRECT] [Fatal Error] :1:1: Premature end of file.
2025-08-15 21:53:16,975 [ERROR] LogOutputStream:75 - [STDERR_REDIRECT] 
2025-08-15 21:53:17,976 [ERROR] LogOutputStream:75 - [STDERR_REDIRECT] [Fatal Error] :1:1: Premature end of file.
2025-08-15 21:53:17,976 [ERROR] LogOutputStream:75 - [STDERR_REDIRECT] 
2025-08-15 21:53:18,976 [ERROR] LogOutputStream:75 - [STDERR_REDIRECT] [Fatal Error] :1:1: Premature end of file.
2025-08-15 21:53:18,976 [ERROR] LogOutputStream:75 - [STDERR_REDIRECT] 
2025-08-15 21:53:19,976 [ERROR] LogOutputStream:75 - [STDERR_REDIRECT] [Fatal Error] :1:1: Premature end of file.
2025-08-15 21:53:19,976 [ERROR] LogOutputStream:75 - [STDERR_REDIRECT] 
2025-08-15 21:53:20,976 [ERROR] LogOutputStream:75 - [STDERR_REDIRECT] [Fatal Error] :1:1: Premature end of file.
2025-08-15 21:53:20,976 [ERROR] LogOutputStream:75 - [STDERR_REDIRECT] 
2025-08-15 21:53:21,975 [ERROR] LogOutputStream:75 - [STDERR_REDIRECT] [Fatal Error] :1:1: Premature end of file.
2025-08-15 21:53:21,975 [ERROR] LogOutputStream:75 - [STDERR_REDIRECT] 
2025-08-15 21:53:22,977 [ERROR] LogOutputStream:75 - [STDERR_REDIRECT] [Fatal Error] :1:1: Premature end of file.
2025-08-15 21:53:22,977 [ERROR] LogOutputStream:75 - [STDERR_REDIRECT] 
2025-08-15 21:53:23,975 [ERROR] LogOutputStream:75 - [STDERR_REDIRECT] [Fatal Error] :1:1: Premature end of file.
2025-08-15 21:53:23,976 [ERROR] LogOutputStream:75 - [STDERR_REDIRECT] 
2025-08-15 21:53:24,978 [ERROR] LogOutputStream:75 - [STDERR_REDIRECT] [Fatal Error] :1:1: Premature end of file.
2025-08-15 21:53:24,978 [ERROR] LogOutputStream:75 - [STDERR_REDIRECT] 
2025-08-15 21:53:25,976 [ERROR] LogOutputStream:75 - [STDERR_REDIRECT] [Fatal Error] :1:1: Premature end of file.
2025-08-15 21:53:25,976 [ERROR] LogOutputStream:75 - [STDERR_REDIRECT] 
2025-08-15 21:53:26,976 [ERROR] LogOutputStream:75 - [STDERR_REDIRECT] [Fatal Error] :1:1: Premature end of file.
2025-08-15 21:53:26,976 [ERROR] LogOutputStream:75 - [STDERR_REDIRECT] 
2025-08-15 21:53:27,977 [ERROR] LogOutputStream:75 - [STDERR_REDIRECT] [Fatal Error] :1:1: Premature end of file.
2025-08-15 21:53:27,977 [ERROR] LogOutputStream:75 - [STDERR_REDIRECT] 
2025-08-15 21:53:28,976 [ERROR] LogOutputStream:75 - [STDERR_REDIRECT] [Fatal Error] :1:1: Premature end of file.
2025-08-15 21:53:28,977 [ERROR] LogOutputStream:75 - [STDERR_REDIRECT] 
2025-08-15 21:53:29,976 [ERROR] LogOutputStream:75 - [STDERR_REDIRECT] [Fatal Error] :1:1: Premature end of file.
2025-08-15 21:53:29,976 [ERROR] LogOutputStream:75 - [STDERR_REDIRECT] 
2025-08-15 21:53:30,977 [ERROR] LogOutputStream:75 - [STDERR_REDIRECT] [Fatal Error] :1:1: Premature end of file.
2025-08-15 21:53:30,977 [ERROR] LogOutputStream:75 - [STDERR_REDIRECT] 
2025-08-15 21:53:31,976 [ERROR] LogOutputStream:75 - [STDERR_REDIRECT] [Fatal Error] :1:1: Premature end of file.
2025-08-15 21:53:31,977 [ERROR] LogOutputStream:75 - [STDERR_REDIRECT] 
2025-08-15 21:53:32,977 [ERROR] LogOutputStream:75 - [STDERR_REDIRECT] [Fatal Error] :1:1: Premature end of file.
2025-08-15 21:53:32,977 [ERROR] LogOutputStream:75 - [STDERR_REDIRECT] 
2025-08-15 21:53:33,976 [ERROR] LogOutputStream:75 - [STDERR_REDIRECT] [Fatal Error] :1:1: Premature end of file.
2025-08-15 21:53:33,976 [ERROR] LogOutputStream:75 - [STDERR_REDIRECT] 
2025-08-15 21:53:34,978 [ERROR] LogOutputStream:75 - [STDERR_REDIRECT] [Fatal Error] :1:1: Premature end of file.
2025-08-15 21:53:34,978 [ERROR] LogOutputStream:75 - [STDERR_REDIRECT] 
2025-08-15 21:53:35,977 [ERROR] LogOutputStream:75 - [STDERR_REDIRECT] [Fatal Error] :1:1: Premature end of file.
2025-08-15 21:53:35,977 [ERROR] LogOutputStream:75 - [STDERR_REDIRECT] 
2025-08-15 21:53:36,976 [ERROR] LogOutputStream:75 - [STDERR_REDIRECT] [Fatal Error] :1:1: Premature end of file.
2025-08-15 21:53:36,976 [ERROR] LogOutputStream:75 - [STDERR_REDIRECT] 
2025-08-15 21:53:37,978 [ERROR] LogOutputStream:75 - [STDERR_REDIRECT] [Fatal Error] :1:1: Premature end of file.
2025-08-15 21:53:37,978 [ERROR] LogOutputStream:75 - [STDERR_REDIRECT] 
2025-08-15 21:53:38,975 [ERROR] LogOutputStream:75 - [STDERR_REDIRECT] [Fatal Error] :1:1: Premature end of file.
2025-08-15 21:53:38,975 [ERROR] LogOutputStream:75 - [STDERR_REDIRECT] 
2025-08-15 21:53:39,975 [ERROR] LogOutputStream:75 - [STDERR_REDIRECT] [Fatal Error] :1:1: Premature end of file.
2025-08-15 21:53:39,975 [ERROR] LogOutputStream:75 - [STDERR_REDIRECT] 
2025-08-15 21:53:40,974 [ERROR] LogOutputStream:75 - [STDERR_REDIRECT] [Fatal Error] :1:1: Premature end of file.
2025-08-15 21:53:40,975 [ERROR] LogOutputStream:75 - [STDERR_REDIRECT] 
2025-08-15 21:53:41,976 [ERROR] LogOutputStream:75 - [STDERR_REDIRECT] [Fatal Error] :1:1: Premature end of file.
2025-08-15 21:53:41,976 [ERROR] LogOutputStream:75 - [STDERR_REDIRECT] 
2025-08-15 21:53:42,976 [ERROR] LogOutputStream:75 - [STDERR_REDIRECT] [Fatal Error] :1:1: Premature end of file.
2025-08-15 21:53:42,977 [ERROR] LogOutputStream:75 - [STDERR_REDIRECT] 
2025-08-15 21:53:43,975 [ERROR] LogOutputStream:75 - [STDERR_REDIRECT] [Fatal Error] :1:1: Premature end of file.
2025-08-15 21:53:43,975 [ERROR] LogOutputStream:75 - [STDERR_REDIRECT] 
2025-08-15 21:53:44,975 [ERROR] LogOutputStream:75 - [STDERR_REDIRECT] [Fatal Error] :1:1: Premature end of file.
2025-08-15 21:53:44,975 [ERROR] LogOutputStream:75 - [STDERR_REDIRECT] 
2025-08-15 21:53:45,977 [ERROR] LogOutputStream:75 - [STDERR_REDIRECT] [Fatal Error] :1:1: Premature end of file.
2025-08-15 21:53:45,977 [ERROR] LogOutputStream:75 - [STDERR_REDIRECT] 
2025-08-15 21:53:46,976 [ERROR] LogOutputStream:75 - [STDERR_REDIRECT] [Fatal Error] :1:1: Premature end of file.
2025-08-15 21:53:46,977 [ERROR] LogOutputStream:75 - [STDERR_REDIRECT] 
2025-08-15 21:53:47,977 [ERROR] LogOutputStream:75 - [STDERR_REDIRECT] [Fatal Error] :1:1: Premature end of file.
2025-08-15 21:53:47,977 [ERROR] LogOutputStream:75 - [STDERR_REDIRECT] 
2025-08-15 21:53:48,976 [ERROR] LogOutputStream:75 - [STDERR_REDIRECT] [Fatal Error] :1:1: Premature end of file.
2025-08-15 21:53:48,976 [ERROR] LogOutputStream:75 - [STDERR_REDIRECT] 
2025-08-15 21:53:49,986 [ERROR] LogOutputStream:75 - [STDERR_REDIRECT] [Fatal Error] :1:1: Premature end of file.
2025-08-15 21:53:49,987 [ERROR] LogOutputStream:75 - [STDERR_REDIRECT] 
2025-08-15 21:53:50,980 [ERROR] LogOutputStream:75 - [STDERR_REDIRECT] [Fatal Error] :1:1: Premature end of file.
2025-08-15 21:53:50,980 [ERROR] LogOutputStream:75 - [STDERR_REDIRECT] 
2025-08-15 21:53:51,979 [ERROR] LogOutputStream:75 - [STDERR_REDIRECT] [Fatal Error] :1:1: Premature end of file.
2025-08-15 21:53:51,979 [ERROR] LogOutputStream:75 - [STDERR_REDIRECT] 
2025-08-15 21:53:52,979 [ERROR] LogOutputStream:75 - [STDERR_REDIRECT] [Fatal Error] :1:1: Premature end of file.
2025-08-15 21:53:52,980 [ERROR] LogOutputStream:75 - [STDERR_REDIRECT] 
2025-08-15 21:53:53,978 [ERROR] LogOutputStream:75 - [STDERR_REDIRECT] [Fatal Error] :1:1: Premature end of file.
2025-08-15 21:53:53,979 [ERROR] LogOutputStream:75 - [STDERR_REDIRECT] 
2025-08-15 21:53:54,978 [ERROR] LogOutputStream:75 - [STDERR_REDIRECT] [Fatal Error] :1:1: Premature end of file.
2025-08-15 21:53:54,978 [ERROR] LogOutputStream:75 - [STDERR_REDIRECT] 
2025-08-15 21:53:55,978 [ERROR] LogOutputStream:75 - [STDERR_REDIRECT] [Fatal Error] :1:1: Premature end of file.
2025-08-15 21:53:55,978 [ERROR] LogOutputStream:75 - [STDERR_REDIRECT] 
2025-08-15 21:53:56,978 [ERROR] LogOutputStream:75 - [STDERR_REDIRECT] [Fatal Error] :1:1: Premature end of file.
2025-08-15 21:53:56,978 [ERROR] LogOutputStream:75 - [STDERR_REDIRECT] 
2025-08-15 21:53:57,976 [ERROR] LogOutputStream:75 - [STDERR_REDIRECT] [Fatal Error] :1:1: Premature end of file.
2025-08-15 21:53:57,978 [ERROR] LogOutputStream:75 - [STDERR_REDIRECT] 
2025-08-15 21:53:58,977 [ERROR] LogOutputStream:75 - [STDERR_REDIRECT] [Fatal Error] :1:1: Premature end of file.
2025-08-15 21:53:58,977 [ERROR] LogOutputStream:75 - [STDERR_REDIRECT] 
2025-08-15 21:53:59,976 [ERROR] LogOutputStream:75 - [STDERR_REDIRECT] [Fatal Error] :1:1: Premature end of file.
2025-08-15 21:53:59,977 [ERROR] LogOutputStream:75 - [STDERR_REDIRECT] 
2025-08-15 21:54:00,978 [ERROR] LogOutputStream:75 - [STDERR_REDIRECT] [Fatal Error] :1:1: Premature end of file.
2025-08-15 21:54:00,978 [ERROR] LogOutputStream:75 - [STDERR_REDIRECT] 
2025-08-15 21:54:01,978 [ERROR] LogOutputStream:75 - [STDERR_REDIRECT] [Fatal Error] :1:1: Premature end of file.
2025-08-15 21:54:01,979 [ERROR] LogOutputStream:75 - [STDERR_REDIRECT] 
2025-08-15 21:54:02,976 [ERROR] LogOutputStream:75 - [STDERR_REDIRECT] [Fatal Error] :1:1: Premature end of file.
2025-08-15 21:54:02,976 [ERROR] LogOutputStream:75 - [STDERR_REDIRECT] 
2025-08-15 21:54:03,976 [ERROR] LogOutputStream:75 - [STDERR_REDIRECT] [Fatal Error] :1:1: Premature end of file.
2025-08-15 21:54:03,977 [ERROR] LogOutputStream:75 - [STDERR_REDIRECT] 
2025-08-15 21:54:04,975 [ERROR] LogOutputStream:75 - [STDERR_REDIRECT] [Fatal Error] :1:1: Premature end of file.
2025-08-15 21:54:04,975 [ERROR] LogOutputStream:75 - [STDERR_REDIRECT] 
2025-08-15 21:54:05,976 [ERROR] LogOutputStream:75 - [STDERR_REDIRECT] [Fatal Error] :1:1: Premature end of file.
2025-08-15 21:54:05,976 [ERROR] LogOutputStream:75 - [STDERR_REDIRECT] 
2025-08-15 21:54:06,976 [ERROR] LogOutputStream:75 - [STDERR_REDIRECT] [Fatal Error] :1:1: Premature end of file.
2025-08-15 21:54:06,977 [ERROR] LogOutputStream:75 - [STDERR_REDIRECT] 
2025-08-15 21:54:07,976 [ERROR] LogOutputStream:75 - [STDERR_REDIRECT] [Fatal Error] :1:1: Premature end of file.
2025-08-15 21:54:07,976 [ERROR] LogOutputStream:75 - [STDERR_REDIRECT] 
2025-08-15 21:54:08,976 [ERROR] LogOutputStream:75 - [STDERR_REDIRECT] [Fatal Error] :1:1: Premature end of file.
2025-08-15 21:54:08,976 [ERROR] LogOutputStream:75 - [STDERR_REDIRECT] 
2025-08-15 21:54:09,975 [ERROR] LogOutputStream:75 - [STDERR_REDIRECT] [Fatal Error] :1:1: Premature end of file.
2025-08-15 21:54:09,975 [ERROR] LogOutputStream:75 - [STDERR_REDIRECT] 
2025-08-15 21:54:10,976 [ERROR] LogOutputStream:75 - [STDERR_REDIRECT] [Fatal Error] :1:1: Premature end of file.
2025-08-15 21:54:10,976 [ERROR] LogOutputStream:75 - [STDERR_REDIRECT] 
2025-08-15 21:54:11,976 [ERROR] LogOutputStream:75 - [STDERR_REDIRECT] [Fatal Error] :1:1: Premature end of file.
2025-08-15 21:54:11,976 [ERROR] LogOutputStream:75 - [STDERR_REDIRECT] 
2025-08-15 21:54:12,975 [ERROR] LogOutputStream:75 - [STDERR_REDIRECT] [Fatal Error] :1:1: Premature end of file.
2025-08-15 21:54:12,975 [ERROR] LogOutputStream:75 - [STDERR_REDIRECT] 
2025-08-15 21:54:13,976 [ERROR] LogOutputStream:75 - [STDERR_REDIRECT] [Fatal Error] :1:1: Premature end of file.
2025-08-15 21:54:13,976 [ERROR] LogOutputStream:75 - [STDERR_REDIRECT] 
2025-08-15 21:54:14,975 [ERROR] LogOutputStream:75 - [STDERR_REDIRECT] [Fatal Error] :1:1: Premature end of file.
2025-08-15 21:54:14,975 [ERROR] LogOutputStream:75 - [STDERR_REDIRECT] 
2025-08-15 21:54:15,977 [ERROR] LogOutputStream:75 - [STDERR_REDIRECT] [Fatal Error] :1:1: Premature end of file.
2025-08-15 21:54:15,978 [ERROR] LogOutputStream:75 - [STDERR_REDIRECT] 
2025-08-15 21:54:16,977 [ERROR] LogOutputStream:75 - [STDERR_REDIRECT] [Fatal Error] :1:1: Premature end of file.
2025-08-15 21:54:16,977 [ERROR] LogOutputStream:75 - [STDERR_REDIRECT] 
2025-08-15 21:54:17,978 [ERROR] LogOutputStream:75 - [STDERR_REDIRECT] [Fatal Error] :1:1: Premature end of file.
2025-08-15 21:54:17,978 [ERROR] LogOutputStream:75 - [STDERR_REDIRECT] 
2025-08-15 21:54:18,976 [ERROR] LogOutputStream:75 - [STDERR_REDIRECT] [Fatal Error] :1:1: Premature end of file.
2025-08-15 21:54:18,976 [ERROR] LogOutputStream:75 - [STDERR_REDIRECT] 
2025-08-15 21:54:19,976 [ERROR] LogOutputStream:75 - [STDERR_REDIRECT] [Fatal Error] :1:1: Premature end of file.
2025-08-15 21:54:19,976 [ERROR] LogOutputStream:75 - [STDERR_REDIRECT] 
2025-08-15 21:54:20,977 [ERROR] LogOutputStream:75 - [STDERR_REDIRECT] [Fatal Error] :1:1: Premature end of file.
2025-08-15 21:54:20,977 [ERROR] LogOutputStream:75 - [STDERR_REDIRECT] 
2025-08-15 21:54:21,976 [ERROR] LogOutputStream:75 - [STDERR_REDIRECT] [Fatal Error] :1:1: Premature end of file.
2025-08-15 21:54:21,977 [ERROR] LogOutputStream:75 - [STDERR_REDIRECT] 
2025-08-15 21:54:22,976 [ERROR] LogOutputStream:75 - [STDERR_REDIRECT] [Fatal Error] :1:1: Premature end of file.
2025-08-15 21:54:22,976 [ERROR] LogOutputStream:75 - [STDERR_REDIRECT] 
2025-08-15 21:54:23,976 [ERROR] LogOutputStream:75 - [STDERR_REDIRECT] [Fatal Error] :1:1: Premature end of file.
2025-08-15 21:54:23,976 [ERROR] LogOutputStream:75 - [STDERR_REDIRECT] 
2025-08-15 21:54:24,975 [ERROR] LogOutputStream:75 - [STDERR_REDIRECT] [Fatal Error] :1:1: Premature end of file.
2025-08-15 21:54:24,976 [ERROR] LogOutputStream:75 - [STDERR_REDIRECT] 
2025-08-15 21:54:25,977 [ERROR] LogOutputStream:75 - [STDERR_REDIRECT] [Fatal Error] :1:1: Premature end of file.
2025-08-15 21:54:25,977 [ERROR] LogOutputStream:75 - [STDERR_REDIRECT] 
2025-08-15 21:54:26,976 [ERROR] LogOutputStream:75 - [STDERR_REDIRECT] [Fatal Error] :1:1: Premature end of file.
2025-08-15 21:54:26,976 [ERROR] LogOutputStream:75 - [STDERR_REDIRECT] 
2025-08-15 21:54:27,975 [ERROR] LogOutputStream:75 - [STDERR_REDIRECT] [Fatal Error] :1:1: Premature end of file.
2025-08-15 21:54:27,976 [ERROR] LogOutputStream:75 - [STDERR_REDIRECT] 
2025-08-15 21:54:28,976 [ERROR] LogOutputStream:75 - [STDERR_REDIRECT] [Fatal Error] :1:1: Premature end of file.
2025-08-15 21:54:28,976 [ERROR] LogOutputStream:75 - [STDERR_REDIRECT] 
2025-08-15 21:54:29,976 [ERROR] LogOutputStream:75 - [STDERR_REDIRECT] [Fatal Error] :1:1: Premature end of file.
2025-08-15 21:54:29,976 [ERROR] LogOutputStream:75 - [STDERR_REDIRECT] 
2025-08-15 21:54:30,976 [ERROR] LogOutputStream:75 - [STDERR_REDIRECT] [Fatal Error] :1:1: Premature end of file.
2025-08-15 21:54:30,976 [ERROR] LogOutputStream:75 - [STDERR_REDIRECT] 
2025-08-15 21:54:31,976 [ERROR] LogOutputStream:75 - [STDERR_REDIRECT] [Fatal Error] :1:1: Premature end of file.
2025-08-15 21:54:31,976 [ERROR] LogOutputStream:75 - [STDERR_REDIRECT] 
2025-08-15 21:54:32,976 [ERROR] LogOutputStream:75 - [STDERR_REDIRECT] [Fatal Error] :1:1: Premature end of file.
2025-08-15 21:54:32,976 [ERROR] LogOutputStream:75 - [STDERR_REDIRECT] 
2025-08-15 21:54:33,978 [ERROR] LogOutputStream:75 - [STDERR_REDIRECT] [Fatal Error] :1:1: Premature end of file.
2025-08-15 21:54:33,978 [ERROR] LogOutputStream:75 - [STDERR_REDIRECT] 
2025-08-15 21:54:34,977 [ERROR] LogOutputStream:75 - [STDERR_REDIRECT] [Fatal Error] :1:1: Premature end of file.
2025-08-15 21:54:34,977 [ERROR] LogOutputStream:75 - [STDERR_REDIRECT] 
2025-08-15 21:54:35,977 [ERROR] LogOutputStream:75 - [STDERR_REDIRECT] [Fatal Error] :1:1: Premature end of file.
2025-08-15 21:54:35,977 [ERROR] LogOutputStream:75 - [STDERR_REDIRECT] 
2025-08-15 21:54:36,976 [ERROR] LogOutputStream:75 - [STDERR_REDIRECT] [Fatal Error] :1:1: Premature end of file.
2025-08-15 21:54:36,976 [ERROR] LogOutputStream:75 - [STDERR_REDIRECT] 
2025-08-15 21:54:37,976 [ERROR] LogOutputStream:75 - [STDERR_REDIRECT] [Fatal Error] :1:1: Premature end of file.
2025-08-15 21:54:37,976 [ERROR] LogOutputStream:75 - [STDERR_REDIRECT] 
2025-08-15 21:54:38,976 [ERROR] LogOutputStream:75 - [STDERR_REDIRECT] [Fatal Error] :1:1: Premature end of file.
2025-08-15 21:54:38,976 [ERROR] LogOutputStream:75 - [STDERR_REDIRECT] 
2025-08-15 21:54:39,975 [ERROR] LogOutputStream:75 - [STDERR_REDIRECT] [Fatal Error] :1:1: Premature end of file.
2025-08-15 21:54:39,975 [ERROR] LogOutputStream:75 - [STDERR_REDIRECT] 
2025-08-15 21:54:40,976 [ERROR] LogOutputStream:75 - [STDERR_REDIRECT] [Fatal Error] :1:1: Premature end of file.
2025-08-15 21:54:40,976 [ERROR] LogOutputStream:75 - [STDERR_REDIRECT] 
2025-08-15 21:54:41,976 [ERROR] LogOutputStream:75 - [STDERR_REDIRECT] [Fatal Error] :1:1: Premature end of file.
2025-08-15 21:54:41,977 [ERROR] LogOutputStream:75 - [STDERR_REDIRECT] 
2025-08-15 21:54:42,975 [ERROR] LogOutputStream:75 - [STDERR_REDIRECT] [Fatal Error] :1:1: Premature end of file.
2025-08-15 21:54:42,975 [ERROR] LogOutputStream:75 - [STDERR_REDIRECT] 
2025-08-15 21:54:43,976 [ERROR] LogOutputStream:75 - [STDERR_REDIRECT] [Fatal Error] :1:1: Premature end of file.
2025-08-15 21:54:43,976 [ERROR] LogOutputStream:75 - [STDERR_REDIRECT] 
2025-08-15 21:54:44,976 [ERROR] LogOutputStream:75 - [STDERR_REDIRECT] [Fatal Error] :1:1: Premature end of file.
2025-08-15 21:54:44,977 [ERROR] LogOutputStream:75 - [STDERR_REDIRECT] 
2025-08-15 21:54:45,977 [ERROR] LogOutputStream:75 - [STDERR_REDIRECT] [Fatal Error] :1:1: Premature end of file.
2025-08-15 21:54:45,977 [ERROR] LogOutputStream:75 - [STDERR_REDIRECT] 
2025-08-15 21:54:46,976 [ERROR] LogOutputStream:75 - [STDERR_REDIRECT] [Fatal Error] :1:1: Premature end of file.
2025-08-15 21:54:46,976 [ERROR] LogOutputStream:75 - [STDERR_REDIRECT] 
2025-08-15 21:54:47,975 [ERROR] LogOutputStream:75 - [STDERR_REDIRECT] [Fatal Error] :1:1: Premature end of file.
2025-08-15 21:54:47,976 [ERROR] LogOutputStream:75 - [STDERR_REDIRECT] 
2025-08-15 21:54:48,975 [ERROR] LogOutputStream:75 - [STDERR_REDIRECT] [Fatal Error] :1:1: Premature end of file.
2025-08-15 21:54:48,975 [ERROR] LogOutputStream:75 - [STDERR_REDIRECT] 
2025-08-15 21:54:49,976 [ERROR] LogOutputStream:75 - [STDERR_REDIRECT] [Fatal Error] :1:1: Premature end of file.
2025-08-15 21:54:49,976 [ERROR] LogOutputStream:75 - [STDERR_REDIRECT] 
2025-08-15 21:54:50,991 [ERROR] LogOutputStream:75 - [STDERR_REDIRECT] [Fatal Error] :1:1: Premature end of file.
2025-08-15 21:54:50,991 [ERROR] LogOutputStream:75 - [STDERR_REDIRECT] 
2025-08-15 21:54:51,978 [ERROR] LogOutputStream:75 - [STDERR_REDIRECT] [Fatal Error] :1:1: Premature end of file.
2025-08-15 21:54:51,978 [ERROR] LogOutputStream:75 - [STDERR_REDIRECT] 
2025-08-15 21:54:52,979 [ERROR] LogOutputStream:75 - [STDERR_REDIRECT] [Fatal Error] :1:1: Premature end of file.
2025-08-15 21:54:52,979 [ERROR] LogOutputStream:75 - [STDERR_REDIRECT] 
2025-08-15 21:54:53,975 [ERROR] LogOutputStream:75 - [STDERR_REDIRECT] [Fatal Error] :1:1: Premature end of file.
2025-08-15 21:54:53,975 [ERROR] LogOutputStream:75 - [STDERR_REDIRECT] 
2025-08-15 21:54:54,976 [ERROR] LogOutputStream:75 - [STDERR_REDIRECT] [Fatal Error] :1:1: Premature end of file.
2025-08-15 21:54:54,976 [ERROR] LogOutputStream:75 - [STDERR_REDIRECT] 
2025-08-15 21:54:55,976 [ERROR] LogOutputStream:75 - [STDERR_REDIRECT] [Fatal Error] :1:1: Premature end of file.
2025-08-15 21:54:55,976 [ERROR] LogOutputStream:75 - [STDERR_REDIRECT] 
2025-08-15 21:54:56,977 [ERROR] LogOutputStream:75 - [STDERR_REDIRECT] [Fatal Error] :1:1: Premature end of file.
2025-08-15 21:54:56,977 [ERROR] LogOutputStream:75 - [STDERR_REDIRECT] 
2025-08-15 21:54:57,977 [ERROR] LogOutputStream:75 - [STDERR_REDIRECT] [Fatal Error] :1:1: Premature end of file.
2025-08-15 21:54:57,977 [ERROR] LogOutputStream:75 - [STDERR_REDIRECT] 
2025-08-15 21:54:58,975 [ERROR] LogOutputStream:75 - [STDERR_REDIRECT] [Fatal Error] :1:1: Premature end of file.
2025-08-15 21:54:58,975 [ERROR] LogOutputStream:75 - [STDERR_REDIRECT] 
2025-08-15 21:54:59,975 [ERROR] LogOutputStream:75 - [STDERR_REDIRECT] [Fatal Error] :1:1: Premature end of file.
2025-08-15 21:54:59,976 [ERROR] LogOutputStream:75 - [STDERR_REDIRECT] 
2025-08-15 21:55:00,977 [ERROR] LogOutputStream:75 - [STDERR_REDIRECT] [Fatal Error] :1:1: Premature end of file.
2025-08-15 21:55:00,978 [ERROR] LogOutputStream:75 - [STDERR_REDIRECT] 
2025-08-15 21:55:01,976 [ERROR] LogOutputStream:75 - [STDERR_REDIRECT] [Fatal Error] :1:1: Premature end of file.
2025-08-15 21:55:01,977 [ERROR] LogOutputStream:75 - [STDERR_REDIRECT] 
2025-08-15 21:55:02,976 [ERROR] LogOutputStream:75 - [STDERR_REDIRECT] [Fatal Error] :1:1: Premature end of file.
2025-08-15 21:55:02,976 [ERROR] LogOutputStream:75 - [STDERR_REDIRECT] 
2025-08-15 21:55:03,976 [ERROR] LogOutputStream:75 - [STDERR_REDIRECT] [Fatal Error] :1:1: Premature end of file.
2025-08-15 21:55:03,976 [ERROR] LogOutputStream:75 - [STDERR_REDIRECT] 
2025-08-15 21:55:04,975 [ERROR] LogOutputStream:75 - [STDERR_REDIRECT] [Fatal Error] :1:1: Premature end of file.
2025-08-15 21:55:04,975 [ERROR] LogOutputStream:75 - [STDERR_REDIRECT] 
2025-08-15 21:55:05,976 [ERROR] LogOutputStream:75 - [STDERR_REDIRECT] [Fatal Error] :1:1: Premature end of file.
2025-08-15 21:55:05,976 [ERROR] LogOutputStream:75 - [STDERR_REDIRECT] 
2025-08-15 21:55:06,976 [ERROR] LogOutputStream:75 - [STDERR_REDIRECT] [Fatal Error] :1:1: Premature end of file.
2025-08-15 21:55:06,976 [ERROR] LogOutputStream:75 - [STDERR_REDIRECT] 
2025-08-15 21:55:07,976 [ERROR] LogOutputStream:75 - [STDERR_REDIRECT] [Fatal Error] :1:1: Premature end of file.
2025-08-15 21:55:07,976 [ERROR] LogOutputStream:75 - [STDERR_REDIRECT] 
2025-08-15 21:55:08,976 [ERROR] LogOutputStream:75 - [STDERR_REDIRECT] [Fatal Error] :1:1: Premature end of file.
2025-08-15 21:55:08,976 [ERROR] LogOutputStream:75 - [STDERR_REDIRECT] 
2025-08-15 21:55:09,977 [ERROR] LogOutputStream:75 - [STDERR_REDIRECT] [Fatal Error] :1:1: Premature end of file.
2025-08-15 21:55:09,977 [ERROR] LogOutputStream:75 - [STDERR_REDIRECT] 
2025-08-15 21:55:10,976 [ERROR] LogOutputStream:75 - [STDERR_REDIRECT] [Fatal Error] :1:1: Premature end of file.
2025-08-15 21:55:10,977 [ERROR] LogOutputStream:75 - [STDERR_REDIRECT] 
2025-08-15 21:55:11,975 [ERROR] LogOutputStream:75 - [STDERR_REDIRECT] [Fatal Error] :1:1: Premature end of file.
2025-08-15 21:55:11,975 [ERROR] LogOutputStream:75 - [STDERR_REDIRECT] 
2025-08-15 21:55:12,977 [ERROR] LogOutputStream:75 - [STDERR_REDIRECT] [Fatal Error] :1:1: Premature end of file.
2025-08-15 21:55:12,977 [ERROR] LogOutputStream:75 - [STDERR_REDIRECT] 
2025-08-15 21:55:13,975 [ERROR] LogOutputStream:75 - [STDERR_REDIRECT] [Fatal Error] :1:1: Premature end of file.
2025-08-15 21:55:13,975 [ERROR] LogOutputStream:75 - [STDERR_REDIRECT] 
2025-08-15 21:55:14,975 [ERROR] LogOutputStream:75 - [STDERR_REDIRECT] [Fatal Error] :1:1: Premature end of file.
2025-08-15 21:55:14,976 [ERROR] LogOutputStream:75 - [STDERR_REDIRECT] 
2025-08-15 21:55:15,975 [ERROR] LogOutputStream:75 - [STDERR_REDIRECT] [Fatal Error] :1:1: Premature end of file.
2025-08-15 21:55:15,976 [ERROR] LogOutputStream:75 - [STDERR_REDIRECT] 
2025-08-15 21:55:16,977 [ERROR] LogOutputStream:75 - [STDERR_REDIRECT] [Fatal Error] :1:1: Premature end of file.
2025-08-15 21:55:16,978 [ERROR] LogOutputStream:75 - [STDERR_REDIRECT] 
2025-08-15 21:55:17,976 [ERROR] LogOutputStream:75 - [STDERR_REDIRECT] [Fatal Error] :1:1: Premature end of file.
2025-08-15 21:55:17,977 [ERROR] LogOutputStream:75 - [STDERR_REDIRECT] 
2025-08-15 21:55:18,976 [ERROR] LogOutputStream:75 - [STDERR_REDIRECT] [Fatal Error] :1:1: Premature end of file.
2025-08-15 21:55:18,977 [ERROR] LogOutputStream:75 - [STDERR_REDIRECT] 
2025-08-15 21:55:19,976 [ERROR] LogOutputStream:75 - [STDERR_REDIRECT] [Fatal Error] :1:1: Premature end of file.
2025-08-15 21:55:19,976 [ERROR] LogOutputStream:75 - [STDERR_REDIRECT] 
2025-08-15 21:55:20,978 [ERROR] LogOutputStream:75 - [STDERR_REDIRECT] [Fatal Error] :1:1: Premature end of file.
2025-08-15 21:55:20,978 [ERROR] LogOutputStream:75 - [STDERR_REDIRECT] 
2025-08-15 21:55:21,975 [ERROR] LogOutputStream:75 - [STDERR_REDIRECT] [Fatal Error] :1:1: Premature end of file.
2025-08-15 21:55:21,975 [ERROR] LogOutputStream:75 - [STDERR_REDIRECT] 
2025-08-15 21:55:22,977 [ERROR] LogOutputStream:75 - [STDERR_REDIRECT] [Fatal Error] :1:1: Premature end of file.
2025-08-15 21:55:22,977 [ERROR] LogOutputStream:75 - [STDERR_REDIRECT] 
2025-08-15 21:55:23,976 [ERROR] LogOutputStream:75 - [STDERR_REDIRECT] [Fatal Error] :1:1: Premature end of file.
2025-08-15 21:55:23,976 [ERROR] LogOutputStream:75 - [STDERR_REDIRECT] 
2025-08-15 21:55:24,977 [ERROR] LogOutputStream:75 - [STDERR_REDIRECT] [Fatal Error] :1:1: Premature end of file.
2025-08-15 21:55:24,977 [ERROR] LogOutputStream:75 - [STDERR_REDIRECT] 
2025-08-15 21:55:25,976 [ERROR] LogOutputStream:75 - [STDERR_REDIRECT] [Fatal Error] :1:1: Premature end of file.
2025-08-15 21:55:25,976 [ERROR] LogOutputStream:75 - [STDERR_REDIRECT] 
2025-08-15 21:55:26,975 [ERROR] LogOutputStream:75 - [STDERR_REDIRECT] [Fatal Error] :1:1: Premature end of file.
2025-08-15 21:55:26,975 [ERROR] LogOutputStream:75 - [STDERR_REDIRECT] 
2025-08-15 21:55:27,976 [ERROR] LogOutputStream:75 - [STDERR_REDIRECT] [Fatal Error] :1:1: Premature end of file.
2025-08-15 21:55:27,976 [ERROR] LogOutputStream:75 - [STDERR_REDIRECT] 
2025-08-15 21:55:28,975 [ERROR] LogOutputStream:75 - [STDERR_REDIRECT] [Fatal Error] :1:1: Premature end of file.
2025-08-15 21:55:28,975 [ERROR] LogOutputStream:75 - [STDERR_REDIRECT] 
2025-08-15 21:55:29,977 [ERROR] LogOutputStream:75 - [STDERR_REDIRECT] [Fatal Error] :1:1: Premature end of file.
2025-08-15 21:55:29,977 [ERROR] LogOutputStream:75 - [STDERR_REDIRECT] 
2025-08-15 21:55:30,976 [ERROR] LogOutputStream:75 - [STDERR_REDIRECT] [Fatal Error] :1:1: Premature end of file.
2025-08-15 21:55:30,976 [ERROR] LogOutputStream:75 - [STDERR_REDIRECT] 
2025-08-15 21:55:31,978 [ERROR] LogOutputStream:75 - [STDERR_REDIRECT] [Fatal Error] :1:1: Premature end of file.
2025-08-15 21:55:31,978 [ERROR] LogOutputStream:75 - [STDERR_REDIRECT] 
2025-08-15 21:55:32,975 [ERROR] LogOutputStream:75 - [STDERR_REDIRECT] [Fatal Error] :1:1: Premature end of file.
2025-08-15 21:55:32,976 [ERROR] LogOutputStream:75 - [STDERR_REDIRECT] 
2025-08-15 21:55:33,977 [ERROR] LogOutputStream:75 - [STDERR_REDIRECT] [Fatal Error] :1:1: Premature end of file.
2025-08-15 21:55:33,978 [ERROR] LogOutputStream:75 - [STDERR_REDIRECT] 
2025-08-15 21:55:34,977 [ERROR] LogOutputStream:75 - [STDERR_REDIRECT] [Fatal Error] :1:1: Premature end of file.
2025-08-15 21:55:34,977 [ERROR] LogOutputStream:75 - [STDERR_REDIRECT] 
2025-08-15 21:55:35,977 [ERROR] LogOutputStream:75 - [STDERR_REDIRECT] [Fatal Error] :1:1: Premature end of file.
2025-08-15 21:55:35,977 [ERROR] LogOutputStream:75 - [STDERR_REDIRECT] 
2025-08-15 21:55:36,976 [ERROR] LogOutputStream:75 - [STDERR_REDIRECT] [Fatal Error] :1:1: Premature end of file.
2025-08-15 21:55:36,976 [ERROR] LogOutputStream:75 - [STDERR_REDIRECT] 
2025-08-15 21:55:37,976 [ERROR] LogOutputStream:75 - [STDERR_REDIRECT] [Fatal Error] :1:1: Premature end of file.
2025-08-15 21:55:37,976 [ERROR] LogOutputStream:75 - [STDERR_REDIRECT] 
2025-08-15 21:55:38,978 [ERROR] LogOutputStream:75 - [STDERR_REDIRECT] [Fatal Error] :1:1: Premature end of file.
2025-08-15 21:55:38,978 [ERROR] LogOutputStream:75 - [STDERR_REDIRECT] 
2025-08-15 21:55:39,976 [ERROR] LogOutputStream:75 - [STDERR_REDIRECT] [Fatal Error] :1:1: Premature end of file.
2025-08-15 21:55:39,977 [ERROR] LogOutputStream:75 - [STDERR_REDIRECT] 
2025-08-15 21:55:40,977 [ERROR] LogOutputStream:75 - [STDERR_REDIRECT] [Fatal Error] :1:1: Premature end of file.
2025-08-15 21:55:40,977 [ERROR] LogOutputStream:75 - [STDERR_REDIRECT] 
2025-08-15 21:55:41,977 [ERROR] LogOutputStream:75 - [STDERR_REDIRECT] [Fatal Error] :1:1: Premature end of file.
2025-08-15 21:55:41,977 [ERROR] LogOutputStream:75 - [STDERR_REDIRECT] 
2025-08-15 21:55:42,976 [ERROR] LogOutputStream:75 - [STDERR_REDIRECT] [Fatal Error] :1:1: Premature end of file.
2025-08-15 21:55:42,977 [ERROR] LogOutputStream:75 - [STDERR_REDIRECT] 
2025-08-15 21:55:43,977 [ERROR] LogOutputStream:75 - [STDERR_REDIRECT] [Fatal Error] :1:1: Premature end of file.
2025-08-15 21:55:43,977 [ERROR] LogOutputStream:75 - [STDERR_REDIRECT] 
2025-08-15 21:55:44,977 [ERROR] LogOutputStream:75 - [STDERR_REDIRECT] [Fatal Error] :1:1: Premature end of file.
2025-08-15 21:55:44,977 [ERROR] LogOutputStream:75 - [STDERR_REDIRECT] 
2025-08-15 21:55:45,976 [ERROR] LogOutputStream:75 - [STDERR_REDIRECT] [Fatal Error] :1:1: Premature end of file.
2025-08-15 21:55:45,976 [ERROR] LogOutputStream:75 - [STDERR_REDIRECT] 
2025-08-15 21:55:46,976 [ERROR] LogOutputStream:75 - [STDERR_REDIRECT] [Fatal Error] :1:1: Premature end of file.
2025-08-15 21:55:46,976 [ERROR] LogOutputStream:75 - [STDERR_REDIRECT] 
2025-08-15 21:55:47,976 [ERROR] LogOutputStream:75 - [STDERR_REDIRECT] [Fatal Error] :1:1: Premature end of file.
2025-08-15 21:55:47,976 [ERROR] LogOutputStream:75 - [STDERR_REDIRECT] 
2025-08-15 21:55:48,977 [ERROR] LogOutputStream:75 - [STDERR_REDIRECT] [Fatal Error] :1:1: Premature end of file.
2025-08-15 21:55:48,977 [ERROR] LogOutputStream:75 - [STDERR_REDIRECT] 
2025-08-15 21:55:49,976 [ERROR] LogOutputStream:75 - [STDERR_REDIRECT] [Fatal Error] :1:1: Premature end of file.
2025-08-15 21:55:49,976 [ERROR] LogOutputStream:75 - [STDERR_REDIRECT] 
2025-08-15 21:55:50,976 [ERROR] LogOutputStream:75 - [STDERR_REDIRECT] [Fatal Error] :1:1: Premature end of file.
2025-08-15 21:55:50,976 [ERROR] LogOutputStream:75 - [STDERR_REDIRECT] 
2025-08-15 21:55:51,977 [ERROR] LogOutputStream:75 - [STDERR_REDIRECT] [Fatal Error] :1:1: Premature end of file.
2025-08-15 21:55:51,977 [ERROR] LogOutputStream:75 - [STDERR_REDIRECT] 
2025-08-15 21:55:52,975 [ERROR] LogOutputStream:75 - [STDERR_REDIRECT] [Fatal Error] :1:1: Premature end of file.
2025-08-15 21:55:52,975 [ERROR] LogOutputStream:75 - [STDERR_REDIRECT] 
2025-08-15 21:55:53,980 [ERROR] LogOutputStream:75 - [STDERR_REDIRECT] [Fatal Error] :1:1: Premature end of file.
2025-08-15 21:55:53,980 [ERROR] LogOutputStream:75 - [STDERR_REDIRECT] 
2025-08-15 21:55:54,977 [ERROR] LogOutputStream:75 - [STDERR_REDIRECT] [Fatal Error] :1:1: Premature end of file.
2025-08-15 21:55:54,977 [ERROR] LogOutputStream:75 - [STDERR_REDIRECT] 
2025-08-15 21:55:55,976 [ERROR] LogOutputStream:75 - [STDERR_REDIRECT] [Fatal Error] :1:1: Premature end of file.
2025-08-15 21:55:55,976 [ERROR] LogOutputStream:75 - [STDERR_REDIRECT] 
2025-08-15 21:55:56,975 [ERROR] LogOutputStream:75 - [STDERR_REDIRECT] [Fatal Error] :1:1: Premature end of file.
2025-08-15 21:55:56,975 [ERROR] LogOutputStream:75 - [STDERR_REDIRECT] 
2025-08-15 21:55:57,977 [ERROR] LogOutputStream:75 - [STDERR_REDIRECT] [Fatal Error] :1:1: Premature end of file.
2025-08-15 21:55:57,977 [ERROR] LogOutputStream:75 - [STDERR_REDIRECT] 
2025-08-15 21:55:58,977 [ERROR] LogOutputStream:75 - [STDERR_REDIRECT] [Fatal Error] :1:1: Premature end of file.
2025-08-15 21:55:58,977 [ERROR] LogOutputStream:75 - [STDERR_REDIRECT] 
2025-08-15 21:55:59,976 [ERROR] LogOutputStream:75 - [STDERR_REDIRECT] [Fatal Error] :1:1: Premature end of file.
2025-08-15 21:55:59,976 [ERROR] LogOutputStream:75 - [STDERR_REDIRECT] 
2025-08-15 21:56:00,975 [ERROR] LogOutputStream:75 - [STDERR_REDIRECT] [Fatal Error] :1:1: Premature end of file.
2025-08-15 21:56:00,975 [ERROR] LogOutputStream:75 - [STDERR_REDIRECT] 
2025-08-15 21:56:01,975 [ERROR] LogOutputStream:75 - [STDERR_REDIRECT] [Fatal Error] :1:1: Premature end of file.
2025-08-15 21:56:01,977 [ERROR] LogOutputStream:75 - [STDERR_REDIRECT] 
2025-08-15 21:56:02,975 [ERROR] LogOutputStream:75 - [STDERR_REDIRECT] [Fatal Error] :1:1: Premature end of file.
2025-08-15 21:56:02,975 [ERROR] LogOutputStream:75 - [STDERR_REDIRECT] 
2025-08-15 21:56:03,976 [ERROR] LogOutputStream:75 - [STDERR_REDIRECT] [Fatal Error] :1:1: Premature end of file.
2025-08-15 21:56:03,976 [ERROR] LogOutputStream:75 - [STDERR_REDIRECT] 
2025-08-15 21:56:04,975 [ERROR] LogOutputStream:75 - [STDERR_REDIRECT] [Fatal Error] :1:1: Premature end of file.
2025-08-15 21:56:04,976 [ERROR] LogOutputStream:75 - [STDERR_REDIRECT] 
2025-08-15 21:56:05,976 [ERROR] LogOutputStream:75 - [STDERR_REDIRECT] [Fatal Error] :1:1: Premature end of file.
2025-08-15 21:56:05,976 [ERROR] LogOutputStream:75 - [STDERR_REDIRECT] 
2025-08-15 21:56:06,977 [ERROR] LogOutputStream:75 - [STDERR_REDIRECT] [Fatal Error] :1:1: Premature end of file.
2025-08-15 21:56:06,977 [ERROR] LogOutputStream:75 - [STDERR_REDIRECT] 
2025-08-15 21:56:07,976 [ERROR] LogOutputStream:75 - [STDERR_REDIRECT] [Fatal Error] :1:1: Premature end of file.
2025-08-15 21:56:07,976 [ERROR] LogOutputStream:75 - [STDERR_REDIRECT] 
2025-08-15 21:56:08,975 [ERROR] LogOutputStream:75 - [STDERR_REDIRECT] [Fatal Error] :1:1: Premature end of file.
2025-08-15 21:56:08,975 [ERROR] LogOutputStream:75 - [STDERR_REDIRECT] 
2025-08-15 21:56:09,977 [ERROR] LogOutputStream:75 - [STDERR_REDIRECT] [Fatal Error] :1:1: Premature end of file.
2025-08-15 21:56:09,977 [ERROR] LogOutputStream:75 - [STDERR_REDIRECT] 
2025-08-15 21:56:10,976 [ERROR] LogOutputStream:75 - [STDERR_REDIRECT] [Fatal Error] :1:1: Premature end of file.
2025-08-15 21:56:10,976 [ERROR] LogOutputStream:75 - [STDERR_REDIRECT] 
2025-08-15 21:56:11,976 [ERROR] LogOutputStream:75 - [STDERR_REDIRECT] [Fatal Error] :1:1: Premature end of file.
2025-08-15 21:56:11,976 [ERROR] LogOutputStream:75 - [STDERR_REDIRECT] 
2025-08-15 21:56:12,976 [ERROR] LogOutputStream:75 - [STDERR_REDIRECT] [Fatal Error] :1:1: Premature end of file.
2025-08-15 21:56:12,977 [ERROR] LogOutputStream:75 - [STDERR_REDIRECT] 
2025-08-15 21:56:13,975 [ERROR] LogOutputStream:75 - [STDERR_REDIRECT] [Fatal Error] :1:1: Premature end of file.
2025-08-15 21:56:13,975 [ERROR] LogOutputStream:75 - [STDERR_REDIRECT] 
2025-08-15 21:56:14,975 [ERROR] LogOutputStream:75 - [STDERR_REDIRECT] [Fatal Error] :1:1: Premature end of file.
2025-08-15 21:56:14,976 [ERROR] LogOutputStream:75 - [STDERR_REDIRECT] 
2025-08-15 21:56:15,976 [ERROR] LogOutputStream:75 - [STDERR_REDIRECT] [Fatal Error] :1:1: Premature end of file.
2025-08-15 21:56:15,976 [ERROR] LogOutputStream:75 - [STDERR_REDIRECT] 
2025-08-15 21:56:16,983 [ERROR] LogOutputStream:75 - [STDERR_REDIRECT] [Fatal Error] :1:1: Premature end of file.
2025-08-15 21:56:16,984 [ERROR] LogOutputStream:75 - [STDERR_REDIRECT] 
2025-08-15 21:56:17,976 [ERROR] LogOutputStream:75 - [STDERR_REDIRECT] [Fatal Error] :1:1: Premature end of file.
2025-08-15 21:56:17,976 [ERROR] LogOutputStream:75 - [STDERR_REDIRECT] 
2025-08-15 21:56:18,975 [ERROR] LogOutputStream:75 - [STDERR_REDIRECT] [Fatal Error] :1:1: Premature end of file.
2025-08-15 21:56:18,976 [ERROR] LogOutputStream:75 - [STDERR_REDIRECT] 
2025-08-15 21:56:19,978 [ERROR] LogOutputStream:75 - [STDERR_REDIRECT] [Fatal Error] :1:1: Premature end of file.
2025-08-15 21:56:19,978 [ERROR] LogOutputStream:75 - [STDERR_REDIRECT] 
2025-08-15 21:56:20,976 [ERROR] LogOutputStream:75 - [STDERR_REDIRECT] [Fatal Error] :1:1: Premature end of file.
2025-08-15 21:56:20,977 [ERROR] LogOutputStream:75 - [STDERR_REDIRECT] 
2025-08-15 21:56:21,977 [ERROR] LogOutputStream:75 - [STDERR_REDIRECT] [Fatal Error] :1:1: Premature end of file.
2025-08-15 21:56:21,977 [ERROR] LogOutputStream:75 - [STDERR_REDIRECT] 
2025-08-15 21:56:22,975 [ERROR] LogOutputStream:75 - [STDERR_REDIRECT] [Fatal Error] :1:1: Premature end of file.
2025-08-15 21:56:22,975 [ERROR] LogOutputStream:75 - [STDERR_REDIRECT] 
2025-08-15 21:56:23,976 [ERROR] LogOutputStream:75 - [STDERR_REDIRECT] [Fatal Error] :1:1: Premature end of file.
2025-08-15 21:56:23,976 [ERROR] LogOutputStream:75 - [STDERR_REDIRECT] 
2025-08-15 21:56:24,976 [ERROR] LogOutputStream:75 - [STDERR_REDIRECT] [Fatal Error] :1:1: Premature end of file.
2025-08-15 21:56:24,976 [ERROR] LogOutputStream:75 - [STDERR_REDIRECT] 
2025-08-15 21:56:25,975 [ERROR] LogOutputStream:75 - [STDERR_REDIRECT] [Fatal Error] :1:1: Premature end of file.
2025-08-15 21:56:25,976 [ERROR] LogOutputStream:75 - [STDERR_REDIRECT] 
2025-08-15 21:56:26,976 [ERROR] LogOutputStream:75 - [STDERR_REDIRECT] [Fatal Error] :1:1: Premature end of file.
2025-08-15 21:56:26,977 [ERROR] LogOutputStream:75 - [STDERR_REDIRECT] 
2025-08-15 21:56:27,977 [ERROR] LogOutputStream:75 - [STDERR_REDIRECT] [Fatal Error] :1:1: Premature end of file.
2025-08-15 21:56:27,977 [ERROR] LogOutputStream:75 - [STDERR_REDIRECT] 
2025-08-15 21:56:28,975 [ERROR] LogOutputStream:75 - [STDERR_REDIRECT] [Fatal Error] :1:1: Premature end of file.
2025-08-15 21:56:28,976 [ERROR] LogOutputStream:75 - [STDERR_REDIRECT] 
2025-08-15 21:56:29,976 [ERROR] LogOutputStream:75 - [STDERR_REDIRECT] [Fatal Error] :1:1: Premature end of file.
2025-08-15 21:56:29,977 [ERROR] LogOutputStream:75 - [STDERR_REDIRECT] 
2025-08-15 21:56:30,976 [ERROR] LogOutputStream:75 - [STDERR_REDIRECT] [Fatal Error] :1:1: Premature end of file.
2025-08-15 21:56:30,977 [ERROR] LogOutputStream:75 - [STDERR_REDIRECT] 
2025-08-15 21:56:31,976 [ERROR] LogOutputStream:75 - [STDERR_REDIRECT] [Fatal Error] :1:1: Premature end of file.
2025-08-15 21:56:31,976 [ERROR] LogOutputStream:75 - [STDERR_REDIRECT] 
2025-08-15 21:56:32,976 [ERROR] LogOutputStream:75 - [STDERR_REDIRECT] [Fatal Error] :1:1: Premature end of file.
2025-08-15 21:56:32,976 [ERROR] LogOutputStream:75 - [STDERR_REDIRECT] 
2025-08-15 21:56:33,978 [ERROR] LogOutputStream:75 - [STDERR_REDIRECT] [Fatal Error] :1:1: Premature end of file.
2025-08-15 21:56:33,978 [ERROR] LogOutputStream:75 - [STDERR_REDIRECT] 
2025-08-15 21:56:34,975 [ERROR] LogOutputStream:75 - [STDERR_REDIRECT] [Fatal Error] :1:1: Premature end of file.
2025-08-15 21:56:34,976 [ERROR] LogOutputStream:75 - [STDERR_REDIRECT] 
2025-08-15 21:56:35,977 [ERROR] LogOutputStream:75 - [STDERR_REDIRECT] [Fatal Error] :1:1: Premature end of file.
2025-08-15 21:56:35,978 [ERROR] LogOutputStream:75 - [STDERR_REDIRECT] 
2025-08-15 21:56:36,977 [ERROR] LogOutputStream:75 - [STDERR_REDIRECT] [Fatal Error] :1:1: Premature end of file.
2025-08-15 21:56:36,977 [ERROR] LogOutputStream:75 - [STDERR_REDIRECT] 
2025-08-15 21:56:37,976 [ERROR] LogOutputStream:75 - [STDERR_REDIRECT] [Fatal Error] :1:1: Premature end of file.
2025-08-15 21:56:37,977 [ERROR] LogOutputStream:75 - [STDERR_REDIRECT] 
2025-08-15 21:56:38,976 [ERROR] LogOutputStream:75 - [STDERR_REDIRECT] [Fatal Error] :1:1: Premature end of file.
2025-08-15 21:56:38,976 [ERROR] LogOutputStream:75 - [STDERR_REDIRECT] 
2025-08-15 21:56:39,978 [ERROR] LogOutputStream:75 - [STDERR_REDIRECT] [Fatal Error] :1:1: Premature end of file.
2025-08-15 21:56:39,978 [ERROR] LogOutputStream:75 - [STDERR_REDIRECT] 
2025-08-15 21:56:40,976 [ERROR] LogOutputStream:75 - [STDERR_REDIRECT] [Fatal Error] :1:1: Premature end of file.
2025-08-15 21:56:40,976 [ERROR] LogOutputStream:75 - [STDERR_REDIRECT] 
2025-08-15 21:56:41,976 [ERROR] LogOutputStream:75 - [STDERR_REDIRECT] [Fatal Error] :1:1: Premature end of file.
2025-08-15 21:56:41,976 [ERROR] LogOutputStream:75 - [STDERR_REDIRECT] 
2025-08-15 21:56:42,979 [ERROR] LogOutputStream:75 - [STDERR_REDIRECT] [Fatal Error] :1:1: Premature end of file.
2025-08-15 21:56:42,979 [ERROR] LogOutputStream:75 - [STDERR_REDIRECT] 
2025-08-15 21:56:43,977 [ERROR] LogOutputStream:75 - [STDERR_REDIRECT] [Fatal Error] :1:1: Premature end of file.
2025-08-15 21:56:43,977 [ERROR] LogOutputStream:75 - [STDERR_REDIRECT] 
2025-08-15 21:56:44,976 [ERROR] LogOutputStream:75 - [STDERR_REDIRECT] [Fatal Error] :1:1: Premature end of file.
2025-08-15 21:56:44,977 [ERROR] LogOutputStream:75 - [STDERR_REDIRECT] 
2025-08-15 21:56:45,979 [ERROR] LogOutputStream:75 - [STDERR_REDIRECT] [Fatal Error] :1:1: Premature end of file.
2025-08-15 21:56:45,980 [ERROR] LogOutputStream:75 - [STDERR_REDIRECT] 
2025-08-15 21:56:46,978 [ERROR] LogOutputStream:75 - [STDERR_REDIRECT] [Fatal Error] :1:1: Premature end of file.
2025-08-15 21:56:46,978 [ERROR] LogOutputStream:75 - [STDERR_REDIRECT] 
2025-08-15 21:56:47,975 [ERROR] LogOutputStream:75 - [STDERR_REDIRECT] [Fatal Error] :1:1: Premature end of file.
2025-08-15 21:56:47,976 [ERROR] LogOutputStream:75 - [STDERR_REDIRECT] 
2025-08-15 21:56:48,975 [ERROR] LogOutputStream:75 - [STDERR_REDIRECT] [Fatal Error] :1:1: Premature end of file.
2025-08-15 21:56:48,975 [ERROR] LogOutputStream:75 - [STDERR_REDIRECT] 
2025-08-15 21:56:49,976 [ERROR] LogOutputStream:75 - [STDERR_REDIRECT] [Fatal Error] :1:1: Premature end of file.
2025-08-15 21:56:49,976 [ERROR] LogOutputStream:75 - [STDERR_REDIRECT] 
2025-08-15 21:56:50,976 [ERROR] LogOutputStream:75 - [STDERR_REDIRECT] [Fatal Error] :1:1: Premature end of file.
2025-08-15 21:56:50,976 [ERROR] LogOutputStream:75 - [STDERR_REDIRECT] 
2025-08-15 21:56:51,977 [ERROR] LogOutputStream:75 - [STDERR_REDIRECT] [Fatal Error] :1:1: Premature end of file.
2025-08-15 21:56:51,977 [ERROR] LogOutputStream:75 - [STDERR_REDIRECT] 
2025-08-15 21:56:52,976 [ERROR] LogOutputStream:75 - [STDERR_REDIRECT] [Fatal Error] :1:1: Premature end of file.
2025-08-15 21:56:52,976 [ERROR] LogOutputStream:75 - [STDERR_REDIRECT] 
2025-08-15 21:56:53,976 [ERROR] LogOutputStream:75 - [STDERR_REDIRECT] [Fatal Error] :1:1: Premature end of file.
2025-08-15 21:56:53,976 [ERROR] LogOutputStream:75 - [STDERR_REDIRECT] 
2025-08-15 21:56:54,977 [ERROR] LogOutputStream:75 - [STDERR_REDIRECT] [Fatal Error] :1:1: Premature end of file.
2025-08-15 21:56:54,977 [ERROR] LogOutputStream:75 - [STDERR_REDIRECT] 
2025-08-15 21:56:55,976 [ERROR] LogOutputStream:75 - [STDERR_REDIRECT] [Fatal Error] :1:1: Premature end of file.
2025-08-15 21:56:55,976 [ERROR] LogOutputStream:75 - [STDERR_REDIRECT] 
2025-08-15 21:56:56,977 [ERROR] LogOutputStream:75 - [STDERR_REDIRECT] [Fatal Error] :1:1: Premature end of file.
2025-08-15 21:56:56,977 [ERROR] LogOutputStream:75 - [STDERR_REDIRECT] 
2025-08-15 21:56:57,976 [ERROR] LogOutputStream:75 - [STDERR_REDIRECT] [Fatal Error] :1:1: Premature end of file.
2025-08-15 21:56:57,976 [ERROR] LogOutputStream:75 - [STDERR_REDIRECT] 
2025-08-15 21:56:58,975 [ERROR] LogOutputStream:75 - [STDERR_REDIRECT] [Fatal Error] :1:1: Premature end of file.
2025-08-15 21:56:58,975 [ERROR] LogOutputStream:75 - [STDERR_REDIRECT] 
2025-08-15 21:56:59,977 [ERROR] LogOutputStream:75 - [STDERR_REDIRECT] [Fatal Error] :1:1: Premature end of file.
2025-08-15 21:56:59,977 [ERROR] LogOutputStream:75 - [STDERR_REDIRECT] 
2025-08-15 21:57:00,975 [ERROR] LogOutputStream:75 - [STDERR_REDIRECT] [Fatal Error] :1:1: Premature end of file.
2025-08-15 21:57:00,975 [ERROR] LogOutputStream:75 - [STDERR_REDIRECT] 
2025-08-15 21:57:01,977 [ERROR] LogOutputStream:75 - [STDERR_REDIRECT] [Fatal Error] :1:1: Premature end of file.
2025-08-15 21:57:01,977 [ERROR] LogOutputStream:75 - [STDERR_REDIRECT] 
2025-08-15 21:57:02,977 [ERROR] LogOutputStream:75 - [STDERR_REDIRECT] [Fatal Error] :1:1: Premature end of file.
2025-08-15 21:57:02,977 [ERROR] LogOutputStream:75 - [STDERR_REDIRECT] 
2025-08-15 21:57:03,976 [ERROR] LogOutputStream:75 - [STDERR_REDIRECT] [Fatal Error] :1:1: Premature end of file.
2025-08-15 21:57:03,976 [ERROR] LogOutputStream:75 - [STDERR_REDIRECT] 
2025-08-15 21:57:04,977 [ERROR] LogOutputStream:75 - [STDERR_REDIRECT] [Fatal Error] :1:1: Premature end of file.
2025-08-15 21:57:04,977 [ERROR] LogOutputStream:75 - [STDERR_REDIRECT] 
2025-08-15 21:57:05,975 [ERROR] LogOutputStream:75 - [STDERR_REDIRECT] [Fatal Error] :1:1: Premature end of file.
2025-08-15 21:57:05,975 [ERROR] LogOutputStream:75 - [STDERR_REDIRECT] 
2025-08-15 21:57:06,976 [ERROR] LogOutputStream:75 - [STDERR_REDIRECT] [Fatal Error] :1:1: Premature end of file.
2025-08-15 21:57:06,976 [ERROR] LogOutputStream:75 - [STDERR_REDIRECT] 
2025-08-15 21:57:07,977 [ERROR] LogOutputStream:75 - [STDERR_REDIRECT] [Fatal Error] :1:1: Premature end of file.
2025-08-15 21:57:07,977 [ERROR] LogOutputStream:75 - [STDERR_REDIRECT] 
2025-08-15 21:57:08,977 [ERROR] LogOutputStream:75 - [STDERR_REDIRECT] [Fatal Error] :1:1: Premature end of file.
2025-08-15 21:57:08,977 [ERROR] LogOutputStream:75 - [STDERR_REDIRECT] 
2025-08-15 21:57:09,976 [ERROR] LogOutputStream:75 - [STDERR_REDIRECT] [Fatal Error] :1:1: Premature end of file.
2025-08-15 21:57:09,976 [ERROR] LogOutputStream:75 - [STDERR_REDIRECT] 
2025-08-15 21:57:10,976 [ERROR] LogOutputStream:75 - [STDERR_REDIRECT] [Fatal Error] :1:1: Premature end of file.
2025-08-15 21:57:10,976 [ERROR] LogOutputStream:75 - [STDERR_REDIRECT] 
2025-08-15 21:57:11,976 [ERROR] LogOutputStream:75 - [STDERR_REDIRECT] [Fatal Error] :1:1: Premature end of file.
2025-08-15 21:57:11,977 [ERROR] LogOutputStream:75 - [STDERR_REDIRECT] 
2025-08-15 21:57:12,976 [ERROR] LogOutputStream:75 - [STDERR_REDIRECT] [Fatal Error] :1:1: Premature end of file.
2025-08-15 21:57:12,988 [ERROR] LogOutputStream:75 - [STDERR_REDIRECT] 
2025-08-15 21:57:13,977 [ERROR] LogOutputStream:75 - [STDERR_REDIRECT] [Fatal Error] :1:1: Premature end of file.
2025-08-15 21:57:13,977 [ERROR] LogOutputStream:75 - [STDERR_REDIRECT] 
2025-08-15 21:57:14,975 [ERROR] LogOutputStream:75 - [STDERR_REDIRECT] [Fatal Error] :1:1: Premature end of file.
2025-08-15 21:57:14,976 [ERROR] LogOutputStream:75 - [STDERR_REDIRECT] 
2025-08-15 21:57:15,976 [ERROR] LogOutputStream:75 - [STDERR_REDIRECT] [Fatal Error] :1:1: Premature end of file.
2025-08-15 21:57:15,976 [ERROR] LogOutputStream:75 - [STDERR_REDIRECT] 
2025-08-15 21:57:16,976 [ERROR] LogOutputStream:75 - [STDERR_REDIRECT] [Fatal Error] :1:1: Premature end of file.
2025-08-15 21:57:16,976 [ERROR] LogOutputStream:75 - [STDERR_REDIRECT] 
2025-08-15 21:57:17,976 [ERROR] LogOutputStream:75 - [STDERR_REDIRECT] [Fatal Error] :1:1: Premature end of file.
2025-08-15 21:57:17,976 [ERROR] LogOutputStream:75 - [STDERR_REDIRECT] 
2025-08-15 21:57:18,976 [ERROR] LogOutputStream:75 - [STDERR_REDIRECT] [Fatal Error] :1:1: Premature end of file.
2025-08-15 21:57:18,977 [ERROR] LogOutputStream:75 - [STDERR_REDIRECT] 
2025-08-15 21:57:19,978 [ERROR] LogOutputStream:75 - [STDERR_REDIRECT] [Fatal Error] :1:1: Premature end of file.
2025-08-15 21:57:19,978 [ERROR] LogOutputStream:75 - [STDERR_REDIRECT] 
2025-08-15 21:57:20,976 [ERROR] LogOutputStream:75 - [STDERR_REDIRECT] [Fatal Error] :1:1: Premature end of file.
2025-08-15 21:57:20,976 [ERROR] LogOutputStream:75 - [STDERR_REDIRECT] 
2025-08-15 21:57:21,977 [ERROR] LogOutputStream:75 - [STDERR_REDIRECT] [Fatal Error] :1:1: Premature end of file.
2025-08-15 21:57:21,977 [ERROR] LogOutputStream:75 - [STDERR_REDIRECT] 
2025-08-15 21:57:22,976 [ERROR] LogOutputStream:75 - [STDERR_REDIRECT] [Fatal Error] :1:1: Premature end of file.
2025-08-15 21:57:22,976 [ERROR] LogOutputStream:75 - [STDERR_REDIRECT] 
2025-08-15 21:57:23,976 [ERROR] LogOutputStream:75 - [STDERR_REDIRECT] [Fatal Error] :1:1: Premature end of file.
2025-08-15 21:57:23,976 [ERROR] LogOutputStream:75 - [STDERR_REDIRECT] 
2025-08-15 21:57:24,977 [ERROR] LogOutputStream:75 - [STDERR_REDIRECT] [Fatal Error] :1:1: Premature end of file.
2025-08-15 21:57:24,977 [ERROR] LogOutputStream:75 - [STDERR_REDIRECT] 
2025-08-15 21:57:25,975 [ERROR] LogOutputStream:75 - [STDERR_REDIRECT] [Fatal Error] :1:1: Premature end of file.
2025-08-15 21:57:25,976 [ERROR] LogOutputStream:75 - [STDERR_REDIRECT] 
2025-08-15 21:57:26,978 [ERROR] LogOutputStream:75 - [STDERR_REDIRECT] [Fatal Error] :1:1: Premature end of file.
2025-08-15 21:57:26,978 [ERROR] LogOutputStream:75 - [STDERR_REDIRECT] 
2025-08-15 21:57:27,975 [ERROR] LogOutputStream:75 - [STDERR_REDIRECT] [Fatal Error] :1:1: Premature end of file.
2025-08-15 21:57:27,975 [ERROR] LogOutputStream:75 - [STDERR_REDIRECT] 
2025-08-15 21:57:28,976 [ERROR] LogOutputStream:75 - [STDERR_REDIRECT] [Fatal Error] :1:1: Premature end of file.
2025-08-15 21:57:28,976 [ERROR] LogOutputStream:75 - [STDERR_REDIRECT] 
2025-08-15 21:57:29,977 [ERROR] LogOutputStream:75 - [STDERR_REDIRECT] [Fatal Error] :1:1: Premature end of file.
2025-08-15 21:57:29,977 [ERROR] LogOutputStream:75 - [STDERR_REDIRECT] 
2025-08-15 21:57:30,978 [ERROR] LogOutputStream:75 - [STDERR_REDIRECT] [Fatal Error] :1:1: Premature end of file.
2025-08-15 21:57:30,978 [ERROR] LogOutputStream:75 - [STDERR_REDIRECT] 
2025-08-15 21:57:31,978 [ERROR] LogOutputStream:75 - [STDERR_REDIRECT] [Fatal Error] :1:1: Premature end of file.
2025-08-15 21:57:31,978 [ERROR] LogOutputStream:75 - [STDERR_REDIRECT] 
2025-08-15 21:57:32,974 [ERROR] LogOutputStream:75 - [STDERR_REDIRECT] [Fatal Error] :1:1: Premature end of file.
2025-08-15 21:57:32,975 [ERROR] LogOutputStream:75 - [STDERR_REDIRECT] 
2025-08-15 21:57:33,976 [ERROR] LogOutputStream:75 - [STDERR_REDIRECT] [Fatal Error] :1:1: Premature end of file.
2025-08-15 21:57:33,976 [ERROR] LogOutputStream:75 - [STDERR_REDIRECT] 
2025-08-15 21:57:34,976 [ERROR] LogOutputStream:75 - [STDERR_REDIRECT] [Fatal Error] :1:1: Premature end of file.
2025-08-15 21:57:34,976 [ERROR] LogOutputStream:75 - [STDERR_REDIRECT] 
2025-08-15 21:57:35,977 [ERROR] LogOutputStream:75 - [STDERR_REDIRECT] [Fatal Error] :1:1: Premature end of file.
2025-08-15 21:57:35,977 [ERROR] LogOutputStream:75 - [STDERR_REDIRECT] 
2025-08-15 21:57:36,976 [ERROR] LogOutputStream:75 - [STDERR_REDIRECT] [Fatal Error] :1:1: Premature end of file.
2025-08-15 21:57:36,976 [ERROR] LogOutputStream:75 - [STDERR_REDIRECT] 
2025-08-15 21:57:37,977 [ERROR] LogOutputStream:75 - [STDERR_REDIRECT] [Fatal Error] :1:1: Premature end of file.
2025-08-15 21:57:37,977 [ERROR] LogOutputStream:75 - [STDERR_REDIRECT] 
2025-08-15 21:57:38,976 [ERROR] LogOutputStream:75 - [STDERR_REDIRECT] [Fatal Error] :1:1: Premature end of file.
2025-08-15 21:57:38,976 [ERROR] LogOutputStream:75 - [STDERR_REDIRECT] 
2025-08-15 21:57:39,977 [ERROR] LogOutputStream:75 - [STDERR_REDIRECT] [Fatal Error] :1:1: Premature end of file.
2025-08-15 21:57:39,977 [ERROR] LogOutputStream:75 - [STDERR_REDIRECT] 
2025-08-15 21:57:40,976 [ERROR] LogOutputStream:75 - [STDERR_REDIRECT] [Fatal Error] :1:1: Premature end of file.
2025-08-15 21:57:40,976 [ERROR] LogOutputStream:75 - [STDERR_REDIRECT] 
2025-08-15 21:57:41,977 [ERROR] LogOutputStream:75 - [STDERR_REDIRECT] [Fatal Error] :1:1: Premature end of file.
2025-08-15 21:57:41,977 [ERROR] LogOutputStream:75 - [STDERR_REDIRECT] 
2025-08-15 21:57:42,975 [ERROR] LogOutputStream:75 - [STDERR_REDIRECT] [Fatal Error] :1:1: Premature end of file.
2025-08-15 21:57:42,975 [ERROR] LogOutputStream:75 - [STDERR_REDIRECT] 
2025-08-15 21:57:43,977 [ERROR] LogOutputStream:75 - [STDERR_REDIRECT] [Fatal Error] :1:1: Premature end of file.
2025-08-15 21:57:43,977 [ERROR] LogOutputStream:75 - [STDERR_REDIRECT] 
2025-08-15 21:57:44,976 [ERROR] LogOutputStream:75 - [STDERR_REDIRECT] [Fatal Error] :1:1: Premature end of file.
2025-08-15 21:57:44,977 [ERROR] LogOutputStream:75 - [STDERR_REDIRECT] 
2025-08-15 21:57:45,975 [ERROR] LogOutputStream:75 - [STDERR_REDIRECT] [Fatal Error] :1:1: Premature end of file.
2025-08-15 21:57:45,976 [ERROR] LogOutputStream:75 - [STDERR_REDIRECT] 
2025-08-15 21:57:46,977 [ERROR] LogOutputStream:75 - [STDERR_REDIRECT] [Fatal Error] :1:1: Premature end of file.
2025-08-15 21:57:46,978 [ERROR] LogOutputStream:75 - [STDERR_REDIRECT] 
2025-08-15 21:57:47,976 [ERROR] LogOutputStream:75 - [STDERR_REDIRECT] [Fatal Error] :1:1: Premature end of file.
2025-08-15 21:57:47,976 [ERROR] LogOutputStream:75 - [STDERR_REDIRECT] 
2025-08-15 21:57:48,975 [ERROR] LogOutputStream:75 - [STDERR_REDIRECT] [Fatal Error] :1:1: Premature end of file.
2025-08-15 21:57:48,975 [ERROR] LogOutputStream:75 - [STDERR_REDIRECT] 
2025-08-15 21:57:49,975 [ERROR] LogOutputStream:75 - [STDERR_REDIRECT] [Fatal Error] :1:1: Premature end of file.
2025-08-15 21:57:49,976 [ERROR] LogOutputStream:75 - [STDERR_REDIRECT] 
2025-08-15 21:57:50,975 [ERROR] LogOutputStream:75 - [STDERR_REDIRECT] [Fatal Error] :1:1: Premature end of file.
2025-08-15 21:57:50,975 [ERROR] LogOutputStream:75 - [STDERR_REDIRECT] 
2025-08-15 21:57:51,976 [ERROR] LogOutputStream:75 - [STDERR_REDIRECT] [Fatal Error] :1:1: Premature end of file.
2025-08-15 21:57:51,976 [ERROR] LogOutputStream:75 - [STDERR_REDIRECT] 
2025-08-15 21:57:52,976 [ERROR] LogOutputStream:75 - [STDERR_REDIRECT] [Fatal Error] :1:1: Premature end of file.
2025-08-15 21:57:52,976 [ERROR] LogOutputStream:75 - [STDERR_REDIRECT] 
2025-08-15 21:57:53,977 [ERROR] LogOutputStream:75 - [STDERR_REDIRECT] [Fatal Error] :1:1: Premature end of file.
2025-08-15 21:57:53,977 [ERROR] LogOutputStream:75 - [STDERR_REDIRECT] 
2025-08-15 21:57:54,976 [ERROR] LogOutputStream:75 - [STDERR_REDIRECT] [Fatal Error] :1:1: Premature end of file.
2025-08-15 21:57:54,976 [ERROR] LogOutputStream:75 - [STDERR_REDIRECT] 
2025-08-15 21:57:55,975 [ERROR] LogOutputStream:75 - [STDERR_REDIRECT] [Fatal Error] :1:1: Premature end of file.
2025-08-15 21:57:55,975 [ERROR] LogOutputStream:75 - [STDERR_REDIRECT] 
2025-08-15 21:57:56,976 [ERROR] LogOutputStream:75 - [STDERR_REDIRECT] [Fatal Error] :1:1: Premature end of file.
2025-08-15 21:57:56,976 [ERROR] LogOutputStream:75 - [STDERR_REDIRECT] 
2025-08-15 21:57:57,976 [ERROR] LogOutputStream:75 - [STDERR_REDIRECT] [Fatal Error] :1:1: Premature end of file.
2025-08-15 21:57:57,976 [ERROR] LogOutputStream:75 - [STDERR_REDIRECT] 
2025-08-15 21:57:58,976 [ERROR] LogOutputStream:75 - [STDERR_REDIRECT] [Fatal Error] :1:1: Premature end of file.
2025-08-15 21:57:58,976 [ERROR] LogOutputStream:75 - [STDERR_REDIRECT] 
2025-08-15 21:57:59,974 [ERROR] LogOutputStream:75 - [STDERR_REDIRECT] [Fatal Error] :1:1: Premature end of file.
2025-08-15 21:57:59,974 [ERROR] LogOutputStream:75 - [STDERR_REDIRECT] 
2025-08-15 21:58:00,975 [ERROR] LogOutputStream:75 - [STDERR_REDIRECT] [Fatal Error] :1:1: Premature end of file.
2025-08-15 21:58:00,975 [ERROR] LogOutputStream:75 - [STDERR_REDIRECT] 
2025-08-15 21:58:01,977 [ERROR] LogOutputStream:75 - [STDERR_REDIRECT] [Fatal Error] :1:1: Premature end of file.
2025-08-15 21:58:01,977 [ERROR] LogOutputStream:75 - [STDERR_REDIRECT] 
2025-08-15 21:58:02,976 [ERROR] LogOutputStream:75 - [STDERR_REDIRECT] [Fatal Error] :1:1: Premature end of file.
2025-08-15 21:58:02,976 [ERROR] LogOutputStream:75 - [STDERR_REDIRECT] 
2025-08-15 21:58:03,997 [ERROR] LogOutputStream:75 - [STDERR_REDIRECT] [Fatal Error] :1:1: Premature end of file.
2025-08-15 21:58:03,997 [ERROR] LogOutputStream:75 - [STDERR_REDIRECT] 
2025-08-15 21:58:04,976 [ERROR] LogOutputStream:75 - [STDERR_REDIRECT] [Fatal Error] :1:1: Premature end of file.
2025-08-15 21:58:04,976 [ERROR] LogOutputStream:75 - [STDERR_REDIRECT] 
2025-08-15 21:58:05,985 [ERROR] LogOutputStream:75 - [STDERR_REDIRECT] [Fatal Error] :1:1: Premature end of file.
2025-08-15 21:58:05,985 [ERROR] LogOutputStream:75 - [STDERR_REDIRECT] 
2025-08-15 21:58:06,976 [ERROR] LogOutputStream:75 - [STDERR_REDIRECT] [Fatal Error] :1:1: Premature end of file.
2025-08-15 21:58:06,976 [ERROR] LogOutputStream:75 - [STDERR_REDIRECT] 
2025-08-15 21:58:07,986 [ERROR] LogOutputStream:75 - [STDERR_REDIRECT] [Fatal Error] :1:1: Premature end of file.
2025-08-15 21:58:07,986 [ERROR] LogOutputStream:75 - [STDERR_REDIRECT] 
2025-08-15 21:58:08,976 [ERROR] LogOutputStream:75 - [STDERR_REDIRECT] [Fatal Error] :1:1: Premature end of file.
2025-08-15 21:58:08,976 [ERROR] LogOutputStream:75 - [STDERR_REDIRECT] 
2025-08-15 21:58:09,978 [ERROR] LogOutputStream:75 - [STDERR_REDIRECT] [Fatal Error] :1:1: Premature end of file.
2025-08-15 21:58:09,978 [ERROR] LogOutputStream:75 - [STDERR_REDIRECT] 
2025-08-15 21:58:10,977 [ERROR] LogOutputStream:75 - [STDERR_REDIRECT] [Fatal Error] :1:1: Premature end of file.
2025-08-15 21:58:10,977 [ERROR] LogOutputStream:75 - [STDERR_REDIRECT] 
2025-08-15 21:58:11,977 [ERROR] LogOutputStream:75 - [STDERR_REDIRECT] [Fatal Error] :1:1: Premature end of file.
2025-08-15 21:58:11,977 [ERROR] LogOutputStream:75 - [STDERR_REDIRECT] 
2025-08-15 21:58:12,976 [ERROR] LogOutputStream:75 - [STDERR_REDIRECT] [Fatal Error] :1:1: Premature end of file.
2025-08-15 21:58:12,976 [ERROR] LogOutputStream:75 - [STDERR_REDIRECT] 
2025-08-15 21:58:13,976 [ERROR] LogOutputStream:75 - [STDERR_REDIRECT] [Fatal Error] :1:1: Premature end of file.
2025-08-15 21:58:13,976 [ERROR] LogOutputStream:75 - [STDERR_REDIRECT] 
2025-08-15 21:58:14,980 [ERROR] LogOutputStream:75 - [STDERR_REDIRECT] [Fatal Error] :1:1: Premature end of file.
2025-08-15 21:58:14,980 [ERROR] LogOutputStream:75 - [STDERR_REDIRECT] 
2025-08-15 21:58:15,976 [ERROR] LogOutputStream:75 - [STDERR_REDIRECT] [Fatal Error] :1:1: Premature end of file.
2025-08-15 21:58:15,976 [ERROR] LogOutputStream:75 - [STDERR_REDIRECT] 
2025-08-15 21:58:16,976 [ERROR] LogOutputStream:75 - [STDERR_REDIRECT] [Fatal Error] :1:1: Premature end of file.
2025-08-15 21:58:16,977 [ERROR] LogOutputStream:75 - [STDERR_REDIRECT] 
2025-08-15 21:58:17,975 [ERROR] LogOutputStream:75 - [STDERR_REDIRECT] [Fatal Error] :1:1: Premature end of file.
2025-08-15 21:58:17,975 [ERROR] LogOutputStream:75 - [STDERR_REDIRECT] 
2025-08-15 21:58:18,976 [ERROR] LogOutputStream:75 - [STDERR_REDIRECT] [Fatal Error] :1:1: Premature end of file.
2025-08-15 21:58:18,976 [ERROR] LogOutputStream:75 - [STDERR_REDIRECT] 
2025-08-15 21:58:19,976 [ERROR] LogOutputStream:75 - [STDERR_REDIRECT] [Fatal Error] :1:1: Premature end of file.
2025-08-15 21:58:19,976 [ERROR] LogOutputStream:75 - [STDERR_REDIRECT] 
2025-08-15 21:58:20,977 [ERROR] LogOutputStream:75 - [STDERR_REDIRECT] [Fatal Error] :1:1: Premature end of file.
2025-08-15 21:58:20,977 [ERROR] LogOutputStream:75 - [STDERR_REDIRECT] 
2025-08-15 21:58:21,975 [ERROR] LogOutputStream:75 - [STDERR_REDIRECT] [Fatal Error] :1:1: Premature end of file.
2025-08-15 21:58:21,976 [ERROR] LogOutputStream:75 - [STDERR_REDIRECT] 
2025-08-15 21:58:22,977 [ERROR] LogOutputStream:75 - [STDERR_REDIRECT] [Fatal Error] :1:1: Premature end of file.
2025-08-15 21:58:22,978 [ERROR] LogOutputStream:75 - [STDERR_REDIRECT] 
2025-08-15 21:58:23,976 [ERROR] LogOutputStream:75 - [STDERR_REDIRECT] [Fatal Error] :1:1: Premature end of file.
2025-08-15 21:58:23,976 [ERROR] LogOutputStream:75 - [STDERR_REDIRECT] 
2025-08-15 21:58:24,976 [ERROR] LogOutputStream:75 - [STDERR_REDIRECT] [Fatal Error] :1:1: Premature end of file.
2025-08-15 21:58:24,976 [ERROR] LogOutputStream:75 - [STDERR_REDIRECT] 
2025-08-15 21:58:25,975 [ERROR] LogOutputStream:75 - [STDERR_REDIRECT] [Fatal Error] :1:1: Premature end of file.
2025-08-15 21:58:25,976 [ERROR] LogOutputStream:75 - [STDERR_REDIRECT] 
2025-08-15 21:58:26,976 [ERROR] LogOutputStream:75 - [STDERR_REDIRECT] [Fatal Error] :1:1: Premature end of file.
2025-08-15 21:58:26,976 [ERROR] LogOutputStream:75 - [STDERR_REDIRECT] 
2025-08-15 21:58:27,976 [ERROR] LogOutputStream:75 - [STDERR_REDIRECT] [Fatal Error] :1:1: Premature end of file.
2025-08-15 21:58:27,977 [ERROR] LogOutputStream:75 - [STDERR_REDIRECT] 
2025-08-15 21:58:28,975 [ERROR] LogOutputStream:75 - [STDERR_REDIRECT] [Fatal Error] :1:1: Premature end of file.
2025-08-15 21:58:28,975 [ERROR] LogOutputStream:75 - [STDERR_REDIRECT] 
2025-08-15 21:58:29,976 [ERROR] LogOutputStream:75 - [STDERR_REDIRECT] [Fatal Error] :1:1: Premature end of file.
2025-08-15 21:58:29,976 [ERROR] LogOutputStream:75 - [STDERR_REDIRECT] 
2025-08-15 21:58:30,975 [ERROR] LogOutputStream:75 - [STDERR_REDIRECT] [Fatal Error] :1:1: Premature end of file.
2025-08-15 21:58:30,975 [ERROR] LogOutputStream:75 - [STDERR_REDIRECT] 
2025-08-15 21:58:31,976 [ERROR] LogOutputStream:75 - [STDERR_REDIRECT] [Fatal Error] :1:1: Premature end of file.
2025-08-15 21:58:31,977 [ERROR] LogOutputStream:75 - [STDERR_REDIRECT] 
2025-08-15 21:58:32,977 [ERROR] LogOutputStream:75 - [STDERR_REDIRECT] [Fatal Error] :1:1: Premature end of file.
2025-08-15 21:58:32,977 [ERROR] LogOutputStream:75 - [STDERR_REDIRECT] 
2025-08-15 21:58:33,977 [ERROR] LogOutputStream:75 - [STDERR_REDIRECT] [Fatal Error] :1:1: Premature end of file.
2025-08-15 21:58:33,977 [ERROR] LogOutputStream:75 - [STDERR_REDIRECT] 
2025-08-15 21:58:34,975 [ERROR] LogOutputStream:75 - [STDERR_REDIRECT] [Fatal Error] :1:1: Premature end of file.
2025-08-15 21:58:34,975 [ERROR] LogOutputStream:75 - [STDERR_REDIRECT] 
2025-08-15 21:58:35,976 [ERROR] LogOutputStream:75 - [STDERR_REDIRECT] [Fatal Error] :1:1: Premature end of file.
2025-08-15 21:58:35,976 [ERROR] LogOutputStream:75 - [STDERR_REDIRECT] 
2025-08-15 21:58:36,976 [ERROR] LogOutputStream:75 - [STDERR_REDIRECT] [Fatal Error] :1:1: Premature end of file.
2025-08-15 21:58:36,976 [ERROR] LogOutputStream:75 - [STDERR_REDIRECT] 
2025-08-15 21:58:37,977 [ERROR] LogOutputStream:75 - [STDERR_REDIRECT] [Fatal Error] :1:1: Premature end of file.
2025-08-15 21:58:37,977 [ERROR] LogOutputStream:75 - [STDERR_REDIRECT] 
2025-08-15 21:58:38,975 [ERROR] LogOutputStream:75 - [STDERR_REDIRECT] [Fatal Error] :1:1: Premature end of file.
2025-08-15 21:58:38,975 [ERROR] LogOutputStream:75 - [STDERR_REDIRECT] 
2025-08-15 21:58:39,976 [ERROR] LogOutputStream:75 - [STDERR_REDIRECT] [Fatal Error] :1:1: Premature end of file.
2025-08-15 21:58:39,976 [ERROR] LogOutputStream:75 - [STDERR_REDIRECT] 
2025-08-15 21:58:40,976 [ERROR] LogOutputStream:75 - [STDERR_REDIRECT] [Fatal Error] :1:1: Premature end of file.
2025-08-15 21:58:40,976 [ERROR] LogOutputStream:75 - [STDERR_REDIRECT] 
2025-08-15 21:58:41,976 [ERROR] LogOutputStream:75 - [STDERR_REDIRECT] [Fatal Error] :1:1: Premature end of file.
2025-08-15 21:58:41,976 [ERROR] LogOutputStream:75 - [STDERR_REDIRECT] 
2025-08-15 21:58:42,976 [ERROR] LogOutputStream:75 - [STDERR_REDIRECT] [Fatal Error] :1:1: Premature end of file.
2025-08-15 21:58:42,976 [ERROR] LogOutputStream:75 - [STDERR_REDIRECT] 
2025-08-15 21:58:43,976 [ERROR] LogOutputStream:75 - [STDERR_REDIRECT] [Fatal Error] :1:1: Premature end of file.
2025-08-15 21:58:43,976 [ERROR] LogOutputStream:75 - [STDERR_REDIRECT] 
2025-08-15 21:58:44,976 [ERROR] LogOutputStream:75 - [STDERR_REDIRECT] [Fatal Error] :1:1: Premature end of file.
2025-08-15 21:58:44,976 [ERROR] LogOutputStream:75 - [STDERR_REDIRECT] 
2025-08-15 21:58:45,975 [ERROR] LogOutputStream:75 - [STDERR_REDIRECT] [Fatal Error] :1:1: Premature end of file.
2025-08-15 21:58:45,975 [ERROR] LogOutputStream:75 - [STDERR_REDIRECT] 
2025-08-15 21:58:46,977 [ERROR] LogOutputStream:75 - [STDERR_REDIRECT] [Fatal Error] :1:1: Premature end of file.
2025-08-15 21:58:46,977 [ERROR] LogOutputStream:75 - [STDERR_REDIRECT] 
2025-08-15 21:58:47,976 [ERROR] LogOutputStream:75 - [STDERR_REDIRECT] [Fatal Error] :1:1: Premature end of file.
2025-08-15 21:58:47,976 [ERROR] LogOutputStream:75 - [STDERR_REDIRECT] 
2025-08-15 21:58:48,975 [ERROR] LogOutputStream:75 - [STDERR_REDIRECT] [Fatal Error] :1:1: Premature end of file.
2025-08-15 21:58:48,975 [ERROR] LogOutputStream:75 - [STDERR_REDIRECT] 
2025-08-15 21:58:49,976 [ERROR] LogOutputStream:75 - [STDERR_REDIRECT] [Fatal Error] :1:1: Premature end of file.
2025-08-15 21:58:49,976 [ERROR] LogOutputStream:75 - [STDERR_REDIRECT] 
2025-08-15 21:58:50,976 [ERROR] LogOutputStream:75 - [STDERR_REDIRECT] [Fatal Error] :1:1: Premature end of file.
2025-08-15 21:58:50,976 [ERROR] LogOutputStream:75 - [STDERR_REDIRECT] 
2025-08-15 21:58:51,975 [ERROR] LogOutputStream:75 - [STDERR_REDIRECT] [Fatal Error] :1:1: Premature end of file.
2025-08-15 21:58:51,975 [ERROR] LogOutputStream:75 - [STDERR_REDIRECT] 
2025-08-15 21:58:52,977 [ERROR] LogOutputStream:75 - [STDERR_REDIRECT] [Fatal Error] :1:1: Premature end of file.
2025-08-15 21:58:52,977 [ERROR] LogOutputStream:75 - [STDERR_REDIRECT] 
2025-08-15 21:58:53,975 [ERROR] LogOutputStream:75 - [STDERR_REDIRECT] [Fatal Error] :1:1: Premature end of file.
2025-08-15 21:58:53,976 [ERROR] LogOutputStream:75 - [STDERR_REDIRECT] 
2025-08-15 21:58:54,978 [ERROR] LogOutputStream:75 - [STDERR_REDIRECT] [Fatal Error] :1:1: Premature end of file.
2025-08-15 21:58:54,978 [ERROR] LogOutputStream:75 - [STDERR_REDIRECT] 
2025-08-15 21:58:55,976 [ERROR] LogOutputStream:75 - [STDERR_REDIRECT] [Fatal Error] :1:1: Premature end of file.
2025-08-15 21:58:55,976 [ERROR] LogOutputStream:75 - [STDERR_REDIRECT] 
2025-08-15 21:58:56,976 [ERROR] LogOutputStream:75 - [STDERR_REDIRECT] [Fatal Error] :1:1: Premature end of file.
2025-08-15 21:58:56,976 [ERROR] LogOutputStream:75 - [STDERR_REDIRECT] 
2025-08-15 21:58:57,974 [ERROR] LogOutputStream:75 - [STDERR_REDIRECT] [Fatal Error] :1:1: Premature end of file.
2025-08-15 21:58:57,975 [ERROR] LogOutputStream:75 - [STDERR_REDIRECT] 
2025-08-15 21:58:58,976 [ERROR] LogOutputStream:75 - [STDERR_REDIRECT] [Fatal Error] :1:1: Premature end of file.
2025-08-15 21:58:58,976 [ERROR] LogOutputStream:75 - [STDERR_REDIRECT] 
2025-08-15 21:58:59,976 [ERROR] LogOutputStream:75 - [STDERR_REDIRECT] [Fatal Error] :1:1: Premature end of file.
2025-08-15 21:58:59,976 [ERROR] LogOutputStream:75 - [STDERR_REDIRECT] 
2025-08-15 21:59:00,977 [ERROR] LogOutputStream:75 - [STDERR_REDIRECT] [Fatal Error] :1:1: Premature end of file.
2025-08-15 21:59:00,977 [ERROR] LogOutputStream:75 - [STDERR_REDIRECT] 
2025-08-15 21:59:01,975 [ERROR] LogOutputStream:75 - [STDERR_REDIRECT] [Fatal Error] :1:1: Premature end of file.
2025-08-15 21:59:01,975 [ERROR] LogOutputStream:75 - [STDERR_REDIRECT] 
2025-08-15 21:59:02,976 [ERROR] LogOutputStream:75 - [STDERR_REDIRECT] [Fatal Error] :1:1: Premature end of file.
2025-08-15 21:59:02,976 [ERROR] LogOutputStream:75 - [STDERR_REDIRECT] 
2025-08-15 21:59:03,980 [ERROR] LogOutputStream:75 - [STDERR_REDIRECT] [Fatal Error] :1:1: Premature end of file.
2025-08-15 21:59:03,980 [ERROR] LogOutputStream:75 - [STDERR_REDIRECT] 
2025-08-15 21:59:04,978 [ERROR] LogOutputStream:75 - [STDERR_REDIRECT] [Fatal Error] :1:1: Premature end of file.
2025-08-15 21:59:04,978 [ERROR] LogOutputStream:75 - [STDERR_REDIRECT] 
2025-08-15 21:59:05,976 [ERROR] LogOutputStream:75 - [STDERR_REDIRECT] [Fatal Error] :1:1: Premature end of file.
2025-08-15 21:59:05,977 [ERROR] LogOutputStream:75 - [STDERR_REDIRECT] 
2025-08-15 21:59:06,978 [ERROR] LogOutputStream:75 - [STDERR_REDIRECT] [Fatal Error] :1:1: Premature end of file.
2025-08-15 21:59:06,978 [ERROR] LogOutputStream:75 - [STDERR_REDIRECT] 
2025-08-15 21:59:07,977 [ERROR] LogOutputStream:75 - [STDERR_REDIRECT] [Fatal Error] :1:1: Premature end of file.
2025-08-15 21:59:07,977 [ERROR] LogOutputStream:75 - [STDERR_REDIRECT] 
2025-08-15 21:59:08,978 [ERROR] LogOutputStream:75 - [STDERR_REDIRECT] [Fatal Error] :1:1: Premature end of file.
2025-08-15 21:59:08,978 [ERROR] LogOutputStream:75 - [STDERR_REDIRECT] 
2025-08-15 21:59:09,976 [ERROR] LogOutputStream:75 - [STDERR_REDIRECT] [Fatal Error] :1:1: Premature end of file.
2025-08-15 21:59:09,976 [ERROR] LogOutputStream:75 - [STDERR_REDIRECT] 
2025-08-15 21:59:10,980 [ERROR] LogOutputStream:75 - [STDERR_REDIRECT] [Fatal Error] :1:1: Premature end of file.
2025-08-15 21:59:10,980 [ERROR] LogOutputStream:75 - [STDERR_REDIRECT] 
2025-08-15 21:59:11,977 [ERROR] LogOutputStream:75 - [STDERR_REDIRECT] [Fatal Error] :1:1: Premature end of file.
2025-08-15 21:59:11,977 [ERROR] LogOutputStream:75 - [STDERR_REDIRECT] 
2025-08-15 21:59:12,975 [ERROR] LogOutputStream:75 - [STDERR_REDIRECT] [Fatal Error] :1:1: Premature end of file.
2025-08-15 21:59:12,976 [ERROR] LogOutputStream:75 - [STDERR_REDIRECT] 
2025-08-15 21:59:13,978 [ERROR] LogOutputStream:75 - [STDERR_REDIRECT] [Fatal Error] :1:1: Premature end of file.
2025-08-15 21:59:13,978 [ERROR] LogOutputStream:75 - [STDERR_REDIRECT] 
2025-08-15 21:59:14,979 [ERROR] LogOutputStream:75 - [STDERR_REDIRECT] [Fatal Error] :1:1: Premature end of file.
2025-08-15 21:59:14,979 [ERROR] LogOutputStream:75 - [STDERR_REDIRECT] 
2025-08-15 21:59:15,978 [ERROR] LogOutputStream:75 - [STDERR_REDIRECT] [Fatal Error] :1:1: Premature end of file.
2025-08-15 21:59:15,978 [ERROR] LogOutputStream:75 - [STDERR_REDIRECT] 
2025-08-15 21:59:16,975 [ERROR] LogOutputStream:75 - [STDERR_REDIRECT] [Fatal Error] :1:1: Premature end of file.
2025-08-15 21:59:16,975 [ERROR] LogOutputStream:75 - [STDERR_REDIRECT] 
2025-08-15 21:59:17,977 [ERROR] LogOutputStream:75 - [STDERR_REDIRECT] [Fatal Error] :1:1: Premature end of file.
2025-08-15 21:59:17,977 [ERROR] LogOutputStream:75 - [STDERR_REDIRECT] 
2025-08-15 21:59:18,977 [ERROR] LogOutputStream:75 - [STDERR_REDIRECT] [Fatal Error] :1:1: Premature end of file.
2025-08-15 21:59:18,977 [ERROR] LogOutputStream:75 - [STDERR_REDIRECT] 
2025-08-15 21:59:19,978 [ERROR] LogOutputStream:75 - [STDERR_REDIRECT] [Fatal Error] :1:1: Premature end of file.
2025-08-15 21:59:19,978 [ERROR] LogOutputStream:75 - [STDERR_REDIRECT] 
2025-08-15 21:59:20,976 [ERROR] LogOutputStream:75 - [STDERR_REDIRECT] [Fatal Error] :1:1: Premature end of file.
2025-08-15 21:59:20,977 [ERROR] LogOutputStream:75 - [STDERR_REDIRECT] 
2025-08-15 21:59:21,977 [ERROR] LogOutputStream:75 - [STDERR_REDIRECT] [Fatal Error] :1:1: Premature end of file.
2025-08-15 21:59:21,977 [ERROR] LogOutputStream:75 - [STDERR_REDIRECT] 
2025-08-15 21:59:22,976 [ERROR] LogOutputStream:75 - [STDERR_REDIRECT] [Fatal Error] :1:1: Premature end of file.
2025-08-15 21:59:22,977 [ERROR] LogOutputStream:75 - [STDERR_REDIRECT] 
2025-08-15 21:59:23,979 [ERROR] LogOutputStream:75 - [STDERR_REDIRECT] [Fatal Error] :1:1: Premature end of file.
2025-08-15 21:59:23,979 [ERROR] LogOutputStream:75 - [STDERR_REDIRECT] 
2025-08-15 21:59:24,978 [ERROR] LogOutputStream:75 - [STDERR_REDIRECT] [Fatal Error] :1:1: Premature end of file.
2025-08-15 21:59:24,978 [ERROR] LogOutputStream:75 - [STDERR_REDIRECT] 
2025-08-15 21:59:25,980 [ERROR] LogOutputStream:75 - [STDERR_REDIRECT] [Fatal Error] :1:1: Premature end of file.
2025-08-15 21:59:25,980 [ERROR] LogOutputStream:75 - [STDERR_REDIRECT] 
2025-08-15 21:59:26,979 [ERROR] LogOutputStream:75 - [STDERR_REDIRECT] [Fatal Error] :1:1: Premature end of file.
2025-08-15 21:59:26,979 [ERROR] LogOutputStream:75 - [STDERR_REDIRECT] 
2025-08-15 21:59:27,981 [ERROR] LogOutputStream:75 - [STDERR_REDIRECT] [Fatal Error] :1:1: Premature end of file.
2025-08-15 21:59:27,981 [ERROR] LogOutputStream:75 - [STDERR_REDIRECT] 
2025-08-15 21:59:28,979 [ERROR] LogOutputStream:75 - [STDERR_REDIRECT] [Fatal Error] :1:1: Premature end of file.
2025-08-15 21:59:28,979 [ERROR] LogOutputStream:75 - [STDERR_REDIRECT] 
2025-08-15 21:59:29,977 [ERROR] LogOutputStream:75 - [STDERR_REDIRECT] [Fatal Error] :1:1: Premature end of file.
2025-08-15 21:59:29,977 [ERROR] LogOutputStream:75 - [STDERR_REDIRECT] 
2025-08-15 21:59:30,979 [ERROR] LogOutputStream:75 - [STDERR_REDIRECT] [Fatal Error] :1:1: Premature end of file.
2025-08-15 21:59:30,979 [ERROR] LogOutputStream:75 - [STDERR_REDIRECT] 
2025-08-15 21:59:31,978 [ERROR] LogOutputStream:75 - [STDERR_REDIRECT] [Fatal Error] :1:1: Premature end of file.
2025-08-15 21:59:31,978 [ERROR] LogOutputStream:75 - [STDERR_REDIRECT] 
2025-08-15 21:59:32,978 [ERROR] LogOutputStream:75 - [STDERR_REDIRECT] [Fatal Error] :1:1: Premature end of file.
2025-08-15 21:59:32,978 [ERROR] LogOutputStream:75 - [STDERR_REDIRECT] 
2025-08-15 21:59:33,979 [ERROR] LogOutputStream:75 - [STDERR_REDIRECT] [Fatal Error] :1:1: Premature end of file.
2025-08-15 21:59:33,979 [ERROR] LogOutputStream:75 - [STDERR_REDIRECT] 
2025-08-15 21:59:34,980 [ERROR] LogOutputStream:75 - [STDERR_REDIRECT] [Fatal Error] :1:1: Premature end of file.
2025-08-15 21:59:34,980 [ERROR] LogOutputStream:75 - [STDERR_REDIRECT] 
2025-08-15 21:59:35,980 [ERROR] LogOutputStream:75 - [STDERR_REDIRECT] [Fatal Error] :1:1: Premature end of file.
2025-08-15 21:59:35,980 [ERROR] LogOutputStream:75 - [STDERR_REDIRECT] 
2025-08-15 21:59:36,981 [ERROR] LogOutputStream:75 - [STDERR_REDIRECT] [Fatal Error] :1:1: Premature end of file.
2025-08-15 21:59:36,981 [ERROR] LogOutputStream:75 - [STDERR_REDIRECT] 
2025-08-15 21:59:37,979 [ERROR] LogOutputStream:75 - [STDERR_REDIRECT] [Fatal Error] :1:1: Premature end of file.
2025-08-15 21:59:37,979 [ERROR] LogOutputStream:75 - [STDERR_REDIRECT] 
2025-08-15 21:59:38,979 [ERROR] LogOutputStream:75 - [STDERR_REDIRECT] [Fatal Error] :1:1: Premature end of file.
2025-08-15 21:59:38,979 [ERROR] LogOutputStream:75 - [STDERR_REDIRECT] 
2025-08-15 21:59:39,979 [ERROR] LogOutputStream:75 - [STDERR_REDIRECT] [Fatal Error] :1:1: Premature end of file.
2025-08-15 21:59:39,980 [ERROR] LogOutputStream:75 - [STDERR_REDIRECT] 
2025-08-15 21:59:40,978 [ERROR] LogOutputStream:75 - [STDERR_REDIRECT] [Fatal Error] :1:1: Premature end of file.
2025-08-15 21:59:40,978 [ERROR] LogOutputStream:75 - [STDERR_REDIRECT] 
2025-08-15 21:59:41,977 [ERROR] LogOutputStream:75 - [STDERR_REDIRECT] [Fatal Error] :1:1: Premature end of file.
2025-08-15 21:59:41,977 [ERROR] LogOutputStream:75 - [STDERR_REDIRECT] 
2025-08-15 21:59:42,979 [ERROR] LogOutputStream:75 - [STDERR_REDIRECT] [Fatal Error] :1:1: Premature end of file.
2025-08-15 21:59:42,979 [ERROR] LogOutputStream:75 - [STDERR_REDIRECT] 
2025-08-15 21:59:43,978 [ERROR] LogOutputStream:75 - [STDERR_REDIRECT] [Fatal Error] :1:1: Premature end of file.
2025-08-15 21:59:43,978 [ERROR] LogOutputStream:75 - [STDERR_REDIRECT] 
2025-08-15 21:59:44,977 [ERROR] LogOutputStream:75 - [STDERR_REDIRECT] [Fatal Error] :1:1: Premature end of file.
2025-08-15 21:59:44,977 [ERROR] LogOutputStream:75 - [STDERR_REDIRECT] 
2025-08-15 21:59:45,979 [ERROR] LogOutputStream:75 - [STDERR_REDIRECT] [Fatal Error] :1:1: Premature end of file.
2025-08-15 21:59:45,980 [ERROR] LogOutputStream:75 - [STDERR_REDIRECT] 
2025-08-15 21:59:46,977 [ERROR] LogOutputStream:75 - [STDERR_REDIRECT] [Fatal Error] :1:1: Premature end of file.
2025-08-15 21:59:46,978 [ERROR] LogOutputStream:75 - [STDERR_REDIRECT] 
2025-08-15 21:59:47,979 [ERROR] LogOutputStream:75 - [STDERR_REDIRECT] [Fatal Error] :1:1: Premature end of file.
2025-08-15 21:59:47,980 [ERROR] LogOutputStream:75 - [STDERR_REDIRECT] 
2025-08-15 21:59:48,976 [ERROR] LogOutputStream:75 - [STDERR_REDIRECT] [Fatal Error] :1:1: Premature end of file.
2025-08-15 21:59:48,976 [ERROR] LogOutputStream:75 - [STDERR_REDIRECT] 
2025-08-15 21:59:49,979 [ERROR] LogOutputStream:75 - [STDERR_REDIRECT] [Fatal Error] :1:1: Premature end of file.
2025-08-15 21:59:49,979 [ERROR] LogOutputStream:75 - [STDERR_REDIRECT] 
2025-08-15 21:59:50,976 [ERROR] LogOutputStream:75 - [STDERR_REDIRECT] [Fatal Error] :1:1: Premature end of file.
2025-08-15 21:59:50,977 [ERROR] LogOutputStream:75 - [STDERR_REDIRECT] 
2025-08-15 21:59:51,979 [ERROR] LogOutputStream:75 - [STDERR_REDIRECT] [Fatal Error] :1:1: Premature end of file.
2025-08-15 21:59:51,979 [ERROR] LogOutputStream:75 - [STDERR_REDIRECT] 
2025-08-15 21:59:52,978 [ERROR] LogOutputStream:75 - [STDERR_REDIRECT] [Fatal Error] :1:1: Premature end of file.
2025-08-15 21:59:52,979 [ERROR] LogOutputStream:75 - [STDERR_REDIRECT] 
2025-08-15 21:59:53,978 [ERROR] LogOutputStream:75 - [STDERR_REDIRECT] [Fatal Error] :1:1: Premature end of file.
2025-08-15 21:59:53,978 [ERROR] LogOutputStream:75 - [STDERR_REDIRECT] 
2025-08-15 21:59:54,979 [ERROR] LogOutputStream:75 - [STDERR_REDIRECT] [Fatal Error] :1:1: Premature end of file.
2025-08-15 21:59:54,979 [ERROR] LogOutputStream:75 - [STDERR_REDIRECT] 
2025-08-15 21:59:55,975 [ERROR] LogOutputStream:75 - [STDERR_REDIRECT] [Fatal Error] :1:1: Premature end of file.
2025-08-15 21:59:55,975 [ERROR] LogOutputStream:75 - [STDERR_REDIRECT] 
2025-08-15 21:59:56,978 [ERROR] LogOutputStream:75 - [STDERR_REDIRECT] [Fatal Error] :1:1: Premature end of file.
2025-08-15 21:59:56,978 [ERROR] LogOutputStream:75 - [STDERR_REDIRECT] 
2025-08-15 21:59:57,978 [ERROR] LogOutputStream:75 - [STDERR_REDIRECT] [Fatal Error] :1:1: Premature end of file.
2025-08-15 21:59:57,978 [ERROR] LogOutputStream:75 - [STDERR_REDIRECT] 
2025-08-15 21:59:58,979 [ERROR] LogOutputStream:75 - [STDERR_REDIRECT] [Fatal Error] :1:1: Premature end of file.
2025-08-15 21:59:58,979 [ERROR] LogOutputStream:75 - [STDERR_REDIRECT] 
2025-08-15 21:59:59,980 [ERROR] LogOutputStream:75 - [STDERR_REDIRECT] [Fatal Error] :1:1: Premature end of file.
2025-08-15 21:59:59,980 [ERROR] LogOutputStream:75 - [STDERR_REDIRECT] 
2025-08-15 22:00:00,981 [ERROR] LogOutputStream:75 - [STDERR_REDIRECT] [Fatal Error] :1:1: Premature end of file.
2025-08-15 22:00:00,981 [ERROR] LogOutputStream:75 - [STDERR_REDIRECT] 
2025-08-15 22:00:01,977 [ERROR] LogOutputStream:75 - [STDERR_REDIRECT] [Fatal Error] :1:1: Premature end of file.
2025-08-15 22:00:01,977 [ERROR] LogOutputStream:75 - [STDERR_REDIRECT] 
2025-08-15 22:00:02,976 [ERROR] LogOutputStream:75 - [STDERR_REDIRECT] [Fatal Error] :1:1: Premature end of file.
2025-08-15 22:00:02,976 [ERROR] LogOutputStream:75 - [STDERR_REDIRECT] 
2025-08-15 22:00:03,975 [ERROR] LogOutputStream:75 - [STDERR_REDIRECT] [Fatal Error] :1:1: Premature end of file.
2025-08-15 22:00:03,975 [ERROR] LogOutputStream:75 - [STDERR_REDIRECT] 
2025-08-15 22:00:04,976 [ERROR] LogOutputStream:75 - [STDERR_REDIRECT] [Fatal Error] :1:1: Premature end of file.
2025-08-15 22:00:04,976 [ERROR] LogOutputStream:75 - [STDERR_REDIRECT] 
2025-08-15 22:00:05,976 [ERROR] LogOutputStream:75 - [STDERR_REDIRECT] [Fatal Error] :1:1: Premature end of file.
2025-08-15 22:00:05,976 [ERROR] LogOutputStream:75 - [STDERR_REDIRECT] 
2025-08-15 22:00:06,978 [ERROR] LogOutputStream:75 - [STDERR_REDIRECT] [Fatal Error] :1:1: Premature end of file.
2025-08-15 22:00:06,978 [ERROR] LogOutputStream:75 - [STDERR_REDIRECT] 
2025-08-15 22:00:07,977 [ERROR] LogOutputStream:75 - [STDERR_REDIRECT] [Fatal Error] :1:1: Premature end of file.
2025-08-15 22:00:07,977 [ERROR] LogOutputStream:75 - [STDERR_REDIRECT] 
2025-08-15 22:00:08,976 [ERROR] LogOutputStream:75 - [STDERR_REDIRECT] [Fatal Error] :1:1: Premature end of file.
2025-08-15 22:00:08,976 [ERROR] LogOutputStream:75 - [STDERR_REDIRECT] 
2025-08-15 22:00:09,980 [ERROR] LogOutputStream:75 - [STDERR_REDIRECT] [Fatal Error] :1:1: Premature end of file.
2025-08-15 22:00:09,980 [ERROR] LogOutputStream:75 - [STDERR_REDIRECT] 
2025-08-15 22:00:10,981 [ERROR] LogOutputStream:75 - [STDERR_REDIRECT] [Fatal Error] :1:1: Premature end of file.
2025-08-15 22:00:10,981 [ERROR] LogOutputStream:75 - [STDERR_REDIRECT] 
2025-08-15 22:00:11,977 [ERROR] LogOutputStream:75 - [STDERR_REDIRECT] [Fatal Error] :1:1: Premature end of file.
2025-08-15 22:00:11,977 [ERROR] LogOutputStream:75 - [STDERR_REDIRECT] 
2025-08-15 22:00:12,979 [ERROR] LogOutputStream:75 - [STDERR_REDIRECT] [Fatal Error] :1:1: Premature end of file.
2025-08-15 22:00:12,980 [ERROR] LogOutputStream:75 - [STDERR_REDIRECT] 
2025-08-15 22:00:13,979 [ERROR] LogOutputStream:75 - [STDERR_REDIRECT] [Fatal Error] :1:1: Premature end of file.
2025-08-15 22:00:13,979 [ERROR] LogOutputStream:75 - [STDERR_REDIRECT] 
2025-08-15 22:00:14,979 [ERROR] LogOutputStream:75 - [STDERR_REDIRECT] [Fatal Error] :1:1: Premature end of file.
2025-08-15 22:00:14,979 [ERROR] LogOutputStream:75 - [STDERR_REDIRECT] 
2025-08-15 22:00:15,980 [ERROR] LogOutputStream:75 - [STDERR_REDIRECT] [Fatal Error] :1:1: Premature end of file.
2025-08-15 22:00:15,981 [ERROR] LogOutputStream:75 - [STDERR_REDIRECT] 
2025-08-15 22:00:16,975 [ERROR] LogOutputStream:75 - [STDERR_REDIRECT] [Fatal Error] :1:1: Premature end of file.
2025-08-15 22:00:16,975 [ERROR] LogOutputStream:75 - [STDERR_REDIRECT] 
2025-08-15 22:00:17,979 [ERROR] LogOutputStream:75 - [STDERR_REDIRECT] [Fatal Error] :1:1: Premature end of file.
2025-08-15 22:00:17,979 [ERROR] LogOutputStream:75 - [STDERR_REDIRECT] 
2025-08-15 22:00:18,975 [ERROR] LogOutputStream:75 - [STDERR_REDIRECT] [Fatal Error] :1:1: Premature end of file.
2025-08-15 22:00:18,975 [ERROR] LogOutputStream:75 - [STDERR_REDIRECT] 
2025-08-15 22:00:19,976 [ERROR] LogOutputStream:75 - [STDERR_REDIRECT] [Fatal Error] :1:1: Premature end of file.
2025-08-15 22:00:19,976 [ERROR] LogOutputStream:75 - [STDERR_REDIRECT] 
2025-08-15 22:00:20,979 [ERROR] LogOutputStream:75 - [STDERR_REDIRECT] [Fatal Error] :1:1: Premature end of file.
2025-08-15 22:00:20,979 [ERROR] LogOutputStream:75 - [STDERR_REDIRECT] 
2025-08-15 22:00:21,977 [ERROR] LogOutputStream:75 - [STDERR_REDIRECT] [Fatal Error] :1:1: Premature end of file.
2025-08-15 22:00:21,978 [ERROR] LogOutputStream:75 - [STDERR_REDIRECT] 
2025-08-15 22:00:22,977 [ERROR] LogOutputStream:75 - [STDERR_REDIRECT] [Fatal Error] :1:1: Premature end of file.
2025-08-15 22:00:22,977 [ERROR] LogOutputStream:75 - [STDERR_REDIRECT] 
2025-08-15 22:00:23,975 [ERROR] LogOutputStream:75 - [STDERR_REDIRECT] [Fatal Error] :1:1: Premature end of file.
2025-08-15 22:00:23,975 [ERROR] LogOutputStream:75 - [STDERR_REDIRECT] 
2025-08-15 22:00:24,978 [ERROR] LogOutputStream:75 - [STDERR_REDIRECT] [Fatal Error] :1:1: Premature end of file.
2025-08-15 22:00:24,978 [ERROR] LogOutputStream:75 - [STDERR_REDIRECT] 
2025-08-15 22:00:25,979 [ERROR] LogOutputStream:75 - [STDERR_REDIRECT] [Fatal Error] :1:1: Premature end of file.
2025-08-15 22:00:25,980 [ERROR] LogOutputStream:75 - [STDERR_REDIRECT] 
2025-08-15 22:00:26,979 [ERROR] LogOutputStream:75 - [STDERR_REDIRECT] [Fatal Error] :1:1: Premature end of file.
2025-08-15 22:00:26,979 [ERROR] LogOutputStream:75 - [STDERR_REDIRECT] 
2025-08-15 22:00:27,978 [ERROR] LogOutputStream:75 - [STDERR_REDIRECT] [Fatal Error] :1:1: Premature end of file.
2025-08-15 22:00:27,978 [ERROR] LogOutputStream:75 - [STDERR_REDIRECT] 
2025-08-15 22:00:28,978 [ERROR] LogOutputStream:75 - [STDERR_REDIRECT] [Fatal Error] :1:1: Premature end of file.
2025-08-15 22:00:28,978 [ERROR] LogOutputStream:75 - [STDERR_REDIRECT] 
2025-08-15 22:00:29,976 [ERROR] LogOutputStream:75 - [STDERR_REDIRECT] [Fatal Error] :1:1: Premature end of file.
2025-08-15 22:00:29,976 [ERROR] LogOutputStream:75 - [STDERR_REDIRECT] 
2025-08-15 22:00:30,979 [ERROR] LogOutputStream:75 - [STDERR_REDIRECT] [Fatal Error] :1:1: Premature end of file.
2025-08-15 22:00:30,979 [ERROR] LogOutputStream:75 - [STDERR_REDIRECT] 
2025-08-15 22:00:31,979 [ERROR] LogOutputStream:75 - [STDERR_REDIRECT] [Fatal Error] :1:1: Premature end of file.
2025-08-15 22:00:31,979 [ERROR] LogOutputStream:75 - [STDERR_REDIRECT] 
2025-08-15 22:00:32,979 [ERROR] LogOutputStream:75 - [STDERR_REDIRECT] [Fatal Error] :1:1: Premature end of file.
2025-08-15 22:00:32,979 [ERROR] LogOutputStream:75 - [STDERR_REDIRECT] 
2025-08-15 22:00:33,983 [ERROR] LogOutputStream:75 - [STDERR_REDIRECT] [Fatal Error] :1:1: Premature end of file.
2025-08-15 22:00:33,983 [ERROR] LogOutputStream:75 - [STDERR_REDIRECT] 
2025-08-15 22:00:34,976 [ERROR] LogOutputStream:75 - [STDERR_REDIRECT] [Fatal Error] :1:1: Premature end of file.
2025-08-15 22:00:34,976 [ERROR] LogOutputStream:75 - [STDERR_REDIRECT] 
2025-08-15 22:00:35,978 [ERROR] LogOutputStream:75 - [STDERR_REDIRECT] [Fatal Error] :1:1: Premature end of file.
2025-08-15 22:00:35,978 [ERROR] LogOutputStream:75 - [STDERR_REDIRECT] 
2025-08-15 22:00:36,977 [ERROR] LogOutputStream:75 - [STDERR_REDIRECT] [Fatal Error] :1:1: Premature end of file.
2025-08-15 22:00:36,977 [ERROR] LogOutputStream:75 - [STDERR_REDIRECT] 
2025-08-15 22:00:37,977 [ERROR] LogOutputStream:75 - [STDERR_REDIRECT] [Fatal Error] :1:1: Premature end of file.
2025-08-15 22:00:37,978 [ERROR] LogOutputStream:75 - [STDERR_REDIRECT] 
2025-08-15 22:00:38,977 [ERROR] LogOutputStream:75 - [STDERR_REDIRECT] [Fatal Error] :1:1: Premature end of file.
2025-08-15 22:00:38,977 [ERROR] LogOutputStream:75 - [STDERR_REDIRECT] 
2025-08-15 22:00:39,978 [ERROR] LogOutputStream:75 - [STDERR_REDIRECT] [Fatal Error] :1:1: Premature end of file.
2025-08-15 22:00:39,978 [ERROR] LogOutputStream:75 - [STDERR_REDIRECT] 
2025-08-15 22:00:40,978 [ERROR] LogOutputStream:75 - [STDERR_REDIRECT] [Fatal Error] :1:1: Premature end of file.
2025-08-15 22:00:40,978 [ERROR] LogOutputStream:75 - [STDERR_REDIRECT] 
2025-08-15 22:00:41,978 [ERROR] LogOutputStream:75 - [STDERR_REDIRECT] [Fatal Error] :1:1: Premature end of file.
2025-08-15 22:00:41,978 [ERROR] LogOutputStream:75 - [STDERR_REDIRECT] 
2025-08-15 22:00:42,977 [ERROR] LogOutputStream:75 - [STDERR_REDIRECT] [Fatal Error] :1:1: Premature end of file.
2025-08-15 22:00:42,977 [ERROR] LogOutputStream:75 - [STDERR_REDIRECT] 
2025-08-15 22:00:43,977 [ERROR] LogOutputStream:75 - [STDERR_REDIRECT] [Fatal Error] :1:1: Premature end of file.
2025-08-15 22:00:43,978 [ERROR] LogOutputStream:75 - [STDERR_REDIRECT] 
2025-08-15 22:00:44,977 [ERROR] LogOutputStream:75 - [STDERR_REDIRECT] [Fatal Error] :1:1: Premature end of file.
2025-08-15 22:00:44,977 [ERROR] LogOutputStream:75 - [STDERR_REDIRECT] 
2025-08-15 22:00:45,978 [ERROR] LogOutputStream:75 - [STDERR_REDIRECT] [Fatal Error] :1:1: Premature end of file.
2025-08-15 22:00:45,978 [ERROR] LogOutputStream:75 - [STDERR_REDIRECT] 
2025-08-15 22:00:46,977 [ERROR] LogOutputStream:75 - [STDERR_REDIRECT] [Fatal Error] :1:1: Premature end of file.
2025-08-15 22:00:46,977 [ERROR] LogOutputStream:75 - [STDERR_REDIRECT] 
2025-08-15 22:00:47,978 [ERROR] LogOutputStream:75 - [STDERR_REDIRECT] [Fatal Error] :1:1: Premature end of file.
2025-08-15 22:00:47,978 [ERROR] LogOutputStream:75 - [STDERR_REDIRECT] 
2025-08-15 22:00:48,977 [ERROR] LogOutputStream:75 - [STDERR_REDIRECT] [Fatal Error] :1:1: Premature end of file.
2025-08-15 22:00:48,978 [ERROR] LogOutputStream:75 - [STDERR_REDIRECT] 
2025-08-15 22:00:49,977 [ERROR] LogOutputStream:75 - [STDERR_REDIRECT] [Fatal Error] :1:1: Premature end of file.
2025-08-15 22:00:49,977 [ERROR] LogOutputStream:75 - [STDERR_REDIRECT] 
2025-08-15 22:00:50,977 [ERROR] LogOutputStream:75 - [STDERR_REDIRECT] [Fatal Error] :1:1: Premature end of file.
2025-08-15 22:00:50,977 [ERROR] LogOutputStream:75 - [STDERR_REDIRECT] 
2025-08-15 22:00:51,976 [ERROR] LogOutputStream:75 - [STDERR_REDIRECT] [Fatal Error] :1:1: Premature end of file.
2025-08-15 22:00:51,977 [ERROR] LogOutputStream:75 - [STDERR_REDIRECT] 
2025-08-15 22:00:52,978 [ERROR] LogOutputStream:75 - [STDERR_REDIRECT] [Fatal Error] :1:1: Premature end of file.
2025-08-15 22:00:52,978 [ERROR] LogOutputStream:75 - [STDERR_REDIRECT] 
2025-08-15 22:00:53,978 [ERROR] LogOutputStream:75 - [STDERR_REDIRECT] [Fatal Error] :1:1: Premature end of file.
2025-08-15 22:00:53,978 [ERROR] LogOutputStream:75 - [STDERR_REDIRECT] 
2025-08-15 22:00:54,979 [ERROR] LogOutputStream:75 - [STDERR_REDIRECT] [Fatal Error] :1:1: Premature end of file.
2025-08-15 22:00:54,979 [ERROR] LogOutputStream:75 - [STDERR_REDIRECT] 
2025-08-15 22:00:55,979 [ERROR] LogOutputStream:75 - [STDERR_REDIRECT] [Fatal Error] :1:1: Premature end of file.
2025-08-15 22:00:55,979 [ERROR] LogOutputStream:75 - [STDERR_REDIRECT] 
2025-08-15 22:00:56,982 [ERROR] LogOutputStream:75 - [STDERR_REDIRECT] [Fatal Error] :1:1: Premature end of file.
2025-08-15 22:00:56,983 [ERROR] LogOutputStream:75 - [STDERR_REDIRECT] 
2025-08-15 22:00:57,978 [ERROR] LogOutputStream:75 - [STDERR_REDIRECT] [Fatal Error] :1:1: Premature end of file.
2025-08-15 22:00:57,978 [ERROR] LogOutputStream:75 - [STDERR_REDIRECT] 
2025-08-15 22:00:58,976 [ERROR] LogOutputStream:75 - [STDERR_REDIRECT] [Fatal Error] :1:1: Premature end of file.
2025-08-15 22:00:58,976 [ERROR] LogOutputStream:75 - [STDERR_REDIRECT] 
2025-08-15 22:00:59,977 [ERROR] LogOutputStream:75 - [STDERR_REDIRECT] [Fatal Error] :1:1: Premature end of file.
2025-08-15 22:00:59,977 [ERROR] LogOutputStream:75 - [STDERR_REDIRECT] 
2025-08-15 22:01:00,977 [ERROR] LogOutputStream:75 - [STDERR_REDIRECT] [Fatal Error] :1:1: Premature end of file.
2025-08-15 22:01:00,977 [ERROR] LogOutputStream:75 - [STDERR_REDIRECT] 
2025-08-15 22:01:01,977 [ERROR] LogOutputStream:75 - [STDERR_REDIRECT] [Fatal Error] :1:1: Premature end of file.
2025-08-15 22:01:01,977 [ERROR] LogOutputStream:75 - [STDERR_REDIRECT] 
2025-08-15 22:01:02,978 [ERROR] LogOutputStream:75 - [STDERR_REDIRECT] [Fatal Error] :1:1: Premature end of file.
2025-08-15 22:01:02,978 [ERROR] LogOutputStream:75 - [STDERR_REDIRECT] 
2025-08-15 22:01:03,977 [ERROR] LogOutputStream:75 - [STDERR_REDIRECT] [Fatal Error] :1:1: Premature end of file.
2025-08-15 22:01:03,977 [ERROR] LogOutputStream:75 - [STDERR_REDIRECT] 
2025-08-15 22:01:04,977 [ERROR] LogOutputStream:75 - [STDERR_REDIRECT] [Fatal Error] :1:1: Premature end of file.
2025-08-15 22:01:04,977 [ERROR] LogOutputStream:75 - [STDERR_REDIRECT] 
2025-08-15 22:01:05,976 [ERROR] LogOutputStream:75 - [STDERR_REDIRECT] [Fatal Error] :1:1: Premature end of file.
2025-08-15 22:01:05,977 [ERROR] LogOutputStream:75 - [STDERR_REDIRECT] 
2025-08-15 22:01:06,978 [ERROR] LogOutputStream:75 - [STDERR_REDIRECT] [Fatal Error] :1:1: Premature end of file.
2025-08-15 22:01:06,978 [ERROR] LogOutputStream:75 - [STDERR_REDIRECT] 
2025-08-15 22:01:07,979 [ERROR] LogOutputStream:75 - [STDERR_REDIRECT] [Fatal Error] :1:1: Premature end of file.
2025-08-15 22:01:07,979 [ERROR] LogOutputStream:75 - [STDERR_REDIRECT] 
2025-08-15 22:01:08,976 [ERROR] LogOutputStream:75 - [STDERR_REDIRECT] [Fatal Error] :1:1: Premature end of file.
2025-08-15 22:01:08,976 [ERROR] LogOutputStream:75 - [STDERR_REDIRECT] 
2025-08-15 22:01:09,978 [ERROR] LogOutputStream:75 - [STDERR_REDIRECT] [Fatal Error] :1:1: Premature end of file.
2025-08-15 22:01:09,978 [ERROR] LogOutputStream:75 - [STDERR_REDIRECT] 
2025-08-15 22:01:10,976 [ERROR] LogOutputStream:75 - [STDERR_REDIRECT] [Fatal Error] :1:1: Premature end of file.
2025-08-15 22:01:10,976 [ERROR] LogOutputStream:75 - [STDERR_REDIRECT] 
2025-08-15 22:01:11,978 [ERROR] LogOutputStream:75 - [STDERR_REDIRECT] [Fatal Error] :1:1: Premature end of file.
2025-08-15 22:01:11,978 [ERROR] LogOutputStream:75 - [STDERR_REDIRECT] 
2025-08-15 22:01:12,978 [ERROR] LogOutputStream:75 - [STDERR_REDIRECT] [Fatal Error] :1:1: Premature end of file.
2025-08-15 22:01:12,978 [ERROR] LogOutputStream:75 - [STDERR_REDIRECT] 
2025-08-15 22:01:13,976 [ERROR] LogOutputStream:75 - [STDERR_REDIRECT] [Fatal Error] :1:1: Premature end of file.
2025-08-15 22:01:13,976 [ERROR] LogOutputStream:75 - [STDERR_REDIRECT] 
2025-08-15 22:01:14,978 [ERROR] LogOutputStream:75 - [STDERR_REDIRECT] [Fatal Error] :1:1: Premature end of file.
2025-08-15 22:01:14,979 [ERROR] LogOutputStream:75 - [STDERR_REDIRECT] 
2025-08-15 22:01:15,977 [ERROR] LogOutputStream:75 - [STDERR_REDIRECT] [Fatal Error] :1:1: Premature end of file.
2025-08-15 22:01:15,977 [ERROR] LogOutputStream:75 - [STDERR_REDIRECT] 
2025-08-15 22:01:16,978 [ERROR] LogOutputStream:75 - [STDERR_REDIRECT] [Fatal Error] :1:1: Premature end of file.
2025-08-15 22:01:16,979 [ERROR] LogOutputStream:75 - [STDERR_REDIRECT] 
2025-08-15 22:01:17,978 [ERROR] LogOutputStream:75 - [STDERR_REDIRECT] [Fatal Error] :1:1: Premature end of file.
2025-08-15 22:01:17,978 [ERROR] LogOutputStream:75 - [STDERR_REDIRECT] 
2025-08-15 22:01:18,974 [ERROR] LogOutputStream:75 - [STDERR_REDIRECT] [Fatal Error] :1:1: Premature end of file.
2025-08-15 22:01:18,974 [ERROR] LogOutputStream:75 - [STDERR_REDIRECT] 
2025-08-15 22:01:19,978 [ERROR] LogOutputStream:75 - [STDERR_REDIRECT] [Fatal Error] :1:1: Premature end of file.
2025-08-15 22:01:19,978 [ERROR] LogOutputStream:75 - [STDERR_REDIRECT] 
2025-08-15 22:01:20,977 [ERROR] LogOutputStream:75 - [STDERR_REDIRECT] [Fatal Error] :1:1: Premature end of file.
2025-08-15 22:01:20,977 [ERROR] LogOutputStream:75 - [STDERR_REDIRECT] 
2025-08-15 22:01:21,975 [ERROR] LogOutputStream:75 - [STDERR_REDIRECT] [Fatal Error] :1:1: Premature end of file.
2025-08-15 22:01:21,976 [ERROR] LogOutputStream:75 - [STDERR_REDIRECT] 
2025-08-15 22:01:22,978 [ERROR] LogOutputStream:75 - [STDERR_REDIRECT] [Fatal Error] :1:1: Premature end of file.
2025-08-15 22:01:22,978 [ERROR] LogOutputStream:75 - [STDERR_REDIRECT] 
2025-08-15 22:01:23,977 [ERROR] LogOutputStream:75 - [STDERR_REDIRECT] [Fatal Error] :1:1: Premature end of file.
2025-08-15 22:01:23,977 [ERROR] LogOutputStream:75 - [STDERR_REDIRECT] 
2025-08-15 22:01:24,977 [ERROR] LogOutputStream:75 - [STDERR_REDIRECT] [Fatal Error] :1:1: Premature end of file.
2025-08-15 22:01:24,977 [ERROR] LogOutputStream:75 - [STDERR_REDIRECT] 
2025-08-15 22:01:25,976 [ERROR] LogOutputStream:75 - [STDERR_REDIRECT] [Fatal Error] :1:1: Premature end of file.
2025-08-15 22:01:25,977 [ERROR] LogOutputStream:75 - [STDERR_REDIRECT] 
2025-08-15 22:01:26,977 [ERROR] LogOutputStream:75 - [STDERR_REDIRECT] [Fatal Error] :1:1: Premature end of file.
2025-08-15 22:01:26,978 [ERROR] LogOutputStream:75 - [STDERR_REDIRECT] 
2025-08-15 22:01:27,979 [ERROR] LogOutputStream:75 - [STDERR_REDIRECT] [Fatal Error] :1:1: Premature end of file.
2025-08-15 22:01:27,979 [ERROR] LogOutputStream:75 - [STDERR_REDIRECT] 
2025-08-15 22:01:28,976 [ERROR] LogOutputStream:75 - [STDERR_REDIRECT] [Fatal Error] :1:1: Premature end of file.
2025-08-15 22:01:28,976 [ERROR] LogOutputStream:75 - [STDERR_REDIRECT] 
2025-08-15 22:01:29,977 [ERROR] LogOutputStream:75 - [STDERR_REDIRECT] [Fatal Error] :1:1: Premature end of file.
2025-08-15 22:01:29,977 [ERROR] LogOutputStream:75 - [STDERR_REDIRECT] 
2025-08-15 22:01:30,978 [ERROR] LogOutputStream:75 - [STDERR_REDIRECT] [Fatal Error] :1:1: Premature end of file.
2025-08-15 22:01:30,978 [ERROR] LogOutputStream:75 - [STDERR_REDIRECT] 
2025-08-15 22:01:31,978 [ERROR] LogOutputStream:75 - [STDERR_REDIRECT] [Fatal Error] :1:1: Premature end of file.
2025-08-15 22:01:31,978 [ERROR] LogOutputStream:75 - [STDERR_REDIRECT] 
2025-08-15 22:01:32,976 [ERROR] LogOutputStream:75 - [STDERR_REDIRECT] [Fatal Error] :1:1: Premature end of file.
2025-08-15 22:01:32,976 [ERROR] LogOutputStream:75 - [STDERR_REDIRECT] 
2025-08-15 22:01:33,979 [ERROR] LogOutputStream:75 - [STDERR_REDIRECT] [Fatal Error] :1:1: Premature end of file.
2025-08-15 22:01:33,979 [ERROR] LogOutputStream:75 - [STDERR_REDIRECT] 
2025-08-15 22:01:34,978 [ERROR] LogOutputStream:75 - [STDERR_REDIRECT] [Fatal Error] :1:1: Premature end of file.
2025-08-15 22:01:34,978 [ERROR] LogOutputStream:75 - [STDERR_REDIRECT] 
2025-08-15 22:01:35,977 [ERROR] LogOutputStream:75 - [STDERR_REDIRECT] [Fatal Error] :1:1: Premature end of file.
2025-08-15 22:01:35,977 [ERROR] LogOutputStream:75 - [STDERR_REDIRECT] 
2025-08-15 22:01:36,978 [ERROR] LogOutputStream:75 - [STDERR_REDIRECT] [Fatal Error] :1:1: Premature end of file.
2025-08-15 22:01:36,978 [ERROR] LogOutputStream:75 - [STDERR_REDIRECT] 
2025-08-15 22:01:37,977 [ERROR] LogOutputStream:75 - [STDERR_REDIRECT] [Fatal Error] :1:1: Premature end of file.
2025-08-15 22:01:37,977 [ERROR] LogOutputStream:75 - [STDERR_REDIRECT] 
2025-08-15 22:01:38,977 [ERROR] LogOutputStream:75 - [STDERR_REDIRECT] [Fatal Error] :1:1: Premature end of file.
2025-08-15 22:01:38,977 [ERROR] LogOutputStream:75 - [STDERR_REDIRECT] 
2025-08-15 22:01:39,978 [ERROR] LogOutputStream:75 - [STDERR_REDIRECT] [Fatal Error] :1:1: Premature end of file.
2025-08-15 22:01:39,978 [ERROR] LogOutputStream:75 - [STDERR_REDIRECT] 
2025-08-15 22:01:40,977 [ERROR] LogOutputStream:75 - [STDERR_REDIRECT] [Fatal Error] :1:1: Premature end of file.
2025-08-15 22:01:40,977 [ERROR] LogOutputStream:75 - [STDERR_REDIRECT] 
2025-08-15 22:01:41,978 [ERROR] LogOutputStream:75 - [STDERR_REDIRECT] [Fatal Error] :1:1: Premature end of file.
2025-08-15 22:01:41,978 [ERROR] LogOutputStream:75 - [STDERR_REDIRECT] 
2025-08-15 22:01:42,977 [ERROR] LogOutputStream:75 - [STDERR_REDIRECT] [Fatal Error] :1:1: Premature end of file.
2025-08-15 22:01:42,978 [ERROR] LogOutputStream:75 - [STDERR_REDIRECT] 
2025-08-15 22:01:43,976 [ERROR] LogOutputStream:75 - [STDERR_REDIRECT] [Fatal Error] :1:1: Premature end of file.
2025-08-15 22:01:43,976 [ERROR] LogOutputStream:75 - [STDERR_REDIRECT] 
2025-08-15 22:01:44,979 [ERROR] LogOutputStream:75 - [STDERR_REDIRECT] [Fatal Error] :1:1: Premature end of file.
2025-08-15 22:01:44,979 [ERROR] LogOutputStream:75 - [STDERR_REDIRECT] 
2025-08-15 22:01:45,979 [ERROR] LogOutputStream:75 - [STDERR_REDIRECT] [Fatal Error] :1:1: Premature end of file.
2025-08-15 22:01:45,979 [ERROR] LogOutputStream:75 - [STDERR_REDIRECT] 
2025-08-15 22:01:46,977 [ERROR] LogOutputStream:75 - [STDERR_REDIRECT] [Fatal Error] :1:1: Premature end of file.
2025-08-15 22:01:46,978 [ERROR] LogOutputStream:75 - [STDERR_REDIRECT] 
2025-08-15 22:01:47,978 [ERROR] LogOutputStream:75 - [STDERR_REDIRECT] [Fatal Error] :1:1: Premature end of file.
2025-08-15 22:01:47,978 [ERROR] LogOutputStream:75 - [STDERR_REDIRECT] 
2025-08-15 22:01:48,978 [ERROR] LogOutputStream:75 - [STDERR_REDIRECT] [Fatal Error] :1:1: Premature end of file.
2025-08-15 22:01:48,978 [ERROR] LogOutputStream:75 - [STDERR_REDIRECT] 
2025-08-15 22:01:49,978 [ERROR] LogOutputStream:75 - [STDERR_REDIRECT] [Fatal Error] :1:1: Premature end of file.
2025-08-15 22:01:49,978 [ERROR] LogOutputStream:75 - [STDERR_REDIRECT] 
2025-08-15 22:01:50,978 [ERROR] LogOutputStream:75 - [STDERR_REDIRECT] [Fatal Error] :1:1: Premature end of file.
2025-08-15 22:01:50,978 [ERROR] LogOutputStream:75 - [STDERR_REDIRECT] 
2025-08-15 22:01:51,978 [ERROR] LogOutputStream:75 - [STDERR_REDIRECT] [Fatal Error] :1:1: Premature end of file.
2025-08-15 22:01:51,978 [ERROR] LogOutputStream:75 - [STDERR_REDIRECT] 
2025-08-15 22:01:52,975 [ERROR] LogOutputStream:75 - [STDERR_REDIRECT] [Fatal Error] :1:1: Premature end of file.
2025-08-15 22:01:52,975 [ERROR] LogOutputStream:75 - [STDERR_REDIRECT] 
2025-08-15 22:01:53,977 [ERROR] LogOutputStream:75 - [STDERR_REDIRECT] [Fatal Error] :1:1: Premature end of file.
2025-08-15 22:01:53,977 [ERROR] LogOutputStream:75 - [STDERR_REDIRECT] 
2025-08-15 22:01:54,978 [ERROR] LogOutputStream:75 - [STDERR_REDIRECT] [Fatal Error] :1:1: Premature end of file.
2025-08-15 22:01:54,978 [ERROR] LogOutputStream:75 - [STDERR_REDIRECT] 
2025-08-15 22:01:55,977 [ERROR] LogOutputStream:75 - [STDERR_REDIRECT] [Fatal Error] :1:1: Premature end of file.
2025-08-15 22:01:55,978 [ERROR] LogOutputStream:75 - [STDERR_REDIRECT] 
2025-08-15 22:01:56,979 [ERROR] LogOutputStream:75 - [STDERR_REDIRECT] [Fatal Error] :1:1: Premature end of file.
2025-08-15 22:01:56,979 [ERROR] LogOutputStream:75 - [STDERR_REDIRECT] 
2025-08-15 22:01:57,977 [ERROR] LogOutputStream:75 - [STDERR_REDIRECT] [Fatal Error] :1:1: Premature end of file.
2025-08-15 22:01:57,977 [ERROR] LogOutputStream:75 - [STDERR_REDIRECT] 
2025-08-15 22:01:58,978 [ERROR] LogOutputStream:75 - [STDERR_REDIRECT] [Fatal Error] :1:1: Premature end of file.
2025-08-15 22:01:58,978 [ERROR] LogOutputStream:75 - [STDERR_REDIRECT] 
2025-08-15 22:01:59,976 [ERROR] LogOutputStream:75 - [STDERR_REDIRECT] [Fatal Error] :1:1: Premature end of file.
2025-08-15 22:01:59,976 [ERROR] LogOutputStream:75 - [STDERR_REDIRECT] 
2025-08-15 22:02:00,977 [ERROR] LogOutputStream:75 - [STDERR_REDIRECT] [Fatal Error] :1:1: Premature end of file.
2025-08-15 22:02:00,977 [ERROR] LogOutputStream:75 - [STDERR_REDIRECT] 
2025-08-15 22:02:01,978 [ERROR] LogOutputStream:75 - [STDERR_REDIRECT] [Fatal Error] :1:1: Premature end of file.
2025-08-15 22:02:01,978 [ERROR] LogOutputStream:75 - [STDERR_REDIRECT] 
2025-08-15 22:02:02,978 [ERROR] LogOutputStream:75 - [STDERR_REDIRECT] [Fatal Error] :1:1: Premature end of file.
2025-08-15 22:02:02,978 [ERROR] LogOutputStream:75 - [STDERR_REDIRECT] 
2025-08-15 22:02:03,979 [ERROR] LogOutputStream:75 - [STDERR_REDIRECT] [Fatal Error] :1:1: Premature end of file.
2025-08-15 22:02:03,979 [ERROR] LogOutputStream:75 - [STDERR_REDIRECT] 
2025-08-15 22:02:04,977 [ERROR] LogOutputStream:75 - [STDERR_REDIRECT] [Fatal Error] :1:1: Premature end of file.
2025-08-15 22:02:04,978 [ERROR] LogOutputStream:75 - [STDERR_REDIRECT] 
2025-08-15 22:02:05,976 [ERROR] LogOutputStream:75 - [STDERR_REDIRECT] [Fatal Error] :1:1: Premature end of file.
2025-08-15 22:02:05,976 [ERROR] LogOutputStream:75 - [STDERR_REDIRECT] 
2025-08-15 22:02:06,978 [ERROR] LogOutputStream:75 - [STDERR_REDIRECT] [Fatal Error] :1:1: Premature end of file.
2025-08-15 22:02:06,978 [ERROR] LogOutputStream:75 - [STDERR_REDIRECT] 
2025-08-15 22:02:07,974 [ERROR] LogOutputStream:75 - [STDERR_REDIRECT] [Fatal Error] :1:1: Premature end of file.
2025-08-15 22:02:07,975 [ERROR] LogOutputStream:75 - [STDERR_REDIRECT] 
2025-08-15 22:02:08,978 [ERROR] LogOutputStream:75 - [STDERR_REDIRECT] [Fatal Error] :1:1: Premature end of file.
2025-08-15 22:02:08,978 [ERROR] LogOutputStream:75 - [STDERR_REDIRECT] 
2025-08-15 22:02:09,978 [ERROR] LogOutputStream:75 - [STDERR_REDIRECT] [Fatal Error] :1:1: Premature end of file.
2025-08-15 22:02:09,978 [ERROR] LogOutputStream:75 - [STDERR_REDIRECT] 
2025-08-15 22:02:10,978 [ERROR] LogOutputStream:75 - [STDERR_REDIRECT] [Fatal Error] :1:1: Premature end of file.
2025-08-15 22:02:10,978 [ERROR] LogOutputStream:75 - [STDERR_REDIRECT] 
2025-08-15 22:02:11,977 [ERROR] LogOutputStream:75 - [STDERR_REDIRECT] [Fatal Error] :1:1: Premature end of file.
2025-08-15 22:02:11,977 [ERROR] LogOutputStream:75 - [STDERR_REDIRECT] 
2025-08-15 22:02:12,978 [ERROR] LogOutputStream:75 - [STDERR_REDIRECT] [Fatal Error] :1:1: Premature end of file.
2025-08-15 22:02:12,978 [ERROR] LogOutputStream:75 - [STDERR_REDIRECT] 
2025-08-15 22:02:13,977 [ERROR] LogOutputStream:75 - [STDERR_REDIRECT] [Fatal Error] :1:1: Premature end of file.
2025-08-15 22:02:13,977 [ERROR] LogOutputStream:75 - [STDERR_REDIRECT] 
2025-08-15 22:02:14,977 [ERROR] LogOutputStream:75 - [STDERR_REDIRECT] [Fatal Error] :1:1: Premature end of file.
2025-08-15 22:02:14,977 [ERROR] LogOutputStream:75 - [STDERR_REDIRECT] 
2025-08-15 22:02:15,977 [ERROR] LogOutputStream:75 - [STDERR_REDIRECT] [Fatal Error] :1:1: Premature end of file.
2025-08-15 22:02:15,977 [ERROR] LogOutputStream:75 - [STDERR_REDIRECT] 
2025-08-15 22:02:16,978 [ERROR] LogOutputStream:75 - [STDERR_REDIRECT] [Fatal Error] :1:1: Premature end of file.
2025-08-15 22:02:16,979 [ERROR] LogOutputStream:75 - [STDERR_REDIRECT] 
2025-08-15 22:02:17,979 [ERROR] LogOutputStream:75 - [STDERR_REDIRECT] [Fatal Error] :1:1: Premature end of file.
2025-08-15 22:02:17,979 [ERROR] LogOutputStream:75 - [STDERR_REDIRECT] 
2025-08-15 22:02:18,977 [ERROR] LogOutputStream:75 - [STDERR_REDIRECT] [Fatal Error] :1:1: Premature end of file.
2025-08-15 22:02:18,977 [ERROR] LogOutputStream:75 - [STDERR_REDIRECT] 
2025-08-15 22:02:19,977 [ERROR] LogOutputStream:75 - [STDERR_REDIRECT] [Fatal Error] :1:1: Premature end of file.
2025-08-15 22:02:19,977 [ERROR] LogOutputStream:75 - [STDERR_REDIRECT] 
2025-08-15 22:02:20,979 [ERROR] LogOutputStream:75 - [STDERR_REDIRECT] [Fatal Error] :1:1: Premature end of file.
2025-08-15 22:02:20,979 [ERROR] LogOutputStream:75 - [STDERR_REDIRECT] 
2025-08-15 22:02:21,977 [ERROR] LogOutputStream:75 - [STDERR_REDIRECT] [Fatal Error] :1:1: Premature end of file.
2025-08-15 22:02:21,978 [ERROR] LogOutputStream:75 - [STDERR_REDIRECT] 
2025-08-15 22:02:22,978 [ERROR] LogOutputStream:75 - [STDERR_REDIRECT] [Fatal Error] :1:1: Premature end of file.
2025-08-15 22:02:22,978 [ERROR] LogOutputStream:75 - [STDERR_REDIRECT] 
2025-08-15 22:02:23,978 [ERROR] LogOutputStream:75 - [STDERR_REDIRECT] [Fatal Error] :1:1: Premature end of file.
2025-08-15 22:02:23,978 [ERROR] LogOutputStream:75 - [STDERR_REDIRECT] 
2025-08-15 22:02:24,978 [ERROR] LogOutputStream:75 - [STDERR_REDIRECT] [Fatal Error] :1:1: Premature end of file.
2025-08-15 22:02:24,978 [ERROR] LogOutputStream:75 - [STDERR_REDIRECT] 
2025-08-15 22:02:25,978 [ERROR] LogOutputStream:75 - [STDERR_REDIRECT] [Fatal Error] :1:1: Premature end of file.
2025-08-15 22:02:25,978 [ERROR] LogOutputStream:75 - [STDERR_REDIRECT] 
2025-08-15 22:02:26,977 [ERROR] LogOutputStream:75 - [STDERR_REDIRECT] [Fatal Error] :1:1: Premature end of file.
2025-08-15 22:02:26,977 [ERROR] LogOutputStream:75 - [STDERR_REDIRECT] 
2025-08-15 22:02:27,978 [ERROR] LogOutputStream:75 - [STDERR_REDIRECT] [Fatal Error] :1:1: Premature end of file.
2025-08-15 22:02:27,978 [ERROR] LogOutputStream:75 - [STDERR_REDIRECT] 
2025-08-15 22:02:28,977 [ERROR] LogOutputStream:75 - [STDERR_REDIRECT] [Fatal Error] :1:1: Premature end of file.
2025-08-15 22:02:28,977 [ERROR] LogOutputStream:75 - [STDERR_REDIRECT] 
2025-08-15 22:02:29,978 [ERROR] LogOutputStream:75 - [STDERR_REDIRECT] [Fatal Error] :1:1: Premature end of file.
2025-08-15 22:02:29,979 [ERROR] LogOutputStream:75 - [STDERR_REDIRECT] 
2025-08-15 22:02:30,977 [ERROR] LogOutputStream:75 - [STDERR_REDIRECT] [Fatal Error] :1:1: Premature end of file.
2025-08-15 22:02:30,977 [ERROR] LogOutputStream:75 - [STDERR_REDIRECT] 
2025-08-15 22:02:31,979 [ERROR] LogOutputStream:75 - [STDERR_REDIRECT] [Fatal Error] :1:1: Premature end of file.
2025-08-15 22:02:31,979 [ERROR] LogOutputStream:75 - [STDERR_REDIRECT] 
2025-08-15 22:02:32,978 [ERROR] LogOutputStream:75 - [STDERR_REDIRECT] [Fatal Error] :1:1: Premature end of file.
2025-08-15 22:02:32,979 [ERROR] LogOutputStream:75 - [STDERR_REDIRECT] 
2025-08-15 22:02:33,977 [ERROR] LogOutputStream:75 - [STDERR_REDIRECT] [Fatal Error] :1:1: Premature end of file.
2025-08-15 22:02:33,977 [ERROR] LogOutputStream:75 - [STDERR_REDIRECT] 
2025-08-15 22:02:34,977 [ERROR] LogOutputStream:75 - [STDERR_REDIRECT] [Fatal Error] :1:1: Premature end of file.
2025-08-15 22:02:34,977 [ERROR] LogOutputStream:75 - [STDERR_REDIRECT] 
2025-08-15 22:02:35,979 [ERROR] LogOutputStream:75 - [STDERR_REDIRECT] [Fatal Error] :1:1: Premature end of file.
2025-08-15 22:02:35,979 [ERROR] LogOutputStream:75 - [STDERR_REDIRECT] 
2025-08-15 22:02:36,978 [ERROR] LogOutputStream:75 - [STDERR_REDIRECT] [Fatal Error] :1:1: Premature end of file.
2025-08-15 22:02:36,978 [ERROR] LogOutputStream:75 - [STDERR_REDIRECT] 
2025-08-15 22:02:37,977 [ERROR] LogOutputStream:75 - [STDERR_REDIRECT] [Fatal Error] :1:1: Premature end of file.
2025-08-15 22:02:37,977 [ERROR] LogOutputStream:75 - [STDERR_REDIRECT] 
2025-08-15 22:02:38,979 [ERROR] LogOutputStream:75 - [STDERR_REDIRECT] [Fatal Error] :1:1: Premature end of file.
2025-08-15 22:02:38,979 [ERROR] LogOutputStream:75 - [STDERR_REDIRECT] 
2025-08-15 22:02:39,977 [ERROR] LogOutputStream:75 - [STDERR_REDIRECT] [Fatal Error] :1:1: Premature end of file.
2025-08-15 22:02:39,977 [ERROR] LogOutputStream:75 - [STDERR_REDIRECT] 
2025-08-15 22:02:40,980 [ERROR] LogOutputStream:75 - [STDERR_REDIRECT] [Fatal Error] :1:1: Premature end of file.
2025-08-15 22:02:40,980 [ERROR] LogOutputStream:75 - [STDERR_REDIRECT] 
2025-08-15 22:02:41,980 [ERROR] LogOutputStream:75 - [STDERR_REDIRECT] [Fatal Error] :1:1: Premature end of file.
2025-08-15 22:02:41,981 [ERROR] LogOutputStream:75 - [STDERR_REDIRECT] 
2025-08-15 22:02:42,979 [ERROR] LogOutputStream:75 - [STDERR_REDIRECT] [Fatal Error] :1:1: Premature end of file.
2025-08-15 22:02:42,979 [ERROR] LogOutputStream:75 - [STDERR_REDIRECT] 
2025-08-15 22:02:43,979 [ERROR] LogOutputStream:75 - [STDERR_REDIRECT] [Fatal Error] :1:1: Premature end of file.
2025-08-15 22:02:43,979 [ERROR] LogOutputStream:75 - [STDERR_REDIRECT] 
2025-08-15 22:02:44,978 [ERROR] LogOutputStream:75 - [STDERR_REDIRECT] [Fatal Error] :1:1: Premature end of file.
2025-08-15 22:02:44,978 [ERROR] LogOutputStream:75 - [STDERR_REDIRECT] 
2025-08-15 22:02:45,980 [ERROR] LogOutputStream:75 - [STDERR_REDIRECT] [Fatal Error] :1:1: Premature end of file.
2025-08-15 22:02:45,980 [ERROR] LogOutputStream:75 - [STDERR_REDIRECT] 
2025-08-15 22:02:46,976 [ERROR] LogOutputStream:75 - [STDERR_REDIRECT] [Fatal Error] :1:1: Premature end of file.
2025-08-15 22:02:46,976 [ERROR] LogOutputStream:75 - [STDERR_REDIRECT] 
2025-08-15 22:02:47,977 [ERROR] LogOutputStream:75 - [STDERR_REDIRECT] [Fatal Error] :1:1: Premature end of file.
2025-08-15 22:02:47,977 [ERROR] LogOutputStream:75 - [STDERR_REDIRECT] 
2025-08-15 22:02:48,977 [ERROR] LogOutputStream:75 - [STDERR_REDIRECT] [Fatal Error] :1:1: Premature end of file.
2025-08-15 22:02:48,977 [ERROR] LogOutputStream:75 - [STDERR_REDIRECT] 
2025-08-15 22:02:49,978 [ERROR] LogOutputStream:75 - [STDERR_REDIRECT] [Fatal Error] :1:1: Premature end of file.
2025-08-15 22:02:49,978 [ERROR] LogOutputStream:75 - [STDERR_REDIRECT] 
2025-08-15 22:02:50,980 [ERROR] LogOutputStream:75 - [STDERR_REDIRECT] [Fatal Error] :1:1: Premature end of file.
2025-08-15 22:02:50,980 [ERROR] LogOutputStream:75 - [STDERR_REDIRECT] 
2025-08-15 22:02:51,977 [ERROR] LogOutputStream:75 - [STDERR_REDIRECT] [Fatal Error] :1:1: Premature end of file.
2025-08-15 22:02:51,977 [ERROR] LogOutputStream:75 - [STDERR_REDIRECT] 
2025-08-15 22:02:52,988 [ERROR] LogOutputStream:75 - [STDERR_REDIRECT] [Fatal Error] :1:1: Premature end of file.
2025-08-15 22:02:52,988 [ERROR] LogOutputStream:75 - [STDERR_REDIRECT] 
2025-08-15 22:02:53,979 [ERROR] LogOutputStream:75 - [STDERR_REDIRECT] [Fatal Error] :1:1: Premature end of file.
2025-08-15 22:02:53,979 [ERROR] LogOutputStream:75 - [STDERR_REDIRECT] 
2025-08-15 22:02:54,986 [ERROR] LogOutputStream:75 - [STDERR_REDIRECT] [Fatal Error] :1:1: Premature end of file.
2025-08-15 22:02:54,986 [ERROR] LogOutputStream:75 - [STDERR_REDIRECT] 
2025-08-15 22:02:55,978 [ERROR] LogOutputStream:75 - [STDERR_REDIRECT] [Fatal Error] :1:1: Premature end of file.
2025-08-15 22:02:55,978 [ERROR] LogOutputStream:75 - [STDERR_REDIRECT] 
2025-08-15 22:02:56,977 [ERROR] LogOutputStream:75 - [STDERR_REDIRECT] [Fatal Error] :1:1: Premature end of file.
2025-08-15 22:02:56,977 [ERROR] LogOutputStream:75 - [STDERR_REDIRECT] 
2025-08-15 22:02:57,977 [ERROR] LogOutputStream:75 - [STDERR_REDIRECT] [Fatal Error] :1:1: Premature end of file.
2025-08-15 22:02:57,978 [ERROR] LogOutputStream:75 - [STDERR_REDIRECT] 
2025-08-15 22:02:58,979 [ERROR] LogOutputStream:75 - [STDERR_REDIRECT] [Fatal Error] :1:1: Premature end of file.
2025-08-15 22:02:58,979 [ERROR] LogOutputStream:75 - [STDERR_REDIRECT] 
2025-08-15 22:02:59,976 [ERROR] LogOutputStream:75 - [STDERR_REDIRECT] [Fatal Error] :1:1: Premature end of file.
2025-08-15 22:02:59,976 [ERROR] LogOutputStream:75 - [STDERR_REDIRECT] 
2025-08-15 22:03:00,976 [ERROR] LogOutputStream:75 - [STDERR_REDIRECT] [Fatal Error] :1:1: Premature end of file.
2025-08-15 22:03:00,976 [ERROR] LogOutputStream:75 - [STDERR_REDIRECT] 
2025-08-15 22:03:01,978 [ERROR] LogOutputStream:75 - [STDERR_REDIRECT] [Fatal Error] :1:1: Premature end of file.
2025-08-15 22:03:01,978 [ERROR] LogOutputStream:75 - [STDERR_REDIRECT] 
2025-08-15 22:03:02,977 [ERROR] LogOutputStream:75 - [STDERR_REDIRECT] [Fatal Error] :1:1: Premature end of file.
2025-08-15 22:03:02,977 [ERROR] LogOutputStream:75 - [STDERR_REDIRECT] 
2025-08-15 22:03:03,980 [ERROR] LogOutputStream:75 - [STDERR_REDIRECT] [Fatal Error] :1:1: Premature end of file.
2025-08-15 22:03:03,980 [ERROR] LogOutputStream:75 - [STDERR_REDIRECT] 
2025-08-15 22:03:04,977 [ERROR] LogOutputStream:75 - [STDERR_REDIRECT] [Fatal Error] :1:1: Premature end of file.
2025-08-15 22:03:04,977 [ERROR] LogOutputStream:75 - [STDERR_REDIRECT] 
2025-08-15 22:03:05,978 [ERROR] LogOutputStream:75 - [STDERR_REDIRECT] [Fatal Error] :1:1: Premature end of file.
2025-08-15 22:03:05,978 [ERROR] LogOutputStream:75 - [STDERR_REDIRECT] 
2025-08-15 22:03:06,977 [ERROR] LogOutputStream:75 - [STDERR_REDIRECT] [Fatal Error] :1:1: Premature end of file.
2025-08-15 22:03:06,977 [ERROR] LogOutputStream:75 - [STDERR_REDIRECT] 
2025-08-15 22:03:07,978 [ERROR] LogOutputStream:75 - [STDERR_REDIRECT] [Fatal Error] :1:1: Premature end of file.
2025-08-15 22:03:07,978 [ERROR] LogOutputStream:75 - [STDERR_REDIRECT] 
2025-08-15 22:03:08,977 [ERROR] LogOutputStream:75 - [STDERR_REDIRECT] [Fatal Error] :1:1: Premature end of file.
2025-08-15 22:03:08,977 [ERROR] LogOutputStream:75 - [STDERR_REDIRECT] 
2025-08-15 22:03:09,979 [ERROR] LogOutputStream:75 - [STDERR_REDIRECT] [Fatal Error] :1:1: Premature end of file.
2025-08-15 22:03:09,979 [ERROR] LogOutputStream:75 - [STDERR_REDIRECT] 
2025-08-15 22:03:10,978 [ERROR] LogOutputStream:75 - [STDERR_REDIRECT] [Fatal Error] :1:1: Premature end of file.
2025-08-15 22:03:10,978 [ERROR] LogOutputStream:75 - [STDERR_REDIRECT] 
2025-08-15 22:03:11,978 [ERROR] LogOutputStream:75 - [STDERR_REDIRECT] [Fatal Error] :1:1: Premature end of file.
2025-08-15 22:03:11,978 [ERROR] LogOutputStream:75 - [STDERR_REDIRECT] 
2025-08-15 22:03:12,977 [ERROR] LogOutputStream:75 - [STDERR_REDIRECT] [Fatal Error] :1:1: Premature end of file.
2025-08-15 22:03:12,977 [ERROR] LogOutputStream:75 - [STDERR_REDIRECT] 
2025-08-15 22:03:13,978 [ERROR] LogOutputStream:75 - [STDERR_REDIRECT] [Fatal Error] :1:1: Premature end of file.
2025-08-15 22:03:13,978 [ERROR] LogOutputStream:75 - [STDERR_REDIRECT] 
2025-08-15 22:03:14,978 [ERROR] LogOutputStream:75 - [STDERR_REDIRECT] [Fatal Error] :1:1: Premature end of file.
2025-08-15 22:03:14,979 [ERROR] LogOutputStream:75 - [STDERR_REDIRECT] 
2025-08-15 22:03:15,977 [ERROR] LogOutputStream:75 - [STDERR_REDIRECT] [Fatal Error] :1:1: Premature end of file.
2025-08-15 22:03:15,978 [ERROR] LogOutputStream:75 - [STDERR_REDIRECT] 
2025-08-15 22:03:16,979 [ERROR] LogOutputStream:75 - [STDERR_REDIRECT] [Fatal Error] :1:1: Premature end of file.
2025-08-15 22:03:16,979 [ERROR] LogOutputStream:75 - [STDERR_REDIRECT] 
2025-08-15 22:03:17,977 [ERROR] LogOutputStream:75 - [STDERR_REDIRECT] [Fatal Error] :1:1: Premature end of file.
2025-08-15 22:03:17,977 [ERROR] LogOutputStream:75 - [STDERR_REDIRECT] 
2025-08-15 22:03:18,978 [ERROR] LogOutputStream:75 - [STDERR_REDIRECT] [Fatal Error] :1:1: Premature end of file.
2025-08-15 22:03:18,978 [ERROR] LogOutputStream:75 - [STDERR_REDIRECT] 
2025-08-15 22:03:19,979 [ERROR] LogOutputStream:75 - [STDERR_REDIRECT] [Fatal Error] :1:1: Premature end of file.
2025-08-15 22:03:19,979 [ERROR] LogOutputStream:75 - [STDERR_REDIRECT] 
2025-08-15 22:03:20,977 [ERROR] LogOutputStream:75 - [STDERR_REDIRECT] [Fatal Error] :1:1: Premature end of file.
2025-08-15 22:03:20,977 [ERROR] LogOutputStream:75 - [STDERR_REDIRECT] 
2025-08-15 22:03:21,977 [ERROR] LogOutputStream:75 - [STDERR_REDIRECT] [Fatal Error] :1:1: Premature end of file.
2025-08-15 22:03:21,977 [ERROR] LogOutputStream:75 - [STDERR_REDIRECT] 
2025-08-15 22:03:22,977 [ERROR] LogOutputStream:75 - [STDERR_REDIRECT] [Fatal Error] :1:1: Premature end of file.
2025-08-15 22:03:22,977 [ERROR] LogOutputStream:75 - [STDERR_REDIRECT] 
2025-08-15 22:03:23,978 [ERROR] LogOutputStream:75 - [STDERR_REDIRECT] [Fatal Error] :1:1: Premature end of file.
2025-08-15 22:03:23,978 [ERROR] LogOutputStream:75 - [STDERR_REDIRECT] 
2025-08-15 22:03:24,979 [ERROR] LogOutputStream:75 - [STDERR_REDIRECT] [Fatal Error] :1:1: Premature end of file.
2025-08-15 22:03:24,979 [ERROR] LogOutputStream:75 - [STDERR_REDIRECT] 
2025-08-15 22:03:25,978 [ERROR] LogOutputStream:75 - [STDERR_REDIRECT] [Fatal Error] :1:1: Premature end of file.
2025-08-15 22:03:25,978 [ERROR] LogOutputStream:75 - [STDERR_REDIRECT] 
2025-08-15 22:03:26,979 [ERROR] LogOutputStream:75 - [STDERR_REDIRECT] [Fatal Error] :1:1: Premature end of file.
2025-08-15 22:03:26,979 [ERROR] LogOutputStream:75 - [STDERR_REDIRECT] 
2025-08-15 22:03:27,979 [ERROR] LogOutputStream:75 - [STDERR_REDIRECT] [Fatal Error] :1:1: Premature end of file.
2025-08-15 22:03:27,979 [ERROR] LogOutputStream:75 - [STDERR_REDIRECT] 
2025-08-15 22:03:28,978 [ERROR] LogOutputStream:75 - [STDERR_REDIRECT] [Fatal Error] :1:1: Premature end of file.
2025-08-15 22:03:28,979 [ERROR] LogOutputStream:75 - [STDERR_REDIRECT] 
2025-08-15 22:03:29,978 [ERROR] LogOutputStream:75 - [STDERR_REDIRECT] [Fatal Error] :1:1: Premature end of file.
2025-08-15 22:03:29,978 [ERROR] LogOutputStream:75 - [STDERR_REDIRECT] 
2025-08-15 22:03:30,977 [ERROR] LogOutputStream:75 - [STDERR_REDIRECT] [Fatal Error] :1:1: Premature end of file.
2025-08-15 22:03:30,977 [ERROR] LogOutputStream:75 - [STDERR_REDIRECT] 
2025-08-15 22:03:31,979 [ERROR] LogOutputStream:75 - [STDERR_REDIRECT] [Fatal Error] :1:1: Premature end of file.
2025-08-15 22:03:31,979 [ERROR] LogOutputStream:75 - [STDERR_REDIRECT] 
2025-08-15 22:03:32,977 [ERROR] LogOutputStream:75 - [STDERR_REDIRECT] [Fatal Error] :1:1: Premature end of file.
2025-08-15 22:03:32,977 [ERROR] LogOutputStream:75 - [STDERR_REDIRECT] 
2025-08-15 22:03:33,977 [ERROR] LogOutputStream:75 - [STDERR_REDIRECT] [Fatal Error] :1:1: Premature end of file.
2025-08-15 22:03:33,977 [ERROR] LogOutputStream:75 - [STDERR_REDIRECT] 
2025-08-15 22:03:34,979 [ERROR] LogOutputStream:75 - [STDERR_REDIRECT] [Fatal Error] :1:1: Premature end of file.
2025-08-15 22:03:34,979 [ERROR] LogOutputStream:75 - [STDERR_REDIRECT] 
2025-08-15 22:03:35,978 [ERROR] LogOutputStream:75 - [STDERR_REDIRECT] [Fatal Error] :1:1: Premature end of file.
2025-08-15 22:03:35,978 [ERROR] LogOutputStream:75 - [STDERR_REDIRECT] 
2025-08-15 22:03:36,977 [ERROR] LogOutputStream:75 - [STDERR_REDIRECT] [Fatal Error] :1:1: Premature end of file.
2025-08-15 22:03:36,977 [ERROR] LogOutputStream:75 - [STDERR_REDIRECT] 
2025-08-15 22:03:37,977 [ERROR] LogOutputStream:75 - [STDERR_REDIRECT] [Fatal Error] :1:1: Premature end of file.
2025-08-15 22:03:37,977 [ERROR] LogOutputStream:75 - [STDERR_REDIRECT] 
2025-08-15 22:03:38,977 [ERROR] LogOutputStream:75 - [STDERR_REDIRECT] [Fatal Error] :1:1: Premature end of file.
2025-08-15 22:03:38,977 [ERROR] LogOutputStream:75 - [STDERR_REDIRECT] 
2025-08-15 22:03:39,978 [ERROR] LogOutputStream:75 - [STDERR_REDIRECT] [Fatal Error] :1:1: Premature end of file.
2025-08-15 22:03:39,979 [ERROR] LogOutputStream:75 - [STDERR_REDIRECT] 
2025-08-15 22:03:40,979 [ERROR] LogOutputStream:75 - [STDERR_REDIRECT] [Fatal Error] :1:1: Premature end of file.
2025-08-15 22:03:40,979 [ERROR] LogOutputStream:75 - [STDERR_REDIRECT] 
2025-08-15 22:03:41,977 [ERROR] LogOutputStream:75 - [STDERR_REDIRECT] [Fatal Error] :1:1: Premature end of file.
2025-08-15 22:03:41,978 [ERROR] LogOutputStream:75 - [STDERR_REDIRECT] 
2025-08-15 22:03:42,978 [ERROR] LogOutputStream:75 - [STDERR_REDIRECT] [Fatal Error] :1:1: Premature end of file.
2025-08-15 22:03:42,978 [ERROR] LogOutputStream:75 - [STDERR_REDIRECT] 
2025-08-15 22:03:43,978 [ERROR] LogOutputStream:75 - [STDERR_REDIRECT] [Fatal Error] :1:1: Premature end of file.
2025-08-15 22:03:43,978 [ERROR] LogOutputStream:75 - [STDERR_REDIRECT] 
2025-08-15 22:03:44,978 [ERROR] LogOutputStream:75 - [STDERR_REDIRECT] [Fatal Error] :1:1: Premature end of file.
2025-08-15 22:03:44,978 [ERROR] LogOutputStream:75 - [STDERR_REDIRECT] 
2025-08-15 22:03:45,979 [ERROR] LogOutputStream:75 - [STDERR_REDIRECT] [Fatal Error] :1:1: Premature end of file.
2025-08-15 22:03:45,979 [ERROR] LogOutputStream:75 - [STDERR_REDIRECT] 
2025-08-15 22:03:46,978 [ERROR] LogOutputStream:75 - [STDERR_REDIRECT] [Fatal Error] :1:1: Premature end of file.
2025-08-15 22:03:46,978 [ERROR] LogOutputStream:75 - [STDERR_REDIRECT] 
2025-08-15 22:03:47,977 [ERROR] LogOutputStream:75 - [STDERR_REDIRECT] [Fatal Error] :1:1: Premature end of file.
2025-08-15 22:03:47,977 [ERROR] LogOutputStream:75 - [STDERR_REDIRECT] 
2025-08-15 22:03:48,977 [ERROR] LogOutputStream:75 - [STDERR_REDIRECT] [Fatal Error] :1:1: Premature end of file.
2025-08-15 22:03:48,977 [ERROR] LogOutputStream:75 - [STDERR_REDIRECT] 
2025-08-15 22:03:49,980 [ERROR] LogOutputStream:75 - [STDERR_REDIRECT] [Fatal Error] :1:1: Premature end of file.
2025-08-15 22:03:49,980 [ERROR] LogOutputStream:75 - [STDERR_REDIRECT] 
2025-08-15 22:03:50,978 [ERROR] LogOutputStream:75 - [STDERR_REDIRECT] [Fatal Error] :1:1: Premature end of file.
2025-08-15 22:03:50,978 [ERROR] LogOutputStream:75 - [STDERR_REDIRECT] 
2025-08-15 22:03:51,977 [ERROR] LogOutputStream:75 - [STDERR_REDIRECT] [Fatal Error] :1:1: Premature end of file.
2025-08-15 22:03:51,978 [ERROR] LogOutputStream:75 - [STDERR_REDIRECT] 
2025-08-15 22:03:52,976 [ERROR] LogOutputStream:75 - [STDERR_REDIRECT] [Fatal Error] :1:1: Premature end of file.
2025-08-15 22:03:52,977 [ERROR] LogOutputStream:75 - [STDERR_REDIRECT] 
2025-08-15 22:03:53,978 [ERROR] LogOutputStream:75 - [STDERR_REDIRECT] [Fatal Error] :1:1: Premature end of file.
2025-08-15 22:03:53,978 [ERROR] LogOutputStream:75 - [STDERR_REDIRECT] 
2025-08-15 22:03:54,980 [ERROR] LogOutputStream:75 - [STDERR_REDIRECT] [Fatal Error] :1:1: Premature end of file.
2025-08-15 22:03:54,980 [ERROR] LogOutputStream:75 - [STDERR_REDIRECT] 
2025-08-15 22:03:55,976 [ERROR] LogOutputStream:75 - [STDERR_REDIRECT] [Fatal Error] :1:1: Premature end of file.
2025-08-15 22:03:55,976 [ERROR] LogOutputStream:75 - [STDERR_REDIRECT] 
2025-08-15 22:03:56,980 [ERROR] LogOutputStream:75 - [STDERR_REDIRECT] [Fatal Error] :1:1: Premature end of file.
2025-08-15 22:03:56,981 [ERROR] LogOutputStream:75 - [STDERR_REDIRECT] 
2025-08-15 22:03:57,980 [ERROR] LogOutputStream:75 - [STDERR_REDIRECT] [Fatal Error] :1:1: Premature end of file.
2025-08-15 22:03:57,980 [ERROR] LogOutputStream:75 - [STDERR_REDIRECT] 
2025-08-15 22:03:58,978 [ERROR] LogOutputStream:75 - [STDERR_REDIRECT] [Fatal Error] :1:1: Premature end of file.
2025-08-15 22:03:58,978 [ERROR] LogOutputStream:75 - [STDERR_REDIRECT] 
2025-08-15 22:03:59,978 [ERROR] LogOutputStream:75 - [STDERR_REDIRECT] [Fatal Error] :1:1: Premature end of file.
2025-08-15 22:03:59,978 [ERROR] LogOutputStream:75 - [STDERR_REDIRECT] 
2025-08-15 22:04:00,978 [ERROR] LogOutputStream:75 - [STDERR_REDIRECT] [Fatal Error] :1:1: Premature end of file.
2025-08-15 22:04:00,978 [ERROR] LogOutputStream:75 - [STDERR_REDIRECT] 
2025-08-15 22:04:01,978 [ERROR] LogOutputStream:75 - [STDERR_REDIRECT] [Fatal Error] :1:1: Premature end of file.
2025-08-15 22:04:01,978 [ERROR] LogOutputStream:75 - [STDERR_REDIRECT] 
2025-08-15 22:04:02,979 [ERROR] LogOutputStream:75 - [STDERR_REDIRECT] [Fatal Error] :1:1: Premature end of file.
2025-08-15 22:04:02,979 [ERROR] LogOutputStream:75 - [STDERR_REDIRECT] 
2025-08-15 22:04:03,977 [ERROR] LogOutputStream:75 - [STDERR_REDIRECT] [Fatal Error] :1:1: Premature end of file.
2025-08-15 22:04:03,977 [ERROR] LogOutputStream:75 - [STDERR_REDIRECT] 
2025-08-15 22:04:04,977 [ERROR] LogOutputStream:75 - [STDERR_REDIRECT] [Fatal Error] :1:1: Premature end of file.
2025-08-15 22:04:04,978 [ERROR] LogOutputStream:75 - [STDERR_REDIRECT] 
2025-08-15 22:04:05,979 [ERROR] LogOutputStream:75 - [STDERR_REDIRECT] [Fatal Error] :1:1: Premature end of file.
2025-08-15 22:04:05,980 [ERROR] LogOutputStream:75 - [STDERR_REDIRECT] 
2025-08-15 22:04:06,978 [ERROR] LogOutputStream:75 - [STDERR_REDIRECT] [Fatal Error] :1:1: Premature end of file.
2025-08-15 22:04:06,978 [ERROR] LogOutputStream:75 - [STDERR_REDIRECT] 
2025-08-15 22:04:07,978 [ERROR] LogOutputStream:75 - [STDERR_REDIRECT] [Fatal Error] :1:1: Premature end of file.
2025-08-15 22:04:07,978 [ERROR] LogOutputStream:75 - [STDERR_REDIRECT] 
2025-08-15 22:04:08,978 [ERROR] LogOutputStream:75 - [STDERR_REDIRECT] [Fatal Error] :1:1: Premature end of file.
2025-08-15 22:04:08,979 [ERROR] LogOutputStream:75 - [STDERR_REDIRECT] 
2025-08-15 22:04:09,978 [ERROR] LogOutputStream:75 - [STDERR_REDIRECT] [Fatal Error] :1:1: Premature end of file.
2025-08-15 22:04:09,978 [ERROR] LogOutputStream:75 - [STDERR_REDIRECT] 
2025-08-15 22:04:10,976 [ERROR] LogOutputStream:75 - [STDERR_REDIRECT] [Fatal Error] :1:1: Premature end of file.
2025-08-15 22:04:10,976 [ERROR] LogOutputStream:75 - [STDERR_REDIRECT] 
2025-08-15 22:04:11,981 [ERROR] LogOutputStream:75 - [STDERR_REDIRECT] [Fatal Error] :1:1: Premature end of file.
2025-08-15 22:04:11,981 [ERROR] LogOutputStream:75 - [STDERR_REDIRECT] 
2025-08-15 22:04:12,978 [ERROR] LogOutputStream:75 - [STDERR_REDIRECT] [Fatal Error] :1:1: Premature end of file.
2025-08-15 22:04:12,978 [ERROR] LogOutputStream:75 - [STDERR_REDIRECT] 
2025-08-15 22:04:13,980 [ERROR] LogOutputStream:75 - [STDERR_REDIRECT] [Fatal Error] :1:1: Premature end of file.
2025-08-15 22:04:13,980 [ERROR] LogOutputStream:75 - [STDERR_REDIRECT] 
2025-08-15 22:04:14,979 [ERROR] LogOutputStream:75 - [STDERR_REDIRECT] [Fatal Error] :1:1: Premature end of file.
2025-08-15 22:04:14,980 [ERROR] LogOutputStream:75 - [STDERR_REDIRECT] 
2025-08-15 22:04:15,978 [ERROR] LogOutputStream:75 - [STDERR_REDIRECT] [Fatal Error] :1:1: Premature end of file.
2025-08-15 22:04:15,978 [ERROR] LogOutputStream:75 - [STDERR_REDIRECT] 
2025-08-15 22:04:16,979 [ERROR] LogOutputStream:75 - [STDERR_REDIRECT] [Fatal Error] :1:1: Premature end of file.
2025-08-15 22:04:16,979 [ERROR] LogOutputStream:75 - [STDERR_REDIRECT] 
2025-08-15 22:04:17,979 [ERROR] LogOutputStream:75 - [STDERR_REDIRECT] [Fatal Error] :1:1: Premature end of file.
2025-08-15 22:04:17,979 [ERROR] LogOutputStream:75 - [STDERR_REDIRECT] 
2025-08-15 22:04:18,977 [ERROR] LogOutputStream:75 - [STDERR_REDIRECT] [Fatal Error] :1:1: Premature end of file.
2025-08-15 22:04:18,977 [ERROR] LogOutputStream:75 - [STDERR_REDIRECT] 
2025-08-15 22:04:19,980 [ERROR] LogOutputStream:75 - [STDERR_REDIRECT] [Fatal Error] :1:1: Premature end of file.
2025-08-15 22:04:19,980 [ERROR] LogOutputStream:75 - [STDERR_REDIRECT] 
2025-08-15 22:04:20,978 [ERROR] LogOutputStream:75 - [STDERR_REDIRECT] [Fatal Error] :1:1: Premature end of file.
2025-08-15 22:04:20,979 [ERROR] LogOutputStream:75 - [STDERR_REDIRECT] 
2025-08-15 22:04:21,978 [ERROR] LogOutputStream:75 - [STDERR_REDIRECT] [Fatal Error] :1:1: Premature end of file.
2025-08-15 22:04:21,978 [ERROR] LogOutputStream:75 - [STDERR_REDIRECT] 
2025-08-15 22:04:22,977 [ERROR] LogOutputStream:75 - [STDERR_REDIRECT] [Fatal Error] :1:1: Premature end of file.
2025-08-15 22:04:22,977 [ERROR] LogOutputStream:75 - [STDERR_REDIRECT] 
2025-08-15 22:04:23,976 [ERROR] LogOutputStream:75 - [STDERR_REDIRECT] [Fatal Error] :1:1: Premature end of file.
2025-08-15 22:04:23,976 [ERROR] LogOutputStream:75 - [STDERR_REDIRECT] 
2025-08-15 22:04:24,978 [ERROR] LogOutputStream:75 - [STDERR_REDIRECT] [Fatal Error] :1:1: Premature end of file.
2025-08-15 22:04:24,978 [ERROR] LogOutputStream:75 - [STDERR_REDIRECT] 
2025-08-15 22:04:25,978 [ERROR] LogOutputStream:75 - [STDERR_REDIRECT] [Fatal Error] :1:1: Premature end of file.
2025-08-15 22:04:25,978 [ERROR] LogOutputStream:75 - [STDERR_REDIRECT] 
2025-08-15 22:04:26,978 [ERROR] LogOutputStream:75 - [STDERR_REDIRECT] [Fatal Error] :1:1: Premature end of file.
2025-08-15 22:04:26,979 [ERROR] LogOutputStream:75 - [STDERR_REDIRECT] 
2025-08-15 22:04:27,980 [ERROR] LogOutputStream:75 - [STDERR_REDIRECT] [Fatal Error] :1:1: Premature end of file.
2025-08-15 22:04:27,981 [ERROR] LogOutputStream:75 - [STDERR_REDIRECT] 
2025-08-15 22:04:28,979 [ERROR] LogOutputStream:75 - [STDERR_REDIRECT] [Fatal Error] :1:1: Premature end of file.
2025-08-15 22:04:28,979 [ERROR] LogOutputStream:75 - [STDERR_REDIRECT] 
2025-08-15 22:04:29,980 [ERROR] LogOutputStream:75 - [STDERR_REDIRECT] [Fatal Error] :1:1: Premature end of file.
2025-08-15 22:04:29,980 [ERROR] LogOutputStream:75 - [STDERR_REDIRECT] 
2025-08-15 22:04:30,978 [ERROR] LogOutputStream:75 - [STDERR_REDIRECT] [Fatal Error] :1:1: Premature end of file.
2025-08-15 22:04:30,978 [ERROR] LogOutputStream:75 - [STDERR_REDIRECT] 
2025-08-15 22:04:31,978 [ERROR] LogOutputStream:75 - [STDERR_REDIRECT] [Fatal Error] :1:1: Premature end of file.
2025-08-15 22:04:31,979 [ERROR] LogOutputStream:75 - [STDERR_REDIRECT] 
2025-08-15 22:04:32,977 [ERROR] LogOutputStream:75 - [STDERR_REDIRECT] [Fatal Error] :1:1: Premature end of file.
2025-08-15 22:04:32,977 [ERROR] LogOutputStream:75 - [STDERR_REDIRECT] 
2025-08-15 22:04:33,977 [ERROR] LogOutputStream:75 - [STDERR_REDIRECT] [Fatal Error] :1:1: Premature end of file.
2025-08-15 22:04:33,978 [ERROR] LogOutputStream:75 - [STDERR_REDIRECT] 
2025-08-15 22:04:34,979 [ERROR] LogOutputStream:75 - [STDERR_REDIRECT] [Fatal Error] :1:1: Premature end of file.
2025-08-15 22:04:34,979 [ERROR] LogOutputStream:75 - [STDERR_REDIRECT] 
2025-08-15 22:04:35,979 [ERROR] LogOutputStream:75 - [STDERR_REDIRECT] [Fatal Error] :1:1: Premature end of file.
2025-08-15 22:04:35,979 [ERROR] LogOutputStream:75 - [STDERR_REDIRECT] 
2025-08-15 22:04:36,977 [ERROR] LogOutputStream:75 - [STDERR_REDIRECT] [Fatal Error] :1:1: Premature end of file.
2025-08-15 22:04:36,977 [ERROR] LogOutputStream:75 - [STDERR_REDIRECT] 
2025-08-15 22:04:37,976 [ERROR] LogOutputStream:75 - [STDERR_REDIRECT] [Fatal Error] :1:1: Premature end of file.
2025-08-15 22:04:37,976 [ERROR] LogOutputStream:75 - [STDERR_REDIRECT] 
2025-08-15 22:04:38,976 [ERROR] LogOutputStream:75 - [STDERR_REDIRECT] [Fatal Error] :1:1: Premature end of file.
2025-08-15 22:04:38,976 [ERROR] LogOutputStream:75 - [STDERR_REDIRECT] 
2025-08-15 22:04:39,978 [ERROR] LogOutputStream:75 - [STDERR_REDIRECT] [Fatal Error] :1:1: Premature end of file.
2025-08-15 22:04:39,978 [ERROR] LogOutputStream:75 - [STDERR_REDIRECT] 
2025-08-15 22:04:40,977 [ERROR] LogOutputStream:75 - [STDERR_REDIRECT] [Fatal Error] :1:1: Premature end of file.
2025-08-15 22:04:40,977 [ERROR] LogOutputStream:75 - [STDERR_REDIRECT] 
2025-08-15 22:04:41,978 [ERROR] LogOutputStream:75 - [STDERR_REDIRECT] [Fatal Error] :1:1: Premature end of file.
2025-08-15 22:04:41,979 [ERROR] LogOutputStream:75 - [STDERR_REDIRECT] 
2025-08-15 22:04:42,978 [ERROR] LogOutputStream:75 - [STDERR_REDIRECT] [Fatal Error] :1:1: Premature end of file.
2025-08-15 22:04:42,978 [ERROR] LogOutputStream:75 - [STDERR_REDIRECT] 
2025-08-15 22:04:43,978 [ERROR] LogOutputStream:75 - [STDERR_REDIRECT] [Fatal Error] :1:1: Premature end of file.
2025-08-15 22:04:43,978 [ERROR] LogOutputStream:75 - [STDERR_REDIRECT] 
2025-08-15 22:04:44,977 [ERROR] LogOutputStream:75 - [STDERR_REDIRECT] [Fatal Error] :1:1: Premature end of file.
2025-08-15 22:04:44,977 [ERROR] LogOutputStream:75 - [STDERR_REDIRECT] 
2025-08-15 22:04:45,978 [ERROR] LogOutputStream:75 - [STDERR_REDIRECT] [Fatal Error] :1:1: Premature end of file.
2025-08-15 22:04:45,978 [ERROR] LogOutputStream:75 - [STDERR_REDIRECT] 
2025-08-15 22:04:46,979 [ERROR] LogOutputStream:75 - [STDERR_REDIRECT] [Fatal Error] :1:1: Premature end of file.
2025-08-15 22:04:46,979 [ERROR] LogOutputStream:75 - [STDERR_REDIRECT] 
2025-08-15 22:04:47,977 [ERROR] LogOutputStream:75 - [STDERR_REDIRECT] [Fatal Error] :1:1: Premature end of file.
2025-08-15 22:04:47,977 [ERROR] LogOutputStream:75 - [STDERR_REDIRECT] 
2025-08-15 22:04:48,977 [ERROR] LogOutputStream:75 - [STDERR_REDIRECT] [Fatal Error] :1:1: Premature end of file.
2025-08-15 22:04:48,977 [ERROR] LogOutputStream:75 - [STDERR_REDIRECT] 
2025-08-15 22:04:49,979 [ERROR] LogOutputStream:75 - [STDERR_REDIRECT] [Fatal Error] :1:1: Premature end of file.
2025-08-15 22:04:49,979 [ERROR] LogOutputStream:75 - [STDERR_REDIRECT] 
2025-08-15 22:04:50,977 [ERROR] LogOutputStream:75 - [STDERR_REDIRECT] [Fatal Error] :1:1: Premature end of file.
2025-08-15 22:04:50,977 [ERROR] LogOutputStream:75 - [STDERR_REDIRECT] 
2025-08-15 22:04:51,977 [ERROR] LogOutputStream:75 - [STDERR_REDIRECT] [Fatal Error] :1:1: Premature end of file.
2025-08-15 22:04:51,977 [ERROR] LogOutputStream:75 - [STDERR_REDIRECT] 
2025-08-15 22:04:52,980 [ERROR] LogOutputStream:75 - [STDERR_REDIRECT] [Fatal Error] :1:1: Premature end of file.
2025-08-15 22:04:52,980 [ERROR] LogOutputStream:75 - [STDERR_REDIRECT] 
2025-08-15 22:04:53,978 [ERROR] LogOutputStream:75 - [STDERR_REDIRECT] [Fatal Error] :1:1: Premature end of file.
2025-08-15 22:04:53,978 [ERROR] LogOutputStream:75 - [STDERR_REDIRECT] 
2025-08-15 22:04:54,978 [ERROR] LogOutputStream:75 - [STDERR_REDIRECT] [Fatal Error] :1:1: Premature end of file.
2025-08-15 22:04:54,978 [ERROR] LogOutputStream:75 - [STDERR_REDIRECT] 
2025-08-15 22:04:55,983 [ERROR] LogOutputStream:75 - [STDERR_REDIRECT] [Fatal Error] :1:1: Premature end of file.
2025-08-15 22:04:55,983 [ERROR] LogOutputStream:75 - [STDERR_REDIRECT] 
2025-08-15 22:04:56,977 [ERROR] LogOutputStream:75 - [STDERR_REDIRECT] [Fatal Error] :1:1: Premature end of file.
2025-08-15 22:04:56,977 [ERROR] LogOutputStream:75 - [STDERR_REDIRECT] 
2025-08-15 22:04:57,979 [ERROR] LogOutputStream:75 - [STDERR_REDIRECT] [Fatal Error] :1:1: Premature end of file.
2025-08-15 22:04:57,979 [ERROR] LogOutputStream:75 - [STDERR_REDIRECT] 
2025-08-15 22:04:58,977 [ERROR] LogOutputStream:75 - [STDERR_REDIRECT] [Fatal Error] :1:1: Premature end of file.
2025-08-15 22:04:58,977 [ERROR] LogOutputStream:75 - [STDERR_REDIRECT] 
2025-08-15 22:04:59,977 [ERROR] LogOutputStream:75 - [STDERR_REDIRECT] [Fatal Error] :1:1: Premature end of file.
2025-08-15 22:04:59,977 [ERROR] LogOutputStream:75 - [STDERR_REDIRECT] 
2025-08-15 22:05:00,977 [ERROR] LogOutputStream:75 - [STDERR_REDIRECT] [Fatal Error] :1:1: Premature end of file.
2025-08-15 22:05:00,977 [ERROR] LogOutputStream:75 - [STDERR_REDIRECT] 
2025-08-15 22:05:01,975 [ERROR] LogOutputStream:75 - [STDERR_REDIRECT] [Fatal Error] :1:1: Premature end of file.
2025-08-15 22:05:01,975 [ERROR] LogOutputStream:75 - [STDERR_REDIRECT] 
2025-08-15 22:05:02,980 [ERROR] LogOutputStream:75 - [STDERR_REDIRECT] [Fatal Error] :1:1: Premature end of file.
2025-08-15 22:05:02,980 [ERROR] LogOutputStream:75 - [STDERR_REDIRECT] 
2025-08-15 22:05:03,976 [ERROR] LogOutputStream:75 - [STDERR_REDIRECT] [Fatal Error] :1:1: Premature end of file.
2025-08-15 22:05:03,976 [ERROR] LogOutputStream:75 - [STDERR_REDIRECT] 
2025-08-15 22:05:04,977 [ERROR] LogOutputStream:75 - [STDERR_REDIRECT] [Fatal Error] :1:1: Premature end of file.
2025-08-15 22:05:04,977 [ERROR] LogOutputStream:75 - [STDERR_REDIRECT] 
2025-08-15 22:05:05,976 [ERROR] LogOutputStream:75 - [STDERR_REDIRECT] [Fatal Error] :1:1: Premature end of file.
2025-08-15 22:05:05,976 [ERROR] LogOutputStream:75 - [STDERR_REDIRECT] 
2025-08-15 22:05:06,977 [ERROR] LogOutputStream:75 - [STDERR_REDIRECT] [Fatal Error] :1:1: Premature end of file.
2025-08-15 22:05:06,977 [ERROR] LogOutputStream:75 - [STDERR_REDIRECT] 
2025-08-15 22:05:07,976 [ERROR] LogOutputStream:75 - [STDERR_REDIRECT] [Fatal Error] :1:1: Premature end of file.
2025-08-15 22:05:07,976 [ERROR] LogOutputStream:75 - [STDERR_REDIRECT] 
2025-08-15 22:05:08,977 [ERROR] LogOutputStream:75 - [STDERR_REDIRECT] [Fatal Error] :1:1: Premature end of file.
2025-08-15 22:05:08,977 [ERROR] LogOutputStream:75 - [STDERR_REDIRECT] 
2025-08-15 22:05:09,977 [ERROR] LogOutputStream:75 - [STDERR_REDIRECT] [Fatal Error] :1:1: Premature end of file.
2025-08-15 22:05:09,978 [ERROR] LogOutputStream:75 - [STDERR_REDIRECT] 
2025-08-15 22:05:10,976 [ERROR] LogOutputStream:75 - [STDERR_REDIRECT] [Fatal Error] :1:1: Premature end of file.
2025-08-15 22:05:10,977 [ERROR] LogOutputStream:75 - [STDERR_REDIRECT] 
2025-08-15 22:05:11,976 [ERROR] LogOutputStream:75 - [STDERR_REDIRECT] [Fatal Error] :1:1: Premature end of file.
2025-08-15 22:05:11,976 [ERROR] LogOutputStream:75 - [STDERR_REDIRECT] 
2025-08-15 22:05:12,978 [ERROR] LogOutputStream:75 - [STDERR_REDIRECT] [Fatal Error] :1:1: Premature end of file.
2025-08-15 22:05:12,978 [ERROR] LogOutputStream:75 - [STDERR_REDIRECT] 
2025-08-15 22:05:13,979 [ERROR] LogOutputStream:75 - [STDERR_REDIRECT] [Fatal Error] :1:1: Premature end of file.
2025-08-15 22:05:13,979 [ERROR] LogOutputStream:75 - [STDERR_REDIRECT] 
2025-08-15 22:05:14,976 [ERROR] LogOutputStream:75 - [STDERR_REDIRECT] [Fatal Error] :1:1: Premature end of file.
2025-08-15 22:05:14,977 [ERROR] LogOutputStream:75 - [STDERR_REDIRECT] 
2025-08-15 22:05:15,978 [ERROR] LogOutputStream:75 - [STDERR_REDIRECT] [Fatal Error] :1:1: Premature end of file.
2025-08-15 22:05:15,978 [ERROR] LogOutputStream:75 - [STDERR_REDIRECT] 
2025-08-15 22:05:16,977 [ERROR] LogOutputStream:75 - [STDERR_REDIRECT] [Fatal Error] :1:1: Premature end of file.
2025-08-15 22:05:16,977 [ERROR] LogOutputStream:75 - [STDERR_REDIRECT] 
2025-08-15 22:05:17,979 [ERROR] LogOutputStream:75 - [STDERR_REDIRECT] [Fatal Error] :1:1: Premature end of file.
2025-08-15 22:05:17,980 [ERROR] LogOutputStream:75 - [STDERR_REDIRECT] 
2025-08-15 22:05:18,976 [ERROR] LogOutputStream:75 - [STDERR_REDIRECT] [Fatal Error] :1:1: Premature end of file.
2025-08-15 22:05:18,977 [ERROR] LogOutputStream:75 - [STDERR_REDIRECT] 
2025-08-15 22:05:19,977 [ERROR] LogOutputStream:75 - [STDERR_REDIRECT] [Fatal Error] :1:1: Premature end of file.
2025-08-15 22:05:19,977 [ERROR] LogOutputStream:75 - [STDERR_REDIRECT] 
2025-08-15 22:05:20,976 [ERROR] LogOutputStream:75 - [STDERR_REDIRECT] [Fatal Error] :1:1: Premature end of file.
2025-08-15 22:05:20,977 [ERROR] LogOutputStream:75 - [STDERR_REDIRECT] 
2025-08-15 22:05:21,977 [ERROR] LogOutputStream:75 - [STDERR_REDIRECT] [Fatal Error] :1:1: Premature end of file.
2025-08-15 22:05:21,978 [ERROR] LogOutputStream:75 - [STDERR_REDIRECT] 
2025-08-15 22:05:22,976 [ERROR] LogOutputStream:75 - [STDERR_REDIRECT] [Fatal Error] :1:1: Premature end of file.
2025-08-15 22:05:22,976 [ERROR] LogOutputStream:75 - [STDERR_REDIRECT] 
2025-08-15 22:05:23,978 [ERROR] LogOutputStream:75 - [STDERR_REDIRECT] [Fatal Error] :1:1: Premature end of file.
2025-08-15 22:05:23,978 [ERROR] LogOutputStream:75 - [STDERR_REDIRECT] 
2025-08-15 22:05:24,978 [ERROR] LogOutputStream:75 - [STDERR_REDIRECT] [Fatal Error] :1:1: Premature end of file.
2025-08-15 22:05:24,978 [ERROR] LogOutputStream:75 - [STDERR_REDIRECT] 
2025-08-15 22:05:25,976 [ERROR] LogOutputStream:75 - [STDERR_REDIRECT] [Fatal Error] :1:1: Premature end of file.
2025-08-15 22:05:25,976 [ERROR] LogOutputStream:75 - [STDERR_REDIRECT] 
2025-08-15 22:05:26,980 [ERROR] LogOutputStream:75 - [STDERR_REDIRECT] [Fatal Error] :1:1: Premature end of file.
2025-08-15 22:05:26,980 [ERROR] LogOutputStream:75 - [STDERR_REDIRECT] 
2025-08-15 22:05:27,976 [ERROR] LogOutputStream:75 - [STDERR_REDIRECT] [Fatal Error] :1:1: Premature end of file.
2025-08-15 22:05:27,976 [ERROR] LogOutputStream:75 - [STDERR_REDIRECT] 
2025-08-15 22:05:28,979 [ERROR] LogOutputStream:75 - [STDERR_REDIRECT] [Fatal Error] :1:1: Premature end of file.
2025-08-15 22:05:28,979 [ERROR] LogOutputStream:75 - [STDERR_REDIRECT] 
2025-08-15 22:05:29,978 [ERROR] LogOutputStream:75 - [STDERR_REDIRECT] [Fatal Error] :1:1: Premature end of file.
2025-08-15 22:05:29,978 [ERROR] LogOutputStream:75 - [STDERR_REDIRECT] 
2025-08-15 22:05:30,977 [ERROR] LogOutputStream:75 - [STDERR_REDIRECT] [Fatal Error] :1:1: Premature end of file.
2025-08-15 22:05:30,977 [ERROR] LogOutputStream:75 - [STDERR_REDIRECT] 
2025-08-15 22:05:31,977 [ERROR] LogOutputStream:75 - [STDERR_REDIRECT] [Fatal Error] :1:1: Premature end of file.
2025-08-15 22:05:31,977 [ERROR] LogOutputStream:75 - [STDERR_REDIRECT] 
2025-08-15 22:05:32,977 [ERROR] LogOutputStream:75 - [STDERR_REDIRECT] [Fatal Error] :1:1: Premature end of file.
2025-08-15 22:05:32,977 [ERROR] LogOutputStream:75 - [STDERR_REDIRECT] 
2025-08-15 22:05:33,978 [ERROR] LogOutputStream:75 - [STDERR_REDIRECT] [Fatal Error] :1:1: Premature end of file.
2025-08-15 22:05:33,978 [ERROR] LogOutputStream:75 - [STDERR_REDIRECT] 
2025-08-15 22:05:34,976 [ERROR] LogOutputStream:75 - [STDERR_REDIRECT] [Fatal Error] :1:1: Premature end of file.
2025-08-15 22:05:34,976 [ERROR] LogOutputStream:75 - [STDERR_REDIRECT] 
2025-08-15 22:05:35,976 [ERROR] LogOutputStream:75 - [STDERR_REDIRECT] [Fatal Error] :1:1: Premature end of file.
2025-08-15 22:05:35,976 [ERROR] LogOutputStream:75 - [STDERR_REDIRECT] 
2025-08-15 22:05:36,978 [ERROR] LogOutputStream:75 - [STDERR_REDIRECT] [Fatal Error] :1:1: Premature end of file.
2025-08-15 22:05:36,978 [ERROR] LogOutputStream:75 - [STDERR_REDIRECT] 
2025-08-15 22:05:37,976 [ERROR] LogOutputStream:75 - [STDERR_REDIRECT] [Fatal Error] :1:1: Premature end of file.
2025-08-15 22:05:37,976 [ERROR] LogOutputStream:75 - [STDERR_REDIRECT] 
2025-08-15 22:05:38,977 [ERROR] LogOutputStream:75 - [STDERR_REDIRECT] [Fatal Error] :1:1: Premature end of file.
2025-08-15 22:05:38,977 [ERROR] LogOutputStream:75 - [STDERR_REDIRECT] 
2025-08-15 22:05:39,979 [ERROR] LogOutputStream:75 - [STDERR_REDIRECT] [Fatal Error] :1:1: Premature end of file.
2025-08-15 22:05:39,979 [ERROR] LogOutputStream:75 - [STDERR_REDIRECT] 
2025-08-15 22:05:40,976 [ERROR] LogOutputStream:75 - [STDERR_REDIRECT] [Fatal Error] :1:1: Premature end of file.
2025-08-15 22:05:40,976 [ERROR] LogOutputStream:75 - [STDERR_REDIRECT] 
2025-08-15 22:05:41,977 [ERROR] LogOutputStream:75 - [STDERR_REDIRECT] [Fatal Error] :1:1: Premature end of file.
2025-08-15 22:05:41,977 [ERROR] LogOutputStream:75 - [STDERR_REDIRECT] 
2025-08-15 22:05:42,977 [ERROR] LogOutputStream:75 - [STDERR_REDIRECT] [Fatal Error] :1:1: Premature end of file.
2025-08-15 22:05:42,977 [ERROR] LogOutputStream:75 - [STDERR_REDIRECT] 
2025-08-15 22:05:43,976 [ERROR] LogOutputStream:75 - [STDERR_REDIRECT] [Fatal Error] :1:1: Premature end of file.
2025-08-15 22:05:43,976 [ERROR] LogOutputStream:75 - [STDERR_REDIRECT] 
2025-08-15 22:05:44,978 [ERROR] LogOutputStream:75 - [STDERR_REDIRECT] [Fatal Error] :1:1: Premature end of file.
2025-08-15 22:05:44,978 [ERROR] LogOutputStream:75 - [STDERR_REDIRECT] 
2025-08-15 22:05:45,976 [ERROR] LogOutputStream:75 - [STDERR_REDIRECT] [Fatal Error] :1:1: Premature end of file.
2025-08-15 22:05:45,976 [ERROR] LogOutputStream:75 - [STDERR_REDIRECT] 
2025-08-15 22:05:46,978 [ERROR] LogOutputStream:75 - [STDERR_REDIRECT] [Fatal Error] :1:1: Premature end of file.
2025-08-15 22:05:46,978 [ERROR] LogOutputStream:75 - [STDERR_REDIRECT] 
2025-08-15 22:05:47,977 [ERROR] LogOutputStream:75 - [STDERR_REDIRECT] [Fatal Error] :1:1: Premature end of file.
2025-08-15 22:05:47,977 [ERROR] LogOutputStream:75 - [STDERR_REDIRECT] 
2025-08-15 22:05:48,978 [ERROR] LogOutputStream:75 - [STDERR_REDIRECT] [Fatal Error] :1:1: Premature end of file.
2025-08-15 22:05:48,978 [ERROR] LogOutputStream:75 - [STDERR_REDIRECT] 
2025-08-15 22:05:49,977 [ERROR] LogOutputStream:75 - [STDERR_REDIRECT] [Fatal Error] :1:1: Premature end of file.
2025-08-15 22:05:49,977 [ERROR] LogOutputStream:75 - [STDERR_REDIRECT] 
2025-08-15 22:05:50,977 [ERROR] LogOutputStream:75 - [STDERR_REDIRECT] [Fatal Error] :1:1: Premature end of file.
2025-08-15 22:05:50,977 [ERROR] LogOutputStream:75 - [STDERR_REDIRECT] 
2025-08-15 22:05:51,978 [ERROR] LogOutputStream:75 - [STDERR_REDIRECT] [Fatal Error] :1:1: Premature end of file.
2025-08-15 22:05:51,979 [ERROR] LogOutputStream:75 - [STDERR_REDIRECT] 
2025-08-15 22:05:52,977 [ERROR] LogOutputStream:75 - [STDERR_REDIRECT] [Fatal Error] :1:1: Premature end of file.
2025-08-15 22:05:52,978 [ERROR] LogOutputStream:75 - [STDERR_REDIRECT] 
2025-08-15 22:05:53,977 [ERROR] LogOutputStream:75 - [STDERR_REDIRECT] [Fatal Error] :1:1: Premature end of file.
2025-08-15 22:05:53,978 [ERROR] LogOutputStream:75 - [STDERR_REDIRECT] 
2025-08-15 22:05:54,977 [ERROR] LogOutputStream:75 - [STDERR_REDIRECT] [Fatal Error] :1:1: Premature end of file.
2025-08-15 22:05:54,977 [ERROR] LogOutputStream:75 - [STDERR_REDIRECT] 
2025-08-15 22:05:55,982 [ERROR] LogOutputStream:75 - [STDERR_REDIRECT] [Fatal Error] :1:1: Premature end of file.
2025-08-15 22:05:55,982 [ERROR] LogOutputStream:75 - [STDERR_REDIRECT] 
2025-08-15 22:05:56,977 [ERROR] LogOutputStream:75 - [STDERR_REDIRECT] [Fatal Error] :1:1: Premature end of file.
2025-08-15 22:05:56,978 [ERROR] LogOutputStream:75 - [STDERR_REDIRECT] 
2025-08-15 22:05:57,978 [ERROR] LogOutputStream:75 - [STDERR_REDIRECT] [Fatal Error] :1:1: Premature end of file.
2025-08-15 22:05:57,978 [ERROR] LogOutputStream:75 - [STDERR_REDIRECT] 
2025-08-15 22:05:58,977 [ERROR] LogOutputStream:75 - [STDERR_REDIRECT] [Fatal Error] :1:1: Premature end of file.
2025-08-15 22:05:58,977 [ERROR] LogOutputStream:75 - [STDERR_REDIRECT] 
2025-08-15 22:05:59,977 [ERROR] LogOutputStream:75 - [STDERR_REDIRECT] [Fatal Error] :1:1: Premature end of file.
2025-08-15 22:05:59,977 [ERROR] LogOutputStream:75 - [STDERR_REDIRECT] 
2025-08-15 22:06:00,977 [ERROR] LogOutputStream:75 - [STDERR_REDIRECT] [Fatal Error] :1:1: Premature end of file.
2025-08-15 22:06:00,977 [ERROR] LogOutputStream:75 - [STDERR_REDIRECT] 
2025-08-15 22:06:01,977 [ERROR] LogOutputStream:75 - [STDERR_REDIRECT] [Fatal Error] :1:1: Premature end of file.
2025-08-15 22:06:01,977 [ERROR] LogOutputStream:75 - [STDERR_REDIRECT] 
2025-08-15 22:06:02,977 [ERROR] LogOutputStream:75 - [STDERR_REDIRECT] [Fatal Error] :1:1: Premature end of file.
2025-08-15 22:06:02,977 [ERROR] LogOutputStream:75 - [STDERR_REDIRECT] 
2025-08-15 22:06:03,978 [ERROR] LogOutputStream:75 - [STDERR_REDIRECT] [Fatal Error] :1:1: Premature end of file.
2025-08-15 22:06:03,978 [ERROR] LogOutputStream:75 - [STDERR_REDIRECT] 
2025-08-15 22:06:04,977 [ERROR] LogOutputStream:75 - [STDERR_REDIRECT] [Fatal Error] :1:1: Premature end of file.
2025-08-15 22:06:04,977 [ERROR] LogOutputStream:75 - [STDERR_REDIRECT] 
2025-08-15 22:06:05,977 [ERROR] LogOutputStream:75 - [STDERR_REDIRECT] [Fatal Error] :1:1: Premature end of file.
2025-08-15 22:06:05,977 [ERROR] LogOutputStream:75 - [STDERR_REDIRECT] 
2025-08-15 22:06:06,978 [ERROR] LogOutputStream:75 - [STDERR_REDIRECT] [Fatal Error] :1:1: Premature end of file.
2025-08-15 22:06:06,978 [ERROR] LogOutputStream:75 - [STDERR_REDIRECT] 
2025-08-15 22:06:07,978 [ERROR] LogOutputStream:75 - [STDERR_REDIRECT] [Fatal Error] :1:1: Premature end of file.
2025-08-15 22:06:07,978 [ERROR] LogOutputStream:75 - [STDERR_REDIRECT] 
2025-08-15 22:06:08,977 [ERROR] LogOutputStream:75 - [STDERR_REDIRECT] [Fatal Error] :1:1: Premature end of file.
2025-08-15 22:06:08,977 [ERROR] LogOutputStream:75 - [STDERR_REDIRECT] 
2025-08-15 22:06:09,978 [ERROR] LogOutputStream:75 - [STDERR_REDIRECT] [Fatal Error] :1:1: Premature end of file.
2025-08-15 22:06:09,978 [ERROR] LogOutputStream:75 - [STDERR_REDIRECT] 
2025-08-15 22:06:10,977 [ERROR] LogOutputStream:75 - [STDERR_REDIRECT] [Fatal Error] :1:1: Premature end of file.
2025-08-15 22:06:10,978 [ERROR] LogOutputStream:75 - [STDERR_REDIRECT] 
2025-08-15 22:06:11,976 [ERROR] LogOutputStream:75 - [STDERR_REDIRECT] [Fatal Error] :1:1: Premature end of file.
2025-08-15 22:06:11,976 [ERROR] LogOutputStream:75 - [STDERR_REDIRECT] 
2025-08-15 22:06:12,978 [ERROR] LogOutputStream:75 - [STDERR_REDIRECT] [Fatal Error] :1:1: Premature end of file.
2025-08-15 22:06:12,979 [ERROR] LogOutputStream:75 - [STDERR_REDIRECT] 
2025-08-15 22:06:13,978 [ERROR] LogOutputStream:75 - [STDERR_REDIRECT] [Fatal Error] :1:1: Premature end of file.
2025-08-15 22:06:13,978 [ERROR] LogOutputStream:75 - [STDERR_REDIRECT] 
2025-08-15 22:06:14,977 [ERROR] LogOutputStream:75 - [STDERR_REDIRECT] [Fatal Error] :1:1: Premature end of file.
2025-08-15 22:06:14,977 [ERROR] LogOutputStream:75 - [STDERR_REDIRECT] 
2025-08-15 22:06:15,977 [ERROR] LogOutputStream:75 - [STDERR_REDIRECT] [Fatal Error] :1:1: Premature end of file.
2025-08-15 22:06:15,977 [ERROR] LogOutputStream:75 - [STDERR_REDIRECT] 
2025-08-15 22:06:16,977 [ERROR] LogOutputStream:75 - [STDERR_REDIRECT] [Fatal Error] :1:1: Premature end of file.
2025-08-15 22:06:16,978 [ERROR] LogOutputStream:75 - [STDERR_REDIRECT] 
2025-08-15 22:06:17,975 [ERROR] LogOutputStream:75 - [STDERR_REDIRECT] [Fatal Error] :1:1: Premature end of file.
2025-08-15 22:06:17,975 [ERROR] LogOutputStream:75 - [STDERR_REDIRECT] 
2025-08-15 22:06:18,989 [ERROR] LogOutputStream:75 - [STDERR_REDIRECT] [Fatal Error] :1:1: Premature end of file.
2025-08-15 22:06:18,990 [ERROR] LogOutputStream:75 - [STDERR_REDIRECT] 
2025-08-15 22:06:19,978 [ERROR] LogOutputStream:75 - [STDERR_REDIRECT] [Fatal Error] :1:1: Premature end of file.
2025-08-15 22:06:19,978 [ERROR] LogOutputStream:75 - [STDERR_REDIRECT] 
2025-08-15 22:06:20,976 [ERROR] LogOutputStream:75 - [STDERR_REDIRECT] [Fatal Error] :1:1: Premature end of file.
2025-08-15 22:06:20,976 [ERROR] LogOutputStream:75 - [STDERR_REDIRECT] 
2025-08-15 22:06:21,978 [ERROR] LogOutputStream:75 - [STDERR_REDIRECT] [Fatal Error] :1:1: Premature end of file.
2025-08-15 22:06:21,978 [ERROR] LogOutputStream:75 - [STDERR_REDIRECT] 
2025-08-15 22:06:22,976 [ERROR] LogOutputStream:75 - [STDERR_REDIRECT] [Fatal Error] :1:1: Premature end of file.
2025-08-15 22:06:22,976 [ERROR] LogOutputStream:75 - [STDERR_REDIRECT] 
2025-08-15 22:06:23,978 [ERROR] LogOutputStream:75 - [STDERR_REDIRECT] [Fatal Error] :1:1: Premature end of file.
2025-08-15 22:06:23,978 [ERROR] LogOutputStream:75 - [STDERR_REDIRECT] 
2025-08-15 22:06:24,976 [ERROR] LogOutputStream:75 - [STDERR_REDIRECT] [Fatal Error] :1:1: Premature end of file.
2025-08-15 22:06:24,976 [ERROR] LogOutputStream:75 - [STDERR_REDIRECT] 
2025-08-15 22:06:25,977 [ERROR] LogOutputStream:75 - [STDERR_REDIRECT] [Fatal Error] :1:1: Premature end of file.
2025-08-15 22:06:25,977 [ERROR] LogOutputStream:75 - [STDERR_REDIRECT] 
2025-08-15 22:06:26,977 [ERROR] LogOutputStream:75 - [STDERR_REDIRECT] [Fatal Error] :1:1: Premature end of file.
2025-08-15 22:06:26,977 [ERROR] LogOutputStream:75 - [STDERR_REDIRECT] 
2025-08-15 22:06:27,978 [ERROR] LogOutputStream:75 - [STDERR_REDIRECT] [Fatal Error] :1:1: Premature end of file.
2025-08-15 22:06:27,978 [ERROR] LogOutputStream:75 - [STDERR_REDIRECT] 
2025-08-15 22:06:28,977 [ERROR] LogOutputStream:75 - [STDERR_REDIRECT] [Fatal Error] :1:1: Premature end of file.
2025-08-15 22:06:28,977 [ERROR] LogOutputStream:75 - [STDERR_REDIRECT] 
2025-08-15 22:06:29,978 [ERROR] LogOutputStream:75 - [STDERR_REDIRECT] [Fatal Error] :1:1: Premature end of file.
2025-08-15 22:06:29,979 [ERROR] LogOutputStream:75 - [STDERR_REDIRECT] 
2025-08-15 22:06:30,976 [ERROR] LogOutputStream:75 - [STDERR_REDIRECT] [Fatal Error] :1:1: Premature end of file.
2025-08-15 22:06:30,976 [ERROR] LogOutputStream:75 - [STDERR_REDIRECT] 
2025-08-15 22:06:31,978 [ERROR] LogOutputStream:75 - [STDERR_REDIRECT] [Fatal Error] :1:1: Premature end of file.
2025-08-15 22:06:31,978 [ERROR] LogOutputStream:75 - [STDERR_REDIRECT] 
2025-08-15 22:06:32,977 [ERROR] LogOutputStream:75 - [STDERR_REDIRECT] [Fatal Error] :1:1: Premature end of file.
2025-08-15 22:06:32,977 [ERROR] LogOutputStream:75 - [STDERR_REDIRECT] 
2025-08-15 22:06:33,976 [ERROR] LogOutputStream:75 - [STDERR_REDIRECT] [Fatal Error] :1:1: Premature end of file.
2025-08-15 22:06:33,977 [ERROR] LogOutputStream:75 - [STDERR_REDIRECT] 
2025-08-15 22:06:34,977 [ERROR] LogOutputStream:75 - [STDERR_REDIRECT] [Fatal Error] :1:1: Premature end of file.
2025-08-15 22:06:34,977 [ERROR] LogOutputStream:75 - [STDERR_REDIRECT] 
2025-08-15 22:06:35,975 [ERROR] LogOutputStream:75 - [STDERR_REDIRECT] [Fatal Error] :1:1: Premature end of file.
2025-08-15 22:06:35,976 [ERROR] LogOutputStream:75 - [STDERR_REDIRECT] 
2025-08-15 22:06:36,978 [ERROR] LogOutputStream:75 - [STDERR_REDIRECT] [Fatal Error] :1:1: Premature end of file.
2025-08-15 22:06:36,978 [ERROR] LogOutputStream:75 - [STDERR_REDIRECT] 
2025-08-15 22:06:37,977 [ERROR] LogOutputStream:75 - [STDERR_REDIRECT] [Fatal Error] :1:1: Premature end of file.
2025-08-15 22:06:37,977 [ERROR] LogOutputStream:75 - [STDERR_REDIRECT] 
2025-08-15 22:06:38,977 [ERROR] LogOutputStream:75 - [STDERR_REDIRECT] [Fatal Error] :1:1: Premature end of file.
2025-08-15 22:06:38,977 [ERROR] LogOutputStream:75 - [STDERR_REDIRECT] 
2025-08-15 22:06:39,976 [ERROR] LogOutputStream:75 - [STDERR_REDIRECT] [Fatal Error] :1:1: Premature end of file.
2025-08-15 22:06:39,976 [ERROR] LogOutputStream:75 - [STDERR_REDIRECT] 
2025-08-15 22:06:40,978 [ERROR] LogOutputStream:75 - [STDERR_REDIRECT] [Fatal Error] :1:1: Premature end of file.
2025-08-15 22:06:40,978 [ERROR] LogOutputStream:75 - [STDERR_REDIRECT] 
2025-08-15 22:06:41,976 [ERROR] LogOutputStream:75 - [STDERR_REDIRECT] [Fatal Error] :1:1: Premature end of file.
2025-08-15 22:06:41,977 [ERROR] LogOutputStream:75 - [STDERR_REDIRECT] 
2025-08-15 22:06:42,978 [ERROR] LogOutputStream:75 - [STDERR_REDIRECT] [Fatal Error] :1:1: Premature end of file.
2025-08-15 22:06:42,978 [ERROR] LogOutputStream:75 - [STDERR_REDIRECT] 
2025-08-15 22:06:43,975 [ERROR] LogOutputStream:75 - [STDERR_REDIRECT] [Fatal Error] :1:1: Premature end of file.
2025-08-15 22:06:43,976 [ERROR] LogOutputStream:75 - [STDERR_REDIRECT] 
2025-08-15 22:06:44,977 [ERROR] LogOutputStream:75 - [STDERR_REDIRECT] [Fatal Error] :1:1: Premature end of file.
2025-08-15 22:06:44,978 [ERROR] LogOutputStream:75 - [STDERR_REDIRECT] 
2025-08-15 22:06:45,978 [ERROR] LogOutputStream:75 - [STDERR_REDIRECT] [Fatal Error] :1:1: Premature end of file.
2025-08-15 22:06:45,978 [ERROR] LogOutputStream:75 - [STDERR_REDIRECT] 
2025-08-15 22:06:46,977 [ERROR] LogOutputStream:75 - [STDERR_REDIRECT] [Fatal Error] :1:1: Premature end of file.
2025-08-15 22:06:46,977 [ERROR] LogOutputStream:75 - [STDERR_REDIRECT] 
2025-08-15 22:06:47,978 [ERROR] LogOutputStream:75 - [STDERR_REDIRECT] [Fatal Error] :1:1: Premature end of file.
2025-08-15 22:06:47,978 [ERROR] LogOutputStream:75 - [STDERR_REDIRECT] 
2025-08-15 22:06:48,976 [ERROR] LogOutputStream:75 - [STDERR_REDIRECT] [Fatal Error] :1:1: Premature end of file.
2025-08-15 22:06:48,976 [ERROR] LogOutputStream:75 - [STDERR_REDIRECT] 
2025-08-15 22:06:49,976 [ERROR] LogOutputStream:75 - [STDERR_REDIRECT] [Fatal Error] :1:1: Premature end of file.
2025-08-15 22:06:49,976 [ERROR] LogOutputStream:75 - [STDERR_REDIRECT] 
2025-08-15 22:06:50,976 [ERROR] LogOutputStream:75 - [STDERR_REDIRECT] [Fatal Error] :1:1: Premature end of file.
2025-08-15 22:06:50,977 [ERROR] LogOutputStream:75 - [STDERR_REDIRECT] 
2025-08-15 22:06:51,976 [ERROR] LogOutputStream:75 - [STDERR_REDIRECT] [Fatal Error] :1:1: Premature end of file.
2025-08-15 22:06:51,976 [ERROR] LogOutputStream:75 - [STDERR_REDIRECT] 
2025-08-15 22:06:52,977 [ERROR] LogOutputStream:75 - [STDERR_REDIRECT] [Fatal Error] :1:1: Premature end of file.
2025-08-15 22:06:52,977 [ERROR] LogOutputStream:75 - [STDERR_REDIRECT] 
2025-08-15 22:06:53,977 [ERROR] LogOutputStream:75 - [STDERR_REDIRECT] [Fatal Error] :1:1: Premature end of file.
2025-08-15 22:06:53,977 [ERROR] LogOutputStream:75 - [STDERR_REDIRECT] 
2025-08-15 22:06:54,976 [ERROR] LogOutputStream:75 - [STDERR_REDIRECT] [Fatal Error] :1:1: Premature end of file.
2025-08-15 22:06:54,976 [ERROR] LogOutputStream:75 - [STDERR_REDIRECT] 
2025-08-15 22:06:55,977 [ERROR] LogOutputStream:75 - [STDERR_REDIRECT] [Fatal Error] :1:1: Premature end of file.
2025-08-15 22:06:55,977 [ERROR] LogOutputStream:75 - [STDERR_REDIRECT] 
2025-08-15 22:06:56,980 [ERROR] LogOutputStream:75 - [STDERR_REDIRECT] [Fatal Error] :1:1: Premature end of file.
2025-08-15 22:06:56,980 [ERROR] LogOutputStream:75 - [STDERR_REDIRECT] 
2025-08-15 22:06:57,977 [ERROR] LogOutputStream:75 - [STDERR_REDIRECT] [Fatal Error] :1:1: Premature end of file.
2025-08-15 22:06:57,978 [ERROR] LogOutputStream:75 - [STDERR_REDIRECT] 
2025-08-15 22:06:58,974 [ERROR] LogOutputStream:75 - [STDERR_REDIRECT] [Fatal Error] :1:1: Premature end of file.
2025-08-15 22:06:58,975 [ERROR] LogOutputStream:75 - [STDERR_REDIRECT] 
2025-08-15 22:06:59,978 [ERROR] LogOutputStream:75 - [STDERR_REDIRECT] [Fatal Error] :1:1: Premature end of file.
2025-08-15 22:06:59,979 [ERROR] LogOutputStream:75 - [STDERR_REDIRECT] 
2025-08-15 22:07:00,977 [ERROR] LogOutputStream:75 - [STDERR_REDIRECT] [Fatal Error] :1:1: Premature end of file.
2025-08-15 22:07:00,977 [ERROR] LogOutputStream:75 - [STDERR_REDIRECT] 
2025-08-15 22:07:01,976 [ERROR] LogOutputStream:75 - [STDERR_REDIRECT] [Fatal Error] :1:1: Premature end of file.
2025-08-15 22:07:01,976 [ERROR] LogOutputStream:75 - [STDERR_REDIRECT] 
2025-08-15 22:07:02,977 [ERROR] LogOutputStream:75 - [STDERR_REDIRECT] [Fatal Error] :1:1: Premature end of file.
2025-08-15 22:07:02,977 [ERROR] LogOutputStream:75 - [STDERR_REDIRECT] 
2025-08-15 22:07:03,976 [ERROR] LogOutputStream:75 - [STDERR_REDIRECT] [Fatal Error] :1:1: Premature end of file.
2025-08-15 22:07:03,976 [ERROR] LogOutputStream:75 - [STDERR_REDIRECT] 
2025-08-15 22:07:04,977 [ERROR] LogOutputStream:75 - [STDERR_REDIRECT] [Fatal Error] :1:1: Premature end of file.
2025-08-15 22:07:04,977 [ERROR] LogOutputStream:75 - [STDERR_REDIRECT] 
2025-08-15 22:07:05,977 [ERROR] LogOutputStream:75 - [STDERR_REDIRECT] [Fatal Error] :1:1: Premature end of file.
2025-08-15 22:07:05,977 [ERROR] LogOutputStream:75 - [STDERR_REDIRECT] 
2025-08-15 22:07:06,978 [ERROR] LogOutputStream:75 - [STDERR_REDIRECT] [Fatal Error] :1:1: Premature end of file.
2025-08-15 22:07:06,978 [ERROR] LogOutputStream:75 - [STDERR_REDIRECT] 
2025-08-15 22:07:07,978 [ERROR] LogOutputStream:75 - [STDERR_REDIRECT] [Fatal Error] :1:1: Premature end of file.
2025-08-15 22:07:07,978 [ERROR] LogOutputStream:75 - [STDERR_REDIRECT] 
2025-08-15 22:07:08,978 [ERROR] LogOutputStream:75 - [STDERR_REDIRECT] [Fatal Error] :1:1: Premature end of file.
2025-08-15 22:07:08,978 [ERROR] LogOutputStream:75 - [STDERR_REDIRECT] 
2025-08-15 22:07:09,977 [ERROR] LogOutputStream:75 - [STDERR_REDIRECT] [Fatal Error] :1:1: Premature end of file.
2025-08-15 22:07:09,977 [ERROR] LogOutputStream:75 - [STDERR_REDIRECT] 
2025-08-15 22:07:10,976 [ERROR] LogOutputStream:75 - [STDERR_REDIRECT] [Fatal Error] :1:1: Premature end of file.
2025-08-15 22:07:10,976 [ERROR] LogOutputStream:75 - [STDERR_REDIRECT] 
2025-08-15 22:07:11,977 [ERROR] LogOutputStream:75 - [STDERR_REDIRECT] [Fatal Error] :1:1: Premature end of file.
2025-08-15 22:07:11,977 [ERROR] LogOutputStream:75 - [STDERR_REDIRECT] 
2025-08-15 22:07:12,977 [ERROR] LogOutputStream:75 - [STDERR_REDIRECT] [Fatal Error] :1:1: Premature end of file.
2025-08-15 22:07:12,977 [ERROR] LogOutputStream:75 - [STDERR_REDIRECT] 
2025-08-15 22:07:13,978 [ERROR] LogOutputStream:75 - [STDERR_REDIRECT] [Fatal Error] :1:1: Premature end of file.
2025-08-15 22:07:13,978 [ERROR] LogOutputStream:75 - [STDERR_REDIRECT] 
2025-08-15 22:07:14,979 [ERROR] LogOutputStream:75 - [STDERR_REDIRECT] [Fatal Error] :1:1: Premature end of file.
2025-08-15 22:07:14,979 [ERROR] LogOutputStream:75 - [STDERR_REDIRECT] 
2025-08-15 22:07:15,976 [ERROR] LogOutputStream:75 - [STDERR_REDIRECT] [Fatal Error] :1:1: Premature end of file.
2025-08-15 22:07:15,976 [ERROR] LogOutputStream:75 - [STDERR_REDIRECT] 
2025-08-15 22:07:16,976 [ERROR] LogOutputStream:75 - [STDERR_REDIRECT] [Fatal Error] :1:1: Premature end of file.
2025-08-15 22:07:16,976 [ERROR] LogOutputStream:75 - [STDERR_REDIRECT] 
2025-08-15 22:07:17,976 [ERROR] LogOutputStream:75 - [STDERR_REDIRECT] [Fatal Error] :1:1: Premature end of file.
2025-08-15 22:07:17,976 [ERROR] LogOutputStream:75 - [STDERR_REDIRECT] 
2025-08-15 22:07:18,976 [ERROR] LogOutputStream:75 - [STDERR_REDIRECT] [Fatal Error] :1:1: Premature end of file.
2025-08-15 22:07:18,976 [ERROR] LogOutputStream:75 - [STDERR_REDIRECT] 
2025-08-15 22:07:19,976 [ERROR] LogOutputStream:75 - [STDERR_REDIRECT] [Fatal Error] :1:1: Premature end of file.
2025-08-15 22:07:19,976 [ERROR] LogOutputStream:75 - [STDERR_REDIRECT] 
2025-08-15 22:07:20,976 [ERROR] LogOutputStream:75 - [STDERR_REDIRECT] [Fatal Error] :1:1: Premature end of file.
2025-08-15 22:07:20,976 [ERROR] LogOutputStream:75 - [STDERR_REDIRECT] 
2025-08-15 22:07:21,977 [ERROR] LogOutputStream:75 - [STDERR_REDIRECT] [Fatal Error] :1:1: Premature end of file.
2025-08-15 22:07:21,977 [ERROR] LogOutputStream:75 - [STDERR_REDIRECT] 
2025-08-15 22:07:22,975 [ERROR] LogOutputStream:75 - [STDERR_REDIRECT] [Fatal Error] :1:1: Premature end of file.
2025-08-15 22:07:22,976 [ERROR] LogOutputStream:75 - [STDERR_REDIRECT] 
2025-08-15 22:07:23,977 [ERROR] LogOutputStream:75 - [STDERR_REDIRECT] [Fatal Error] :1:1: Premature end of file.
2025-08-15 22:07:23,977 [ERROR] LogOutputStream:75 - [STDERR_REDIRECT] 
2025-08-15 22:07:24,975 [ERROR] LogOutputStream:75 - [STDERR_REDIRECT] [Fatal Error] :1:1: Premature end of file.
2025-08-15 22:07:24,975 [ERROR] LogOutputStream:75 - [STDERR_REDIRECT] 
2025-08-15 22:07:25,977 [ERROR] LogOutputStream:75 - [STDERR_REDIRECT] [Fatal Error] :1:1: Premature end of file.
2025-08-15 22:07:25,977 [ERROR] LogOutputStream:75 - [STDERR_REDIRECT] 
2025-08-15 22:07:26,975 [ERROR] LogOutputStream:75 - [STDERR_REDIRECT] [Fatal Error] :1:1: Premature end of file.
2025-08-15 22:07:26,975 [ERROR] LogOutputStream:75 - [STDERR_REDIRECT] 
2025-08-15 22:07:27,976 [ERROR] LogOutputStream:75 - [STDERR_REDIRECT] [Fatal Error] :1:1: Premature end of file.
2025-08-15 22:07:27,976 [ERROR] LogOutputStream:75 - [STDERR_REDIRECT] 
2025-08-15 22:07:28,975 [ERROR] LogOutputStream:75 - [STDERR_REDIRECT] [Fatal Error] :1:1: Premature end of file.
2025-08-15 22:07:28,975 [ERROR] LogOutputStream:75 - [STDERR_REDIRECT] 
2025-08-15 22:07:29,976 [ERROR] LogOutputStream:75 - [STDERR_REDIRECT] [Fatal Error] :1:1: Premature end of file.
2025-08-15 22:07:29,976 [ERROR] LogOutputStream:75 - [STDERR_REDIRECT] 
2025-08-15 22:07:30,976 [ERROR] LogOutputStream:75 - [STDERR_REDIRECT] [Fatal Error] :1:1: Premature end of file.
2025-08-15 22:07:30,977 [ERROR] LogOutputStream:75 - [STDERR_REDIRECT] 
2025-08-15 22:07:31,975 [ERROR] LogOutputStream:75 - [STDERR_REDIRECT] [Fatal Error] :1:1: Premature end of file.
2025-08-15 22:07:31,975 [ERROR] LogOutputStream:75 - [STDERR_REDIRECT] 
2025-08-15 22:07:32,975 [ERROR] LogOutputStream:75 - [STDERR_REDIRECT] [Fatal Error] :1:1: Premature end of file.
2025-08-15 22:07:32,975 [ERROR] LogOutputStream:75 - [STDERR_REDIRECT] 
2025-08-15 22:07:33,976 [ERROR] LogOutputStream:75 - [STDERR_REDIRECT] [Fatal Error] :1:1: Premature end of file.
2025-08-15 22:07:33,976 [ERROR] LogOutputStream:75 - [STDERR_REDIRECT] 
2025-08-15 22:07:34,975 [ERROR] LogOutputStream:75 - [STDERR_REDIRECT] [Fatal Error] :1:1: Premature end of file.
2025-08-15 22:07:34,975 [ERROR] LogOutputStream:75 - [STDERR_REDIRECT] 
2025-08-15 22:07:35,975 [ERROR] LogOutputStream:75 - [STDERR_REDIRECT] [Fatal Error] :1:1: Premature end of file.
2025-08-15 22:07:35,975 [ERROR] LogOutputStream:75 - [STDERR_REDIRECT] 
2025-08-15 22:07:36,977 [ERROR] LogOutputStream:75 - [STDERR_REDIRECT] [Fatal Error] :1:1: Premature end of file.
2025-08-15 22:07:36,977 [ERROR] LogOutputStream:75 - [STDERR_REDIRECT] 
2025-08-15 22:07:37,975 [ERROR] LogOutputStream:75 - [STDERR_REDIRECT] [Fatal Error] :1:1: Premature end of file.
2025-08-15 22:07:37,975 [ERROR] LogOutputStream:75 - [STDERR_REDIRECT] 
2025-08-15 22:07:38,977 [ERROR] LogOutputStream:75 - [STDERR_REDIRECT] [Fatal Error] :1:1: Premature end of file.
2025-08-15 22:07:38,977 [ERROR] LogOutputStream:75 - [STDERR_REDIRECT] 
2025-08-15 22:07:39,976 [ERROR] LogOutputStream:75 - [STDERR_REDIRECT] [Fatal Error] :1:1: Premature end of file.
2025-08-15 22:07:39,976 [ERROR] LogOutputStream:75 - [STDERR_REDIRECT] 
2025-08-15 22:07:40,975 [ERROR] LogOutputStream:75 - [STDERR_REDIRECT] [Fatal Error] :1:1: Premature end of file.
2025-08-15 22:07:40,976 [ERROR] LogOutputStream:75 - [STDERR_REDIRECT] 
2025-08-15 22:07:41,976 [ERROR] LogOutputStream:75 - [STDERR_REDIRECT] [Fatal Error] :1:1: Premature end of file.
2025-08-15 22:07:41,976 [ERROR] LogOutputStream:75 - [STDERR_REDIRECT] 
2025-08-15 22:07:42,977 [ERROR] LogOutputStream:75 - [STDERR_REDIRECT] [Fatal Error] :1:1: Premature end of file.
2025-08-15 22:07:42,977 [ERROR] LogOutputStream:75 - [STDERR_REDIRECT] 
2025-08-15 22:07:43,977 [ERROR] LogOutputStream:75 - [STDERR_REDIRECT] [Fatal Error] :1:1: Premature end of file.
2025-08-15 22:07:43,977 [ERROR] LogOutputStream:75 - [STDERR_REDIRECT] 
2025-08-15 22:07:44,977 [ERROR] LogOutputStream:75 - [STDERR_REDIRECT] [Fatal Error] :1:1: Premature end of file.
2025-08-15 22:07:44,977 [ERROR] LogOutputStream:75 - [STDERR_REDIRECT] 
2025-08-15 22:07:45,978 [ERROR] LogOutputStream:75 - [STDERR_REDIRECT] [Fatal Error] :1:1: Premature end of file.
2025-08-15 22:07:45,978 [ERROR] LogOutputStream:75 - [STDERR_REDIRECT] 
2025-08-15 22:07:46,977 [ERROR] LogOutputStream:75 - [STDERR_REDIRECT] [Fatal Error] :1:1: Premature end of file.
2025-08-15 22:07:46,977 [ERROR] LogOutputStream:75 - [STDERR_REDIRECT] 
2025-08-15 22:07:47,975 [ERROR] LogOutputStream:75 - [STDERR_REDIRECT] [Fatal Error] :1:1: Premature end of file.
2025-08-15 22:07:47,975 [ERROR] LogOutputStream:75 - [STDERR_REDIRECT] 
2025-08-15 22:07:48,977 [ERROR] LogOutputStream:75 - [STDERR_REDIRECT] [Fatal Error] :1:1: Premature end of file.
2025-08-15 22:07:48,977 [ERROR] LogOutputStream:75 - [STDERR_REDIRECT] 
2025-08-15 22:07:49,975 [ERROR] LogOutputStream:75 - [STDERR_REDIRECT] [Fatal Error] :1:1: Premature end of file.
2025-08-15 22:07:49,975 [ERROR] LogOutputStream:75 - [STDERR_REDIRECT] 
2025-08-15 22:07:50,977 [ERROR] LogOutputStream:75 - [STDERR_REDIRECT] [Fatal Error] :1:1: Premature end of file.
2025-08-15 22:07:50,977 [ERROR] LogOutputStream:75 - [STDERR_REDIRECT] 
2025-08-15 22:07:51,975 [ERROR] LogOutputStream:75 - [STDERR_REDIRECT] [Fatal Error] :1:1: Premature end of file.
2025-08-15 22:07:51,976 [ERROR] LogOutputStream:75 - [STDERR_REDIRECT] 
2025-08-15 22:07:52,977 [ERROR] LogOutputStream:75 - [STDERR_REDIRECT] [Fatal Error] :1:1: Premature end of file.
2025-08-15 22:07:52,977 [ERROR] LogOutputStream:75 - [STDERR_REDIRECT] 
2025-08-15 22:07:53,976 [ERROR] LogOutputStream:75 - [STDERR_REDIRECT] [Fatal Error] :1:1: Premature end of file.
2025-08-15 22:07:53,976 [ERROR] LogOutputStream:75 - [STDERR_REDIRECT] 
2025-08-15 22:07:54,976 [ERROR] LogOutputStream:75 - [STDERR_REDIRECT] [Fatal Error] :1:1: Premature end of file.
2025-08-15 22:07:54,976 [ERROR] LogOutputStream:75 - [STDERR_REDIRECT] 
2025-08-15 22:07:55,975 [ERROR] LogOutputStream:75 - [STDERR_REDIRECT] [Fatal Error] :1:1: Premature end of file.
2025-08-15 22:07:55,976 [ERROR] LogOutputStream:75 - [STDERR_REDIRECT] 
2025-08-15 22:07:56,975 [ERROR] LogOutputStream:75 - [STDERR_REDIRECT] [Fatal Error] :1:1: Premature end of file.
2025-08-15 22:07:56,975 [ERROR] LogOutputStream:75 - [STDERR_REDIRECT] 
2025-08-15 22:07:57,980 [ERROR] LogOutputStream:75 - [STDERR_REDIRECT] [Fatal Error] :1:1: Premature end of file.
2025-08-15 22:07:57,980 [ERROR] LogOutputStream:75 - [STDERR_REDIRECT] 
2025-08-15 22:07:58,976 [ERROR] LogOutputStream:75 - [STDERR_REDIRECT] [Fatal Error] :1:1: Premature end of file.
2025-08-15 22:07:58,976 [ERROR] LogOutputStream:75 - [STDERR_REDIRECT] 
2025-08-15 22:07:59,976 [ERROR] LogOutputStream:75 - [STDERR_REDIRECT] [Fatal Error] :1:1: Premature end of file.
2025-08-15 22:07:59,976 [ERROR] LogOutputStream:75 - [STDERR_REDIRECT] 
2025-08-15 22:08:00,978 [ERROR] LogOutputStream:75 - [STDERR_REDIRECT] [Fatal Error] :1:1: Premature end of file.
2025-08-15 22:08:00,978 [ERROR] LogOutputStream:75 - [STDERR_REDIRECT] 
2025-08-15 22:08:01,975 [ERROR] LogOutputStream:75 - [STDERR_REDIRECT] [Fatal Error] :1:1: Premature end of file.
2025-08-15 22:08:01,975 [ERROR] LogOutputStream:75 - [STDERR_REDIRECT] 
2025-08-15 22:08:02,976 [ERROR] LogOutputStream:75 - [STDERR_REDIRECT] [Fatal Error] :1:1: Premature end of file.
2025-08-15 22:08:02,976 [ERROR] LogOutputStream:75 - [STDERR_REDIRECT] 
2025-08-15 22:08:03,976 [ERROR] LogOutputStream:75 - [STDERR_REDIRECT] [Fatal Error] :1:1: Premature end of file.
2025-08-15 22:08:03,977 [ERROR] LogOutputStream:75 - [STDERR_REDIRECT] 
2025-08-15 22:08:04,975 [ERROR] LogOutputStream:75 - [STDERR_REDIRECT] [Fatal Error] :1:1: Premature end of file.
2025-08-15 22:08:04,975 [ERROR] LogOutputStream:75 - [STDERR_REDIRECT] 
2025-08-15 22:08:05,974 [ERROR] LogOutputStream:75 - [STDERR_REDIRECT] [Fatal Error] :1:1: Premature end of file.
2025-08-15 22:08:05,975 [ERROR] LogOutputStream:75 - [STDERR_REDIRECT] 
2025-08-15 22:08:06,974 [ERROR] LogOutputStream:75 - [STDERR_REDIRECT] [Fatal Error] :1:1: Premature end of file.
2025-08-15 22:08:06,975 [ERROR] LogOutputStream:75 - [STDERR_REDIRECT] 
2025-08-15 22:08:07,977 [ERROR] LogOutputStream:75 - [STDERR_REDIRECT] [Fatal Error] :1:1: Premature end of file.
2025-08-15 22:08:07,977 [ERROR] LogOutputStream:75 - [STDERR_REDIRECT] 
2025-08-15 22:08:08,975 [ERROR] LogOutputStream:75 - [STDERR_REDIRECT] [Fatal Error] :1:1: Premature end of file.
2025-08-15 22:08:08,975 [ERROR] LogOutputStream:75 - [STDERR_REDIRECT] 
2025-08-15 22:08:09,975 [ERROR] LogOutputStream:75 - [STDERR_REDIRECT] [Fatal Error] :1:1: Premature end of file.
2025-08-15 22:08:09,975 [ERROR] LogOutputStream:75 - [STDERR_REDIRECT] 
2025-08-15 22:08:10,975 [ERROR] LogOutputStream:75 - [STDERR_REDIRECT] [Fatal Error] :1:1: Premature end of file.
2025-08-15 22:08:10,975 [ERROR] LogOutputStream:75 - [STDERR_REDIRECT] 
2025-08-15 22:08:11,976 [ERROR] LogOutputStream:75 - [STDERR_REDIRECT] [Fatal Error] :1:1: Premature end of file.
2025-08-15 22:08:11,977 [ERROR] LogOutputStream:75 - [STDERR_REDIRECT] 
2025-08-15 22:08:12,975 [ERROR] LogOutputStream:75 - [STDERR_REDIRECT] [Fatal Error] :1:1: Premature end of file.
2025-08-15 22:08:12,976 [ERROR] LogOutputStream:75 - [STDERR_REDIRECT] 
2025-08-15 22:08:13,977 [ERROR] LogOutputStream:75 - [STDERR_REDIRECT] [Fatal Error] :1:1: Premature end of file.
2025-08-15 22:08:13,977 [ERROR] LogOutputStream:75 - [STDERR_REDIRECT] 
2025-08-15 22:08:14,975 [ERROR] LogOutputStream:75 - [STDERR_REDIRECT] [Fatal Error] :1:1: Premature end of file.
2025-08-15 22:08:14,975 [ERROR] LogOutputStream:75 - [STDERR_REDIRECT] 
2025-08-15 22:08:15,976 [ERROR] LogOutputStream:75 - [STDERR_REDIRECT] [Fatal Error] :1:1: Premature end of file.
2025-08-15 22:08:15,977 [ERROR] LogOutputStream:75 - [STDERR_REDIRECT] 
2025-08-15 22:08:16,976 [ERROR] LogOutputStream:75 - [STDERR_REDIRECT] [Fatal Error] :1:1: Premature end of file.
2025-08-15 22:08:16,976 [ERROR] LogOutputStream:75 - [STDERR_REDIRECT] 
2025-08-15 22:08:17,977 [ERROR] LogOutputStream:75 - [STDERR_REDIRECT] [Fatal Error] :1:1: Premature end of file.
2025-08-15 22:08:17,977 [ERROR] LogOutputStream:75 - [STDERR_REDIRECT] 
2025-08-15 22:08:18,977 [ERROR] LogOutputStream:75 - [STDERR_REDIRECT] [Fatal Error] :1:1: Premature end of file.
2025-08-15 22:08:18,978 [ERROR] LogOutputStream:75 - [STDERR_REDIRECT] 
2025-08-15 22:08:19,975 [ERROR] LogOutputStream:75 - [STDERR_REDIRECT] [Fatal Error] :1:1: Premature end of file.
2025-08-15 22:08:19,975 [ERROR] LogOutputStream:75 - [STDERR_REDIRECT] 
2025-08-15 22:08:20,975 [ERROR] LogOutputStream:75 - [STDERR_REDIRECT] [Fatal Error] :1:1: Premature end of file.
2025-08-15 22:08:20,975 [ERROR] LogOutputStream:75 - [STDERR_REDIRECT] 
2025-08-15 22:08:21,976 [ERROR] LogOutputStream:75 - [STDERR_REDIRECT] [Fatal Error] :1:1: Premature end of file.
2025-08-15 22:08:21,976 [ERROR] LogOutputStream:75 - [STDERR_REDIRECT] 
2025-08-15 22:08:22,976 [ERROR] LogOutputStream:75 - [STDERR_REDIRECT] [Fatal Error] :1:1: Premature end of file.
2025-08-15 22:08:22,977 [ERROR] LogOutputStream:75 - [STDERR_REDIRECT] 
2025-08-15 22:08:23,975 [ERROR] LogOutputStream:75 - [STDERR_REDIRECT] [Fatal Error] :1:1: Premature end of file.
2025-08-15 22:08:23,975 [ERROR] LogOutputStream:75 - [STDERR_REDIRECT] 
2025-08-15 22:08:24,976 [ERROR] LogOutputStream:75 - [STDERR_REDIRECT] [Fatal Error] :1:1: Premature end of file.
2025-08-15 22:08:24,976 [ERROR] LogOutputStream:75 - [STDERR_REDIRECT] 
2025-08-15 22:08:25,975 [ERROR] LogOutputStream:75 - [STDERR_REDIRECT] [Fatal Error] :1:1: Premature end of file.
2025-08-15 22:08:25,975 [ERROR] LogOutputStream:75 - [STDERR_REDIRECT] 
2025-08-15 22:08:26,975 [ERROR] LogOutputStream:75 - [STDERR_REDIRECT] [Fatal Error] :1:1: Premature end of file.
2025-08-15 22:08:26,975 [ERROR] LogOutputStream:75 - [STDERR_REDIRECT] 
2025-08-15 22:08:27,976 [ERROR] LogOutputStream:75 - [STDERR_REDIRECT] [Fatal Error] :1:1: Premature end of file.
2025-08-15 22:08:27,976 [ERROR] LogOutputStream:75 - [STDERR_REDIRECT] 
2025-08-15 22:08:28,975 [ERROR] LogOutputStream:75 - [STDERR_REDIRECT] [Fatal Error] :1:1: Premature end of file.
2025-08-15 22:08:28,976 [ERROR] LogOutputStream:75 - [STDERR_REDIRECT] 
2025-08-15 22:08:29,976 [ERROR] LogOutputStream:75 - [STDERR_REDIRECT] [Fatal Error] :1:1: Premature end of file.
2025-08-15 22:08:29,976 [ERROR] LogOutputStream:75 - [STDERR_REDIRECT] 
2025-08-15 22:08:30,976 [ERROR] LogOutputStream:75 - [STDERR_REDIRECT] [Fatal Error] :1:1: Premature end of file.
2025-08-15 22:08:30,976 [ERROR] LogOutputStream:75 - [STDERR_REDIRECT] 
2025-08-15 22:08:31,975 [ERROR] LogOutputStream:75 - [STDERR_REDIRECT] [Fatal Error] :1:1: Premature end of file.
2025-08-15 22:08:31,976 [ERROR] LogOutputStream:75 - [STDERR_REDIRECT] 
2025-08-15 22:08:32,976 [ERROR] LogOutputStream:75 - [STDERR_REDIRECT] [Fatal Error] :1:1: Premature end of file.
2025-08-15 22:08:32,976 [ERROR] LogOutputStream:75 - [STDERR_REDIRECT] 
2025-08-15 22:08:33,974 [ERROR] LogOutputStream:75 - [STDERR_REDIRECT] [Fatal Error] :1:1: Premature end of file.
2025-08-15 22:08:33,974 [ERROR] LogOutputStream:75 - [STDERR_REDIRECT] 
2025-08-15 22:08:34,976 [ERROR] LogOutputStream:75 - [STDERR_REDIRECT] [Fatal Error] :1:1: Premature end of file.
2025-08-15 22:08:34,976 [ERROR] LogOutputStream:75 - [STDERR_REDIRECT] 
2025-08-15 22:08:35,975 [ERROR] LogOutputStream:75 - [STDERR_REDIRECT] [Fatal Error] :1:1: Premature end of file.
2025-08-15 22:08:35,975 [ERROR] LogOutputStream:75 - [STDERR_REDIRECT] 
2025-08-15 22:08:36,977 [ERROR] LogOutputStream:75 - [STDERR_REDIRECT] [Fatal Error] :1:1: Premature end of file.
2025-08-15 22:08:36,977 [ERROR] LogOutputStream:75 - [STDERR_REDIRECT] 
2025-08-15 22:08:37,976 [ERROR] LogOutputStream:75 - [STDERR_REDIRECT] [Fatal Error] :1:1: Premature end of file.
2025-08-15 22:08:37,976 [ERROR] LogOutputStream:75 - [STDERR_REDIRECT] 
2025-08-15 22:08:38,976 [ERROR] LogOutputStream:75 - [STDERR_REDIRECT] [Fatal Error] :1:1: Premature end of file.
2025-08-15 22:08:38,976 [ERROR] LogOutputStream:75 - [STDERR_REDIRECT] 
2025-08-15 22:08:39,977 [ERROR] LogOutputStream:75 - [STDERR_REDIRECT] [Fatal Error] :1:1: Premature end of file.
2025-08-15 22:08:39,977 [ERROR] LogOutputStream:75 - [STDERR_REDIRECT] 
2025-08-15 22:08:40,975 [ERROR] LogOutputStream:75 - [STDERR_REDIRECT] [Fatal Error] :1:1: Premature end of file.
2025-08-15 22:08:40,976 [ERROR] LogOutputStream:75 - [STDERR_REDIRECT] 
2025-08-15 22:08:41,976 [ERROR] LogOutputStream:75 - [STDERR_REDIRECT] [Fatal Error] :1:1: Premature end of file.
2025-08-15 22:08:41,976 [ERROR] LogOutputStream:75 - [STDERR_REDIRECT] 
2025-08-15 22:08:42,975 [ERROR] LogOutputStream:75 - [STDERR_REDIRECT] [Fatal Error] :1:1: Premature end of file.
2025-08-15 22:08:42,975 [ERROR] LogOutputStream:75 - [STDERR_REDIRECT] 
2025-08-15 22:08:43,976 [ERROR] LogOutputStream:75 - [STDERR_REDIRECT] [Fatal Error] :1:1: Premature end of file.
2025-08-15 22:08:43,976 [ERROR] LogOutputStream:75 - [STDERR_REDIRECT] 
2025-08-15 22:08:44,976 [ERROR] LogOutputStream:75 - [STDERR_REDIRECT] [Fatal Error] :1:1: Premature end of file.
2025-08-15 22:08:44,976 [ERROR] LogOutputStream:75 - [STDERR_REDIRECT] 
2025-08-15 22:08:45,976 [ERROR] LogOutputStream:75 - [STDERR_REDIRECT] [Fatal Error] :1:1: Premature end of file.
2025-08-15 22:08:45,980 [ERROR] LogOutputStream:75 - [STDERR_REDIRECT] 
2025-08-15 22:08:46,975 [ERROR] LogOutputStream:75 - [STDERR_REDIRECT] [Fatal Error] :1:1: Premature end of file.
2025-08-15 22:08:46,975 [ERROR] LogOutputStream:75 - [STDERR_REDIRECT] 
2025-08-15 22:08:47,976 [ERROR] LogOutputStream:75 - [STDERR_REDIRECT] [Fatal Error] :1:1: Premature end of file.
2025-08-15 22:08:47,976 [ERROR] LogOutputStream:75 - [STDERR_REDIRECT] 
2025-08-15 22:08:48,975 [ERROR] LogOutputStream:75 - [STDERR_REDIRECT] [Fatal Error] :1:1: Premature end of file.
2025-08-15 22:08:48,975 [ERROR] LogOutputStream:75 - [STDERR_REDIRECT] 
2025-08-15 22:08:49,976 [ERROR] LogOutputStream:75 - [STDERR_REDIRECT] [Fatal Error] :1:1: Premature end of file.
2025-08-15 22:08:49,977 [ERROR] LogOutputStream:75 - [STDERR_REDIRECT] 
2025-08-15 22:08:50,975 [ERROR] LogOutputStream:75 - [STDERR_REDIRECT] [Fatal Error] :1:1: Premature end of file.
2025-08-15 22:08:50,975 [ERROR] LogOutputStream:75 - [STDERR_REDIRECT] 
2025-08-15 22:08:51,976 [ERROR] LogOutputStream:75 - [STDERR_REDIRECT] [Fatal Error] :1:1: Premature end of file.
2025-08-15 22:08:51,976 [ERROR] LogOutputStream:75 - [STDERR_REDIRECT] 
2025-08-15 22:08:52,975 [ERROR] LogOutputStream:75 - [STDERR_REDIRECT] [Fatal Error] :1:1: Premature end of file.
2025-08-15 22:08:52,976 [ERROR] LogOutputStream:75 - [STDERR_REDIRECT] 
2025-08-15 22:08:53,977 [ERROR] LogOutputStream:75 - [STDERR_REDIRECT] [Fatal Error] :1:1: Premature end of file.
2025-08-15 22:08:53,977 [ERROR] LogOutputStream:75 - [STDERR_REDIRECT] 
2025-08-15 22:08:54,976 [ERROR] LogOutputStream:75 - [STDERR_REDIRECT] [Fatal Error] :1:1: Premature end of file.
2025-08-15 22:08:54,976 [ERROR] LogOutputStream:75 - [STDERR_REDIRECT] 
2025-08-15 22:08:55,976 [ERROR] LogOutputStream:75 - [STDERR_REDIRECT] [Fatal Error] :1:1: Premature end of file.
2025-08-15 22:08:55,976 [ERROR] LogOutputStream:75 - [STDERR_REDIRECT] 
2025-08-15 22:08:56,976 [ERROR] LogOutputStream:75 - [STDERR_REDIRECT] [Fatal Error] :1:1: Premature end of file.
2025-08-15 22:08:56,976 [ERROR] LogOutputStream:75 - [STDERR_REDIRECT] 
2025-08-15 22:08:57,976 [ERROR] LogOutputStream:75 - [STDERR_REDIRECT] [Fatal Error] :1:1: Premature end of file.
2025-08-15 22:08:57,976 [ERROR] LogOutputStream:75 - [STDERR_REDIRECT] 
2025-08-15 22:08:58,978 [ERROR] LogOutputStream:75 - [STDERR_REDIRECT] [Fatal Error] :1:1: Premature end of file.
2025-08-15 22:08:58,978 [ERROR] LogOutputStream:75 - [STDERR_REDIRECT] 
2025-08-15 22:08:59,977 [ERROR] LogOutputStream:75 - [STDERR_REDIRECT] [Fatal Error] :1:1: Premature end of file.
2025-08-15 22:08:59,978 [ERROR] LogOutputStream:75 - [STDERR_REDIRECT] 
2025-08-15 22:09:00,976 [ERROR] LogOutputStream:75 - [STDERR_REDIRECT] [Fatal Error] :1:1: Premature end of file.
2025-08-15 22:09:00,976 [ERROR] LogOutputStream:75 - [STDERR_REDIRECT] 
2025-08-15 22:09:01,974 [ERROR] LogOutputStream:75 - [STDERR_REDIRECT] [Fatal Error] :1:1: Premature end of file.
2025-08-15 22:09:01,975 [ERROR] LogOutputStream:75 - [STDERR_REDIRECT] 
2025-08-15 22:09:02,975 [ERROR] LogOutputStream:75 - [STDERR_REDIRECT] [Fatal Error] :1:1: Premature end of file.
2025-08-15 22:09:02,976 [ERROR] LogOutputStream:75 - [STDERR_REDIRECT] 
2025-08-15 22:09:03,974 [ERROR] LogOutputStream:75 - [STDERR_REDIRECT] [Fatal Error] :1:1: Premature end of file.
2025-08-15 22:09:03,974 [ERROR] LogOutputStream:75 - [STDERR_REDIRECT] 
2025-08-15 22:09:04,976 [ERROR] LogOutputStream:75 - [STDERR_REDIRECT] [Fatal Error] :1:1: Premature end of file.
2025-08-15 22:09:04,976 [ERROR] LogOutputStream:75 - [STDERR_REDIRECT] 
2025-08-15 22:09:05,976 [ERROR] LogOutputStream:75 - [STDERR_REDIRECT] [Fatal Error] :1:1: Premature end of file.
2025-08-15 22:09:05,976 [ERROR] LogOutputStream:75 - [STDERR_REDIRECT] 
2025-08-15 22:09:06,976 [ERROR] LogOutputStream:75 - [STDERR_REDIRECT] [Fatal Error] :1:1: Premature end of file.
2025-08-15 22:09:06,976 [ERROR] LogOutputStream:75 - [STDERR_REDIRECT] 
2025-08-15 22:09:07,976 [ERROR] LogOutputStream:75 - [STDERR_REDIRECT] [Fatal Error] :1:1: Premature end of file.
2025-08-15 22:09:07,976 [ERROR] LogOutputStream:75 - [STDERR_REDIRECT] 
2025-08-15 22:09:08,976 [ERROR] LogOutputStream:75 - [STDERR_REDIRECT] [Fatal Error] :1:1: Premature end of file.
2025-08-15 22:09:08,976 [ERROR] LogOutputStream:75 - [STDERR_REDIRECT] 
2025-08-15 22:09:09,975 [ERROR] LogOutputStream:75 - [STDERR_REDIRECT] [Fatal Error] :1:1: Premature end of file.
2025-08-15 22:09:09,975 [ERROR] LogOutputStream:75 - [STDERR_REDIRECT] 
2025-08-15 22:09:10,976 [ERROR] LogOutputStream:75 - [STDERR_REDIRECT] [Fatal Error] :1:1: Premature end of file.
2025-08-15 22:09:10,976 [ERROR] LogOutputStream:75 - [STDERR_REDIRECT] 
2025-08-15 22:09:11,977 [ERROR] LogOutputStream:75 - [STDERR_REDIRECT] [Fatal Error] :1:1: Premature end of file.
2025-08-15 22:09:11,977 [ERROR] LogOutputStream:75 - [STDERR_REDIRECT] 
2025-08-15 22:09:12,976 [ERROR] LogOutputStream:75 - [STDERR_REDIRECT] [Fatal Error] :1:1: Premature end of file.
2025-08-15 22:09:12,976 [ERROR] LogOutputStream:75 - [STDERR_REDIRECT] 
2025-08-15 22:09:13,976 [ERROR] LogOutputStream:75 - [STDERR_REDIRECT] [Fatal Error] :1:1: Premature end of file.
2025-08-15 22:09:13,976 [ERROR] LogOutputStream:75 - [STDERR_REDIRECT] 
2025-08-15 22:09:14,975 [ERROR] LogOutputStream:75 - [STDERR_REDIRECT] [Fatal Error] :1:1: Premature end of file.
2025-08-15 22:09:14,976 [ERROR] LogOutputStream:75 - [STDERR_REDIRECT] 
2025-08-15 22:09:15,976 [ERROR] LogOutputStream:75 - [STDERR_REDIRECT] [Fatal Error] :1:1: Premature end of file.
2025-08-15 22:09:15,976 [ERROR] LogOutputStream:75 - [STDERR_REDIRECT] 
2025-08-15 22:09:16,975 [ERROR] LogOutputStream:75 - [STDERR_REDIRECT] [Fatal Error] :1:1: Premature end of file.
2025-08-15 22:09:16,975 [ERROR] LogOutputStream:75 - [STDERR_REDIRECT] 
2025-08-15 22:09:17,976 [ERROR] LogOutputStream:75 - [STDERR_REDIRECT] [Fatal Error] :1:1: Premature end of file.
2025-08-15 22:09:17,976 [ERROR] LogOutputStream:75 - [STDERR_REDIRECT] 
2025-08-15 22:09:18,976 [ERROR] LogOutputStream:75 - [STDERR_REDIRECT] [Fatal Error] :1:1: Premature end of file.
2025-08-15 22:09:18,976 [ERROR] LogOutputStream:75 - [STDERR_REDIRECT] 
2025-08-15 22:09:19,975 [ERROR] LogOutputStream:75 - [STDERR_REDIRECT] [Fatal Error] :1:1: Premature end of file.
2025-08-15 22:09:19,975 [ERROR] LogOutputStream:75 - [STDERR_REDIRECT] 
2025-08-15 22:09:20,977 [ERROR] LogOutputStream:75 - [STDERR_REDIRECT] [Fatal Error] :1:1: Premature end of file.
2025-08-15 22:09:20,977 [ERROR] LogOutputStream:75 - [STDERR_REDIRECT] 
2025-08-15 22:09:21,975 [ERROR] LogOutputStream:75 - [STDERR_REDIRECT] [Fatal Error] :1:1: Premature end of file.
2025-08-15 22:09:21,975 [ERROR] LogOutputStream:75 - [STDERR_REDIRECT] 
2025-08-15 22:09:22,977 [ERROR] LogOutputStream:75 - [STDERR_REDIRECT] [Fatal Error] :1:1: Premature end of file.
2025-08-15 22:09:22,977 [ERROR] LogOutputStream:75 - [STDERR_REDIRECT] 
2025-08-15 22:09:23,975 [ERROR] LogOutputStream:75 - [STDERR_REDIRECT] [Fatal Error] :1:1: Premature end of file.
2025-08-15 22:09:23,975 [ERROR] LogOutputStream:75 - [STDERR_REDIRECT] 
2025-08-15 22:09:24,976 [ERROR] LogOutputStream:75 - [STDERR_REDIRECT] [Fatal Error] :1:1: Premature end of file.
2025-08-15 22:09:24,976 [ERROR] LogOutputStream:75 - [STDERR_REDIRECT] 
2025-08-15 22:09:25,975 [ERROR] LogOutputStream:75 - [STDERR_REDIRECT] [Fatal Error] :1:1: Premature end of file.
2025-08-15 22:09:25,975 [ERROR] LogOutputStream:75 - [STDERR_REDIRECT] 
2025-08-15 22:09:26,975 [ERROR] LogOutputStream:75 - [STDERR_REDIRECT] [Fatal Error] :1:1: Premature end of file.
2025-08-15 22:09:26,975 [ERROR] LogOutputStream:75 - [STDERR_REDIRECT] 
2025-08-15 22:09:27,976 [ERROR] LogOutputStream:75 - [STDERR_REDIRECT] [Fatal Error] :1:1: Premature end of file.
2025-08-15 22:09:27,976 [ERROR] LogOutputStream:75 - [STDERR_REDIRECT] 
2025-08-15 22:09:28,974 [ERROR] LogOutputStream:75 - [STDERR_REDIRECT] [Fatal Error] :1:1: Premature end of file.
2025-08-15 22:09:28,975 [ERROR] LogOutputStream:75 - [STDERR_REDIRECT] 
2025-08-15 22:09:29,976 [ERROR] LogOutputStream:75 - [STDERR_REDIRECT] [Fatal Error] :1:1: Premature end of file.
2025-08-15 22:09:29,976 [ERROR] LogOutputStream:75 - [STDERR_REDIRECT] 
2025-08-15 22:09:30,977 [ERROR] LogOutputStream:75 - [STDERR_REDIRECT] [Fatal Error] :1:1: Premature end of file.
2025-08-15 22:09:30,977 [ERROR] LogOutputStream:75 - [STDERR_REDIRECT] 
2025-08-15 22:09:31,975 [ERROR] LogOutputStream:75 - [STDERR_REDIRECT] [Fatal Error] :1:1: Premature end of file.
2025-08-15 22:09:31,975 [ERROR] LogOutputStream:75 - [STDERR_REDIRECT] 
2025-08-15 22:09:32,976 [ERROR] LogOutputStream:75 - [STDERR_REDIRECT] [Fatal Error] :1:1: Premature end of file.
2025-08-15 22:09:32,976 [ERROR] LogOutputStream:75 - [STDERR_REDIRECT] 
2025-08-15 22:09:33,976 [ERROR] LogOutputStream:75 - [STDERR_REDIRECT] [Fatal Error] :1:1: Premature end of file.
2025-08-15 22:09:33,976 [ERROR] LogOutputStream:75 - [STDERR_REDIRECT] 
2025-08-15 22:09:34,975 [ERROR] LogOutputStream:75 - [STDERR_REDIRECT] [Fatal Error] :1:1: Premature end of file.
2025-08-15 22:09:34,975 [ERROR] LogOutputStream:75 - [STDERR_REDIRECT] 
2025-08-15 22:09:35,976 [ERROR] LogOutputStream:75 - [STDERR_REDIRECT] [Fatal Error] :1:1: Premature end of file.
2025-08-15 22:09:35,976 [ERROR] LogOutputStream:75 - [STDERR_REDIRECT] 
2025-08-15 22:09:36,975 [ERROR] LogOutputStream:75 - [STDERR_REDIRECT] [Fatal Error] :1:1: Premature end of file.
2025-08-15 22:09:36,975 [ERROR] LogOutputStream:75 - [STDERR_REDIRECT] 
2025-08-15 22:09:37,976 [ERROR] LogOutputStream:75 - [STDERR_REDIRECT] [Fatal Error] :1:1: Premature end of file.
2025-08-15 22:09:37,977 [ERROR] LogOutputStream:75 - [STDERR_REDIRECT] 
2025-08-15 22:09:38,976 [ERROR] LogOutputStream:75 - [STDERR_REDIRECT] [Fatal Error] :1:1: Premature end of file.
2025-08-15 22:09:38,976 [ERROR] LogOutputStream:75 - [STDERR_REDIRECT] 
2025-08-15 22:09:39,976 [ERROR] LogOutputStream:75 - [STDERR_REDIRECT] [Fatal Error] :1:1: Premature end of file.
2025-08-15 22:09:39,976 [ERROR] LogOutputStream:75 - [STDERR_REDIRECT] 
2025-08-15 22:09:40,976 [ERROR] LogOutputStream:75 - [STDERR_REDIRECT] [Fatal Error] :1:1: Premature end of file.
2025-08-15 22:09:40,976 [ERROR] LogOutputStream:75 - [STDERR_REDIRECT] 
2025-08-15 22:09:41,977 [ERROR] LogOutputStream:75 - [STDERR_REDIRECT] [Fatal Error] :1:1: Premature end of file.
2025-08-15 22:09:41,977 [ERROR] LogOutputStream:75 - [STDERR_REDIRECT] 
2025-08-15 22:09:42,976 [ERROR] LogOutputStream:75 - [STDERR_REDIRECT] [Fatal Error] :1:1: Premature end of file.
2025-08-15 22:09:42,976 [ERROR] LogOutputStream:75 - [STDERR_REDIRECT] 
2025-08-15 22:09:43,977 [ERROR] LogOutputStream:75 - [STDERR_REDIRECT] [Fatal Error] :1:1: Premature end of file.
2025-08-15 22:09:43,977 [ERROR] LogOutputStream:75 - [STDERR_REDIRECT] 
2025-08-15 22:09:44,976 [ERROR] LogOutputStream:75 - [STDERR_REDIRECT] [Fatal Error] :1:1: Premature end of file.
2025-08-15 22:09:44,976 [ERROR] LogOutputStream:75 - [STDERR_REDIRECT] 
2025-08-15 22:09:45,976 [ERROR] LogOutputStream:75 - [STDERR_REDIRECT] [Fatal Error] :1:1: Premature end of file.
2025-08-15 22:09:45,976 [ERROR] LogOutputStream:75 - [STDERR_REDIRECT] 
2025-08-15 22:09:46,976 [ERROR] LogOutputStream:75 - [STDERR_REDIRECT] [Fatal Error] :1:1: Premature end of file.
2025-08-15 22:09:46,976 [ERROR] LogOutputStream:75 - [STDERR_REDIRECT] 
2025-08-15 22:09:47,977 [ERROR] LogOutputStream:75 - [STDERR_REDIRECT] [Fatal Error] :1:1: Premature end of file.
2025-08-15 22:09:47,977 [ERROR] LogOutputStream:75 - [STDERR_REDIRECT] 
2025-08-15 22:09:48,976 [ERROR] LogOutputStream:75 - [STDERR_REDIRECT] [Fatal Error] :1:1: Premature end of file.
2025-08-15 22:09:48,976 [ERROR] LogOutputStream:75 - [STDERR_REDIRECT] 
2025-08-15 22:09:49,975 [ERROR] LogOutputStream:75 - [STDERR_REDIRECT] [Fatal Error] :1:1: Premature end of file.
2025-08-15 22:09:49,975 [ERROR] LogOutputStream:75 - [STDERR_REDIRECT] 
2025-08-15 22:09:50,977 [ERROR] LogOutputStream:75 - [STDERR_REDIRECT] [Fatal Error] :1:1: Premature end of file.
2025-08-15 22:09:50,977 [ERROR] LogOutputStream:75 - [STDERR_REDIRECT] 
2025-08-15 22:09:51,975 [ERROR] LogOutputStream:75 - [STDERR_REDIRECT] [Fatal Error] :1:1: Premature end of file.
2025-08-15 22:09:51,975 [ERROR] LogOutputStream:75 - [STDERR_REDIRECT] 
2025-08-15 22:09:52,976 [ERROR] LogOutputStream:75 - [STDERR_REDIRECT] [Fatal Error] :1:1: Premature end of file.
2025-08-15 22:09:52,976 [ERROR] LogOutputStream:75 - [STDERR_REDIRECT] 
2025-08-15 22:09:53,975 [ERROR] LogOutputStream:75 - [STDERR_REDIRECT] [Fatal Error] :1:1: Premature end of file.
2025-08-15 22:09:53,976 [ERROR] LogOutputStream:75 - [STDERR_REDIRECT] 
2025-08-15 22:09:54,976 [ERROR] LogOutputStream:75 - [STDERR_REDIRECT] [Fatal Error] :1:1: Premature end of file.
2025-08-15 22:09:54,976 [ERROR] LogOutputStream:75 - [STDERR_REDIRECT] 
2025-08-15 22:09:55,975 [ERROR] LogOutputStream:75 - [STDERR_REDIRECT] [Fatal Error] :1:1: Premature end of file.
2025-08-15 22:09:55,975 [ERROR] LogOutputStream:75 - [STDERR_REDIRECT] 
2025-08-15 22:09:56,976 [ERROR] LogOutputStream:75 - [STDERR_REDIRECT] [Fatal Error] :1:1: Premature end of file.
2025-08-15 22:09:56,976 [ERROR] LogOutputStream:75 - [STDERR_REDIRECT] 
2025-08-15 22:09:57,976 [ERROR] LogOutputStream:75 - [STDERR_REDIRECT] [Fatal Error] :1:1: Premature end of file.
2025-08-15 22:09:57,976 [ERROR] LogOutputStream:75 - [STDERR_REDIRECT] 
2025-08-15 22:09:58,975 [ERROR] LogOutputStream:75 - [STDERR_REDIRECT] [Fatal Error] :1:1: Premature end of file.
2025-08-15 22:09:58,975 [ERROR] LogOutputStream:75 - [STDERR_REDIRECT] 
2025-08-15 22:09:59,978 [ERROR] LogOutputStream:75 - [STDERR_REDIRECT] [Fatal Error] :1:1: Premature end of file.
2025-08-15 22:09:59,978 [ERROR] LogOutputStream:75 - [STDERR_REDIRECT] 
2025-08-15 22:10:00,976 [ERROR] LogOutputStream:75 - [STDERR_REDIRECT] [Fatal Error] :1:1: Premature end of file.
2025-08-15 22:10:00,976 [ERROR] LogOutputStream:75 - [STDERR_REDIRECT] 
2025-08-15 22:10:01,976 [ERROR] LogOutputStream:75 - [STDERR_REDIRECT] [Fatal Error] :1:1: Premature end of file.
2025-08-15 22:10:01,976 [ERROR] LogOutputStream:75 - [STDERR_REDIRECT] 
2025-08-15 22:10:02,976 [ERROR] LogOutputStream:75 - [STDERR_REDIRECT] [Fatal Error] :1:1: Premature end of file.
2025-08-15 22:10:02,976 [ERROR] LogOutputStream:75 - [STDERR_REDIRECT] 
2025-08-15 22:10:03,976 [ERROR] LogOutputStream:75 - [STDERR_REDIRECT] [Fatal Error] :1:1: Premature end of file.
2025-08-15 22:10:03,976 [ERROR] LogOutputStream:75 - [STDERR_REDIRECT] 
2025-08-15 22:10:04,974 [ERROR] LogOutputStream:75 - [STDERR_REDIRECT] [Fatal Error] :1:1: Premature end of file.
2025-08-15 22:10:04,975 [ERROR] LogOutputStream:75 - [STDERR_REDIRECT] 
2025-08-15 22:10:05,977 [ERROR] LogOutputStream:75 - [STDERR_REDIRECT] [Fatal Error] :1:1: Premature end of file.
2025-08-15 22:10:05,977 [ERROR] LogOutputStream:75 - [STDERR_REDIRECT] 
2025-08-15 22:10:06,978 [ERROR] LogOutputStream:75 - [STDERR_REDIRECT] [Fatal Error] :1:1: Premature end of file.
2025-08-15 22:10:06,978 [ERROR] LogOutputStream:75 - [STDERR_REDIRECT] 
2025-08-15 22:10:07,977 [ERROR] LogOutputStream:75 - [STDERR_REDIRECT] [Fatal Error] :1:1: Premature end of file.
2025-08-15 22:10:07,977 [ERROR] LogOutputStream:75 - [STDERR_REDIRECT] 
2025-08-15 22:10:08,976 [ERROR] LogOutputStream:75 - [STDERR_REDIRECT] [Fatal Error] :1:1: Premature end of file.
2025-08-15 22:10:08,976 [ERROR] LogOutputStream:75 - [STDERR_REDIRECT] 
2025-08-15 22:10:09,977 [ERROR] LogOutputStream:75 - [STDERR_REDIRECT] [Fatal Error] :1:1: Premature end of file.
2025-08-15 22:10:09,977 [ERROR] LogOutputStream:75 - [STDERR_REDIRECT] 
2025-08-15 22:10:10,976 [ERROR] LogOutputStream:75 - [STDERR_REDIRECT] [Fatal Error] :1:1: Premature end of file.
2025-08-15 22:10:10,976 [ERROR] LogOutputStream:75 - [STDERR_REDIRECT] 
2025-08-15 22:10:11,978 [ERROR] LogOutputStream:75 - [STDERR_REDIRECT] [Fatal Error] :1:1: Premature end of file.
2025-08-15 22:10:11,978 [ERROR] LogOutputStream:75 - [STDERR_REDIRECT] 
2025-08-15 22:10:12,977 [ERROR] LogOutputStream:75 - [STDERR_REDIRECT] [Fatal Error] :1:1: Premature end of file.
2025-08-15 22:10:12,977 [ERROR] LogOutputStream:75 - [STDERR_REDIRECT] 
2025-08-15 22:10:13,976 [ERROR] LogOutputStream:75 - [STDERR_REDIRECT] [Fatal Error] :1:1: Premature end of file.
2025-08-15 22:10:13,977 [ERROR] LogOutputStream:75 - [STDERR_REDIRECT] 
2025-08-15 22:10:14,976 [ERROR] LogOutputStream:75 - [STDERR_REDIRECT] [Fatal Error] :1:1: Premature end of file.
2025-08-15 22:10:14,976 [ERROR] LogOutputStream:75 - [STDERR_REDIRECT] 
2025-08-15 22:10:15,977 [ERROR] LogOutputStream:75 - [STDERR_REDIRECT] [Fatal Error] :1:1: Premature end of file.
2025-08-15 22:10:15,977 [ERROR] LogOutputStream:75 - [STDERR_REDIRECT] 
2025-08-15 22:10:16,976 [ERROR] LogOutputStream:75 - [STDERR_REDIRECT] [Fatal Error] :1:1: Premature end of file.
2025-08-15 22:10:16,976 [ERROR] LogOutputStream:75 - [STDERR_REDIRECT] 
2025-08-15 22:10:17,976 [ERROR] LogOutputStream:75 - [STDERR_REDIRECT] [Fatal Error] :1:1: Premature end of file.
2025-08-15 22:10:17,976 [ERROR] LogOutputStream:75 - [STDERR_REDIRECT] 
2025-08-15 22:10:18,977 [ERROR] LogOutputStream:75 - [STDERR_REDIRECT] [Fatal Error] :1:1: Premature end of file.
2025-08-15 22:10:18,977 [ERROR] LogOutputStream:75 - [STDERR_REDIRECT] 
2025-08-15 22:10:19,975 [ERROR] LogOutputStream:75 - [STDERR_REDIRECT] [Fatal Error] :1:1: Premature end of file.
2025-08-15 22:10:19,976 [ERROR] LogOutputStream:75 - [STDERR_REDIRECT] 
2025-08-15 22:10:20,977 [ERROR] LogOutputStream:75 - [STDERR_REDIRECT] [Fatal Error] :1:1: Premature end of file.
2025-08-15 22:10:20,977 [ERROR] LogOutputStream:75 - [STDERR_REDIRECT] 
2025-08-15 22:10:21,977 [ERROR] LogOutputStream:75 - [STDERR_REDIRECT] [Fatal Error] :1:1: Premature end of file.
2025-08-15 22:10:21,977 [ERROR] LogOutputStream:75 - [STDERR_REDIRECT] 
2025-08-15 22:10:22,977 [ERROR] LogOutputStream:75 - [STDERR_REDIRECT] [Fatal Error] :1:1: Premature end of file.
2025-08-15 22:10:22,977 [ERROR] LogOutputStream:75 - [STDERR_REDIRECT] 
2025-08-15 22:10:23,975 [ERROR] LogOutputStream:75 - [STDERR_REDIRECT] [Fatal Error] :1:1: Premature end of file.
2025-08-15 22:10:23,975 [ERROR] LogOutputStream:75 - [STDERR_REDIRECT] 
2025-08-15 22:10:24,975 [ERROR] LogOutputStream:75 - [STDERR_REDIRECT] [Fatal Error] :1:1: Premature end of file.
2025-08-15 22:10:24,975 [ERROR] LogOutputStream:75 - [STDERR_REDIRECT] 
2025-08-15 22:10:25,976 [ERROR] LogOutputStream:75 - [STDERR_REDIRECT] [Fatal Error] :1:1: Premature end of file.
2025-08-15 22:10:25,977 [ERROR] LogOutputStream:75 - [STDERR_REDIRECT] 
2025-08-15 22:10:26,976 [ERROR] LogOutputStream:75 - [STDERR_REDIRECT] [Fatal Error] :1:1: Premature end of file.
2025-08-15 22:10:26,976 [ERROR] LogOutputStream:75 - [STDERR_REDIRECT] 
2025-08-15 22:10:27,977 [ERROR] LogOutputStream:75 - [STDERR_REDIRECT] [Fatal Error] :1:1: Premature end of file.
2025-08-15 22:10:27,977 [ERROR] LogOutputStream:75 - [STDERR_REDIRECT] 
2025-08-15 22:10:28,974 [ERROR] LogOutputStream:75 - [STDERR_REDIRECT] [Fatal Error] :1:1: Premature end of file.
2025-08-15 22:10:28,974 [ERROR] LogOutputStream:75 - [STDERR_REDIRECT] 
2025-08-15 22:10:29,976 [ERROR] LogOutputStream:75 - [STDERR_REDIRECT] [Fatal Error] :1:1: Premature end of file.
2025-08-15 22:10:29,976 [ERROR] LogOutputStream:75 - [STDERR_REDIRECT] 
2025-08-15 22:10:30,975 [ERROR] LogOutputStream:75 - [STDERR_REDIRECT] [Fatal Error] :1:1: Premature end of file.
2025-08-15 22:10:30,975 [ERROR] LogOutputStream:75 - [STDERR_REDIRECT] 
2025-08-15 22:10:31,978 [ERROR] LogOutputStream:75 - [STDERR_REDIRECT] [Fatal Error] :1:1: Premature end of file.
2025-08-15 22:10:31,978 [ERROR] LogOutputStream:75 - [STDERR_REDIRECT] 
2025-08-15 22:10:32,976 [ERROR] LogOutputStream:75 - [STDERR_REDIRECT] [Fatal Error] :1:1: Premature end of file.
2025-08-15 22:10:32,977 [ERROR] LogOutputStream:75 - [STDERR_REDIRECT] 
2025-08-15 22:10:33,975 [ERROR] LogOutputStream:75 - [STDERR_REDIRECT] [Fatal Error] :1:1: Premature end of file.
2025-08-15 22:10:33,975 [ERROR] LogOutputStream:75 - [STDERR_REDIRECT] 
2025-08-15 22:10:34,977 [ERROR] LogOutputStream:75 - [STDERR_REDIRECT] [Fatal Error] :1:1: Premature end of file.
2025-08-15 22:10:34,977 [ERROR] LogOutputStream:75 - [STDERR_REDIRECT] 
2025-08-15 22:10:35,975 [ERROR] LogOutputStream:75 - [STDERR_REDIRECT] [Fatal Error] :1:1: Premature end of file.
2025-08-15 22:10:35,975 [ERROR] LogOutputStream:75 - [STDERR_REDIRECT] 
2025-08-15 22:10:36,976 [ERROR] LogOutputStream:75 - [STDERR_REDIRECT] [Fatal Error] :1:1: Premature end of file.
2025-08-15 22:10:36,976 [ERROR] LogOutputStream:75 - [STDERR_REDIRECT] 
2025-08-15 22:10:37,976 [ERROR] LogOutputStream:75 - [STDERR_REDIRECT] [Fatal Error] :1:1: Premature end of file.
2025-08-15 22:10:37,976 [ERROR] LogOutputStream:75 - [STDERR_REDIRECT] 
2025-08-15 22:10:38,976 [ERROR] LogOutputStream:75 - [STDERR_REDIRECT] [Fatal Error] :1:1: Premature end of file.
2025-08-15 22:10:38,977 [ERROR] LogOutputStream:75 - [STDERR_REDIRECT] 
2025-08-15 22:10:39,975 [ERROR] LogOutputStream:75 - [STDERR_REDIRECT] [Fatal Error] :1:1: Premature end of file.
2025-08-15 22:10:39,975 [ERROR] LogOutputStream:75 - [STDERR_REDIRECT] 
2025-08-15 22:10:40,976 [ERROR] LogOutputStream:75 - [STDERR_REDIRECT] [Fatal Error] :1:1: Premature end of file.
2025-08-15 22:10:40,977 [ERROR] LogOutputStream:75 - [STDERR_REDIRECT] 
2025-08-15 22:10:41,976 [ERROR] LogOutputStream:75 - [STDERR_REDIRECT] [Fatal Error] :1:1: Premature end of file.
2025-08-15 22:10:41,976 [ERROR] LogOutputStream:75 - [STDERR_REDIRECT] 
2025-08-15 22:10:42,977 [ERROR] LogOutputStream:75 - [STDERR_REDIRECT] [Fatal Error] :1:1: Premature end of file.
2025-08-15 22:10:42,977 [ERROR] LogOutputStream:75 - [STDERR_REDIRECT] 
2025-08-15 22:10:43,975 [ERROR] LogOutputStream:75 - [STDERR_REDIRECT] [Fatal Error] :1:1: Premature end of file.
2025-08-15 22:10:43,975 [ERROR] LogOutputStream:75 - [STDERR_REDIRECT] 
2025-08-15 22:10:44,974 [ERROR] LogOutputStream:75 - [STDERR_REDIRECT] [Fatal Error] :1:1: Premature end of file.
2025-08-15 22:10:44,974 [ERROR] LogOutputStream:75 - [STDERR_REDIRECT] 
2025-08-15 22:10:45,975 [ERROR] LogOutputStream:75 - [STDERR_REDIRECT] [Fatal Error] :1:1: Premature end of file.
2025-08-15 22:10:45,975 [ERROR] LogOutputStream:75 - [STDERR_REDIRECT] 
2025-08-15 22:10:46,976 [ERROR] LogOutputStream:75 - [STDERR_REDIRECT] [Fatal Error] :1:1: Premature end of file.
2025-08-15 22:10:46,976 [ERROR] LogOutputStream:75 - [STDERR_REDIRECT] 
2025-08-15 22:10:47,977 [ERROR] LogOutputStream:75 - [STDERR_REDIRECT] [Fatal Error] :1:1: Premature end of file.
2025-08-15 22:10:47,977 [ERROR] LogOutputStream:75 - [STDERR_REDIRECT] 
2025-08-15 22:10:48,975 [ERROR] LogOutputStream:75 - [STDERR_REDIRECT] [Fatal Error] :1:1: Premature end of file.
2025-08-15 22:10:48,975 [ERROR] LogOutputStream:75 - [STDERR_REDIRECT] 
2025-08-15 22:10:49,976 [ERROR] LogOutputStream:75 - [STDERR_REDIRECT] [Fatal Error] :1:1: Premature end of file.
2025-08-15 22:10:49,976 [ERROR] LogOutputStream:75 - [STDERR_REDIRECT] 
2025-08-15 22:10:50,976 [ERROR] LogOutputStream:75 - [STDERR_REDIRECT] [Fatal Error] :1:1: Premature end of file.
2025-08-15 22:10:50,977 [ERROR] LogOutputStream:75 - [STDERR_REDIRECT] 
2025-08-15 22:10:51,975 [ERROR] LogOutputStream:75 - [STDERR_REDIRECT] [Fatal Error] :1:1: Premature end of file.
2025-08-15 22:10:51,975 [ERROR] LogOutputStream:75 - [STDERR_REDIRECT] 
2025-08-15 22:10:52,976 [ERROR] LogOutputStream:75 - [STDERR_REDIRECT] [Fatal Error] :1:1: Premature end of file.
2025-08-15 22:10:52,977 [ERROR] LogOutputStream:75 - [STDERR_REDIRECT] 
2025-08-15 22:10:53,977 [ERROR] LogOutputStream:75 - [STDERR_REDIRECT] [Fatal Error] :1:1: Premature end of file.
2025-08-15 22:10:53,977 [ERROR] LogOutputStream:75 - [STDERR_REDIRECT] 
2025-08-15 22:10:54,976 [ERROR] LogOutputStream:75 - [STDERR_REDIRECT] [Fatal Error] :1:1: Premature end of file.
2025-08-15 22:10:54,976 [ERROR] LogOutputStream:75 - [STDERR_REDIRECT] 
2025-08-15 22:10:55,976 [ERROR] LogOutputStream:75 - [STDERR_REDIRECT] [Fatal Error] :1:1: Premature end of file.
2025-08-15 22:10:55,976 [ERROR] LogOutputStream:75 - [STDERR_REDIRECT] 
2025-08-15 22:10:56,976 [ERROR] LogOutputStream:75 - [STDERR_REDIRECT] [Fatal Error] :1:1: Premature end of file.
2025-08-15 22:10:56,976 [ERROR] LogOutputStream:75 - [STDERR_REDIRECT] 
2025-08-15 22:10:57,977 [ERROR] LogOutputStream:75 - [STDERR_REDIRECT] [Fatal Error] :1:1: Premature end of file.
2025-08-15 22:10:57,977 [ERROR] LogOutputStream:75 - [STDERR_REDIRECT] 
2025-08-15 22:10:58,977 [ERROR] LogOutputStream:75 - [STDERR_REDIRECT] [Fatal Error] :1:1: Premature end of file.
2025-08-15 22:10:58,977 [ERROR] LogOutputStream:75 - [STDERR_REDIRECT] 
2025-08-15 22:10:59,975 [ERROR] LogOutputStream:75 - [STDERR_REDIRECT] [Fatal Error] :1:1: Premature end of file.
2025-08-15 22:10:59,975 [ERROR] LogOutputStream:75 - [STDERR_REDIRECT] 
2025-08-15 22:11:00,978 [ERROR] LogOutputStream:75 - [STDERR_REDIRECT] [Fatal Error] :1:1: Premature end of file.
2025-08-15 22:11:00,978 [ERROR] LogOutputStream:75 - [STDERR_REDIRECT] 
2025-08-15 22:11:01,976 [ERROR] LogOutputStream:75 - [STDERR_REDIRECT] [Fatal Error] :1:1: Premature end of file.
2025-08-15 22:11:01,977 [ERROR] LogOutputStream:75 - [STDERR_REDIRECT] 
2025-08-15 22:11:02,975 [ERROR] LogOutputStream:75 - [STDERR_REDIRECT] [Fatal Error] :1:1: Premature end of file.
2025-08-15 22:11:02,975 [ERROR] LogOutputStream:75 - [STDERR_REDIRECT] 
2025-08-15 22:11:03,976 [ERROR] LogOutputStream:75 - [STDERR_REDIRECT] [Fatal Error] :1:1: Premature end of file.
2025-08-15 22:11:03,976 [ERROR] LogOutputStream:75 - [STDERR_REDIRECT] 
2025-08-15 22:11:04,977 [ERROR] LogOutputStream:75 - [STDERR_REDIRECT] [Fatal Error] :1:1: Premature end of file.
2025-08-15 22:11:04,977 [ERROR] LogOutputStream:75 - [STDERR_REDIRECT] 
2025-08-15 22:11:05,976 [ERROR] LogOutputStream:75 - [STDERR_REDIRECT] [Fatal Error] :1:1: Premature end of file.
2025-08-15 22:11:05,977 [ERROR] LogOutputStream:75 - [STDERR_REDIRECT] 
2025-08-15 22:11:06,976 [ERROR] LogOutputStream:75 - [STDERR_REDIRECT] [Fatal Error] :1:1: Premature end of file.
2025-08-15 22:11:06,976 [ERROR] LogOutputStream:75 - [STDERR_REDIRECT] 
2025-08-15 22:11:07,977 [ERROR] LogOutputStream:75 - [STDERR_REDIRECT] [Fatal Error] :1:1: Premature end of file.
2025-08-15 22:11:07,978 [ERROR] LogOutputStream:75 - [STDERR_REDIRECT] 
2025-08-15 22:11:08,976 [ERROR] LogOutputStream:75 - [STDERR_REDIRECT] [Fatal Error] :1:1: Premature end of file.
2025-08-15 22:11:08,976 [ERROR] LogOutputStream:75 - [STDERR_REDIRECT] 
2025-08-15 22:11:09,976 [ERROR] LogOutputStream:75 - [STDERR_REDIRECT] [Fatal Error] :1:1: Premature end of file.
2025-08-15 22:11:09,976 [ERROR] LogOutputStream:75 - [STDERR_REDIRECT] 
2025-08-15 22:11:10,976 [ERROR] LogOutputStream:75 - [STDERR_REDIRECT] [Fatal Error] :1:1: Premature end of file.
2025-08-15 22:11:10,976 [ERROR] LogOutputStream:75 - [STDERR_REDIRECT] 
2025-08-15 22:11:11,976 [ERROR] LogOutputStream:75 - [STDERR_REDIRECT] [Fatal Error] :1:1: Premature end of file.
2025-08-15 22:11:11,976 [ERROR] LogOutputStream:75 - [STDERR_REDIRECT] 
2025-08-15 22:11:12,975 [ERROR] LogOutputStream:75 - [STDERR_REDIRECT] [Fatal Error] :1:1: Premature end of file.
2025-08-15 22:11:12,975 [ERROR] LogOutputStream:75 - [STDERR_REDIRECT] 
2025-08-15 22:11:13,976 [ERROR] LogOutputStream:75 - [STDERR_REDIRECT] [Fatal Error] :1:1: Premature end of file.
2025-08-15 22:11:13,976 [ERROR] LogOutputStream:75 - [STDERR_REDIRECT] 
2025-08-15 22:11:14,977 [ERROR] LogOutputStream:75 - [STDERR_REDIRECT] [Fatal Error] :1:1: Premature end of file.
2025-08-15 22:11:14,977 [ERROR] LogOutputStream:75 - [STDERR_REDIRECT] 
2025-08-15 22:11:15,975 [ERROR] LogOutputStream:75 - [STDERR_REDIRECT] [Fatal Error] :1:1: Premature end of file.
2025-08-15 22:11:15,975 [ERROR] LogOutputStream:75 - [STDERR_REDIRECT] 
2025-08-15 22:11:16,977 [ERROR] LogOutputStream:75 - [STDERR_REDIRECT] [Fatal Error] :1:1: Premature end of file.
2025-08-15 22:11:16,977 [ERROR] LogOutputStream:75 - [STDERR_REDIRECT] 
2025-08-15 22:11:17,975 [ERROR] LogOutputStream:75 - [STDERR_REDIRECT] [Fatal Error] :1:1: Premature end of file.
2025-08-15 22:11:17,975 [ERROR] LogOutputStream:75 - [STDERR_REDIRECT] 
2025-08-15 22:11:18,975 [ERROR] LogOutputStream:75 - [STDERR_REDIRECT] [Fatal Error] :1:1: Premature end of file.
2025-08-15 22:11:18,975 [ERROR] LogOutputStream:75 - [STDERR_REDIRECT] 
2025-08-15 22:11:19,976 [ERROR] LogOutputStream:75 - [STDERR_REDIRECT] [Fatal Error] :1:1: Premature end of file.
2025-08-15 22:11:19,977 [ERROR] LogOutputStream:75 - [STDERR_REDIRECT] 
2025-08-15 22:11:20,975 [ERROR] LogOutputStream:75 - [STDERR_REDIRECT] [Fatal Error] :1:1: Premature end of file.
2025-08-15 22:11:20,976 [ERROR] LogOutputStream:75 - [STDERR_REDIRECT] 
2025-08-15 22:11:21,977 [ERROR] LogOutputStream:75 - [STDERR_REDIRECT] [Fatal Error] :1:1: Premature end of file.
2025-08-15 22:11:21,977 [ERROR] LogOutputStream:75 - [STDERR_REDIRECT] 
2025-08-15 22:11:22,975 [ERROR] LogOutputStream:75 - [STDERR_REDIRECT] [Fatal Error] :1:1: Premature end of file.
2025-08-15 22:11:22,976 [ERROR] LogOutputStream:75 - [STDERR_REDIRECT] 
2025-08-15 22:11:23,975 [ERROR] LogOutputStream:75 - [STDERR_REDIRECT] [Fatal Error] :1:1: Premature end of file.
2025-08-15 22:11:23,975 [ERROR] LogOutputStream:75 - [STDERR_REDIRECT] 
2025-08-15 22:11:24,976 [ERROR] LogOutputStream:75 - [STDERR_REDIRECT] [Fatal Error] :1:1: Premature end of file.
2025-08-15 22:11:24,976 [ERROR] LogOutputStream:75 - [STDERR_REDIRECT] 
2025-08-15 22:11:25,978 [ERROR] LogOutputStream:75 - [STDERR_REDIRECT] [Fatal Error] :1:1: Premature end of file.
2025-08-15 22:11:25,978 [ERROR] LogOutputStream:75 - [STDERR_REDIRECT] 
2025-08-15 22:11:26,975 [ERROR] LogOutputStream:75 - [STDERR_REDIRECT] [Fatal Error] :1:1: Premature end of file.
2025-08-15 22:11:26,975 [ERROR] LogOutputStream:75 - [STDERR_REDIRECT] 
2025-08-15 22:11:27,976 [ERROR] LogOutputStream:75 - [STDERR_REDIRECT] [Fatal Error] :1:1: Premature end of file.
2025-08-15 22:11:27,977 [ERROR] LogOutputStream:75 - [STDERR_REDIRECT] 
2025-08-15 22:11:28,976 [ERROR] LogOutputStream:75 - [STDERR_REDIRECT] [Fatal Error] :1:1: Premature end of file.
2025-08-15 22:11:28,976 [ERROR] LogOutputStream:75 - [STDERR_REDIRECT] 
2025-08-15 22:11:29,975 [ERROR] LogOutputStream:75 - [STDERR_REDIRECT] [Fatal Error] :1:1: Premature end of file.
2025-08-15 22:11:29,975 [ERROR] LogOutputStream:75 - [STDERR_REDIRECT] 
2025-08-15 22:11:30,976 [ERROR] LogOutputStream:75 - [STDERR_REDIRECT] [Fatal Error] :1:1: Premature end of file.
2025-08-15 22:11:30,977 [ERROR] LogOutputStream:75 - [STDERR_REDIRECT] 
2025-08-15 22:11:31,975 [ERROR] LogOutputStream:75 - [STDERR_REDIRECT] [Fatal Error] :1:1: Premature end of file.
2025-08-15 22:11:31,975 [ERROR] LogOutputStream:75 - [STDERR_REDIRECT] 
2025-08-15 22:11:32,976 [ERROR] LogOutputStream:75 - [STDERR_REDIRECT] [Fatal Error] :1:1: Premature end of file.
2025-08-15 22:11:32,976 [ERROR] LogOutputStream:75 - [STDERR_REDIRECT] 
2025-08-15 22:11:33,976 [ERROR] LogOutputStream:75 - [STDERR_REDIRECT] [Fatal Error] :1:1: Premature end of file.
2025-08-15 22:11:33,976 [ERROR] LogOutputStream:75 - [STDERR_REDIRECT] 
2025-08-15 22:11:34,975 [ERROR] LogOutputStream:75 - [STDERR_REDIRECT] [Fatal Error] :1:1: Premature end of file.
2025-08-15 22:11:34,975 [ERROR] LogOutputStream:75 - [STDERR_REDIRECT] 
2025-08-15 22:11:35,976 [ERROR] LogOutputStream:75 - [STDERR_REDIRECT] [Fatal Error] :1:1: Premature end of file.
2025-08-15 22:11:35,977 [ERROR] LogOutputStream:75 - [STDERR_REDIRECT] 
2025-08-15 22:11:36,976 [ERROR] LogOutputStream:75 - [STDERR_REDIRECT] [Fatal Error] :1:1: Premature end of file.
2025-08-15 22:11:36,976 [ERROR] LogOutputStream:75 - [STDERR_REDIRECT] 
2025-08-15 22:11:37,976 [ERROR] LogOutputStream:75 - [STDERR_REDIRECT] [Fatal Error] :1:1: Premature end of file.
2025-08-15 22:11:37,976 [ERROR] LogOutputStream:75 - [STDERR_REDIRECT] 
2025-08-15 22:11:38,976 [ERROR] LogOutputStream:75 - [STDERR_REDIRECT] [Fatal Error] :1:1: Premature end of file.
2025-08-15 22:11:38,976 [ERROR] LogOutputStream:75 - [STDERR_REDIRECT] 
2025-08-15 22:11:39,976 [ERROR] LogOutputStream:75 - [STDERR_REDIRECT] [Fatal Error] :1:1: Premature end of file.
2025-08-15 22:11:39,976 [ERROR] LogOutputStream:75 - [STDERR_REDIRECT] 
2025-08-15 22:11:40,976 [ERROR] LogOutputStream:75 - [STDERR_REDIRECT] [Fatal Error] :1:1: Premature end of file.
2025-08-15 22:11:40,976 [ERROR] LogOutputStream:75 - [STDERR_REDIRECT] 
2025-08-15 22:11:41,976 [ERROR] LogOutputStream:75 - [STDERR_REDIRECT] [Fatal Error] :1:1: Premature end of file.
2025-08-15 22:11:41,976 [ERROR] LogOutputStream:75 - [STDERR_REDIRECT] 
2025-08-15 22:11:42,976 [ERROR] LogOutputStream:75 - [STDERR_REDIRECT] [Fatal Error] :1:1: Premature end of file.
2025-08-15 22:11:42,976 [ERROR] LogOutputStream:75 - [STDERR_REDIRECT] 
2025-08-15 22:11:43,976 [ERROR] LogOutputStream:75 - [STDERR_REDIRECT] [Fatal Error] :1:1: Premature end of file.
2025-08-15 22:11:43,976 [ERROR] LogOutputStream:75 - [STDERR_REDIRECT] 
2025-08-15 22:11:44,976 [ERROR] LogOutputStream:75 - [STDERR_REDIRECT] [Fatal Error] :1:1: Premature end of file.
2025-08-15 22:11:44,977 [ERROR] LogOutputStream:75 - [STDERR_REDIRECT] 
2025-08-15 22:11:45,976 [ERROR] LogOutputStream:75 - [STDERR_REDIRECT] [Fatal Error] :1:1: Premature end of file.
2025-08-15 22:11:45,976 [ERROR] LogOutputStream:75 - [STDERR_REDIRECT] 
2025-08-15 22:11:46,975 [ERROR] LogOutputStream:75 - [STDERR_REDIRECT] [Fatal Error] :1:1: Premature end of file.
2025-08-15 22:11:46,976 [ERROR] LogOutputStream:75 - [STDERR_REDIRECT] 
2025-08-15 22:11:47,977 [ERROR] LogOutputStream:75 - [STDERR_REDIRECT] [Fatal Error] :1:1: Premature end of file.
2025-08-15 22:11:47,977 [ERROR] LogOutputStream:75 - [STDERR_REDIRECT] 
2025-08-15 22:11:48,977 [ERROR] LogOutputStream:75 - [STDERR_REDIRECT] [Fatal Error] :1:1: Premature end of file.
2025-08-15 22:11:48,977 [ERROR] LogOutputStream:75 - [STDERR_REDIRECT] 
2025-08-15 22:11:49,976 [ERROR] LogOutputStream:75 - [STDERR_REDIRECT] [Fatal Error] :1:1: Premature end of file.
2025-08-15 22:11:49,976 [ERROR] LogOutputStream:75 - [STDERR_REDIRECT] 
2025-08-15 22:11:50,977 [ERROR] LogOutputStream:75 - [STDERR_REDIRECT] [Fatal Error] :1:1: Premature end of file.
2025-08-15 22:11:50,977 [ERROR] LogOutputStream:75 - [STDERR_REDIRECT] 
2025-08-15 22:11:51,977 [ERROR] LogOutputStream:75 - [STDERR_REDIRECT] [Fatal Error] :1:1: Premature end of file.
2025-08-15 22:11:51,977 [ERROR] LogOutputStream:75 - [STDERR_REDIRECT] 
2025-08-15 22:11:52,976 [ERROR] LogOutputStream:75 - [STDERR_REDIRECT] [Fatal Error] :1:1: Premature end of file.
2025-08-15 22:11:52,976 [ERROR] LogOutputStream:75 - [STDERR_REDIRECT] 
2025-08-15 22:11:53,976 [ERROR] LogOutputStream:75 - [STDERR_REDIRECT] [Fatal Error] :1:1: Premature end of file.
2025-08-15 22:11:53,976 [ERROR] LogOutputStream:75 - [STDERR_REDIRECT] 
2025-08-15 22:11:54,976 [ERROR] LogOutputStream:75 - [STDERR_REDIRECT] [Fatal Error] :1:1: Premature end of file.
2025-08-15 22:11:54,976 [ERROR] LogOutputStream:75 - [STDERR_REDIRECT] 
2025-08-15 22:11:55,976 [ERROR] LogOutputStream:75 - [STDERR_REDIRECT] [Fatal Error] :1:1: Premature end of file.
2025-08-15 22:11:55,976 [ERROR] LogOutputStream:75 - [STDERR_REDIRECT] 
2025-08-15 22:11:56,975 [ERROR] LogOutputStream:75 - [STDERR_REDIRECT] [Fatal Error] :1:1: Premature end of file.
2025-08-15 22:11:56,975 [ERROR] LogOutputStream:75 - [STDERR_REDIRECT] 
2025-08-15 22:11:57,978 [ERROR] LogOutputStream:75 - [STDERR_REDIRECT] [Fatal Error] :1:1: Premature end of file.
2025-08-15 22:11:57,978 [ERROR] LogOutputStream:75 - [STDERR_REDIRECT] 
2025-08-15 22:11:58,976 [ERROR] LogOutputStream:75 - [STDERR_REDIRECT] [Fatal Error] :1:1: Premature end of file.
2025-08-15 22:11:58,976 [ERROR] LogOutputStream:75 - [STDERR_REDIRECT] 
2025-08-15 22:11:59,976 [ERROR] LogOutputStream:75 - [STDERR_REDIRECT] [Fatal Error] :1:1: Premature end of file.
2025-08-15 22:11:59,976 [ERROR] LogOutputStream:75 - [STDERR_REDIRECT] 
2025-08-15 22:12:00,980 [ERROR] LogOutputStream:75 - [STDERR_REDIRECT] [Fatal Error] :1:1: Premature end of file.
2025-08-15 22:12:00,980 [ERROR] LogOutputStream:75 - [STDERR_REDIRECT] 
2025-08-15 22:12:01,978 [ERROR] LogOutputStream:75 - [STDERR_REDIRECT] [Fatal Error] :1:1: Premature end of file.
2025-08-15 22:12:01,978 [ERROR] LogOutputStream:75 - [STDERR_REDIRECT] 
2025-08-15 22:12:02,978 [ERROR] LogOutputStream:75 - [STDERR_REDIRECT] [Fatal Error] :1:1: Premature end of file.
2025-08-15 22:12:02,978 [ERROR] LogOutputStream:75 - [STDERR_REDIRECT] 
2025-08-15 22:12:03,975 [ERROR] LogOutputStream:75 - [STDERR_REDIRECT] [Fatal Error] :1:1: Premature end of file.
2025-08-15 22:12:03,975 [ERROR] LogOutputStream:75 - [STDERR_REDIRECT] 
2025-08-15 22:12:04,977 [ERROR] LogOutputStream:75 - [STDERR_REDIRECT] [Fatal Error] :1:1: Premature end of file.
2025-08-15 22:12:04,977 [ERROR] LogOutputStream:75 - [STDERR_REDIRECT] 
2025-08-15 22:12:05,976 [ERROR] LogOutputStream:75 - [STDERR_REDIRECT] [Fatal Error] :1:1: Premature end of file.
2025-08-15 22:12:05,976 [ERROR] LogOutputStream:75 - [STDERR_REDIRECT] 
2025-08-15 22:12:06,976 [ERROR] LogOutputStream:75 - [STDERR_REDIRECT] [Fatal Error] :1:1: Premature end of file.
2025-08-15 22:12:06,976 [ERROR] LogOutputStream:75 - [STDERR_REDIRECT] 
2025-08-15 22:12:07,976 [ERROR] LogOutputStream:75 - [STDERR_REDIRECT] [Fatal Error] :1:1: Premature end of file.
2025-08-15 22:12:07,976 [ERROR] LogOutputStream:75 - [STDERR_REDIRECT] 
2025-08-15 22:12:08,976 [ERROR] LogOutputStream:75 - [STDERR_REDIRECT] [Fatal Error] :1:1: Premature end of file.
2025-08-15 22:12:08,976 [ERROR] LogOutputStream:75 - [STDERR_REDIRECT] 
2025-08-15 22:12:09,976 [ERROR] LogOutputStream:75 - [STDERR_REDIRECT] [Fatal Error] :1:1: Premature end of file.
2025-08-15 22:12:09,976 [ERROR] LogOutputStream:75 - [STDERR_REDIRECT] 
2025-08-15 22:12:10,977 [ERROR] LogOutputStream:75 - [STDERR_REDIRECT] [Fatal Error] :1:1: Premature end of file.
2025-08-15 22:12:10,977 [ERROR] LogOutputStream:75 - [STDERR_REDIRECT] 
2025-08-15 22:12:11,975 [ERROR] LogOutputStream:75 - [STDERR_REDIRECT] [Fatal Error] :1:1: Premature end of file.
2025-08-15 22:12:11,975 [ERROR] LogOutputStream:75 - [STDERR_REDIRECT] 
2025-08-15 22:12:12,975 [ERROR] LogOutputStream:75 - [STDERR_REDIRECT] [Fatal Error] :1:1: Premature end of file.
2025-08-15 22:12:12,975 [ERROR] LogOutputStream:75 - [STDERR_REDIRECT] 
2025-08-15 22:12:13,976 [ERROR] LogOutputStream:75 - [STDERR_REDIRECT] [Fatal Error] :1:1: Premature end of file.
2025-08-15 22:12:13,976 [ERROR] LogOutputStream:75 - [STDERR_REDIRECT] 
2025-08-15 22:12:14,976 [ERROR] LogOutputStream:75 - [STDERR_REDIRECT] [Fatal Error] :1:1: Premature end of file.
2025-08-15 22:12:14,976 [ERROR] LogOutputStream:75 - [STDERR_REDIRECT] 
2025-08-15 22:12:15,976 [ERROR] LogOutputStream:75 - [STDERR_REDIRECT] [Fatal Error] :1:1: Premature end of file.
2025-08-15 22:12:15,976 [ERROR] LogOutputStream:75 - [STDERR_REDIRECT] 
2025-08-15 22:12:16,976 [ERROR] LogOutputStream:75 - [STDERR_REDIRECT] [Fatal Error] :1:1: Premature end of file.
2025-08-15 22:12:16,976 [ERROR] LogOutputStream:75 - [STDERR_REDIRECT] 
2025-08-15 22:12:17,978 [ERROR] LogOutputStream:75 - [STDERR_REDIRECT] [Fatal Error] :1:1: Premature end of file.
2025-08-15 22:12:17,978 [ERROR] LogOutputStream:75 - [STDERR_REDIRECT] 
2025-08-15 22:12:18,975 [ERROR] LogOutputStream:75 - [STDERR_REDIRECT] [Fatal Error] :1:1: Premature end of file.
2025-08-15 22:12:18,975 [ERROR] LogOutputStream:75 - [STDERR_REDIRECT] 
2025-08-15 22:12:19,976 [ERROR] LogOutputStream:75 - [STDERR_REDIRECT] [Fatal Error] :1:1: Premature end of file.
2025-08-15 22:12:19,976 [ERROR] LogOutputStream:75 - [STDERR_REDIRECT] 
2025-08-15 22:12:20,975 [ERROR] LogOutputStream:75 - [STDERR_REDIRECT] [Fatal Error] :1:1: Premature end of file.
2025-08-15 22:12:20,975 [ERROR] LogOutputStream:75 - [STDERR_REDIRECT] 
2025-08-15 22:12:21,976 [ERROR] LogOutputStream:75 - [STDERR_REDIRECT] [Fatal Error] :1:1: Premature end of file.
2025-08-15 22:12:21,976 [ERROR] LogOutputStream:75 - [STDERR_REDIRECT] 
2025-08-15 22:12:22,977 [ERROR] LogOutputStream:75 - [STDERR_REDIRECT] [Fatal Error] :1:1: Premature end of file.
2025-08-15 22:12:22,977 [ERROR] LogOutputStream:75 - [STDERR_REDIRECT] 
2025-08-15 22:12:23,977 [ERROR] LogOutputStream:75 - [STDERR_REDIRECT] [Fatal Error] :1:1: Premature end of file.
2025-08-15 22:12:23,977 [ERROR] LogOutputStream:75 - [STDERR_REDIRECT] 
2025-08-15 22:12:24,975 [ERROR] LogOutputStream:75 - [STDERR_REDIRECT] [Fatal Error] :1:1: Premature end of file.
2025-08-15 22:12:24,975 [ERROR] LogOutputStream:75 - [STDERR_REDIRECT] 
2025-08-15 22:12:25,976 [ERROR] LogOutputStream:75 - [STDERR_REDIRECT] [Fatal Error] :1:1: Premature end of file.
2025-08-15 22:12:25,976 [ERROR] LogOutputStream:75 - [STDERR_REDIRECT] 
2025-08-15 22:12:26,976 [ERROR] LogOutputStream:75 - [STDERR_REDIRECT] [Fatal Error] :1:1: Premature end of file.
2025-08-15 22:12:26,976 [ERROR] LogOutputStream:75 - [STDERR_REDIRECT] 
2025-08-15 22:12:27,976 [ERROR] LogOutputStream:75 - [STDERR_REDIRECT] [Fatal Error] :1:1: Premature end of file.
2025-08-15 22:12:27,976 [ERROR] LogOutputStream:75 - [STDERR_REDIRECT] 
2025-08-15 22:12:28,977 [ERROR] LogOutputStream:75 - [STDERR_REDIRECT] [Fatal Error] :1:1: Premature end of file.
2025-08-15 22:12:28,977 [ERROR] LogOutputStream:75 - [STDERR_REDIRECT] 
2025-08-15 22:12:29,975 [ERROR] LogOutputStream:75 - [STDERR_REDIRECT] [Fatal Error] :1:1: Premature end of file.
2025-08-15 22:12:29,975 [ERROR] LogOutputStream:75 - [STDERR_REDIRECT] 
2025-08-15 22:12:30,977 [ERROR] LogOutputStream:75 - [STDERR_REDIRECT] [Fatal Error] :1:1: Premature end of file.
2025-08-15 22:12:30,977 [ERROR] LogOutputStream:75 - [STDERR_REDIRECT] 
2025-08-15 22:12:31,974 [ERROR] LogOutputStream:75 - [STDERR_REDIRECT] [Fatal Error] :1:1: Premature end of file.
2025-08-15 22:12:31,975 [ERROR] LogOutputStream:75 - [STDERR_REDIRECT] 
2025-08-15 22:12:32,974 [ERROR] LogOutputStream:75 - [STDERR_REDIRECT] [Fatal Error] :1:1: Premature end of file.
2025-08-15 22:12:32,974 [ERROR] LogOutputStream:75 - [STDERR_REDIRECT] 
2025-08-15 22:12:33,977 [ERROR] LogOutputStream:75 - [STDERR_REDIRECT] [Fatal Error] :1:1: Premature end of file.
2025-08-15 22:12:33,977 [ERROR] LogOutputStream:75 - [STDERR_REDIRECT] 
2025-08-15 22:12:34,976 [ERROR] LogOutputStream:75 - [STDERR_REDIRECT] [Fatal Error] :1:1: Premature end of file.
2025-08-15 22:12:34,976 [ERROR] LogOutputStream:75 - [STDERR_REDIRECT] 
2025-08-15 22:12:35,975 [ERROR] LogOutputStream:75 - [STDERR_REDIRECT] [Fatal Error] :1:1: Premature end of file.
2025-08-15 22:12:35,975 [ERROR] LogOutputStream:75 - [STDERR_REDIRECT] 
2025-08-15 22:12:36,976 [ERROR] LogOutputStream:75 - [STDERR_REDIRECT] [Fatal Error] :1:1: Premature end of file.
2025-08-15 22:12:36,976 [ERROR] LogOutputStream:75 - [STDERR_REDIRECT] 
2025-08-15 22:12:37,975 [ERROR] LogOutputStream:75 - [STDERR_REDIRECT] [Fatal Error] :1:1: Premature end of file.
2025-08-15 22:12:37,975 [ERROR] LogOutputStream:75 - [STDERR_REDIRECT] 
2025-08-15 22:12:38,977 [ERROR] LogOutputStream:75 - [STDERR_REDIRECT] [Fatal Error] :1:1: Premature end of file.
2025-08-15 22:12:38,977 [ERROR] LogOutputStream:75 - [STDERR_REDIRECT] 
2025-08-15 22:12:39,977 [ERROR] LogOutputStream:75 - [STDERR_REDIRECT] [Fatal Error] :1:1: Premature end of file.
2025-08-15 22:12:39,977 [ERROR] LogOutputStream:75 - [STDERR_REDIRECT] 
2025-08-15 22:12:40,976 [ERROR] LogOutputStream:75 - [STDERR_REDIRECT] [Fatal Error] :1:1: Premature end of file.
2025-08-15 22:12:40,976 [ERROR] LogOutputStream:75 - [STDERR_REDIRECT] 
2025-08-15 22:12:41,975 [ERROR] LogOutputStream:75 - [STDERR_REDIRECT] [Fatal Error] :1:1: Premature end of file.
2025-08-15 22:12:41,975 [ERROR] LogOutputStream:75 - [STDERR_REDIRECT] 
2025-08-15 22:12:42,975 [ERROR] LogOutputStream:75 - [STDERR_REDIRECT] [Fatal Error] :1:1: Premature end of file.
2025-08-15 22:12:42,975 [ERROR] LogOutputStream:75 - [STDERR_REDIRECT] 
2025-08-15 22:12:43,977 [ERROR] LogOutputStream:75 - [STDERR_REDIRECT] [Fatal Error] :1:1: Premature end of file.
2025-08-15 22:12:43,977 [ERROR] LogOutputStream:75 - [STDERR_REDIRECT] 
2025-08-15 22:12:44,975 [ERROR] LogOutputStream:75 - [STDERR_REDIRECT] [Fatal Error] :1:1: Premature end of file.
2025-08-15 22:12:44,976 [ERROR] LogOutputStream:75 - [STDERR_REDIRECT] 
2025-08-15 22:12:45,976 [ERROR] LogOutputStream:75 - [STDERR_REDIRECT] [Fatal Error] :1:1: Premature end of file.
2025-08-15 22:12:45,976 [ERROR] LogOutputStream:75 - [STDERR_REDIRECT] 
2025-08-15 22:12:46,976 [ERROR] LogOutputStream:75 - [STDERR_REDIRECT] [Fatal Error] :1:1: Premature end of file.
2025-08-15 22:12:46,976 [ERROR] LogOutputStream:75 - [STDERR_REDIRECT] 
2025-08-15 22:12:47,976 [ERROR] LogOutputStream:75 - [STDERR_REDIRECT] [Fatal Error] :1:1: Premature end of file.
2025-08-15 22:12:47,976 [ERROR] LogOutputStream:75 - [STDERR_REDIRECT] 
2025-08-15 22:12:48,976 [ERROR] LogOutputStream:75 - [STDERR_REDIRECT] [Fatal Error] :1:1: Premature end of file.
2025-08-15 22:12:48,976 [ERROR] LogOutputStream:75 - [STDERR_REDIRECT] 
2025-08-15 22:12:49,977 [ERROR] LogOutputStream:75 - [STDERR_REDIRECT] [Fatal Error] :1:1: Premature end of file.
2025-08-15 22:12:49,977 [ERROR] LogOutputStream:75 - [STDERR_REDIRECT] 
2025-08-15 22:12:50,975 [ERROR] LogOutputStream:75 - [STDERR_REDIRECT] [Fatal Error] :1:1: Premature end of file.
2025-08-15 22:12:50,975 [ERROR] LogOutputStream:75 - [STDERR_REDIRECT] 
2025-08-15 22:12:51,977 [ERROR] LogOutputStream:75 - [STDERR_REDIRECT] [Fatal Error] :1:1: Premature end of file.
2025-08-15 22:12:51,977 [ERROR] LogOutputStream:75 - [STDERR_REDIRECT] 
2025-08-15 22:12:52,977 [ERROR] LogOutputStream:75 - [STDERR_REDIRECT] [Fatal Error] :1:1: Premature end of file.
2025-08-15 22:12:52,977 [ERROR] LogOutputStream:75 - [STDERR_REDIRECT] 
2025-08-15 22:12:53,976 [ERROR] LogOutputStream:75 - [STDERR_REDIRECT] [Fatal Error] :1:1: Premature end of file.
2025-08-15 22:12:53,977 [ERROR] LogOutputStream:75 - [STDERR_REDIRECT] 
2025-08-15 22:12:54,975 [ERROR] LogOutputStream:75 - [STDERR_REDIRECT] [Fatal Error] :1:1: Premature end of file.
2025-08-15 22:12:54,976 [ERROR] LogOutputStream:75 - [STDERR_REDIRECT] 
2025-08-15 22:12:55,977 [ERROR] LogOutputStream:75 - [STDERR_REDIRECT] [Fatal Error] :1:1: Premature end of file.
2025-08-15 22:12:55,977 [ERROR] LogOutputStream:75 - [STDERR_REDIRECT] 
2025-08-15 22:12:56,976 [ERROR] LogOutputStream:75 - [STDERR_REDIRECT] [Fatal Error] :1:1: Premature end of file.
2025-08-15 22:12:56,976 [ERROR] LogOutputStream:75 - [STDERR_REDIRECT] 
2025-08-15 22:12:57,974 [ERROR] LogOutputStream:75 - [STDERR_REDIRECT] [Fatal Error] :1:1: Premature end of file.
2025-08-15 22:12:57,975 [ERROR] LogOutputStream:75 - [STDERR_REDIRECT] 
2025-08-15 22:12:58,976 [ERROR] LogOutputStream:75 - [STDERR_REDIRECT] [Fatal Error] :1:1: Premature end of file.
2025-08-15 22:12:58,976 [ERROR] LogOutputStream:75 - [STDERR_REDIRECT] 
2025-08-15 22:12:59,976 [ERROR] LogOutputStream:75 - [STDERR_REDIRECT] [Fatal Error] :1:1: Premature end of file.
2025-08-15 22:12:59,977 [ERROR] LogOutputStream:75 - [STDERR_REDIRECT] 
2025-08-15 22:13:00,977 [ERROR] LogOutputStream:75 - [STDERR_REDIRECT] [Fatal Error] :1:1: Premature end of file.
2025-08-15 22:13:00,978 [ERROR] LogOutputStream:75 - [STDERR_REDIRECT] 
2025-08-15 22:13:01,977 [ERROR] LogOutputStream:75 - [STDERR_REDIRECT] [Fatal Error] :1:1: Premature end of file.
2025-08-15 22:13:01,977 [ERROR] LogOutputStream:75 - [STDERR_REDIRECT] 
2025-08-15 22:13:02,977 [ERROR] LogOutputStream:75 - [STDERR_REDIRECT] [Fatal Error] :1:1: Premature end of file.
2025-08-15 22:13:02,977 [ERROR] LogOutputStream:75 - [STDERR_REDIRECT] 
2025-08-15 22:13:03,977 [ERROR] LogOutputStream:75 - [STDERR_REDIRECT] [Fatal Error] :1:1: Premature end of file.
2025-08-15 22:13:03,977 [ERROR] LogOutputStream:75 - [STDERR_REDIRECT] 
2025-08-15 22:13:04,975 [ERROR] LogOutputStream:75 - [STDERR_REDIRECT] [Fatal Error] :1:1: Premature end of file.
2025-08-15 22:13:04,975 [ERROR] LogOutputStream:75 - [STDERR_REDIRECT] 
2025-08-15 22:13:05,976 [ERROR] LogOutputStream:75 - [STDERR_REDIRECT] [Fatal Error] :1:1: Premature end of file.
2025-08-15 22:13:05,976 [ERROR] LogOutputStream:75 - [STDERR_REDIRECT] 
2025-08-15 22:13:06,975 [ERROR] LogOutputStream:75 - [STDERR_REDIRECT] [Fatal Error] :1:1: Premature end of file.
2025-08-15 22:13:06,975 [ERROR] LogOutputStream:75 - [STDERR_REDIRECT] 
2025-08-15 22:13:07,976 [ERROR] LogOutputStream:75 - [STDERR_REDIRECT] [Fatal Error] :1:1: Premature end of file.
2025-08-15 22:13:07,976 [ERROR] LogOutputStream:75 - [STDERR_REDIRECT] 
2025-08-15 22:13:08,976 [ERROR] LogOutputStream:75 - [STDERR_REDIRECT] [Fatal Error] :1:1: Premature end of file.
2025-08-15 22:13:08,976 [ERROR] LogOutputStream:75 - [STDERR_REDIRECT] 
2025-08-15 22:13:09,977 [ERROR] LogOutputStream:75 - [STDERR_REDIRECT] [Fatal Error] :1:1: Premature end of file.
2025-08-15 22:13:09,977 [ERROR] LogOutputStream:75 - [STDERR_REDIRECT] 
2025-08-15 22:13:10,975 [ERROR] LogOutputStream:75 - [STDERR_REDIRECT] [Fatal Error] :1:1: Premature end of file.
2025-08-15 22:13:10,975 [ERROR] LogOutputStream:75 - [STDERR_REDIRECT] 
2025-08-15 22:13:11,975 [ERROR] LogOutputStream:75 - [STDERR_REDIRECT] [Fatal Error] :1:1: Premature end of file.
2025-08-15 22:13:11,975 [ERROR] LogOutputStream:75 - [STDERR_REDIRECT] 
2025-08-15 22:13:12,976 [ERROR] LogOutputStream:75 - [STDERR_REDIRECT] [Fatal Error] :1:1: Premature end of file.
2025-08-15 22:13:12,976 [ERROR] LogOutputStream:75 - [STDERR_REDIRECT] 
2025-08-15 22:13:13,975 [ERROR] LogOutputStream:75 - [STDERR_REDIRECT] [Fatal Error] :1:1: Premature end of file.
2025-08-15 22:13:13,975 [ERROR] LogOutputStream:75 - [STDERR_REDIRECT] 
2025-08-15 22:13:14,975 [ERROR] LogOutputStream:75 - [STDERR_REDIRECT] [Fatal Error] :1:1: Premature end of file.
2025-08-15 22:13:14,975 [ERROR] LogOutputStream:75 - [STDERR_REDIRECT] 
2025-08-15 22:13:15,977 [ERROR] LogOutputStream:75 - [STDERR_REDIRECT] [Fatal Error] :1:1: Premature end of file.
2025-08-15 22:13:15,978 [ERROR] LogOutputStream:75 - [STDERR_REDIRECT] 
2025-08-15 22:13:16,976 [ERROR] LogOutputStream:75 - [STDERR_REDIRECT] [Fatal Error] :1:1: Premature end of file.
2025-08-15 22:13:16,976 [ERROR] LogOutputStream:75 - [STDERR_REDIRECT] 
2025-08-15 22:13:17,977 [ERROR] LogOutputStream:75 - [STDERR_REDIRECT] [Fatal Error] :1:1: Premature end of file.
2025-08-15 22:13:17,978 [ERROR] LogOutputStream:75 - [STDERR_REDIRECT] 
2025-08-15 22:13:18,976 [ERROR] LogOutputStream:75 - [STDERR_REDIRECT] [Fatal Error] :1:1: Premature end of file.
2025-08-15 22:13:18,976 [ERROR] LogOutputStream:75 - [STDERR_REDIRECT] 
2025-08-15 22:13:19,976 [ERROR] LogOutputStream:75 - [STDERR_REDIRECT] [Fatal Error] :1:1: Premature end of file.
2025-08-15 22:13:19,976 [ERROR] LogOutputStream:75 - [STDERR_REDIRECT] 
2025-08-15 22:13:20,976 [ERROR] LogOutputStream:75 - [STDERR_REDIRECT] [Fatal Error] :1:1: Premature end of file.
2025-08-15 22:13:20,976 [ERROR] LogOutputStream:75 - [STDERR_REDIRECT] 
2025-08-15 22:13:21,979 [ERROR] LogOutputStream:75 - [STDERR_REDIRECT] [Fatal Error] :1:1: Premature end of file.
2025-08-15 22:13:21,979 [ERROR] LogOutputStream:75 - [STDERR_REDIRECT] 
2025-08-15 22:13:22,978 [ERROR] LogOutputStream:75 - [STDERR_REDIRECT] [Fatal Error] :1:1: Premature end of file.
2025-08-15 22:13:22,978 [ERROR] LogOutputStream:75 - [STDERR_REDIRECT] 
2025-08-15 22:13:23,977 [ERROR] LogOutputStream:75 - [STDERR_REDIRECT] [Fatal Error] :1:1: Premature end of file.
2025-08-15 22:13:23,977 [ERROR] LogOutputStream:75 - [STDERR_REDIRECT] 
2025-08-15 22:13:24,977 [ERROR] LogOutputStream:75 - [STDERR_REDIRECT] [Fatal Error] :1:1: Premature end of file.
2025-08-15 22:13:24,978 [ERROR] LogOutputStream:75 - [STDERR_REDIRECT] 
2025-08-15 22:13:25,978 [ERROR] LogOutputStream:75 - [STDERR_REDIRECT] [Fatal Error] :1:1: Premature end of file.
2025-08-15 22:13:25,978 [ERROR] LogOutputStream:75 - [STDERR_REDIRECT] 
2025-08-15 22:13:26,977 [ERROR] LogOutputStream:75 - [STDERR_REDIRECT] [Fatal Error] :1:1: Premature end of file.
2025-08-15 22:13:26,978 [ERROR] LogOutputStream:75 - [STDERR_REDIRECT] 
2025-08-15 22:13:27,977 [ERROR] LogOutputStream:75 - [STDERR_REDIRECT] [Fatal Error] :1:1: Premature end of file.
2025-08-15 22:13:27,977 [ERROR] LogOutputStream:75 - [STDERR_REDIRECT] 
2025-08-15 22:13:28,978 [ERROR] LogOutputStream:75 - [STDERR_REDIRECT] [Fatal Error] :1:1: Premature end of file.
2025-08-15 22:13:28,979 [ERROR] LogOutputStream:75 - [STDERR_REDIRECT] 
2025-08-15 22:13:29,977 [ERROR] LogOutputStream:75 - [STDERR_REDIRECT] [Fatal Error] :1:1: Premature end of file.
2025-08-15 22:13:29,977 [ERROR] LogOutputStream:75 - [STDERR_REDIRECT] 
2025-08-15 22:13:30,976 [ERROR] LogOutputStream:75 - [STDERR_REDIRECT] [Fatal Error] :1:1: Premature end of file.
2025-08-15 22:13:30,976 [ERROR] LogOutputStream:75 - [STDERR_REDIRECT] 
2025-08-15 22:13:31,978 [ERROR] LogOutputStream:75 - [STDERR_REDIRECT] [Fatal Error] :1:1: Premature end of file.
2025-08-15 22:13:31,978 [ERROR] LogOutputStream:75 - [STDERR_REDIRECT] 
2025-08-15 22:13:32,978 [ERROR] LogOutputStream:75 - [STDERR_REDIRECT] [Fatal Error] :1:1: Premature end of file.
2025-08-15 22:13:32,978 [ERROR] LogOutputStream:75 - [STDERR_REDIRECT] 
2025-08-15 22:13:33,977 [ERROR] LogOutputStream:75 - [STDERR_REDIRECT] [Fatal Error] :1:1: Premature end of file.
2025-08-15 22:13:33,977 [ERROR] LogOutputStream:75 - [STDERR_REDIRECT] 
2025-08-15 22:13:34,980 [ERROR] LogOutputStream:75 - [STDERR_REDIRECT] [Fatal Error] :1:1: Premature end of file.
2025-08-15 22:13:34,980 [ERROR] LogOutputStream:75 - [STDERR_REDIRECT] 
2025-08-15 22:13:35,976 [ERROR] LogOutputStream:75 - [STDERR_REDIRECT] [Fatal Error] :1:1: Premature end of file.
2025-08-15 22:13:35,976 [ERROR] LogOutputStream:75 - [STDERR_REDIRECT] 
2025-08-15 22:13:36,977 [ERROR] LogOutputStream:75 - [STDERR_REDIRECT] [Fatal Error] :1:1: Premature end of file.
2025-08-15 22:13:36,977 [ERROR] LogOutputStream:75 - [STDERR_REDIRECT] 
2025-08-15 22:13:37,978 [ERROR] LogOutputStream:75 - [STDERR_REDIRECT] [Fatal Error] :1:1: Premature end of file.
2025-08-15 22:13:37,979 [ERROR] LogOutputStream:75 - [STDERR_REDIRECT] 
2025-08-15 22:13:38,977 [ERROR] LogOutputStream:75 - [STDERR_REDIRECT] [Fatal Error] :1:1: Premature end of file.
2025-08-15 22:13:38,978 [ERROR] LogOutputStream:75 - [STDERR_REDIRECT] 
2025-08-15 22:13:39,978 [ERROR] LogOutputStream:75 - [STDERR_REDIRECT] [Fatal Error] :1:1: Premature end of file.
2025-08-15 22:13:39,978 [ERROR] LogOutputStream:75 - [STDERR_REDIRECT] 
2025-08-15 22:13:40,978 [ERROR] LogOutputStream:75 - [STDERR_REDIRECT] [Fatal Error] :1:1: Premature end of file.
2025-08-15 22:13:40,978 [ERROR] LogOutputStream:75 - [STDERR_REDIRECT] 
2025-08-15 22:13:41,979 [ERROR] LogOutputStream:75 - [STDERR_REDIRECT] [Fatal Error] :1:1: Premature end of file.
2025-08-15 22:13:41,979 [ERROR] LogOutputStream:75 - [STDERR_REDIRECT] 
2025-08-15 22:13:42,975 [ERROR] LogOutputStream:75 - [STDERR_REDIRECT] [Fatal Error] :1:1: Premature end of file.
2025-08-15 22:13:42,975 [ERROR] LogOutputStream:75 - [STDERR_REDIRECT] 
2025-08-15 22:13:43,978 [ERROR] LogOutputStream:75 - [STDERR_REDIRECT] [Fatal Error] :1:1: Premature end of file.
2025-08-15 22:13:43,978 [ERROR] LogOutputStream:75 - [STDERR_REDIRECT] 
2025-08-15 22:13:44,978 [ERROR] LogOutputStream:75 - [STDERR_REDIRECT] [Fatal Error] :1:1: Premature end of file.
2025-08-15 22:13:44,978 [ERROR] LogOutputStream:75 - [STDERR_REDIRECT] 
2025-08-15 22:13:45,978 [ERROR] LogOutputStream:75 - [STDERR_REDIRECT] [Fatal Error] :1:1: Premature end of file.
2025-08-15 22:13:45,978 [ERROR] LogOutputStream:75 - [STDERR_REDIRECT] 
2025-08-15 22:13:46,976 [ERROR] LogOutputStream:75 - [STDERR_REDIRECT] [Fatal Error] :1:1: Premature end of file.
2025-08-15 22:13:46,976 [ERROR] LogOutputStream:75 - [STDERR_REDIRECT] 
2025-08-15 22:13:47,977 [ERROR] LogOutputStream:75 - [STDERR_REDIRECT] [Fatal Error] :1:1: Premature end of file.
2025-08-15 22:13:47,978 [ERROR] LogOutputStream:75 - [STDERR_REDIRECT] 
2025-08-15 22:13:48,978 [ERROR] LogOutputStream:75 - [STDERR_REDIRECT] [Fatal Error] :1:1: Premature end of file.
2025-08-15 22:13:48,978 [ERROR] LogOutputStream:75 - [STDERR_REDIRECT] 
2025-08-15 22:13:49,978 [ERROR] LogOutputStream:75 - [STDERR_REDIRECT] [Fatal Error] :1:1: Premature end of file.
2025-08-15 22:13:49,978 [ERROR] LogOutputStream:75 - [STDERR_REDIRECT] 
2025-08-15 22:13:50,976 [ERROR] LogOutputStream:75 - [STDERR_REDIRECT] [Fatal Error] :1:1: Premature end of file.
2025-08-15 22:13:50,977 [ERROR] LogOutputStream:75 - [STDERR_REDIRECT] 
2025-08-15 22:13:51,977 [ERROR] LogOutputStream:75 - [STDERR_REDIRECT] [Fatal Error] :1:1: Premature end of file.
2025-08-15 22:13:51,977 [ERROR] LogOutputStream:75 - [STDERR_REDIRECT] 
2025-08-15 22:13:52,978 [ERROR] LogOutputStream:75 - [STDERR_REDIRECT] [Fatal Error] :1:1: Premature end of file.
2025-08-15 22:13:52,978 [ERROR] LogOutputStream:75 - [STDERR_REDIRECT] 
2025-08-15 22:13:53,977 [ERROR] LogOutputStream:75 - [STDERR_REDIRECT] [Fatal Error] :1:1: Premature end of file.
2025-08-15 22:13:53,978 [ERROR] LogOutputStream:75 - [STDERR_REDIRECT] 
2025-08-15 22:13:54,978 [ERROR] LogOutputStream:75 - [STDERR_REDIRECT] [Fatal Error] :1:1: Premature end of file.
2025-08-15 22:13:54,978 [ERROR] LogOutputStream:75 - [STDERR_REDIRECT] 
2025-08-15 22:13:55,978 [ERROR] LogOutputStream:75 - [STDERR_REDIRECT] [Fatal Error] :1:1: Premature end of file.
2025-08-15 22:13:55,978 [ERROR] LogOutputStream:75 - [STDERR_REDIRECT] 
2025-08-15 22:13:56,976 [ERROR] LogOutputStream:75 - [STDERR_REDIRECT] [Fatal Error] :1:1: Premature end of file.
2025-08-15 22:13:56,976 [ERROR] LogOutputStream:75 - [STDERR_REDIRECT] 
2025-08-15 22:13:57,977 [ERROR] LogOutputStream:75 - [STDERR_REDIRECT] [Fatal Error] :1:1: Premature end of file.
2025-08-15 22:13:57,977 [ERROR] LogOutputStream:75 - [STDERR_REDIRECT] 
2025-08-15 22:13:58,979 [ERROR] LogOutputStream:75 - [STDERR_REDIRECT] [Fatal Error] :1:1: Premature end of file.
2025-08-15 22:13:58,979 [ERROR] LogOutputStream:75 - [STDERR_REDIRECT] 
2025-08-15 22:13:59,977 [ERROR] LogOutputStream:75 - [STDERR_REDIRECT] [Fatal Error] :1:1: Premature end of file.
2025-08-15 22:13:59,977 [ERROR] LogOutputStream:75 - [STDERR_REDIRECT] 
2025-08-15 22:14:00,976 [ERROR] LogOutputStream:75 - [STDERR_REDIRECT] [Fatal Error] :1:1: Premature end of file.
2025-08-15 22:14:00,976 [ERROR] LogOutputStream:75 - [STDERR_REDIRECT] 
2025-08-15 22:14:01,982 [ERROR] LogOutputStream:75 - [STDERR_REDIRECT] [Fatal Error] :1:1: Premature end of file.
2025-08-15 22:14:01,983 [ERROR] LogOutputStream:75 - [STDERR_REDIRECT] 
2025-08-15 22:14:02,978 [ERROR] LogOutputStream:75 - [STDERR_REDIRECT] [Fatal Error] :1:1: Premature end of file.
2025-08-15 22:14:02,978 [ERROR] LogOutputStream:75 - [STDERR_REDIRECT] 
2025-08-15 22:14:03,976 [ERROR] LogOutputStream:75 - [STDERR_REDIRECT] [Fatal Error] :1:1: Premature end of file.
2025-08-15 22:14:03,976 [ERROR] LogOutputStream:75 - [STDERR_REDIRECT] 
2025-08-15 22:14:04,976 [ERROR] LogOutputStream:75 - [STDERR_REDIRECT] [Fatal Error] :1:1: Premature end of file.
2025-08-15 22:14:04,976 [ERROR] LogOutputStream:75 - [STDERR_REDIRECT] 
2025-08-15 22:14:05,976 [ERROR] LogOutputStream:75 - [STDERR_REDIRECT] [Fatal Error] :1:1: Premature end of file.
2025-08-15 22:14:05,976 [ERROR] LogOutputStream:75 - [STDERR_REDIRECT] 
2025-08-15 22:14:06,978 [ERROR] LogOutputStream:75 - [STDERR_REDIRECT] [Fatal Error] :1:1: Premature end of file.
2025-08-15 22:14:06,978 [ERROR] LogOutputStream:75 - [STDERR_REDIRECT] 
2025-08-15 22:14:07,979 [ERROR] LogOutputStream:75 - [STDERR_REDIRECT] [Fatal Error] :1:1: Premature end of file.
2025-08-15 22:14:07,979 [ERROR] LogOutputStream:75 - [STDERR_REDIRECT] 
2025-08-15 22:14:08,977 [ERROR] LogOutputStream:75 - [STDERR_REDIRECT] [Fatal Error] :1:1: Premature end of file.
2025-08-15 22:14:08,978 [ERROR] LogOutputStream:75 - [STDERR_REDIRECT] 
2025-08-15 22:14:09,979 [ERROR] LogOutputStream:75 - [STDERR_REDIRECT] [Fatal Error] :1:1: Premature end of file.
2025-08-15 22:14:09,979 [ERROR] LogOutputStream:75 - [STDERR_REDIRECT] 
2025-08-15 22:14:10,978 [ERROR] LogOutputStream:75 - [STDERR_REDIRECT] [Fatal Error] :1:1: Premature end of file.
2025-08-15 22:14:10,978 [ERROR] LogOutputStream:75 - [STDERR_REDIRECT] 
2025-08-15 22:14:11,978 [ERROR] LogOutputStream:75 - [STDERR_REDIRECT] [Fatal Error] :1:1: Premature end of file.
2025-08-15 22:14:11,978 [ERROR] LogOutputStream:75 - [STDERR_REDIRECT] 
2025-08-15 22:14:12,977 [ERROR] LogOutputStream:75 - [STDERR_REDIRECT] [Fatal Error] :1:1: Premature end of file.
2025-08-15 22:14:12,978 [ERROR] LogOutputStream:75 - [STDERR_REDIRECT] 
2025-08-15 22:14:13,976 [ERROR] LogOutputStream:75 - [STDERR_REDIRECT] [Fatal Error] :1:1: Premature end of file.
2025-08-15 22:14:13,976 [ERROR] LogOutputStream:75 - [STDERR_REDIRECT] 
2025-08-15 22:14:14,979 [ERROR] LogOutputStream:75 - [STDERR_REDIRECT] [Fatal Error] :1:1: Premature end of file.
2025-08-15 22:14:14,980 [ERROR] LogOutputStream:75 - [STDERR_REDIRECT] 
2025-08-15 22:14:15,976 [ERROR] LogOutputStream:75 - [STDERR_REDIRECT] [Fatal Error] :1:1: Premature end of file.
2025-08-15 22:14:15,976 [ERROR] LogOutputStream:75 - [STDERR_REDIRECT] 
2025-08-15 22:14:16,979 [ERROR] LogOutputStream:75 - [STDERR_REDIRECT] [Fatal Error] :1:1: Premature end of file.
2025-08-15 22:14:16,979 [ERROR] LogOutputStream:75 - [STDERR_REDIRECT] 
2025-08-15 22:14:17,977 [ERROR] LogOutputStream:75 - [STDERR_REDIRECT] [Fatal Error] :1:1: Premature end of file.
2025-08-15 22:14:17,977 [ERROR] LogOutputStream:75 - [STDERR_REDIRECT] 
2025-08-15 22:14:18,978 [ERROR] LogOutputStream:75 - [STDERR_REDIRECT] [Fatal Error] :1:1: Premature end of file.
2025-08-15 22:14:18,978 [ERROR] LogOutputStream:75 - [STDERR_REDIRECT] 
2025-08-15 22:14:19,978 [ERROR] LogOutputStream:75 - [STDERR_REDIRECT] [Fatal Error] :1:1: Premature end of file.
2025-08-15 22:14:19,978 [ERROR] LogOutputStream:75 - [STDERR_REDIRECT] 
2025-08-15 22:14:20,977 [ERROR] LogOutputStream:75 - [STDERR_REDIRECT] [Fatal Error] :1:1: Premature end of file.
2025-08-15 22:14:20,977 [ERROR] LogOutputStream:75 - [STDERR_REDIRECT] 
2025-08-15 22:14:21,975 [ERROR] LogOutputStream:75 - [STDERR_REDIRECT] [Fatal Error] :1:1: Premature end of file.
2025-08-15 22:14:21,976 [ERROR] LogOutputStream:75 - [STDERR_REDIRECT] 
2025-08-15 22:14:22,977 [ERROR] LogOutputStream:75 - [STDERR_REDIRECT] [Fatal Error] :1:1: Premature end of file.
2025-08-15 22:14:22,977 [ERROR] LogOutputStream:75 - [STDERR_REDIRECT] 
2025-08-15 22:14:23,978 [ERROR] LogOutputStream:75 - [STDERR_REDIRECT] [Fatal Error] :1:1: Premature end of file.
2025-08-15 22:14:23,978 [ERROR] LogOutputStream:75 - [STDERR_REDIRECT] 
2025-08-15 22:14:24,978 [ERROR] LogOutputStream:75 - [STDERR_REDIRECT] [Fatal Error] :1:1: Premature end of file.
2025-08-15 22:14:24,978 [ERROR] LogOutputStream:75 - [STDERR_REDIRECT] 
2025-08-15 22:14:25,978 [ERROR] LogOutputStream:75 - [STDERR_REDIRECT] [Fatal Error] :1:1: Premature end of file.
2025-08-15 22:14:25,978 [ERROR] LogOutputStream:75 - [STDERR_REDIRECT] 
2025-08-15 22:14:26,977 [ERROR] LogOutputStream:75 - [STDERR_REDIRECT] [Fatal Error] :1:1: Premature end of file.
2025-08-15 22:14:26,977 [ERROR] LogOutputStream:75 - [STDERR_REDIRECT] 
2025-08-15 22:14:27,977 [ERROR] LogOutputStream:75 - [STDERR_REDIRECT] [Fatal Error] :1:1: Premature end of file.
2025-08-15 22:14:27,977 [ERROR] LogOutputStream:75 - [STDERR_REDIRECT] 
2025-08-15 22:14:28,976 [ERROR] LogOutputStream:75 - [STDERR_REDIRECT] [Fatal Error] :1:1: Premature end of file.
2025-08-15 22:14:28,977 [ERROR] LogOutputStream:75 - [STDERR_REDIRECT] 
2025-08-15 22:14:29,978 [ERROR] LogOutputStream:75 - [STDERR_REDIRECT] [Fatal Error] :1:1: Premature end of file.
2025-08-15 22:14:29,978 [ERROR] LogOutputStream:75 - [STDERR_REDIRECT] 
2025-08-15 22:14:30,976 [ERROR] LogOutputStream:75 - [STDERR_REDIRECT] [Fatal Error] :1:1: Premature end of file.
2025-08-15 22:14:30,977 [ERROR] LogOutputStream:75 - [STDERR_REDIRECT] 
2025-08-15 22:14:31,978 [ERROR] LogOutputStream:75 - [STDERR_REDIRECT] [Fatal Error] :1:1: Premature end of file.
2025-08-15 22:14:31,978 [ERROR] LogOutputStream:75 - [STDERR_REDIRECT] 
2025-08-15 22:14:32,976 [ERROR] LogOutputStream:75 - [STDERR_REDIRECT] [Fatal Error] :1:1: Premature end of file.
2025-08-15 22:14:32,976 [ERROR] LogOutputStream:75 - [STDERR_REDIRECT] 
2025-08-15 22:14:33,977 [ERROR] LogOutputStream:75 - [STDERR_REDIRECT] [Fatal Error] :1:1: Premature end of file.
2025-08-15 22:14:33,977 [ERROR] LogOutputStream:75 - [STDERR_REDIRECT] 
2025-08-15 22:14:34,976 [ERROR] LogOutputStream:75 - [STDERR_REDIRECT] [Fatal Error] :1:1: Premature end of file.
2025-08-15 22:14:34,976 [ERROR] LogOutputStream:75 - [STDERR_REDIRECT] 
2025-08-15 22:14:35,977 [ERROR] LogOutputStream:75 - [STDERR_REDIRECT] [Fatal Error] :1:1: Premature end of file.
2025-08-15 22:14:35,977 [ERROR] LogOutputStream:75 - [STDERR_REDIRECT] 
2025-08-15 22:14:36,977 [ERROR] LogOutputStream:75 - [STDERR_REDIRECT] [Fatal Error] :1:1: Premature end of file.
2025-08-15 22:14:36,977 [ERROR] LogOutputStream:75 - [STDERR_REDIRECT] 
2025-08-15 22:14:37,978 [ERROR] LogOutputStream:75 - [STDERR_REDIRECT] [Fatal Error] :1:1: Premature end of file.
2025-08-15 22:14:37,978 [ERROR] LogOutputStream:75 - [STDERR_REDIRECT] 
2025-08-15 22:14:38,979 [ERROR] LogOutputStream:75 - [STDERR_REDIRECT] [Fatal Error] :1:1: Premature end of file.
2025-08-15 22:14:38,979 [ERROR] LogOutputStream:75 - [STDERR_REDIRECT] 
2025-08-15 22:14:39,977 [ERROR] LogOutputStream:75 - [STDERR_REDIRECT] [Fatal Error] :1:1: Premature end of file.
2025-08-15 22:14:39,977 [ERROR] LogOutputStream:75 - [STDERR_REDIRECT] 
2025-08-15 22:14:40,978 [ERROR] LogOutputStream:75 - [STDERR_REDIRECT] [Fatal Error] :1:1: Premature end of file.
2025-08-15 22:14:40,978 [ERROR] LogOutputStream:75 - [STDERR_REDIRECT] 
2025-08-15 22:14:41,977 [ERROR] LogOutputStream:75 - [STDERR_REDIRECT] [Fatal Error] :1:1: Premature end of file.
2025-08-15 22:14:41,978 [ERROR] LogOutputStream:75 - [STDERR_REDIRECT] 
2025-08-15 22:14:42,977 [ERROR] LogOutputStream:75 - [STDERR_REDIRECT] [Fatal Error] :1:1: Premature end of file.
2025-08-15 22:14:42,977 [ERROR] LogOutputStream:75 - [STDERR_REDIRECT] 
2025-08-15 22:14:43,979 [ERROR] LogOutputStream:75 - [STDERR_REDIRECT] [Fatal Error] :1:1: Premature end of file.
2025-08-15 22:14:43,979 [ERROR] LogOutputStream:75 - [STDERR_REDIRECT] 
2025-08-15 22:14:44,977 [ERROR] LogOutputStream:75 - [STDERR_REDIRECT] [Fatal Error] :1:1: Premature end of file.
2025-08-15 22:14:44,977 [ERROR] LogOutputStream:75 - [STDERR_REDIRECT] 
2025-08-15 22:14:45,977 [ERROR] LogOutputStream:75 - [STDERR_REDIRECT] [Fatal Error] :1:1: Premature end of file.
2025-08-15 22:14:45,977 [ERROR] LogOutputStream:75 - [STDERR_REDIRECT] 
2025-08-15 22:14:46,976 [ERROR] LogOutputStream:75 - [STDERR_REDIRECT] [Fatal Error] :1:1: Premature end of file.
2025-08-15 22:14:46,976 [ERROR] LogOutputStream:75 - [STDERR_REDIRECT] 
2025-08-15 22:14:47,977 [ERROR] LogOutputStream:75 - [STDERR_REDIRECT] [Fatal Error] :1:1: Premature end of file.
2025-08-15 22:14:47,977 [ERROR] LogOutputStream:75 - [STDERR_REDIRECT] 
2025-08-15 22:14:48,977 [ERROR] LogOutputStream:75 - [STDERR_REDIRECT] [Fatal Error] :1:1: Premature end of file.
2025-08-15 22:14:48,977 [ERROR] LogOutputStream:75 - [STDERR_REDIRECT] 
2025-08-15 22:14:49,977 [ERROR] LogOutputStream:75 - [STDERR_REDIRECT] [Fatal Error] :1:1: Premature end of file.
2025-08-15 22:14:49,977 [ERROR] LogOutputStream:75 - [STDERR_REDIRECT] 
2025-08-15 22:14:50,977 [ERROR] LogOutputStream:75 - [STDERR_REDIRECT] [Fatal Error] :1:1: Premature end of file.
2025-08-15 22:14:50,978 [ERROR] LogOutputStream:75 - [STDERR_REDIRECT] 
2025-08-15 22:14:51,978 [ERROR] LogOutputStream:75 - [STDERR_REDIRECT] [Fatal Error] :1:1: Premature end of file.
2025-08-15 22:14:51,978 [ERROR] LogOutputStream:75 - [STDERR_REDIRECT] 
2025-08-15 22:14:52,979 [ERROR] LogOutputStream:75 - [STDERR_REDIRECT] [Fatal Error] :1:1: Premature end of file.
2025-08-15 22:14:52,979 [ERROR] LogOutputStream:75 - [STDERR_REDIRECT] 
2025-08-15 22:14:53,977 [ERROR] LogOutputStream:75 - [STDERR_REDIRECT] [Fatal Error] :1:1: Premature end of file.
2025-08-15 22:14:53,977 [ERROR] LogOutputStream:75 - [STDERR_REDIRECT] 
2025-08-15 22:14:54,978 [ERROR] LogOutputStream:75 - [STDERR_REDIRECT] [Fatal Error] :1:1: Premature end of file.
2025-08-15 22:14:54,978 [ERROR] LogOutputStream:75 - [STDERR_REDIRECT] 
2025-08-15 22:14:55,978 [ERROR] LogOutputStream:75 - [STDERR_REDIRECT] [Fatal Error] :1:1: Premature end of file.
2025-08-15 22:14:55,978 [ERROR] LogOutputStream:75 - [STDERR_REDIRECT] 
2025-08-15 22:14:56,977 [ERROR] LogOutputStream:75 - [STDERR_REDIRECT] [Fatal Error] :1:1: Premature end of file.
2025-08-15 22:14:56,977 [ERROR] LogOutputStream:75 - [STDERR_REDIRECT] 
2025-08-15 22:14:57,978 [ERROR] LogOutputStream:75 - [STDERR_REDIRECT] [Fatal Error] :1:1: Premature end of file.
2025-08-15 22:14:57,978 [ERROR] LogOutputStream:75 - [STDERR_REDIRECT] 
2025-08-15 22:14:58,977 [ERROR] LogOutputStream:75 - [STDERR_REDIRECT] [Fatal Error] :1:1: Premature end of file.
2025-08-15 22:14:58,977 [ERROR] LogOutputStream:75 - [STDERR_REDIRECT] 
2025-08-15 22:14:59,976 [ERROR] LogOutputStream:75 - [STDERR_REDIRECT] [Fatal Error] :1:1: Premature end of file.
2025-08-15 22:14:59,976 [ERROR] LogOutputStream:75 - [STDERR_REDIRECT] 
2025-08-15 22:15:00,978 [ERROR] LogOutputStream:75 - [STDERR_REDIRECT] [Fatal Error] :1:1: Premature end of file.
2025-08-15 22:15:00,978 [ERROR] LogOutputStream:75 - [STDERR_REDIRECT] 
2025-08-15 22:15:01,976 [ERROR] LogOutputStream:75 - [STDERR_REDIRECT] [Fatal Error] :1:1: Premature end of file.
2025-08-15 22:15:01,977 [ERROR] LogOutputStream:75 - [STDERR_REDIRECT] 
2025-08-15 22:15:02,983 [ERROR] LogOutputStream:75 - [STDERR_REDIRECT] [Fatal Error] :1:1: Premature end of file.
2025-08-15 22:15:02,984 [ERROR] LogOutputStream:75 - [STDERR_REDIRECT] 
2025-08-15 22:15:03,977 [ERROR] LogOutputStream:75 - [STDERR_REDIRECT] [Fatal Error] :1:1: Premature end of file.
2025-08-15 22:15:03,977 [ERROR] LogOutputStream:75 - [STDERR_REDIRECT] 
2025-08-15 22:15:04,978 [ERROR] LogOutputStream:75 - [STDERR_REDIRECT] [Fatal Error] :1:1: Premature end of file.
2025-08-15 22:15:04,978 [ERROR] LogOutputStream:75 - [STDERR_REDIRECT] 
2025-08-15 22:15:05,977 [ERROR] LogOutputStream:75 - [STDERR_REDIRECT] [Fatal Error] :1:1: Premature end of file.
2025-08-15 22:15:05,977 [ERROR] LogOutputStream:75 - [STDERR_REDIRECT] 
2025-08-15 22:15:06,977 [ERROR] LogOutputStream:75 - [STDERR_REDIRECT] [Fatal Error] :1:1: Premature end of file.
2025-08-15 22:15:06,977 [ERROR] LogOutputStream:75 - [STDERR_REDIRECT] 
2025-08-15 22:15:07,978 [ERROR] LogOutputStream:75 - [STDERR_REDIRECT] [Fatal Error] :1:1: Premature end of file.
2025-08-15 22:15:07,978 [ERROR] LogOutputStream:75 - [STDERR_REDIRECT] 
2025-08-15 22:15:08,977 [ERROR] LogOutputStream:75 - [STDERR_REDIRECT] [Fatal Error] :1:1: Premature end of file.
2025-08-15 22:15:08,977 [ERROR] LogOutputStream:75 - [STDERR_REDIRECT] 
2025-08-15 22:15:09,976 [ERROR] LogOutputStream:75 - [STDERR_REDIRECT] [Fatal Error] :1:1: Premature end of file.
2025-08-15 22:15:09,977 [ERROR] LogOutputStream:75 - [STDERR_REDIRECT] 
2025-08-15 22:15:10,977 [ERROR] LogOutputStream:75 - [STDERR_REDIRECT] [Fatal Error] :1:1: Premature end of file.
2025-08-15 22:15:10,977 [ERROR] LogOutputStream:75 - [STDERR_REDIRECT] 
2025-08-15 22:15:11,977 [ERROR] LogOutputStream:75 - [STDERR_REDIRECT] [Fatal Error] :1:1: Premature end of file.
2025-08-15 22:15:11,977 [ERROR] LogOutputStream:75 - [STDERR_REDIRECT] 
2025-08-15 22:15:12,979 [ERROR] LogOutputStream:75 - [STDERR_REDIRECT] [Fatal Error] :1:1: Premature end of file.
2025-08-15 22:15:12,979 [ERROR] LogOutputStream:75 - [STDERR_REDIRECT] 
2025-08-15 22:15:13,976 [ERROR] LogOutputStream:75 - [STDERR_REDIRECT] [Fatal Error] :1:1: Premature end of file.
2025-08-15 22:15:13,976 [ERROR] LogOutputStream:75 - [STDERR_REDIRECT] 
2025-08-15 22:15:14,976 [ERROR] LogOutputStream:75 - [STDERR_REDIRECT] [Fatal Error] :1:1: Premature end of file.
2025-08-15 22:15:14,976 [ERROR] LogOutputStream:75 - [STDERR_REDIRECT] 
2025-08-15 22:15:15,977 [ERROR] LogOutputStream:75 - [STDERR_REDIRECT] [Fatal Error] :1:1: Premature end of file.
2025-08-15 22:15:15,977 [ERROR] LogOutputStream:75 - [STDERR_REDIRECT] 
2025-08-15 22:15:16,977 [ERROR] LogOutputStream:75 - [STDERR_REDIRECT] [Fatal Error] :1:1: Premature end of file.
2025-08-15 22:15:16,977 [ERROR] LogOutputStream:75 - [STDERR_REDIRECT] 
2025-08-15 22:15:17,977 [ERROR] LogOutputStream:75 - [STDERR_REDIRECT] [Fatal Error] :1:1: Premature end of file.
2025-08-15 22:15:17,977 [ERROR] LogOutputStream:75 - [STDERR_REDIRECT] 
2025-08-15 22:15:18,976 [ERROR] LogOutputStream:75 - [STDERR_REDIRECT] [Fatal Error] :1:1: Premature end of file.
2025-08-15 22:15:18,976 [ERROR] LogOutputStream:75 - [STDERR_REDIRECT] 
2025-08-15 22:15:19,977 [ERROR] LogOutputStream:75 - [STDERR_REDIRECT] [Fatal Error] :1:1: Premature end of file.
2025-08-15 22:15:19,977 [ERROR] LogOutputStream:75 - [STDERR_REDIRECT] 
2025-08-15 22:15:20,976 [ERROR] LogOutputStream:75 - [STDERR_REDIRECT] [Fatal Error] :1:1: Premature end of file.
2025-08-15 22:15:20,976 [ERROR] LogOutputStream:75 - [STDERR_REDIRECT] 
2025-08-15 22:15:21,984 [ERROR] LogOutputStream:75 - [STDERR_REDIRECT] [Fatal Error] :1:1: Premature end of file.
2025-08-15 22:15:21,984 [ERROR] LogOutputStream:75 - [STDERR_REDIRECT] 
2025-08-15 22:15:22,977 [ERROR] LogOutputStream:75 - [STDERR_REDIRECT] [Fatal Error] :1:1: Premature end of file.
2025-08-15 22:15:22,977 [ERROR] LogOutputStream:75 - [STDERR_REDIRECT] 
2025-08-15 22:15:23,976 [ERROR] LogOutputStream:75 - [STDERR_REDIRECT] [Fatal Error] :1:1: Premature end of file.
2025-08-15 22:15:23,976 [ERROR] LogOutputStream:75 - [STDERR_REDIRECT] 
2025-08-15 22:15:24,976 [ERROR] LogOutputStream:75 - [STDERR_REDIRECT] [Fatal Error] :1:1: Premature end of file.
2025-08-15 22:15:24,976 [ERROR] LogOutputStream:75 - [STDERR_REDIRECT] 
2025-08-15 22:15:25,976 [ERROR] LogOutputStream:75 - [STDERR_REDIRECT] [Fatal Error] :1:1: Premature end of file.
2025-08-15 22:15:25,976 [ERROR] LogOutputStream:75 - [STDERR_REDIRECT] 
2025-08-15 22:15:26,976 [ERROR] LogOutputStream:75 - [STDERR_REDIRECT] [Fatal Error] :1:1: Premature end of file.
2025-08-15 22:15:26,976 [ERROR] LogOutputStream:75 - [STDERR_REDIRECT] 
2025-08-15 22:15:27,978 [ERROR] LogOutputStream:75 - [STDERR_REDIRECT] [Fatal Error] :1:1: Premature end of file.
2025-08-15 22:15:27,979 [ERROR] LogOutputStream:75 - [STDERR_REDIRECT] 
2025-08-15 22:15:28,977 [ERROR] LogOutputStream:75 - [STDERR_REDIRECT] [Fatal Error] :1:1: Premature end of file.
2025-08-15 22:15:28,977 [ERROR] LogOutputStream:75 - [STDERR_REDIRECT] 
2025-08-15 22:15:29,976 [ERROR] LogOutputStream:75 - [STDERR_REDIRECT] [Fatal Error] :1:1: Premature end of file.
2025-08-15 22:15:29,976 [ERROR] LogOutputStream:75 - [STDERR_REDIRECT] 
2025-08-15 22:15:30,977 [ERROR] LogOutputStream:75 - [STDERR_REDIRECT] [Fatal Error] :1:1: Premature end of file.
2025-08-15 22:15:30,977 [ERROR] LogOutputStream:75 - [STDERR_REDIRECT] 
2025-08-15 22:15:31,975 [ERROR] LogOutputStream:75 - [STDERR_REDIRECT] [Fatal Error] :1:1: Premature end of file.
2025-08-15 22:15:31,976 [ERROR] LogOutputStream:75 - [STDERR_REDIRECT] 
2025-08-15 22:15:32,978 [ERROR] LogOutputStream:75 - [STDERR_REDIRECT] [Fatal Error] :1:1: Premature end of file.
2025-08-15 22:15:32,978 [ERROR] LogOutputStream:75 - [STDERR_REDIRECT] 
2025-08-15 22:15:33,977 [ERROR] LogOutputStream:75 - [STDERR_REDIRECT] [Fatal Error] :1:1: Premature end of file.
2025-08-15 22:15:33,977 [ERROR] LogOutputStream:75 - [STDERR_REDIRECT] 
2025-08-15 22:15:34,977 [ERROR] LogOutputStream:75 - [STDERR_REDIRECT] [Fatal Error] :1:1: Premature end of file.
2025-08-15 22:15:34,977 [ERROR] LogOutputStream:75 - [STDERR_REDIRECT] 
2025-08-15 22:15:35,976 [ERROR] LogOutputStream:75 - [STDERR_REDIRECT] [Fatal Error] :1:1: Premature end of file.
2025-08-15 22:15:35,976 [ERROR] LogOutputStream:75 - [STDERR_REDIRECT] 
2025-08-15 22:15:36,978 [ERROR] LogOutputStream:75 - [STDERR_REDIRECT] [Fatal Error] :1:1: Premature end of file.
2025-08-15 22:15:36,978 [ERROR] LogOutputStream:75 - [STDERR_REDIRECT] 
2025-08-15 22:15:37,977 [ERROR] LogOutputStream:75 - [STDERR_REDIRECT] [Fatal Error] :1:1: Premature end of file.
2025-08-15 22:15:37,977 [ERROR] LogOutputStream:75 - [STDERR_REDIRECT] 
2025-08-15 22:15:38,976 [ERROR] LogOutputStream:75 - [STDERR_REDIRECT] [Fatal Error] :1:1: Premature end of file.
2025-08-15 22:15:38,976 [ERROR] LogOutputStream:75 - [STDERR_REDIRECT] 
2025-08-15 22:15:39,978 [ERROR] LogOutputStream:75 - [STDERR_REDIRECT] [Fatal Error] :1:1: Premature end of file.
2025-08-15 22:15:39,978 [ERROR] LogOutputStream:75 - [STDERR_REDIRECT] 
2025-08-15 22:15:40,976 [ERROR] LogOutputStream:75 - [STDERR_REDIRECT] [Fatal Error] :1:1: Premature end of file.
2025-08-15 22:15:40,977 [ERROR] LogOutputStream:75 - [STDERR_REDIRECT] 
2025-08-15 22:15:41,977 [ERROR] LogOutputStream:75 - [STDERR_REDIRECT] [Fatal Error] :1:1: Premature end of file.
2025-08-15 22:15:41,977 [ERROR] LogOutputStream:75 - [STDERR_REDIRECT] 
2025-08-15 22:15:42,976 [ERROR] LogOutputStream:75 - [STDERR_REDIRECT] [Fatal Error] :1:1: Premature end of file.
2025-08-15 22:15:42,976 [ERROR] LogOutputStream:75 - [STDERR_REDIRECT] 
2025-08-15 22:15:43,978 [ERROR] LogOutputStream:75 - [STDERR_REDIRECT] [Fatal Error] :1:1: Premature end of file.
2025-08-15 22:15:43,978 [ERROR] LogOutputStream:75 - [STDERR_REDIRECT] 
2025-08-15 22:15:44,977 [ERROR] LogOutputStream:75 - [STDERR_REDIRECT] [Fatal Error] :1:1: Premature end of file.
2025-08-15 22:15:44,978 [ERROR] LogOutputStream:75 - [STDERR_REDIRECT] 
2025-08-15 22:15:45,977 [ERROR] LogOutputStream:75 - [STDERR_REDIRECT] [Fatal Error] :1:1: Premature end of file.
2025-08-15 22:15:45,977 [ERROR] LogOutputStream:75 - [STDERR_REDIRECT] 
2025-08-15 22:15:46,978 [ERROR] LogOutputStream:75 - [STDERR_REDIRECT] [Fatal Error] :1:1: Premature end of file.
2025-08-15 22:15:46,978 [ERROR] LogOutputStream:75 - [STDERR_REDIRECT] 
2025-08-15 22:15:47,977 [ERROR] LogOutputStream:75 - [STDERR_REDIRECT] [Fatal Error] :1:1: Premature end of file.
2025-08-15 22:15:47,978 [ERROR] LogOutputStream:75 - [STDERR_REDIRECT] 
2025-08-15 22:15:48,978 [ERROR] LogOutputStream:75 - [STDERR_REDIRECT] [Fatal Error] :1:1: Premature end of file.
2025-08-15 22:15:48,978 [ERROR] LogOutputStream:75 - [STDERR_REDIRECT] 
2025-08-15 22:15:49,977 [ERROR] LogOutputStream:75 - [STDERR_REDIRECT] [Fatal Error] :1:1: Premature end of file.
2025-08-15 22:15:49,977 [ERROR] LogOutputStream:75 - [STDERR_REDIRECT] 
2025-08-15 22:15:50,977 [ERROR] LogOutputStream:75 - [STDERR_REDIRECT] [Fatal Error] :1:1: Premature end of file.
2025-08-15 22:15:50,977 [ERROR] LogOutputStream:75 - [STDERR_REDIRECT] 
2025-08-15 22:15:51,976 [ERROR] LogOutputStream:75 - [STDERR_REDIRECT] [Fatal Error] :1:1: Premature end of file.
2025-08-15 22:15:51,976 [ERROR] LogOutputStream:75 - [STDERR_REDIRECT] 
2025-08-15 22:15:52,978 [ERROR] LogOutputStream:75 - [STDERR_REDIRECT] [Fatal Error] :1:1: Premature end of file.
2025-08-15 22:15:52,978 [ERROR] LogOutputStream:75 - [STDERR_REDIRECT] 
2025-08-15 22:15:53,975 [ERROR] LogOutputStream:75 - [STDERR_REDIRECT] [Fatal Error] :1:1: Premature end of file.
2025-08-15 22:15:53,975 [ERROR] LogOutputStream:75 - [STDERR_REDIRECT] 
2025-08-15 22:15:54,979 [ERROR] LogOutputStream:75 - [STDERR_REDIRECT] [Fatal Error] :1:1: Premature end of file.
2025-08-15 22:15:54,979 [ERROR] LogOutputStream:75 - [STDERR_REDIRECT] 
2025-08-15 22:15:55,976 [ERROR] LogOutputStream:75 - [STDERR_REDIRECT] [Fatal Error] :1:1: Premature end of file.
2025-08-15 22:15:55,976 [ERROR] LogOutputStream:75 - [STDERR_REDIRECT] 
2025-08-15 22:15:56,977 [ERROR] LogOutputStream:75 - [STDERR_REDIRECT] [Fatal Error] :1:1: Premature end of file.
2025-08-15 22:15:56,978 [ERROR] LogOutputStream:75 - [STDERR_REDIRECT] 
2025-08-15 22:15:57,977 [ERROR] LogOutputStream:75 - [STDERR_REDIRECT] [Fatal Error] :1:1: Premature end of file.
2025-08-15 22:15:57,977 [ERROR] LogOutputStream:75 - [STDERR_REDIRECT] 
2025-08-15 22:15:58,978 [ERROR] LogOutputStream:75 - [STDERR_REDIRECT] [Fatal Error] :1:1: Premature end of file.
2025-08-15 22:15:58,978 [ERROR] LogOutputStream:75 - [STDERR_REDIRECT] 
2025-08-15 22:15:59,976 [ERROR] LogOutputStream:75 - [STDERR_REDIRECT] [Fatal Error] :1:1: Premature end of file.
2025-08-15 22:15:59,976 [ERROR] LogOutputStream:75 - [STDERR_REDIRECT] 
2025-08-15 22:16:00,978 [ERROR] LogOutputStream:75 - [STDERR_REDIRECT] [Fatal Error] :1:1: Premature end of file.
2025-08-15 22:16:00,978 [ERROR] LogOutputStream:75 - [STDERR_REDIRECT] 
2025-08-15 22:16:01,979 [ERROR] LogOutputStream:75 - [STDERR_REDIRECT] [Fatal Error] :1:1: Premature end of file.
2025-08-15 22:16:01,979 [ERROR] LogOutputStream:75 - [STDERR_REDIRECT] 
2025-08-15 22:16:02,982 [ERROR] LogOutputStream:75 - [STDERR_REDIRECT] [Fatal Error] :1:1: Premature end of file.
2025-08-15 22:16:02,982 [ERROR] LogOutputStream:75 - [STDERR_REDIRECT] 
2025-08-15 22:16:03,979 [ERROR] LogOutputStream:75 - [STDERR_REDIRECT] [Fatal Error] :1:1: Premature end of file.
2025-08-15 22:16:03,979 [ERROR] LogOutputStream:75 - [STDERR_REDIRECT] 
2025-08-15 22:16:04,976 [ERROR] LogOutputStream:75 - [STDERR_REDIRECT] [Fatal Error] :1:1: Premature end of file.
2025-08-15 22:16:04,976 [ERROR] LogOutputStream:75 - [STDERR_REDIRECT] 
2025-08-15 22:16:05,977 [ERROR] LogOutputStream:75 - [STDERR_REDIRECT] [Fatal Error] :1:1: Premature end of file.
2025-08-15 22:16:05,977 [ERROR] LogOutputStream:75 - [STDERR_REDIRECT] 
2025-08-15 22:16:06,978 [ERROR] LogOutputStream:75 - [STDERR_REDIRECT] [Fatal Error] :1:1: Premature end of file.
2025-08-15 22:16:06,978 [ERROR] LogOutputStream:75 - [STDERR_REDIRECT] 
2025-08-15 22:16:07,976 [ERROR] LogOutputStream:75 - [STDERR_REDIRECT] [Fatal Error] :1:1: Premature end of file.
2025-08-15 22:16:07,976 [ERROR] LogOutputStream:75 - [STDERR_REDIRECT] 
2025-08-15 22:16:08,975 [ERROR] LogOutputStream:75 - [STDERR_REDIRECT] [Fatal Error] :1:1: Premature end of file.
2025-08-15 22:16:08,976 [ERROR] LogOutputStream:75 - [STDERR_REDIRECT] 
2025-08-15 22:16:09,977 [ERROR] LogOutputStream:75 - [STDERR_REDIRECT] [Fatal Error] :1:1: Premature end of file.
2025-08-15 22:16:09,977 [ERROR] LogOutputStream:75 - [STDERR_REDIRECT] 
2025-08-15 22:16:10,977 [ERROR] LogOutputStream:75 - [STDERR_REDIRECT] [Fatal Error] :1:1: Premature end of file.
2025-08-15 22:16:10,977 [ERROR] LogOutputStream:75 - [STDERR_REDIRECT] 
2025-08-15 22:16:11,977 [ERROR] LogOutputStream:75 - [STDERR_REDIRECT] [Fatal Error] :1:1: Premature end of file.
2025-08-15 22:16:11,977 [ERROR] LogOutputStream:75 - [STDERR_REDIRECT] 
2025-08-15 22:16:12,978 [ERROR] LogOutputStream:75 - [STDERR_REDIRECT] [Fatal Error] :1:1: Premature end of file.
2025-08-15 22:16:12,978 [ERROR] LogOutputStream:75 - [STDERR_REDIRECT] 
2025-08-15 22:16:13,978 [ERROR] LogOutputStream:75 - [STDERR_REDIRECT] [Fatal Error] :1:1: Premature end of file.
2025-08-15 22:16:13,978 [ERROR] LogOutputStream:75 - [STDERR_REDIRECT] 
2025-08-15 22:16:14,976 [ERROR] LogOutputStream:75 - [STDERR_REDIRECT] [Fatal Error] :1:1: Premature end of file.
2025-08-15 22:16:14,976 [ERROR] LogOutputStream:75 - [STDERR_REDIRECT] 
2025-08-15 22:16:15,977 [ERROR] LogOutputStream:75 - [STDERR_REDIRECT] [Fatal Error] :1:1: Premature end of file.
2025-08-15 22:16:15,977 [ERROR] LogOutputStream:75 - [STDERR_REDIRECT] 
2025-08-15 22:16:16,978 [ERROR] LogOutputStream:75 - [STDERR_REDIRECT] [Fatal Error] :1:1: Premature end of file.
2025-08-15 22:16:16,978 [ERROR] LogOutputStream:75 - [STDERR_REDIRECT] 
2025-08-15 22:16:17,975 [ERROR] LogOutputStream:75 - [STDERR_REDIRECT] [Fatal Error] :1:1: Premature end of file.
2025-08-15 22:16:17,975 [ERROR] LogOutputStream:75 - [STDERR_REDIRECT] 
2025-08-15 22:16:18,976 [ERROR] LogOutputStream:75 - [STDERR_REDIRECT] [Fatal Error] :1:1: Premature end of file.
2025-08-15 22:16:18,977 [ERROR] LogOutputStream:75 - [STDERR_REDIRECT] 
2025-08-15 22:16:19,977 [ERROR] LogOutputStream:75 - [STDERR_REDIRECT] [Fatal Error] :1:1: Premature end of file.
2025-08-15 22:16:19,977 [ERROR] LogOutputStream:75 - [STDERR_REDIRECT] 
2025-08-15 22:16:20,975 [ERROR] LogOutputStream:75 - [STDERR_REDIRECT] [Fatal Error] :1:1: Premature end of file.
2025-08-15 22:16:20,975 [ERROR] LogOutputStream:75 - [STDERR_REDIRECT] 
2025-08-15 22:16:21,977 [ERROR] LogOutputStream:75 - [STDERR_REDIRECT] [Fatal Error] :1:1: Premature end of file.
2025-08-15 22:16:21,977 [ERROR] LogOutputStream:75 - [STDERR_REDIRECT] 
2025-08-15 22:16:22,978 [ERROR] LogOutputStream:75 - [STDERR_REDIRECT] [Fatal Error] :1:1: Premature end of file.
2025-08-15 22:16:22,979 [ERROR] LogOutputStream:75 - [STDERR_REDIRECT] 
2025-08-15 22:16:23,976 [ERROR] LogOutputStream:75 - [STDERR_REDIRECT] [Fatal Error] :1:1: Premature end of file.
2025-08-15 22:16:23,976 [ERROR] LogOutputStream:75 - [STDERR_REDIRECT] 
2025-08-15 22:16:24,976 [ERROR] LogOutputStream:75 - [STDERR_REDIRECT] [Fatal Error] :1:1: Premature end of file.
2025-08-15 22:16:24,976 [ERROR] LogOutputStream:75 - [STDERR_REDIRECT] 
2025-08-15 22:16:25,977 [ERROR] LogOutputStream:75 - [STDERR_REDIRECT] [Fatal Error] :1:1: Premature end of file.
2025-08-15 22:16:25,977 [ERROR] LogOutputStream:75 - [STDERR_REDIRECT] 
2025-08-15 22:16:26,977 [ERROR] LogOutputStream:75 - [STDERR_REDIRECT] [Fatal Error] :1:1: Premature end of file.
2025-08-15 22:16:26,978 [ERROR] LogOutputStream:75 - [STDERR_REDIRECT] 
2025-08-15 22:16:27,978 [ERROR] LogOutputStream:75 - [STDERR_REDIRECT] [Fatal Error] :1:1: Premature end of file.
2025-08-15 22:16:27,978 [ERROR] LogOutputStream:75 - [STDERR_REDIRECT] 
2025-08-15 22:16:28,978 [ERROR] LogOutputStream:75 - [STDERR_REDIRECT] [Fatal Error] :1:1: Premature end of file.
2025-08-15 22:16:28,978 [ERROR] LogOutputStream:75 - [STDERR_REDIRECT] 
2025-08-15 22:16:29,976 [ERROR] LogOutputStream:75 - [STDERR_REDIRECT] [Fatal Error] :1:1: Premature end of file.
2025-08-15 22:16:29,976 [ERROR] LogOutputStream:75 - [STDERR_REDIRECT] 
2025-08-15 22:16:30,978 [ERROR] LogOutputStream:75 - [STDERR_REDIRECT] [Fatal Error] :1:1: Premature end of file.
2025-08-15 22:16:30,978 [ERROR] LogOutputStream:75 - [STDERR_REDIRECT] 
2025-08-15 22:16:31,977 [ERROR] LogOutputStream:75 - [STDERR_REDIRECT] [Fatal Error] :1:1: Premature end of file.
2025-08-15 22:16:31,977 [ERROR] LogOutputStream:75 - [STDERR_REDIRECT] 
2025-08-15 22:16:32,976 [ERROR] LogOutputStream:75 - [STDERR_REDIRECT] [Fatal Error] :1:1: Premature end of file.
2025-08-15 22:16:32,976 [ERROR] LogOutputStream:75 - [STDERR_REDIRECT] 
2025-08-15 22:16:33,978 [ERROR] LogOutputStream:75 - [STDERR_REDIRECT] [Fatal Error] :1:1: Premature end of file.
2025-08-15 22:16:33,978 [ERROR] LogOutputStream:75 - [STDERR_REDIRECT] 
2025-08-15 22:16:34,976 [ERROR] LogOutputStream:75 - [STDERR_REDIRECT] [Fatal Error] :1:1: Premature end of file.
2025-08-15 22:16:34,976 [ERROR] LogOutputStream:75 - [STDERR_REDIRECT] 
2025-08-15 22:16:35,977 [ERROR] LogOutputStream:75 - [STDERR_REDIRECT] [Fatal Error] :1:1: Premature end of file.
2025-08-15 22:16:35,977 [ERROR] LogOutputStream:75 - [STDERR_REDIRECT] 
2025-08-15 22:16:36,977 [ERROR] LogOutputStream:75 - [STDERR_REDIRECT] [Fatal Error] :1:1: Premature end of file.
2025-08-15 22:16:36,977 [ERROR] LogOutputStream:75 - [STDERR_REDIRECT] 
2025-08-15 22:16:37,977 [ERROR] LogOutputStream:75 - [STDERR_REDIRECT] [Fatal Error] :1:1: Premature end of file.
2025-08-15 22:16:37,978 [ERROR] LogOutputStream:75 - [STDERR_REDIRECT] 
2025-08-15 22:16:38,977 [ERROR] LogOutputStream:75 - [STDERR_REDIRECT] [Fatal Error] :1:1: Premature end of file.
2025-08-15 22:16:38,977 [ERROR] LogOutputStream:75 - [STDERR_REDIRECT] 
2025-08-15 22:16:39,978 [ERROR] LogOutputStream:75 - [STDERR_REDIRECT] [Fatal Error] :1:1: Premature end of file.
2025-08-15 22:16:39,978 [ERROR] LogOutputStream:75 - [STDERR_REDIRECT] 
2025-08-15 22:16:40,976 [ERROR] LogOutputStream:75 - [STDERR_REDIRECT] [Fatal Error] :1:1: Premature end of file.
2025-08-15 22:16:40,976 [ERROR] LogOutputStream:75 - [STDERR_REDIRECT] 
2025-08-15 22:16:41,976 [ERROR] LogOutputStream:75 - [STDERR_REDIRECT] [Fatal Error] :1:1: Premature end of file.
2025-08-15 22:16:41,976 [ERROR] LogOutputStream:75 - [STDERR_REDIRECT] 
2025-08-15 22:16:42,977 [ERROR] LogOutputStream:75 - [STDERR_REDIRECT] [Fatal Error] :1:1: Premature end of file.
2025-08-15 22:16:42,977 [ERROR] LogOutputStream:75 - [STDERR_REDIRECT] 
2025-08-15 22:16:43,977 [ERROR] LogOutputStream:75 - [STDERR_REDIRECT] [Fatal Error] :1:1: Premature end of file.
2025-08-15 22:16:43,977 [ERROR] LogOutputStream:75 - [STDERR_REDIRECT] 
2025-08-15 22:16:44,977 [ERROR] LogOutputStream:75 - [STDERR_REDIRECT] [Fatal Error] :1:1: Premature end of file.
2025-08-15 22:16:44,977 [ERROR] LogOutputStream:75 - [STDERR_REDIRECT] 
2025-08-15 22:16:45,977 [ERROR] LogOutputStream:75 - [STDERR_REDIRECT] [Fatal Error] :1:1: Premature end of file.
2025-08-15 22:16:45,977 [ERROR] LogOutputStream:75 - [STDERR_REDIRECT] 
2025-08-15 22:16:46,977 [ERROR] LogOutputStream:75 - [STDERR_REDIRECT] [Fatal Error] :1:1: Premature end of file.
2025-08-15 22:16:46,977 [ERROR] LogOutputStream:75 - [STDERR_REDIRECT] 
2025-08-15 22:16:47,978 [ERROR] LogOutputStream:75 - [STDERR_REDIRECT] [Fatal Error] :1:1: Premature end of file.
2025-08-15 22:16:47,978 [ERROR] LogOutputStream:75 - [STDERR_REDIRECT] 
2025-08-15 22:16:48,977 [ERROR] LogOutputStream:75 - [STDERR_REDIRECT] [Fatal Error] :1:1: Premature end of file.
2025-08-15 22:16:48,977 [ERROR] LogOutputStream:75 - [STDERR_REDIRECT] 
2025-08-15 22:16:49,976 [ERROR] LogOutputStream:75 - [STDERR_REDIRECT] [Fatal Error] :1:1: Premature end of file.
2025-08-15 22:16:49,976 [ERROR] LogOutputStream:75 - [STDERR_REDIRECT] 
2025-08-15 22:16:50,978 [ERROR] LogOutputStream:75 - [STDERR_REDIRECT] [Fatal Error] :1:1: Premature end of file.
2025-08-15 22:16:50,978 [ERROR] LogOutputStream:75 - [STDERR_REDIRECT] 
2025-08-15 22:16:51,977 [ERROR] LogOutputStream:75 - [STDERR_REDIRECT] [Fatal Error] :1:1: Premature end of file.
2025-08-15 22:16:51,978 [ERROR] LogOutputStream:75 - [STDERR_REDIRECT] 
2025-08-15 22:16:52,976 [ERROR] LogOutputStream:75 - [STDERR_REDIRECT] [Fatal Error] :1:1: Premature end of file.
2025-08-15 22:16:52,976 [ERROR] LogOutputStream:75 - [STDERR_REDIRECT] 
2025-08-15 22:16:53,981 [ERROR] LogOutputStream:75 - [STDERR_REDIRECT] [Fatal Error] :1:1: Premature end of file.
2025-08-15 22:16:53,981 [ERROR] LogOutputStream:75 - [STDERR_REDIRECT] 
2025-08-15 22:16:54,976 [ERROR] LogOutputStream:75 - [STDERR_REDIRECT] [Fatal Error] :1:1: Premature end of file.
2025-08-15 22:16:54,976 [ERROR] LogOutputStream:75 - [STDERR_REDIRECT] 
2025-08-15 22:16:55,979 [ERROR] LogOutputStream:75 - [STDERR_REDIRECT] [Fatal Error] :1:1: Premature end of file.
2025-08-15 22:16:55,979 [ERROR] LogOutputStream:75 - [STDERR_REDIRECT] 
2025-08-15 22:16:56,977 [ERROR] LogOutputStream:75 - [STDERR_REDIRECT] [Fatal Error] :1:1: Premature end of file.
2025-08-15 22:16:56,977 [ERROR] LogOutputStream:75 - [STDERR_REDIRECT] 
2025-08-15 22:16:57,976 [ERROR] LogOutputStream:75 - [STDERR_REDIRECT] [Fatal Error] :1:1: Premature end of file.
2025-08-15 22:16:57,976 [ERROR] LogOutputStream:75 - [STDERR_REDIRECT] 
2025-08-15 22:16:58,978 [ERROR] LogOutputStream:75 - [STDERR_REDIRECT] [Fatal Error] :1:1: Premature end of file.
2025-08-15 22:16:58,978 [ERROR] LogOutputStream:75 - [STDERR_REDIRECT] 
2025-08-15 22:16:59,977 [ERROR] LogOutputStream:75 - [STDERR_REDIRECT] [Fatal Error] :1:1: Premature end of file.
2025-08-15 22:16:59,977 [ERROR] LogOutputStream:75 - [STDERR_REDIRECT] 
2025-08-15 22:17:00,977 [ERROR] LogOutputStream:75 - [STDERR_REDIRECT] [Fatal Error] :1:1: Premature end of file.
2025-08-15 22:17:00,977 [ERROR] LogOutputStream:75 - [STDERR_REDIRECT] 
2025-08-15 22:17:01,979 [ERROR] LogOutputStream:75 - [STDERR_REDIRECT] [Fatal Error] :1:1: Premature end of file.
2025-08-15 22:17:01,979 [ERROR] LogOutputStream:75 - [STDERR_REDIRECT] 
2025-08-15 22:17:02,978 [ERROR] LogOutputStream:75 - [STDERR_REDIRECT] [Fatal Error] :1:1: Premature end of file.
2025-08-15 22:17:02,978 [ERROR] LogOutputStream:75 - [STDERR_REDIRECT] 
2025-08-15 22:17:03,982 [ERROR] LogOutputStream:75 - [STDERR_REDIRECT] [Fatal Error] :1:1: Premature end of file.
2025-08-15 22:17:03,982 [ERROR] LogOutputStream:75 - [STDERR_REDIRECT] 
2025-08-15 22:17:04,978 [ERROR] LogOutputStream:75 - [STDERR_REDIRECT] [Fatal Error] :1:1: Premature end of file.
2025-08-15 22:17:04,979 [ERROR] LogOutputStream:75 - [STDERR_REDIRECT] 
2025-08-15 22:17:05,978 [ERROR] LogOutputStream:75 - [STDERR_REDIRECT] [Fatal Error] :1:1: Premature end of file.
2025-08-15 22:17:05,978 [ERROR] LogOutputStream:75 - [STDERR_REDIRECT] 
2025-08-15 22:17:06,976 [ERROR] LogOutputStream:75 - [STDERR_REDIRECT] [Fatal Error] :1:1: Premature end of file.
2025-08-15 22:17:06,977 [ERROR] LogOutputStream:75 - [STDERR_REDIRECT] 
2025-08-15 22:17:07,977 [ERROR] LogOutputStream:75 - [STDERR_REDIRECT] [Fatal Error] :1:1: Premature end of file.
2025-08-15 22:17:07,977 [ERROR] LogOutputStream:75 - [STDERR_REDIRECT] 
2025-08-15 22:17:08,977 [ERROR] LogOutputStream:75 - [STDERR_REDIRECT] [Fatal Error] :1:1: Premature end of file.
2025-08-15 22:17:08,977 [ERROR] LogOutputStream:75 - [STDERR_REDIRECT] 
2025-08-15 22:17:09,977 [ERROR] LogOutputStream:75 - [STDERR_REDIRECT] [Fatal Error] :1:1: Premature end of file.
2025-08-15 22:17:09,977 [ERROR] LogOutputStream:75 - [STDERR_REDIRECT] 
2025-08-15 22:17:10,977 [ERROR] LogOutputStream:75 - [STDERR_REDIRECT] [Fatal Error] :1:1: Premature end of file.
2025-08-15 22:17:10,977 [ERROR] LogOutputStream:75 - [STDERR_REDIRECT] 
2025-08-15 22:17:11,978 [ERROR] LogOutputStream:75 - [STDERR_REDIRECT] [Fatal Error] :1:1: Premature end of file.
2025-08-15 22:17:11,978 [ERROR] LogOutputStream:75 - [STDERR_REDIRECT] 
2025-08-15 22:17:12,976 [ERROR] LogOutputStream:75 - [STDERR_REDIRECT] [Fatal Error] :1:1: Premature end of file.
2025-08-15 22:17:12,976 [ERROR] LogOutputStream:75 - [STDERR_REDIRECT] 
2025-08-15 22:17:13,978 [ERROR] LogOutputStream:75 - [STDERR_REDIRECT] [Fatal Error] :1:1: Premature end of file.
2025-08-15 22:17:13,978 [ERROR] LogOutputStream:75 - [STDERR_REDIRECT] 
2025-08-15 22:17:14,977 [ERROR] LogOutputStream:75 - [STDERR_REDIRECT] [Fatal Error] :1:1: Premature end of file.
2025-08-15 22:17:14,977 [ERROR] LogOutputStream:75 - [STDERR_REDIRECT] 
2025-08-15 22:17:15,976 [ERROR] LogOutputStream:75 - [STDERR_REDIRECT] [Fatal Error] :1:1: Premature end of file.
2025-08-15 22:17:15,976 [ERROR] LogOutputStream:75 - [STDERR_REDIRECT] 
2025-08-15 22:17:16,977 [ERROR] LogOutputStream:75 - [STDERR_REDIRECT] [Fatal Error] :1:1: Premature end of file.
2025-08-15 22:17:16,978 [ERROR] LogOutputStream:75 - [STDERR_REDIRECT] 
2025-08-15 22:17:17,977 [ERROR] LogOutputStream:75 - [STDERR_REDIRECT] [Fatal Error] :1:1: Premature end of file.
2025-08-15 22:17:17,977 [ERROR] LogOutputStream:75 - [STDERR_REDIRECT] 
2025-08-15 22:17:18,977 [ERROR] LogOutputStream:75 - [STDERR_REDIRECT] [Fatal Error] :1:1: Premature end of file.
2025-08-15 22:17:18,977 [ERROR] LogOutputStream:75 - [STDERR_REDIRECT] 
2025-08-15 22:17:19,977 [ERROR] LogOutputStream:75 - [STDERR_REDIRECT] [Fatal Error] :1:1: Premature end of file.
2025-08-15 22:17:19,977 [ERROR] LogOutputStream:75 - [STDERR_REDIRECT] 
2025-08-15 22:17:20,978 [ERROR] LogOutputStream:75 - [STDERR_REDIRECT] [Fatal Error] :1:1: Premature end of file.
2025-08-15 22:17:20,978 [ERROR] LogOutputStream:75 - [STDERR_REDIRECT] 
2025-08-15 22:17:21,977 [ERROR] LogOutputStream:75 - [STDERR_REDIRECT] [Fatal Error] :1:1: Premature end of file.
2025-08-15 22:17:21,977 [ERROR] LogOutputStream:75 - [STDERR_REDIRECT] 
2025-08-15 22:17:22,976 [ERROR] LogOutputStream:75 - [STDERR_REDIRECT] [Fatal Error] :1:1: Premature end of file.
2025-08-15 22:17:22,976 [ERROR] LogOutputStream:75 - [STDERR_REDIRECT] 
2025-08-15 22:17:23,978 [ERROR] LogOutputStream:75 - [STDERR_REDIRECT] [Fatal Error] :1:1: Premature end of file.
2025-08-15 22:17:23,978 [ERROR] LogOutputStream:75 - [STDERR_REDIRECT] 
2025-08-15 22:17:24,978 [ERROR] LogOutputStream:75 - [STDERR_REDIRECT] [Fatal Error] :1:1: Premature end of file.
2025-08-15 22:17:24,978 [ERROR] LogOutputStream:75 - [STDERR_REDIRECT] 
2025-08-15 22:17:25,975 [ERROR] LogOutputStream:75 - [STDERR_REDIRECT] [Fatal Error] :1:1: Premature end of file.
2025-08-15 22:17:25,976 [ERROR] LogOutputStream:75 - [STDERR_REDIRECT] 
2025-08-15 22:17:26,978 [ERROR] LogOutputStream:75 - [STDERR_REDIRECT] [Fatal Error] :1:1: Premature end of file.
2025-08-15 22:17:26,978 [ERROR] LogOutputStream:75 - [STDERR_REDIRECT] 
2025-08-15 22:17:27,977 [ERROR] LogOutputStream:75 - [STDERR_REDIRECT] [Fatal Error] :1:1: Premature end of file.
2025-08-15 22:17:27,977 [ERROR] LogOutputStream:75 - [STDERR_REDIRECT] 
2025-08-15 22:17:28,977 [ERROR] LogOutputStream:75 - [STDERR_REDIRECT] [Fatal Error] :1:1: Premature end of file.
2025-08-15 22:17:28,977 [ERROR] LogOutputStream:75 - [STDERR_REDIRECT] 
2025-08-15 22:17:29,975 [ERROR] LogOutputStream:75 - [STDERR_REDIRECT] [Fatal Error] :1:1: Premature end of file.
2025-08-15 22:17:29,975 [ERROR] LogOutputStream:75 - [STDERR_REDIRECT] 
2025-08-15 22:17:30,976 [ERROR] LogOutputStream:75 - [STDERR_REDIRECT] [Fatal Error] :1:1: Premature end of file.
2025-08-15 22:17:30,976 [ERROR] LogOutputStream:75 - [STDERR_REDIRECT] 
2025-08-15 22:17:31,978 [ERROR] LogOutputStream:75 - [STDERR_REDIRECT] [Fatal Error] :1:1: Premature end of file.
2025-08-15 22:17:31,978 [ERROR] LogOutputStream:75 - [STDERR_REDIRECT] 
2025-08-15 22:17:32,977 [ERROR] LogOutputStream:75 - [STDERR_REDIRECT] [Fatal Error] :1:1: Premature end of file.
2025-08-15 22:17:32,978 [ERROR] LogOutputStream:75 - [STDERR_REDIRECT] 
2025-08-15 22:17:33,976 [ERROR] LogOutputStream:75 - [STDERR_REDIRECT] [Fatal Error] :1:1: Premature end of file.
2025-08-15 22:17:33,976 [ERROR] LogOutputStream:75 - [STDERR_REDIRECT] 
2025-08-15 22:17:34,978 [ERROR] LogOutputStream:75 - [STDERR_REDIRECT] [Fatal Error] :1:1: Premature end of file.
2025-08-15 22:17:34,978 [ERROR] LogOutputStream:75 - [STDERR_REDIRECT] 
2025-08-15 22:17:35,977 [ERROR] LogOutputStream:75 - [STDERR_REDIRECT] [Fatal Error] :1:1: Premature end of file.
2025-08-15 22:17:35,977 [ERROR] LogOutputStream:75 - [STDERR_REDIRECT] 
2025-08-15 22:17:36,977 [ERROR] LogOutputStream:75 - [STDERR_REDIRECT] [Fatal Error] :1:1: Premature end of file.
2025-08-15 22:17:36,977 [ERROR] LogOutputStream:75 - [STDERR_REDIRECT] 
2025-08-15 22:17:37,977 [ERROR] LogOutputStream:75 - [STDERR_REDIRECT] [Fatal Error] :1:1: Premature end of file.
2025-08-15 22:17:37,977 [ERROR] LogOutputStream:75 - [STDERR_REDIRECT] 
2025-08-15 22:17:38,987 [ERROR] LogOutputStream:75 - [STDERR_REDIRECT] [Fatal Error] :1:1: Premature end of file.
2025-08-15 22:17:38,987 [ERROR] LogOutputStream:75 - [STDERR_REDIRECT] 
2025-08-15 22:17:39,978 [ERROR] LogOutputStream:75 - [STDERR_REDIRECT] [Fatal Error] :1:1: Premature end of file.
2025-08-15 22:17:39,978 [ERROR] LogOutputStream:75 - [STDERR_REDIRECT] 
2025-08-15 22:17:40,978 [ERROR] LogOutputStream:75 - [STDERR_REDIRECT] [Fatal Error] :1:1: Premature end of file.
2025-08-15 22:17:40,978 [ERROR] LogOutputStream:75 - [STDERR_REDIRECT] 
2025-08-15 22:17:41,977 [ERROR] LogOutputStream:75 - [STDERR_REDIRECT] [Fatal Error] :1:1: Premature end of file.
2025-08-15 22:17:41,977 [ERROR] LogOutputStream:75 - [STDERR_REDIRECT] 
2025-08-15 22:17:42,977 [ERROR] LogOutputStream:75 - [STDERR_REDIRECT] [Fatal Error] :1:1: Premature end of file.
2025-08-15 22:17:42,977 [ERROR] LogOutputStream:75 - [STDERR_REDIRECT] 
2025-08-15 22:17:43,978 [ERROR] LogOutputStream:75 - [STDERR_REDIRECT] [Fatal Error] :1:1: Premature end of file.
2025-08-15 22:17:43,978 [ERROR] LogOutputStream:75 - [STDERR_REDIRECT] 
2025-08-15 22:17:44,977 [ERROR] LogOutputStream:75 - [STDERR_REDIRECT] [Fatal Error] :1:1: Premature end of file.
2025-08-15 22:17:44,977 [ERROR] LogOutputStream:75 - [STDERR_REDIRECT] 
2025-08-15 22:17:45,978 [ERROR] LogOutputStream:75 - [STDERR_REDIRECT] [Fatal Error] :1:1: Premature end of file.
2025-08-15 22:17:45,978 [ERROR] LogOutputStream:75 - [STDERR_REDIRECT] 
2025-08-15 22:17:46,978 [ERROR] LogOutputStream:75 - [STDERR_REDIRECT] [Fatal Error] :1:1: Premature end of file.
2025-08-15 22:17:46,979 [ERROR] LogOutputStream:75 - [STDERR_REDIRECT] 
2025-08-15 22:17:47,977 [ERROR] LogOutputStream:75 - [STDERR_REDIRECT] [Fatal Error] :1:1: Premature end of file.
2025-08-15 22:17:47,978 [ERROR] LogOutputStream:75 - [STDERR_REDIRECT] 
2025-08-15 22:17:48,977 [ERROR] LogOutputStream:75 - [STDERR_REDIRECT] [Fatal Error] :1:1: Premature end of file.
2025-08-15 22:17:48,977 [ERROR] LogOutputStream:75 - [STDERR_REDIRECT] 
2025-08-15 22:17:49,977 [ERROR] LogOutputStream:75 - [STDERR_REDIRECT] [Fatal Error] :1:1: Premature end of file.
2025-08-15 22:17:49,977 [ERROR] LogOutputStream:75 - [STDERR_REDIRECT] 
2025-08-15 22:17:50,978 [ERROR] LogOutputStream:75 - [STDERR_REDIRECT] [Fatal Error] :1:1: Premature end of file.
2025-08-15 22:17:50,978 [ERROR] LogOutputStream:75 - [STDERR_REDIRECT] 
2025-08-15 22:17:51,977 [ERROR] LogOutputStream:75 - [STDERR_REDIRECT] [Fatal Error] :1:1: Premature end of file.
2025-08-15 22:17:51,977 [ERROR] LogOutputStream:75 - [STDERR_REDIRECT] 
2025-08-15 22:17:52,977 [ERROR] LogOutputStream:75 - [STDERR_REDIRECT] [Fatal Error] :1:1: Premature end of file.
2025-08-15 22:17:52,978 [ERROR] LogOutputStream:75 - [STDERR_REDIRECT] 
2025-08-15 22:17:53,977 [ERROR] LogOutputStream:75 - [STDERR_REDIRECT] [Fatal Error] :1:1: Premature end of file.
2025-08-15 22:17:53,977 [ERROR] LogOutputStream:75 - [STDERR_REDIRECT] 
2025-08-15 22:17:54,977 [ERROR] LogOutputStream:75 - [STDERR_REDIRECT] [Fatal Error] :1:1: Premature end of file.
2025-08-15 22:17:54,977 [ERROR] LogOutputStream:75 - [STDERR_REDIRECT] 
2025-08-15 22:17:55,976 [ERROR] LogOutputStream:75 - [STDERR_REDIRECT] [Fatal Error] :1:1: Premature end of file.
2025-08-15 22:17:55,976 [ERROR] LogOutputStream:75 - [STDERR_REDIRECT] 
2025-08-15 22:17:56,977 [ERROR] LogOutputStream:75 - [STDERR_REDIRECT] [Fatal Error] :1:1: Premature end of file.
2025-08-15 22:17:56,977 [ERROR] LogOutputStream:75 - [STDERR_REDIRECT] 
2025-08-15 22:17:57,978 [ERROR] LogOutputStream:75 - [STDERR_REDIRECT] [Fatal Error] :1:1: Premature end of file.
2025-08-15 22:17:57,978 [ERROR] LogOutputStream:75 - [STDERR_REDIRECT] 
2025-08-15 22:17:58,976 [ERROR] LogOutputStream:75 - [STDERR_REDIRECT] [Fatal Error] :1:1: Premature end of file.
2025-08-15 22:17:58,976 [ERROR] LogOutputStream:75 - [STDERR_REDIRECT] 
2025-08-15 22:17:59,977 [ERROR] LogOutputStream:75 - [STDERR_REDIRECT] [Fatal Error] :1:1: Premature end of file.
2025-08-15 22:17:59,977 [ERROR] LogOutputStream:75 - [STDERR_REDIRECT] 
2025-08-15 22:18:00,977 [ERROR] LogOutputStream:75 - [STDERR_REDIRECT] [Fatal Error] :1:1: Premature end of file.
2025-08-15 22:18:00,977 [ERROR] LogOutputStream:75 - [STDERR_REDIRECT] 
2025-08-15 22:18:01,977 [ERROR] LogOutputStream:75 - [STDERR_REDIRECT] [Fatal Error] :1:1: Premature end of file.
2025-08-15 22:18:01,977 [ERROR] LogOutputStream:75 - [STDERR_REDIRECT] 
2025-08-15 22:18:02,976 [ERROR] LogOutputStream:75 - [STDERR_REDIRECT] [Fatal Error] :1:1: Premature end of file.
2025-08-15 22:18:02,976 [ERROR] LogOutputStream:75 - [STDERR_REDIRECT] 
2025-08-15 22:18:03,981 [ERROR] LogOutputStream:75 - [STDERR_REDIRECT] [Fatal Error] :1:1: Premature end of file.
2025-08-15 22:18:03,981 [ERROR] LogOutputStream:75 - [STDERR_REDIRECT] 
2025-08-15 22:18:04,977 [ERROR] LogOutputStream:75 - [STDERR_REDIRECT] [Fatal Error] :1:1: Premature end of file.
2025-08-15 22:18:04,977 [ERROR] LogOutputStream:75 - [STDERR_REDIRECT] 
2025-08-15 22:18:05,976 [ERROR] LogOutputStream:75 - [STDERR_REDIRECT] [Fatal Error] :1:1: Premature end of file.
2025-08-15 22:18:05,976 [ERROR] LogOutputStream:75 - [STDERR_REDIRECT] 
2025-08-15 22:18:06,976 [ERROR] LogOutputStream:75 - [STDERR_REDIRECT] [Fatal Error] :1:1: Premature end of file.
2025-08-15 22:18:06,976 [ERROR] LogOutputStream:75 - [STDERR_REDIRECT] 
2025-08-15 22:18:07,979 [ERROR] LogOutputStream:75 - [STDERR_REDIRECT] [Fatal Error] :1:1: Premature end of file.
2025-08-15 22:18:07,979 [ERROR] LogOutputStream:75 - [STDERR_REDIRECT] 
2025-08-15 22:18:08,977 [ERROR] LogOutputStream:75 - [STDERR_REDIRECT] [Fatal Error] :1:1: Premature end of file.
2025-08-15 22:18:08,977 [ERROR] LogOutputStream:75 - [STDERR_REDIRECT] 
2025-08-15 22:18:09,976 [ERROR] LogOutputStream:75 - [STDERR_REDIRECT] [Fatal Error] :1:1: Premature end of file.
2025-08-15 22:18:09,977 [ERROR] LogOutputStream:75 - [STDERR_REDIRECT] 
2025-08-15 22:18:10,976 [ERROR] LogOutputStream:75 - [STDERR_REDIRECT] [Fatal Error] :1:1: Premature end of file.
2025-08-15 22:18:10,976 [ERROR] LogOutputStream:75 - [STDERR_REDIRECT] 
2025-08-15 22:18:11,976 [ERROR] LogOutputStream:75 - [STDERR_REDIRECT] [Fatal Error] :1:1: Premature end of file.
2025-08-15 22:18:11,976 [ERROR] LogOutputStream:75 - [STDERR_REDIRECT] 
2025-08-15 22:18:12,977 [ERROR] LogOutputStream:75 - [STDERR_REDIRECT] [Fatal Error] :1:1: Premature end of file.
2025-08-15 22:18:12,977 [ERROR] LogOutputStream:75 - [STDERR_REDIRECT] 
2025-08-15 22:18:13,977 [ERROR] LogOutputStream:75 - [STDERR_REDIRECT] [Fatal Error] :1:1: Premature end of file.
2025-08-15 22:18:13,977 [ERROR] LogOutputStream:75 - [STDERR_REDIRECT] 
2025-08-15 22:18:14,976 [ERROR] LogOutputStream:75 - [STDERR_REDIRECT] [Fatal Error] :1:1: Premature end of file.
2025-08-15 22:18:14,976 [ERROR] LogOutputStream:75 - [STDERR_REDIRECT] 
2025-08-15 22:18:15,979 [ERROR] LogOutputStream:75 - [STDERR_REDIRECT] [Fatal Error] :1:1: Premature end of file.
2025-08-15 22:18:15,979 [ERROR] LogOutputStream:75 - [STDERR_REDIRECT] 
2025-08-15 22:18:16,977 [ERROR] LogOutputStream:75 - [STDERR_REDIRECT] [Fatal Error] :1:1: Premature end of file.
2025-08-15 22:18:16,977 [ERROR] LogOutputStream:75 - [STDERR_REDIRECT] 
2025-08-15 22:18:17,977 [ERROR] LogOutputStream:75 - [STDERR_REDIRECT] [Fatal Error] :1:1: Premature end of file.
2025-08-15 22:18:17,977 [ERROR] LogOutputStream:75 - [STDERR_REDIRECT] 
2025-08-15 22:18:18,976 [ERROR] LogOutputStream:75 - [STDERR_REDIRECT] [Fatal Error] :1:1: Premature end of file.
2025-08-15 22:18:18,977 [ERROR] LogOutputStream:75 - [STDERR_REDIRECT] 
2025-08-15 22:18:19,978 [ERROR] LogOutputStream:75 - [STDERR_REDIRECT] [Fatal Error] :1:1: Premature end of file.
2025-08-15 22:18:19,978 [ERROR] LogOutputStream:75 - [STDERR_REDIRECT] 
2025-08-15 22:18:20,975 [ERROR] LogOutputStream:75 - [STDERR_REDIRECT] [Fatal Error] :1:1: Premature end of file.
2025-08-15 22:18:20,976 [ERROR] LogOutputStream:75 - [STDERR_REDIRECT] 
2025-08-15 22:18:21,978 [ERROR] LogOutputStream:75 - [STDERR_REDIRECT] [Fatal Error] :1:1: Premature end of file.
2025-08-15 22:18:21,979 [ERROR] LogOutputStream:75 - [STDERR_REDIRECT] 
2025-08-15 22:18:22,977 [ERROR] LogOutputStream:75 - [STDERR_REDIRECT] [Fatal Error] :1:1: Premature end of file.
2025-08-15 22:18:22,977 [ERROR] LogOutputStream:75 - [STDERR_REDIRECT] 
2025-08-15 22:18:23,978 [ERROR] LogOutputStream:75 - [STDERR_REDIRECT] [Fatal Error] :1:1: Premature end of file.
2025-08-15 22:18:23,978 [ERROR] LogOutputStream:75 - [STDERR_REDIRECT] 
2025-08-15 22:18:24,976 [ERROR] LogOutputStream:75 - [STDERR_REDIRECT] [Fatal Error] :1:1: Premature end of file.
2025-08-15 22:18:24,976 [ERROR] LogOutputStream:75 - [STDERR_REDIRECT] 
2025-08-15 22:18:25,989 [ERROR] LogOutputStream:75 - [STDERR_REDIRECT] [Fatal Error] :1:1: Premature end of file.
2025-08-15 22:18:25,989 [ERROR] LogOutputStream:75 - [STDERR_REDIRECT] 
2025-08-15 22:18:26,976 [ERROR] LogOutputStream:75 - [STDERR_REDIRECT] [Fatal Error] :1:1: Premature end of file.
2025-08-15 22:18:26,977 [ERROR] LogOutputStream:75 - [STDERR_REDIRECT] 
2025-08-15 22:18:27,985 [ERROR] LogOutputStream:75 - [STDERR_REDIRECT] [Fatal Error] :1:1: Premature end of file.
2025-08-15 22:18:27,985 [ERROR] LogOutputStream:75 - [STDERR_REDIRECT] 
2025-08-15 22:18:28,978 [ERROR] LogOutputStream:75 - [STDERR_REDIRECT] [Fatal Error] :1:1: Premature end of file.
2025-08-15 22:18:28,978 [ERROR] LogOutputStream:75 - [STDERR_REDIRECT] 
2025-08-15 22:18:29,977 [ERROR] LogOutputStream:75 - [STDERR_REDIRECT] [Fatal Error] :1:1: Premature end of file.
2025-08-15 22:18:29,977 [ERROR] LogOutputStream:75 - [STDERR_REDIRECT] 
2025-08-15 22:18:30,976 [ERROR] LogOutputStream:75 - [STDERR_REDIRECT] [Fatal Error] :1:1: Premature end of file.
2025-08-15 22:18:30,977 [ERROR] LogOutputStream:75 - [STDERR_REDIRECT] 
2025-08-15 22:18:31,979 [ERROR] LogOutputStream:75 - [STDERR_REDIRECT] [Fatal Error] :1:1: Premature end of file.
2025-08-15 22:18:31,979 [ERROR] LogOutputStream:75 - [STDERR_REDIRECT] 
2025-08-15 22:18:32,977 [ERROR] LogOutputStream:75 - [STDERR_REDIRECT] [Fatal Error] :1:1: Premature end of file.
2025-08-15 22:18:32,977 [ERROR] LogOutputStream:75 - [STDERR_REDIRECT] 
2025-08-15 22:18:33,976 [ERROR] LogOutputStream:75 - [STDERR_REDIRECT] [Fatal Error] :1:1: Premature end of file.
2025-08-15 22:18:33,976 [ERROR] LogOutputStream:75 - [STDERR_REDIRECT] 
2025-08-15 22:18:34,976 [ERROR] LogOutputStream:75 - [STDERR_REDIRECT] [Fatal Error] :1:1: Premature end of file.
2025-08-15 22:18:34,977 [ERROR] LogOutputStream:75 - [STDERR_REDIRECT] 
2025-08-15 22:18:35,975 [ERROR] LogOutputStream:75 - [STDERR_REDIRECT] [Fatal Error] :1:1: Premature end of file.
2025-08-15 22:18:35,975 [ERROR] LogOutputStream:75 - [STDERR_REDIRECT] 
2025-08-15 22:18:36,979 [ERROR] LogOutputStream:75 - [STDERR_REDIRECT] [Fatal Error] :1:1: Premature end of file.
2025-08-15 22:18:36,979 [ERROR] LogOutputStream:75 - [STDERR_REDIRECT] 
2025-08-15 22:18:37,976 [ERROR] LogOutputStream:75 - [STDERR_REDIRECT] [Fatal Error] :1:1: Premature end of file.
2025-08-15 22:18:37,976 [ERROR] LogOutputStream:75 - [STDERR_REDIRECT] 
2025-08-15 22:18:38,977 [ERROR] LogOutputStream:75 - [STDERR_REDIRECT] [Fatal Error] :1:1: Premature end of file.
2025-08-15 22:18:38,977 [ERROR] LogOutputStream:75 - [STDERR_REDIRECT] 
2025-08-15 22:18:39,979 [ERROR] LogOutputStream:75 - [STDERR_REDIRECT] [Fatal Error] :1:1: Premature end of file.
2025-08-15 22:18:39,979 [ERROR] LogOutputStream:75 - [STDERR_REDIRECT] 
2025-08-15 22:18:40,978 [ERROR] LogOutputStream:75 - [STDERR_REDIRECT] [Fatal Error] :1:1: Premature end of file.
2025-08-15 22:18:40,978 [ERROR] LogOutputStream:75 - [STDERR_REDIRECT] 
2025-08-15 22:18:41,978 [ERROR] LogOutputStream:75 - [STDERR_REDIRECT] [Fatal Error] :1:1: Premature end of file.
2025-08-15 22:18:41,978 [ERROR] LogOutputStream:75 - [STDERR_REDIRECT] 
2025-08-15 22:18:42,978 [ERROR] LogOutputStream:75 - [STDERR_REDIRECT] [Fatal Error] :1:1: Premature end of file.
2025-08-15 22:18:42,978 [ERROR] LogOutputStream:75 - [STDERR_REDIRECT] 
2025-08-15 22:18:43,975 [ERROR] LogOutputStream:75 - [STDERR_REDIRECT] [Fatal Error] :1:1: Premature end of file.
2025-08-15 22:18:43,976 [ERROR] LogOutputStream:75 - [STDERR_REDIRECT] 
2025-08-15 22:18:44,978 [ERROR] LogOutputStream:75 - [STDERR_REDIRECT] [Fatal Error] :1:1: Premature end of file.
2025-08-15 22:18:44,978 [ERROR] LogOutputStream:75 - [STDERR_REDIRECT] 
2025-08-15 22:18:45,977 [ERROR] LogOutputStream:75 - [STDERR_REDIRECT] [Fatal Error] :1:1: Premature end of file.
2025-08-15 22:18:45,977 [ERROR] LogOutputStream:75 - [STDERR_REDIRECT] 
2025-08-15 22:18:46,977 [ERROR] LogOutputStream:75 - [STDERR_REDIRECT] [Fatal Error] :1:1: Premature end of file.
2025-08-15 22:18:46,977 [ERROR] LogOutputStream:75 - [STDERR_REDIRECT] 
2025-08-15 22:18:47,977 [ERROR] LogOutputStream:75 - [STDERR_REDIRECT] [Fatal Error] :1:1: Premature end of file.
2025-08-15 22:18:47,978 [ERROR] LogOutputStream:75 - [STDERR_REDIRECT] 
2025-08-15 22:18:48,977 [ERROR] LogOutputStream:75 - [STDERR_REDIRECT] [Fatal Error] :1:1: Premature end of file.
2025-08-15 22:18:48,977 [ERROR] LogOutputStream:75 - [STDERR_REDIRECT] 
2025-08-15 22:18:49,976 [ERROR] LogOutputStream:75 - [STDERR_REDIRECT] [Fatal Error] :1:1: Premature end of file.
2025-08-15 22:18:49,977 [ERROR] LogOutputStream:75 - [STDERR_REDIRECT] 
2025-08-15 22:18:50,977 [ERROR] LogOutputStream:75 - [STDERR_REDIRECT] [Fatal Error] :1:1: Premature end of file.
2025-08-15 22:18:50,977 [ERROR] LogOutputStream:75 - [STDERR_REDIRECT] 
2025-08-15 22:18:51,977 [ERROR] LogOutputStream:75 - [STDERR_REDIRECT] [Fatal Error] :1:1: Premature end of file.
2025-08-15 22:18:51,977 [ERROR] LogOutputStream:75 - [STDERR_REDIRECT] 
2025-08-15 22:18:52,976 [ERROR] LogOutputStream:75 - [STDERR_REDIRECT] [Fatal Error] :1:1: Premature end of file.
2025-08-15 22:18:52,976 [ERROR] LogOutputStream:75 - [STDERR_REDIRECT] 
2025-08-15 22:18:53,976 [ERROR] LogOutputStream:75 - [STDERR_REDIRECT] [Fatal Error] :1:1: Premature end of file.
2025-08-15 22:18:53,976 [ERROR] LogOutputStream:75 - [STDERR_REDIRECT] 
2025-08-15 22:18:54,976 [ERROR] LogOutputStream:75 - [STDERR_REDIRECT] [Fatal Error] :1:1: Premature end of file.
2025-08-15 22:18:54,976 [ERROR] LogOutputStream:75 - [STDERR_REDIRECT] 
2025-08-15 22:18:55,977 [ERROR] LogOutputStream:75 - [STDERR_REDIRECT] [Fatal Error] :1:1: Premature end of file.
2025-08-15 22:18:55,977 [ERROR] LogOutputStream:75 - [STDERR_REDIRECT] 
2025-08-15 22:18:56,976 [ERROR] LogOutputStream:75 - [STDERR_REDIRECT] [Fatal Error] :1:1: Premature end of file.
2025-08-15 22:18:56,976 [ERROR] LogOutputStream:75 - [STDERR_REDIRECT] 
2025-08-15 22:18:57,975 [ERROR] LogOutputStream:75 - [STDERR_REDIRECT] [Fatal Error] :1:1: Premature end of file.
2025-08-15 22:18:57,975 [ERROR] LogOutputStream:75 - [STDERR_REDIRECT] 
2025-08-15 22:18:58,977 [ERROR] LogOutputStream:75 - [STDERR_REDIRECT] [Fatal Error] :1:1: Premature end of file.
2025-08-15 22:18:58,977 [ERROR] LogOutputStream:75 - [STDERR_REDIRECT] 
2025-08-15 22:18:59,975 [ERROR] LogOutputStream:75 - [STDERR_REDIRECT] [Fatal Error] :1:1: Premature end of file.
2025-08-15 22:18:59,975 [ERROR] LogOutputStream:75 - [STDERR_REDIRECT] 
2025-08-15 22:19:00,975 [ERROR] LogOutputStream:75 - [STDERR_REDIRECT] [Fatal Error] :1:1: Premature end of file.
2025-08-15 22:19:00,975 [ERROR] LogOutputStream:75 - [STDERR_REDIRECT] 
2025-08-15 22:19:01,976 [ERROR] LogOutputStream:75 - [STDERR_REDIRECT] [Fatal Error] :1:1: Premature end of file.
2025-08-15 22:19:01,976 [ERROR] LogOutputStream:75 - [STDERR_REDIRECT] 
2025-08-15 22:19:02,977 [ERROR] LogOutputStream:75 - [STDERR_REDIRECT] [Fatal Error] :1:1: Premature end of file.
2025-08-15 22:19:02,977 [ERROR] LogOutputStream:75 - [STDERR_REDIRECT] 
2025-08-15 22:19:03,976 [ERROR] LogOutputStream:75 - [STDERR_REDIRECT] [Fatal Error] :1:1: Premature end of file.
2025-08-15 22:19:03,976 [ERROR] LogOutputStream:75 - [STDERR_REDIRECT] 
2025-08-15 22:19:04,977 [ERROR] LogOutputStream:75 - [STDERR_REDIRECT] [Fatal Error] :1:1: Premature end of file.
2025-08-15 22:19:04,977 [ERROR] LogOutputStream:75 - [STDERR_REDIRECT] 
2025-08-15 22:19:05,976 [ERROR] LogOutputStream:75 - [STDERR_REDIRECT] [Fatal Error] :1:1: Premature end of file.
2025-08-15 22:19:05,976 [ERROR] LogOutputStream:75 - [STDERR_REDIRECT] 
2025-08-15 22:19:06,976 [ERROR] LogOutputStream:75 - [STDERR_REDIRECT] [Fatal Error] :1:1: Premature end of file.
2025-08-15 22:19:06,976 [ERROR] LogOutputStream:75 - [STDERR_REDIRECT] 
2025-08-15 22:19:07,977 [ERROR] LogOutputStream:75 - [STDERR_REDIRECT] [Fatal Error] :1:1: Premature end of file.
2025-08-15 22:19:07,977 [ERROR] LogOutputStream:75 - [STDERR_REDIRECT] 
2025-08-15 22:19:08,975 [ERROR] LogOutputStream:75 - [STDERR_REDIRECT] [Fatal Error] :1:1: Premature end of file.
2025-08-15 22:19:08,975 [ERROR] LogOutputStream:75 - [STDERR_REDIRECT] 
2025-08-15 22:19:09,976 [ERROR] LogOutputStream:75 - [STDERR_REDIRECT] [Fatal Error] :1:1: Premature end of file.
2025-08-15 22:19:09,976 [ERROR] LogOutputStream:75 - [STDERR_REDIRECT] 
2025-08-15 22:19:10,976 [ERROR] LogOutputStream:75 - [STDERR_REDIRECT] [Fatal Error] :1:1: Premature end of file.
2025-08-15 22:19:10,976 [ERROR] LogOutputStream:75 - [STDERR_REDIRECT] 
2025-08-15 22:19:11,976 [ERROR] LogOutputStream:75 - [STDERR_REDIRECT] [Fatal Error] :1:1: Premature end of file.
2025-08-15 22:19:11,976 [ERROR] LogOutputStream:75 - [STDERR_REDIRECT] 
2025-08-15 22:19:12,977 [ERROR] LogOutputStream:75 - [STDERR_REDIRECT] [Fatal Error] :1:1: Premature end of file.
2025-08-15 22:19:12,977 [ERROR] LogOutputStream:75 - [STDERR_REDIRECT] 
2025-08-15 22:19:13,976 [ERROR] LogOutputStream:75 - [STDERR_REDIRECT] [Fatal Error] :1:1: Premature end of file.
2025-08-15 22:19:13,976 [ERROR] LogOutputStream:75 - [STDERR_REDIRECT] 
2025-08-15 22:19:14,977 [ERROR] LogOutputStream:75 - [STDERR_REDIRECT] [Fatal Error] :1:1: Premature end of file.
2025-08-15 22:19:14,977 [ERROR] LogOutputStream:75 - [STDERR_REDIRECT] 
2025-08-15 22:19:15,976 [ERROR] LogOutputStream:75 - [STDERR_REDIRECT] [Fatal Error] :1:1: Premature end of file.
2025-08-15 22:19:15,976 [ERROR] LogOutputStream:75 - [STDERR_REDIRECT] 
2025-08-15 22:19:16,976 [ERROR] LogOutputStream:75 - [STDERR_REDIRECT] [Fatal Error] :1:1: Premature end of file.
2025-08-15 22:19:16,976 [ERROR] LogOutputStream:75 - [STDERR_REDIRECT] 
2025-08-15 22:19:17,977 [ERROR] LogOutputStream:75 - [STDERR_REDIRECT] [Fatal Error] :1:1: Premature end of file.
2025-08-15 22:19:17,977 [ERROR] LogOutputStream:75 - [STDERR_REDIRECT] 
2025-08-15 22:19:18,975 [ERROR] LogOutputStream:75 - [STDERR_REDIRECT] [Fatal Error] :1:1: Premature end of file.
2025-08-15 22:19:18,975 [ERROR] LogOutputStream:75 - [STDERR_REDIRECT] 
2025-08-15 22:19:19,977 [ERROR] LogOutputStream:75 - [STDERR_REDIRECT] [Fatal Error] :1:1: Premature end of file.
2025-08-15 22:19:19,977 [ERROR] LogOutputStream:75 - [STDERR_REDIRECT] 
2025-08-15 22:19:20,975 [ERROR] LogOutputStream:75 - [STDERR_REDIRECT] [Fatal Error] :1:1: Premature end of file.
2025-08-15 22:19:20,976 [ERROR] LogOutputStream:75 - [STDERR_REDIRECT] 
2025-08-15 22:19:21,975 [ERROR] LogOutputStream:75 - [STDERR_REDIRECT] [Fatal Error] :1:1: Premature end of file.
2025-08-15 22:19:21,975 [ERROR] LogOutputStream:75 - [STDERR_REDIRECT] 
2025-08-15 22:19:22,979 [ERROR] LogOutputStream:75 - [STDERR_REDIRECT] [Fatal Error] :1:1: Premature end of file.
2025-08-15 22:19:22,979 [ERROR] LogOutputStream:75 - [STDERR_REDIRECT] 
2025-08-15 22:19:23,976 [ERROR] LogOutputStream:75 - [STDERR_REDIRECT] [Fatal Error] :1:1: Premature end of file.
2025-08-15 22:19:23,976 [ERROR] LogOutputStream:75 - [STDERR_REDIRECT] 
2025-08-15 22:19:24,976 [ERROR] LogOutputStream:75 - [STDERR_REDIRECT] [Fatal Error] :1:1: Premature end of file.
2025-08-15 22:19:24,976 [ERROR] LogOutputStream:75 - [STDERR_REDIRECT] 
2025-08-15 22:19:25,976 [ERROR] LogOutputStream:75 - [STDERR_REDIRECT] [Fatal Error] :1:1: Premature end of file.
2025-08-15 22:19:25,977 [ERROR] LogOutputStream:75 - [STDERR_REDIRECT] 
2025-08-15 22:19:26,976 [ERROR] LogOutputStream:75 - [STDERR_REDIRECT] [Fatal Error] :1:1: Premature end of file.
2025-08-15 22:19:26,976 [ERROR] LogOutputStream:75 - [STDERR_REDIRECT] 
2025-08-15 22:19:27,976 [ERROR] LogOutputStream:75 - [STDERR_REDIRECT] [Fatal Error] :1:1: Premature end of file.
2025-08-15 22:19:27,976 [ERROR] LogOutputStream:75 - [STDERR_REDIRECT] 
2025-08-15 22:19:28,976 [ERROR] LogOutputStream:75 - [STDERR_REDIRECT] [Fatal Error] :1:1: Premature end of file.
2025-08-15 22:19:28,976 [ERROR] LogOutputStream:75 - [STDERR_REDIRECT] 
2025-08-15 22:19:29,975 [ERROR] LogOutputStream:75 - [STDERR_REDIRECT] [Fatal Error] :1:1: Premature end of file.
2025-08-15 22:19:29,976 [ERROR] LogOutputStream:75 - [STDERR_REDIRECT] 
2025-08-15 22:19:30,975 [ERROR] LogOutputStream:75 - [STDERR_REDIRECT] [Fatal Error] :1:1: Premature end of file.
2025-08-15 22:19:30,976 [ERROR] LogOutputStream:75 - [STDERR_REDIRECT] 
2025-08-15 22:19:31,977 [ERROR] LogOutputStream:75 - [STDERR_REDIRECT] [Fatal Error] :1:1: Premature end of file.
2025-08-15 22:19:31,977 [ERROR] LogOutputStream:75 - [STDERR_REDIRECT] 
2025-08-15 22:19:32,976 [ERROR] LogOutputStream:75 - [STDERR_REDIRECT] [Fatal Error] :1:1: Premature end of file.
2025-08-15 22:19:32,976 [ERROR] LogOutputStream:75 - [STDERR_REDIRECT] 
2025-08-15 22:19:33,977 [ERROR] LogOutputStream:75 - [STDERR_REDIRECT] [Fatal Error] :1:1: Premature end of file.
2025-08-15 22:19:33,977 [ERROR] LogOutputStream:75 - [STDERR_REDIRECT] 
2025-08-15 22:19:34,975 [ERROR] LogOutputStream:75 - [STDERR_REDIRECT] [Fatal Error] :1:1: Premature end of file.
2025-08-15 22:19:34,976 [ERROR] LogOutputStream:75 - [STDERR_REDIRECT] 
2025-08-15 22:19:35,977 [ERROR] LogOutputStream:75 - [STDERR_REDIRECT] [Fatal Error] :1:1: Premature end of file.
2025-08-15 22:19:35,977 [ERROR] LogOutputStream:75 - [STDERR_REDIRECT] 
2025-08-15 22:19:36,975 [ERROR] LogOutputStream:75 - [STDERR_REDIRECT] [Fatal Error] :1:1: Premature end of file.
2025-08-15 22:19:36,975 [ERROR] LogOutputStream:75 - [STDERR_REDIRECT] 
2025-08-15 22:19:37,975 [ERROR] LogOutputStream:75 - [STDERR_REDIRECT] [Fatal Error] :1:1: Premature end of file.
2025-08-15 22:19:37,975 [ERROR] LogOutputStream:75 - [STDERR_REDIRECT] 
2025-08-15 22:19:38,976 [ERROR] LogOutputStream:75 - [STDERR_REDIRECT] [Fatal Error] :1:1: Premature end of file.
2025-08-15 22:19:38,976 [ERROR] LogOutputStream:75 - [STDERR_REDIRECT] 
2025-08-15 22:19:39,976 [ERROR] LogOutputStream:75 - [STDERR_REDIRECT] [Fatal Error] :1:1: Premature end of file.
2025-08-15 22:19:39,976 [ERROR] LogOutputStream:75 - [STDERR_REDIRECT] 
2025-08-15 22:19:40,975 [ERROR] LogOutputStream:75 - [STDERR_REDIRECT] [Fatal Error] :1:1: Premature end of file.
2025-08-15 22:19:40,976 [ERROR] LogOutputStream:75 - [STDERR_REDIRECT] 
2025-08-15 22:19:41,977 [ERROR] LogOutputStream:75 - [STDERR_REDIRECT] [Fatal Error] :1:1: Premature end of file.
2025-08-15 22:19:41,977 [ERROR] LogOutputStream:75 - [STDERR_REDIRECT] 
2025-08-15 22:19:42,978 [ERROR] LogOutputStream:75 - [STDERR_REDIRECT] [Fatal Error] :1:1: Premature end of file.
2025-08-15 22:19:42,978 [ERROR] LogOutputStream:75 - [STDERR_REDIRECT] 
2025-08-15 22:19:43,976 [ERROR] LogOutputStream:75 - [STDERR_REDIRECT] [Fatal Error] :1:1: Premature end of file.
2025-08-15 22:19:43,976 [ERROR] LogOutputStream:75 - [STDERR_REDIRECT] 
2025-08-15 22:19:44,977 [ERROR] LogOutputStream:75 - [STDERR_REDIRECT] [Fatal Error] :1:1: Premature end of file.
2025-08-15 22:19:44,977 [ERROR] LogOutputStream:75 - [STDERR_REDIRECT] 
2025-08-15 22:19:45,975 [ERROR] LogOutputStream:75 - [STDERR_REDIRECT] [Fatal Error] :1:1: Premature end of file.
2025-08-15 22:19:45,975 [ERROR] LogOutputStream:75 - [STDERR_REDIRECT] 
2025-08-15 22:19:46,976 [ERROR] LogOutputStream:75 - [STDERR_REDIRECT] [Fatal Error] :1:1: Premature end of file.
2025-08-15 22:19:46,976 [ERROR] LogOutputStream:75 - [STDERR_REDIRECT] 
2025-08-15 22:19:47,978 [ERROR] LogOutputStream:75 - [STDERR_REDIRECT] [Fatal Error] :1:1: Premature end of file.
2025-08-15 22:19:47,978 [ERROR] LogOutputStream:75 - [STDERR_REDIRECT] 
2025-08-15 22:19:48,977 [ERROR] LogOutputStream:75 - [STDERR_REDIRECT] [Fatal Error] :1:1: Premature end of file.
2025-08-15 22:19:48,977 [ERROR] LogOutputStream:75 - [STDERR_REDIRECT] 
2025-08-15 22:19:49,977 [ERROR] LogOutputStream:75 - [STDERR_REDIRECT] [Fatal Error] :1:1: Premature end of file.
2025-08-15 22:19:49,977 [ERROR] LogOutputStream:75 - [STDERR_REDIRECT] 
2025-08-15 22:19:50,976 [ERROR] LogOutputStream:75 - [STDERR_REDIRECT] [Fatal Error] :1:1: Premature end of file.
2025-08-15 22:19:50,976 [ERROR] LogOutputStream:75 - [STDERR_REDIRECT] 
2025-08-15 22:19:51,976 [ERROR] LogOutputStream:75 - [STDERR_REDIRECT] [Fatal Error] :1:1: Premature end of file.
2025-08-15 22:19:51,976 [ERROR] LogOutputStream:75 - [STDERR_REDIRECT] 
2025-08-15 22:19:52,975 [ERROR] LogOutputStream:75 - [STDERR_REDIRECT] [Fatal Error] :1:1: Premature end of file.
2025-08-15 22:19:52,975 [ERROR] LogOutputStream:75 - [STDERR_REDIRECT] 
2025-08-15 22:19:53,976 [ERROR] LogOutputStream:75 - [STDERR_REDIRECT] [Fatal Error] :1:1: Premature end of file.
2025-08-15 22:19:53,976 [ERROR] LogOutputStream:75 - [STDERR_REDIRECT] 
2025-08-15 22:19:54,976 [ERROR] LogOutputStream:75 - [STDERR_REDIRECT] [Fatal Error] :1:1: Premature end of file.
2025-08-15 22:19:54,976 [ERROR] LogOutputStream:75 - [STDERR_REDIRECT] 
2025-08-15 22:19:55,976 [ERROR] LogOutputStream:75 - [STDERR_REDIRECT] [Fatal Error] :1:1: Premature end of file.
2025-08-15 22:19:55,977 [ERROR] LogOutputStream:75 - [STDERR_REDIRECT] 
2025-08-15 22:19:56,976 [ERROR] LogOutputStream:75 - [STDERR_REDIRECT] [Fatal Error] :1:1: Premature end of file.
2025-08-15 22:19:56,976 [ERROR] LogOutputStream:75 - [STDERR_REDIRECT] 
2025-08-15 22:19:57,978 [ERROR] LogOutputStream:75 - [STDERR_REDIRECT] [Fatal Error] :1:1: Premature end of file.
2025-08-15 22:19:57,978 [ERROR] LogOutputStream:75 - [STDERR_REDIRECT] 
2025-08-15 22:19:58,976 [ERROR] LogOutputStream:75 - [STDERR_REDIRECT] [Fatal Error] :1:1: Premature end of file.
2025-08-15 22:19:58,976 [ERROR] LogOutputStream:75 - [STDERR_REDIRECT] 
2025-08-15 22:19:59,976 [ERROR] LogOutputStream:75 - [STDERR_REDIRECT] [Fatal Error] :1:1: Premature end of file.
2025-08-15 22:19:59,976 [ERROR] LogOutputStream:75 - [STDERR_REDIRECT] 
2025-08-15 22:20:00,976 [ERROR] LogOutputStream:75 - [STDERR_REDIRECT] [Fatal Error] :1:1: Premature end of file.
2025-08-15 22:20:00,976 [ERROR] LogOutputStream:75 - [STDERR_REDIRECT] 
2025-08-15 22:20:01,976 [ERROR] LogOutputStream:75 - [STDERR_REDIRECT] [Fatal Error] :1:1: Premature end of file.
2025-08-15 22:20:01,976 [ERROR] LogOutputStream:75 - [STDERR_REDIRECT] 
2025-08-15 22:20:02,976 [ERROR] LogOutputStream:75 - [STDERR_REDIRECT] [Fatal Error] :1:1: Premature end of file.
2025-08-15 22:20:02,976 [ERROR] LogOutputStream:75 - [STDERR_REDIRECT] 
2025-08-15 22:20:03,977 [ERROR] LogOutputStream:75 - [STDERR_REDIRECT] [Fatal Error] :1:1: Premature end of file.
2025-08-15 22:20:03,977 [ERROR] LogOutputStream:75 - [STDERR_REDIRECT] 
2025-08-15 22:20:04,976 [ERROR] LogOutputStream:75 - [STDERR_REDIRECT] [Fatal Error] :1:1: Premature end of file.
2025-08-15 22:20:04,976 [ERROR] LogOutputStream:75 - [STDERR_REDIRECT] 
2025-08-15 22:20:05,976 [ERROR] LogOutputStream:75 - [STDERR_REDIRECT] [Fatal Error] :1:1: Premature end of file.
2025-08-15 22:20:05,976 [ERROR] LogOutputStream:75 - [STDERR_REDIRECT] 
2025-08-15 22:20:06,976 [ERROR] LogOutputStream:75 - [STDERR_REDIRECT] [Fatal Error] :1:1: Premature end of file.
2025-08-15 22:20:06,977 [ERROR] LogOutputStream:75 - [STDERR_REDIRECT] 
2025-08-15 22:20:07,977 [ERROR] LogOutputStream:75 - [STDERR_REDIRECT] [Fatal Error] :1:1: Premature end of file.
2025-08-15 22:20:07,977 [ERROR] LogOutputStream:75 - [STDERR_REDIRECT] 
2025-08-15 22:20:08,975 [ERROR] LogOutputStream:75 - [STDERR_REDIRECT] [Fatal Error] :1:1: Premature end of file.
2025-08-15 22:20:08,975 [ERROR] LogOutputStream:75 - [STDERR_REDIRECT] 
2025-08-15 22:20:09,977 [ERROR] LogOutputStream:75 - [STDERR_REDIRECT] [Fatal Error] :1:1: Premature end of file.
2025-08-15 22:20:09,978 [ERROR] LogOutputStream:75 - [STDERR_REDIRECT] 
2025-08-15 22:20:10,976 [ERROR] LogOutputStream:75 - [STDERR_REDIRECT] [Fatal Error] :1:1: Premature end of file.
2025-08-15 22:20:10,976 [ERROR] LogOutputStream:75 - [STDERR_REDIRECT] 
2025-08-15 22:20:11,975 [ERROR] LogOutputStream:75 - [STDERR_REDIRECT] [Fatal Error] :1:1: Premature end of file.
2025-08-15 22:20:11,975 [ERROR] LogOutputStream:75 - [STDERR_REDIRECT] 
2025-08-15 22:20:12,975 [ERROR] LogOutputStream:75 - [STDERR_REDIRECT] [Fatal Error] :1:1: Premature end of file.
2025-08-15 22:20:12,976 [ERROR] LogOutputStream:75 - [STDERR_REDIRECT] 
2025-08-15 22:20:13,976 [ERROR] LogOutputStream:75 - [STDERR_REDIRECT] [Fatal Error] :1:1: Premature end of file.
2025-08-15 22:20:13,976 [ERROR] LogOutputStream:75 - [STDERR_REDIRECT] 
2025-08-15 22:20:14,976 [ERROR] LogOutputStream:75 - [STDERR_REDIRECT] [Fatal Error] :1:1: Premature end of file.
2025-08-15 22:20:14,976 [ERROR] LogOutputStream:75 - [STDERR_REDIRECT] 
2025-08-15 22:20:15,976 [ERROR] LogOutputStream:75 - [STDERR_REDIRECT] [Fatal Error] :1:1: Premature end of file.
2025-08-15 22:20:15,976 [ERROR] LogOutputStream:75 - [STDERR_REDIRECT] 
2025-08-15 22:20:16,977 [ERROR] LogOutputStream:75 - [STDERR_REDIRECT] [Fatal Error] :1:1: Premature end of file.
2025-08-15 22:20:16,978 [ERROR] LogOutputStream:75 - [STDERR_REDIRECT] 
2025-08-15 22:20:17,974 [ERROR] LogOutputStream:75 - [STDERR_REDIRECT] [Fatal Error] :1:1: Premature end of file.
2025-08-15 22:20:17,975 [ERROR] LogOutputStream:75 - [STDERR_REDIRECT] 
2025-08-15 22:20:18,976 [ERROR] LogOutputStream:75 - [STDERR_REDIRECT] [Fatal Error] :1:1: Premature end of file.
2025-08-15 22:20:18,976 [ERROR] LogOutputStream:75 - [STDERR_REDIRECT] 
2025-08-15 22:20:19,975 [ERROR] LogOutputStream:75 - [STDERR_REDIRECT] [Fatal Error] :1:1: Premature end of file.
2025-08-15 22:20:19,975 [ERROR] LogOutputStream:75 - [STDERR_REDIRECT] 
2025-08-15 22:20:20,976 [ERROR] LogOutputStream:75 - [STDERR_REDIRECT] [Fatal Error] :1:1: Premature end of file.
2025-08-15 22:20:20,976 [ERROR] LogOutputStream:75 - [STDERR_REDIRECT] 
2025-08-15 22:20:21,975 [ERROR] LogOutputStream:75 - [STDERR_REDIRECT] [Fatal Error] :1:1: Premature end of file.
2025-08-15 22:20:21,975 [ERROR] LogOutputStream:75 - [STDERR_REDIRECT] 
2025-08-15 22:20:22,975 [ERROR] LogOutputStream:75 - [STDERR_REDIRECT] [Fatal Error] :1:1: Premature end of file.
2025-08-15 22:20:22,975 [ERROR] LogOutputStream:75 - [STDERR_REDIRECT] 
2025-08-15 22:20:23,976 [ERROR] LogOutputStream:75 - [STDERR_REDIRECT] [Fatal Error] :1:1: Premature end of file.
2025-08-15 22:20:23,977 [ERROR] LogOutputStream:75 - [STDERR_REDIRECT] 
2025-08-15 22:20:24,976 [ERROR] LogOutputStream:75 - [STDERR_REDIRECT] [Fatal Error] :1:1: Premature end of file.
2025-08-15 22:20:24,976 [ERROR] LogOutputStream:75 - [STDERR_REDIRECT] 
2025-08-15 22:20:25,975 [ERROR] LogOutputStream:75 - [STDERR_REDIRECT] [Fatal Error] :1:1: Premature end of file.
2025-08-15 22:20:25,975 [ERROR] LogOutputStream:75 - [STDERR_REDIRECT] 
2025-08-15 22:20:26,975 [ERROR] LogOutputStream:75 - [STDERR_REDIRECT] [Fatal Error] :1:1: Premature end of file.
2025-08-15 22:20:26,975 [ERROR] LogOutputStream:75 - [STDERR_REDIRECT] 
2025-08-15 22:20:27,976 [ERROR] LogOutputStream:75 - [STDERR_REDIRECT] [Fatal Error] :1:1: Premature end of file.
2025-08-15 22:20:27,976 [ERROR] LogOutputStream:75 - [STDERR_REDIRECT] 
2025-08-15 22:20:28,975 [ERROR] LogOutputStream:75 - [STDERR_REDIRECT] [Fatal Error] :1:1: Premature end of file.
2025-08-15 22:20:28,975 [ERROR] LogOutputStream:75 - [STDERR_REDIRECT] 
2025-08-15 22:20:29,974 [ERROR] LogOutputStream:75 - [STDERR_REDIRECT] [Fatal Error] :1:1: Premature end of file.
2025-08-15 22:20:29,974 [ERROR] LogOutputStream:75 - [STDERR_REDIRECT] 
2025-08-15 22:20:30,976 [ERROR] LogOutputStream:75 - [STDERR_REDIRECT] [Fatal Error] :1:1: Premature end of file.
2025-08-15 22:20:30,976 [ERROR] LogOutputStream:75 - [STDERR_REDIRECT] 
2025-08-15 22:20:31,975 [ERROR] LogOutputStream:75 - [STDERR_REDIRECT] [Fatal Error] :1:1: Premature end of file.
2025-08-15 22:20:31,975 [ERROR] LogOutputStream:75 - [STDERR_REDIRECT] 
2025-08-15 22:20:32,977 [ERROR] LogOutputStream:75 - [STDERR_REDIRECT] [Fatal Error] :1:1: Premature end of file.
2025-08-15 22:20:32,977 [ERROR] LogOutputStream:75 - [STDERR_REDIRECT] 
2025-08-15 22:20:33,976 [ERROR] LogOutputStream:75 - [STDERR_REDIRECT] [Fatal Error] :1:1: Premature end of file.
2025-08-15 22:20:33,976 [ERROR] LogOutputStream:75 - [STDERR_REDIRECT] 
2025-08-15 22:20:34,976 [ERROR] LogOutputStream:75 - [STDERR_REDIRECT] [Fatal Error] :1:1: Premature end of file.
2025-08-15 22:20:34,976 [ERROR] LogOutputStream:75 - [STDERR_REDIRECT] 
2025-08-15 22:20:35,977 [ERROR] LogOutputStream:75 - [STDERR_REDIRECT] [Fatal Error] :1:1: Premature end of file.
2025-08-15 22:20:35,977 [ERROR] LogOutputStream:75 - [STDERR_REDIRECT] 
2025-08-15 22:20:36,974 [ERROR] LogOutputStream:75 - [STDERR_REDIRECT] [Fatal Error] :1:1: Premature end of file.
2025-08-15 22:20:36,975 [ERROR] LogOutputStream:75 - [STDERR_REDIRECT] 
2025-08-15 22:20:37,977 [ERROR] LogOutputStream:75 - [STDERR_REDIRECT] [Fatal Error] :1:1: Premature end of file.
2025-08-15 22:20:37,977 [ERROR] LogOutputStream:75 - [STDERR_REDIRECT] 
2025-08-15 22:20:38,976 [ERROR] LogOutputStream:75 - [STDERR_REDIRECT] [Fatal Error] :1:1: Premature end of file.
2025-08-15 22:20:38,976 [ERROR] LogOutputStream:75 - [STDERR_REDIRECT] 
2025-08-15 22:20:39,975 [ERROR] LogOutputStream:75 - [STDERR_REDIRECT] [Fatal Error] :1:1: Premature end of file.
2025-08-15 22:20:39,975 [ERROR] LogOutputStream:75 - [STDERR_REDIRECT] 
2025-08-15 22:20:40,975 [ERROR] LogOutputStream:75 - [STDERR_REDIRECT] [Fatal Error] :1:1: Premature end of file.
2025-08-15 22:20:40,975 [ERROR] LogOutputStream:75 - [STDERR_REDIRECT] 
2025-08-15 22:20:41,976 [ERROR] LogOutputStream:75 - [STDERR_REDIRECT] [Fatal Error] :1:1: Premature end of file.
2025-08-15 22:20:41,976 [ERROR] LogOutputStream:75 - [STDERR_REDIRECT] 
2025-08-15 22:20:42,977 [ERROR] LogOutputStream:75 - [STDERR_REDIRECT] [Fatal Error] :1:1: Premature end of file.
2025-08-15 22:20:42,977 [ERROR] LogOutputStream:75 - [STDERR_REDIRECT] 
2025-08-15 22:20:43,975 [ERROR] LogOutputStream:75 - [STDERR_REDIRECT] [Fatal Error] :1:1: Premature end of file.
2025-08-15 22:20:43,975 [ERROR] LogOutputStream:75 - [STDERR_REDIRECT] 
2025-08-15 22:20:44,976 [ERROR] LogOutputStream:75 - [STDERR_REDIRECT] [Fatal Error] :1:1: Premature end of file.
2025-08-15 22:20:44,976 [ERROR] LogOutputStream:75 - [STDERR_REDIRECT] 
2025-08-15 22:20:45,975 [ERROR] LogOutputStream:75 - [STDERR_REDIRECT] [Fatal Error] :1:1: Premature end of file.
2025-08-15 22:20:45,975 [ERROR] LogOutputStream:75 - [STDERR_REDIRECT] 
2025-08-15 22:20:46,976 [ERROR] LogOutputStream:75 - [STDERR_REDIRECT] [Fatal Error] :1:1: Premature end of file.
2025-08-15 22:20:46,976 [ERROR] LogOutputStream:75 - [STDERR_REDIRECT] 
2025-08-15 22:20:47,976 [ERROR] LogOutputStream:75 - [STDERR_REDIRECT] [Fatal Error] :1:1: Premature end of file.
2025-08-15 22:20:47,976 [ERROR] LogOutputStream:75 - [STDERR_REDIRECT] 
2025-08-15 22:20:48,976 [ERROR] LogOutputStream:75 - [STDERR_REDIRECT] [Fatal Error] :1:1: Premature end of file.
2025-08-15 22:20:48,976 [ERROR] LogOutputStream:75 - [STDERR_REDIRECT] 
2025-08-15 22:20:49,980 [ERROR] LogOutputStream:75 - [STDERR_REDIRECT] [Fatal Error] :1:1: Premature end of file.
2025-08-15 22:20:49,980 [ERROR] LogOutputStream:75 - [STDERR_REDIRECT] 
2025-08-15 22:20:50,977 [ERROR] LogOutputStream:75 - [STDERR_REDIRECT] [Fatal Error] :1:1: Premature end of file.
2025-08-15 22:20:50,977 [ERROR] LogOutputStream:75 - [STDERR_REDIRECT] 
2025-08-15 22:20:51,976 [ERROR] LogOutputStream:75 - [STDERR_REDIRECT] [Fatal Error] :1:1: Premature end of file.
2025-08-15 22:20:51,977 [ERROR] LogOutputStream:75 - [STDERR_REDIRECT] 
2025-08-15 22:20:52,976 [ERROR] LogOutputStream:75 - [STDERR_REDIRECT] [Fatal Error] :1:1: Premature end of file.
2025-08-15 22:20:52,976 [ERROR] LogOutputStream:75 - [STDERR_REDIRECT] 
2025-08-15 22:20:53,976 [ERROR] LogOutputStream:75 - [STDERR_REDIRECT] [Fatal Error] :1:1: Premature end of file.
2025-08-15 22:20:53,977 [ERROR] LogOutputStream:75 - [STDERR_REDIRECT] 
2025-08-15 22:20:54,976 [ERROR] LogOutputStream:75 - [STDERR_REDIRECT] [Fatal Error] :1:1: Premature end of file.
2025-08-15 22:20:54,976 [ERROR] LogOutputStream:75 - [STDERR_REDIRECT] 
2025-08-15 22:20:55,976 [ERROR] LogOutputStream:75 - [STDERR_REDIRECT] [Fatal Error] :1:1: Premature end of file.
2025-08-15 22:20:55,977 [ERROR] LogOutputStream:75 - [STDERR_REDIRECT] 
2025-08-15 22:20:56,975 [ERROR] LogOutputStream:75 - [STDERR_REDIRECT] [Fatal Error] :1:1: Premature end of file.
2025-08-15 22:20:56,975 [ERROR] LogOutputStream:75 - [STDERR_REDIRECT] 
2025-08-15 22:20:57,976 [ERROR] LogOutputStream:75 - [STDERR_REDIRECT] [Fatal Error] :1:1: Premature end of file.
2025-08-15 22:20:57,976 [ERROR] LogOutputStream:75 - [STDERR_REDIRECT] 
2025-08-15 22:20:58,976 [ERROR] LogOutputStream:75 - [STDERR_REDIRECT] [Fatal Error] :1:1: Premature end of file.
2025-08-15 22:20:58,976 [ERROR] LogOutputStream:75 - [STDERR_REDIRECT] 
2025-08-15 22:20:59,975 [ERROR] LogOutputStream:75 - [STDERR_REDIRECT] [Fatal Error] :1:1: Premature end of file.
2025-08-15 22:20:59,975 [ERROR] LogOutputStream:75 - [STDERR_REDIRECT] 
2025-08-15 22:21:00,975 [ERROR] LogOutputStream:75 - [STDERR_REDIRECT] [Fatal Error] :1:1: Premature end of file.
2025-08-15 22:21:00,975 [ERROR] LogOutputStream:75 - [STDERR_REDIRECT] 
2025-08-15 22:21:01,976 [ERROR] LogOutputStream:75 - [STDERR_REDIRECT] [Fatal Error] :1:1: Premature end of file.
2025-08-15 22:21:01,976 [ERROR] LogOutputStream:75 - [STDERR_REDIRECT] 
2025-08-15 22:21:02,975 [ERROR] LogOutputStream:75 - [STDERR_REDIRECT] [Fatal Error] :1:1: Premature end of file.
2025-08-15 22:21:02,975 [ERROR] LogOutputStream:75 - [STDERR_REDIRECT] 
2025-08-15 22:21:03,975 [ERROR] LogOutputStream:75 - [STDERR_REDIRECT] [Fatal Error] :1:1: Premature end of file.
2025-08-15 22:21:03,975 [ERROR] LogOutputStream:75 - [STDERR_REDIRECT] 
2025-08-15 22:21:04,978 [ERROR] LogOutputStream:75 - [STDERR_REDIRECT] [Fatal Error] :1:1: Premature end of file.
2025-08-15 22:21:04,978 [ERROR] LogOutputStream:75 - [STDERR_REDIRECT] 
2025-08-15 22:21:05,978 [ERROR] LogOutputStream:75 - [STDERR_REDIRECT] [Fatal Error] :1:1: Premature end of file.
2025-08-15 22:21:05,978 [ERROR] LogOutputStream:75 - [STDERR_REDIRECT] 
2025-08-15 22:21:06,976 [ERROR] LogOutputStream:75 - [STDERR_REDIRECT] [Fatal Error] :1:1: Premature end of file.
2025-08-15 22:21:06,976 [ERROR] LogOutputStream:75 - [STDERR_REDIRECT] 
2025-08-15 22:21:07,976 [ERROR] LogOutputStream:75 - [STDERR_REDIRECT] [Fatal Error] :1:1: Premature end of file.
2025-08-15 22:21:07,976 [ERROR] LogOutputStream:75 - [STDERR_REDIRECT] 
2025-08-15 22:21:08,976 [ERROR] LogOutputStream:75 - [STDERR_REDIRECT] [Fatal Error] :1:1: Premature end of file.
2025-08-15 22:21:08,976 [ERROR] LogOutputStream:75 - [STDERR_REDIRECT] 
2025-08-15 22:21:09,976 [ERROR] LogOutputStream:75 - [STDERR_REDIRECT] [Fatal Error] :1:1: Premature end of file.
2025-08-15 22:21:09,976 [ERROR] LogOutputStream:75 - [STDERR_REDIRECT] 
2025-08-15 22:21:10,977 [ERROR] LogOutputStream:75 - [STDERR_REDIRECT] [Fatal Error] :1:1: Premature end of file.
2025-08-15 22:21:10,977 [ERROR] LogOutputStream:75 - [STDERR_REDIRECT] 
2025-08-15 22:21:11,976 [ERROR] LogOutputStream:75 - [STDERR_REDIRECT] [Fatal Error] :1:1: Premature end of file.
2025-08-15 22:21:11,976 [ERROR] LogOutputStream:75 - [STDERR_REDIRECT] 
2025-08-15 22:21:12,975 [ERROR] LogOutputStream:75 - [STDERR_REDIRECT] [Fatal Error] :1:1: Premature end of file.
2025-08-15 22:21:12,975 [ERROR] LogOutputStream:75 - [STDERR_REDIRECT] 
2025-08-15 22:21:13,976 [ERROR] LogOutputStream:75 - [STDERR_REDIRECT] [Fatal Error] :1:1: Premature end of file.
2025-08-15 22:21:13,977 [ERROR] LogOutputStream:75 - [STDERR_REDIRECT] 
2025-08-15 22:21:14,976 [ERROR] LogOutputStream:75 - [STDERR_REDIRECT] [Fatal Error] :1:1: Premature end of file.
2025-08-15 22:21:14,976 [ERROR] LogOutputStream:75 - [STDERR_REDIRECT] 
2025-08-15 22:21:15,975 [ERROR] LogOutputStream:75 - [STDERR_REDIRECT] [Fatal Error] :1:1: Premature end of file.
2025-08-15 22:21:15,976 [ERROR] LogOutputStream:75 - [STDERR_REDIRECT] 
2025-08-15 22:21:16,976 [ERROR] LogOutputStream:75 - [STDERR_REDIRECT] [Fatal Error] :1:1: Premature end of file.
2025-08-15 22:21:16,976 [ERROR] LogOutputStream:75 - [STDERR_REDIRECT] 
2025-08-15 22:21:17,975 [ERROR] LogOutputStream:75 - [STDERR_REDIRECT] [Fatal Error] :1:1: Premature end of file.
2025-08-15 22:21:17,975 [ERROR] LogOutputStream:75 - [STDERR_REDIRECT] 
2025-08-15 22:21:18,975 [ERROR] LogOutputStream:75 - [STDERR_REDIRECT] [Fatal Error] :1:1: Premature end of file.
2025-08-15 22:21:18,975 [ERROR] LogOutputStream:75 - [STDERR_REDIRECT] 
2025-08-15 22:21:19,976 [ERROR] LogOutputStream:75 - [STDERR_REDIRECT] [Fatal Error] :1:1: Premature end of file.
2025-08-15 22:21:19,976 [ERROR] LogOutputStream:75 - [STDERR_REDIRECT] 
2025-08-15 22:21:20,976 [ERROR] LogOutputStream:75 - [STDERR_REDIRECT] [Fatal Error] :1:1: Premature end of file.
2025-08-15 22:21:20,976 [ERROR] LogOutputStream:75 - [STDERR_REDIRECT] 
2025-08-15 22:21:21,976 [ERROR] LogOutputStream:75 - [STDERR_REDIRECT] [Fatal Error] :1:1: Premature end of file.
2025-08-15 22:21:21,976 [ERROR] LogOutputStream:75 - [STDERR_REDIRECT] 
2025-08-15 22:21:22,977 [ERROR] LogOutputStream:75 - [STDERR_REDIRECT] [Fatal Error] :1:1: Premature end of file.
2025-08-15 22:21:22,977 [ERROR] LogOutputStream:75 - [STDERR_REDIRECT] 
2025-08-15 22:21:23,976 [ERROR] LogOutputStream:75 - [STDERR_REDIRECT] [Fatal Error] :1:1: Premature end of file.
2025-08-15 22:21:23,976 [ERROR] LogOutputStream:75 - [STDERR_REDIRECT] 
2025-08-15 22:21:24,975 [ERROR] LogOutputStream:75 - [STDERR_REDIRECT] [Fatal Error] :1:1: Premature end of file.
2025-08-15 22:21:24,975 [ERROR] LogOutputStream:75 - [STDERR_REDIRECT] 
2025-08-15 22:21:25,976 [ERROR] LogOutputStream:75 - [STDERR_REDIRECT] [Fatal Error] :1:1: Premature end of file.
2025-08-15 22:21:25,976 [ERROR] LogOutputStream:75 - [STDERR_REDIRECT] 
2025-08-15 22:21:26,976 [ERROR] LogOutputStream:75 - [STDERR_REDIRECT] [Fatal Error] :1:1: Premature end of file.
2025-08-15 22:21:26,976 [ERROR] LogOutputStream:75 - [STDERR_REDIRECT] 
2025-08-15 22:21:27,975 [ERROR] LogOutputStream:75 - [STDERR_REDIRECT] [Fatal Error] :1:1: Premature end of file.
2025-08-15 22:21:27,975 [ERROR] LogOutputStream:75 - [STDERR_REDIRECT] 
2025-08-15 22:21:28,976 [ERROR] LogOutputStream:75 - [STDERR_REDIRECT] [Fatal Error] :1:1: Premature end of file.
2025-08-15 22:21:28,976 [ERROR] LogOutputStream:75 - [STDERR_REDIRECT] 
2025-08-15 22:21:29,975 [ERROR] LogOutputStream:75 - [STDERR_REDIRECT] [Fatal Error] :1:1: Premature end of file.
2025-08-15 22:21:29,975 [ERROR] LogOutputStream:75 - [STDERR_REDIRECT] 
2025-08-15 22:21:30,977 [ERROR] LogOutputStream:75 - [STDERR_REDIRECT] [Fatal Error] :1:1: Premature end of file.
2025-08-15 22:21:30,977 [ERROR] LogOutputStream:75 - [STDERR_REDIRECT] 
2025-08-15 22:21:31,976 [ERROR] LogOutputStream:75 - [STDERR_REDIRECT] [Fatal Error] :1:1: Premature end of file.
2025-08-15 22:21:31,976 [ERROR] LogOutputStream:75 - [STDERR_REDIRECT] 
2025-08-15 22:21:32,977 [ERROR] LogOutputStream:75 - [STDERR_REDIRECT] [Fatal Error] :1:1: Premature end of file.
2025-08-15 22:21:32,977 [ERROR] LogOutputStream:75 - [STDERR_REDIRECT] 
2025-08-15 22:21:33,976 [ERROR] LogOutputStream:75 - [STDERR_REDIRECT] [Fatal Error] :1:1: Premature end of file.
2025-08-15 22:21:33,976 [ERROR] LogOutputStream:75 - [STDERR_REDIRECT] 
2025-08-15 22:21:34,976 [ERROR] LogOutputStream:75 - [STDERR_REDIRECT] [Fatal Error] :1:1: Premature end of file.
2025-08-15 22:21:34,976 [ERROR] LogOutputStream:75 - [STDERR_REDIRECT] 
2025-08-15 22:21:35,976 [ERROR] LogOutputStream:75 - [STDERR_REDIRECT] [Fatal Error] :1:1: Premature end of file.
2025-08-15 22:21:35,976 [ERROR] LogOutputStream:75 - [STDERR_REDIRECT] 
2025-08-15 22:21:36,976 [ERROR] LogOutputStream:75 - [STDERR_REDIRECT] [Fatal Error] :1:1: Premature end of file.
2025-08-15 22:21:36,976 [ERROR] LogOutputStream:75 - [STDERR_REDIRECT] 
2025-08-15 22:21:37,976 [ERROR] LogOutputStream:75 - [STDERR_REDIRECT] [Fatal Error] :1:1: Premature end of file.
2025-08-15 22:21:37,976 [ERROR] LogOutputStream:75 - [STDERR_REDIRECT] 
2025-08-15 22:21:38,977 [ERROR] LogOutputStream:75 - [STDERR_REDIRECT] [Fatal Error] :1:1: Premature end of file.
2025-08-15 22:21:38,977 [ERROR] LogOutputStream:75 - [STDERR_REDIRECT] 
2025-08-15 22:21:39,977 [ERROR] LogOutputStream:75 - [STDERR_REDIRECT] [Fatal Error] :1:1: Premature end of file.
2025-08-15 22:21:39,977 [ERROR] LogOutputStream:75 - [STDERR_REDIRECT] 
2025-08-15 22:21:40,975 [ERROR] LogOutputStream:75 - [STDERR_REDIRECT] [Fatal Error] :1:1: Premature end of file.
2025-08-15 22:21:40,975 [ERROR] LogOutputStream:75 - [STDERR_REDIRECT] 
2025-08-15 22:21:41,977 [ERROR] LogOutputStream:75 - [STDERR_REDIRECT] [Fatal Error] :1:1: Premature end of file.
2025-08-15 22:21:41,977 [ERROR] LogOutputStream:75 - [STDERR_REDIRECT] 
2025-08-15 22:21:42,977 [ERROR] LogOutputStream:75 - [STDERR_REDIRECT] [Fatal Error] :1:1: Premature end of file.
2025-08-15 22:21:42,977 [ERROR] LogOutputStream:75 - [STDERR_REDIRECT] 
2025-08-15 22:21:43,976 [ERROR] LogOutputStream:75 - [STDERR_REDIRECT] [Fatal Error] :1:1: Premature end of file.
2025-08-15 22:21:43,976 [ERROR] LogOutputStream:75 - [STDERR_REDIRECT] 
2025-08-15 22:21:44,976 [ERROR] LogOutputStream:75 - [STDERR_REDIRECT] [Fatal Error] :1:1: Premature end of file.
2025-08-15 22:21:44,976 [ERROR] LogOutputStream:75 - [STDERR_REDIRECT] 
2025-08-15 22:21:45,976 [ERROR] LogOutputStream:75 - [STDERR_REDIRECT] [Fatal Error] :1:1: Premature end of file.
2025-08-15 22:21:45,976 [ERROR] LogOutputStream:75 - [STDERR_REDIRECT] 
2025-08-15 22:21:46,976 [ERROR] LogOutputStream:75 - [STDERR_REDIRECT] [Fatal Error] :1:1: Premature end of file.
2025-08-15 22:21:46,976 [ERROR] LogOutputStream:75 - [STDERR_REDIRECT] 
2025-08-15 22:21:47,976 [ERROR] LogOutputStream:75 - [STDERR_REDIRECT] [Fatal Error] :1:1: Premature end of file.
2025-08-15 22:21:47,976 [ERROR] LogOutputStream:75 - [STDERR_REDIRECT] 
2025-08-15 22:21:48,976 [ERROR] LogOutputStream:75 - [STDERR_REDIRECT] [Fatal Error] :1:1: Premature end of file.
2025-08-15 22:21:48,976 [ERROR] LogOutputStream:75 - [STDERR_REDIRECT] 
2025-08-15 22:21:49,975 [ERROR] LogOutputStream:75 - [STDERR_REDIRECT] [Fatal Error] :1:1: Premature end of file.
2025-08-15 22:21:49,975 [ERROR] LogOutputStream:75 - [STDERR_REDIRECT] 
2025-08-15 22:21:50,975 [ERROR] LogOutputStream:75 - [STDERR_REDIRECT] [Fatal Error] :1:1: Premature end of file.
2025-08-15 22:21:50,975 [ERROR] LogOutputStream:75 - [STDERR_REDIRECT] 
2025-08-15 22:21:51,976 [ERROR] LogOutputStream:75 - [STDERR_REDIRECT] [Fatal Error] :1:1: Premature end of file.
2025-08-15 22:21:51,977 [ERROR] LogOutputStream:75 - [STDERR_REDIRECT] 
2025-08-15 22:21:52,976 [ERROR] LogOutputStream:75 - [STDERR_REDIRECT] [Fatal Error] :1:1: Premature end of file.
2025-08-15 22:21:52,976 [ERROR] LogOutputStream:75 - [STDERR_REDIRECT] 
2025-08-15 22:21:53,975 [ERROR] LogOutputStream:75 - [STDERR_REDIRECT] [Fatal Error] :1:1: Premature end of file.
2025-08-15 22:21:53,976 [ERROR] LogOutputStream:75 - [STDERR_REDIRECT] 
2025-08-15 22:21:54,977 [ERROR] LogOutputStream:75 - [STDERR_REDIRECT] [Fatal Error] :1:1: Premature end of file.
2025-08-15 22:21:54,977 [ERROR] LogOutputStream:75 - [STDERR_REDIRECT] 
2025-08-15 22:21:55,975 [ERROR] LogOutputStream:75 - [STDERR_REDIRECT] [Fatal Error] :1:1: Premature end of file.
2025-08-15 22:21:55,976 [ERROR] LogOutputStream:75 - [STDERR_REDIRECT] 
2025-08-15 22:21:56,977 [ERROR] LogOutputStream:75 - [STDERR_REDIRECT] [Fatal Error] :1:1: Premature end of file.
2025-08-15 22:21:56,977 [ERROR] LogOutputStream:75 - [STDERR_REDIRECT] 
2025-08-15 22:21:57,975 [ERROR] LogOutputStream:75 - [STDERR_REDIRECT] [Fatal Error] :1:1: Premature end of file.
2025-08-15 22:21:57,975 [ERROR] LogOutputStream:75 - [STDERR_REDIRECT] 
2025-08-15 22:21:58,976 [ERROR] LogOutputStream:75 - [STDERR_REDIRECT] [Fatal Error] :1:1: Premature end of file.
2025-08-15 22:21:58,976 [ERROR] LogOutputStream:75 - [STDERR_REDIRECT] 
2025-08-15 22:21:59,977 [ERROR] LogOutputStream:75 - [STDERR_REDIRECT] [Fatal Error] :1:1: Premature end of file.
2025-08-15 22:21:59,977 [ERROR] LogOutputStream:75 - [STDERR_REDIRECT] 
2025-08-15 22:22:00,976 [ERROR] LogOutputStream:75 - [STDERR_REDIRECT] [Fatal Error] :1:1: Premature end of file.
2025-08-15 22:22:00,976 [ERROR] LogOutputStream:75 - [STDERR_REDIRECT] 
2025-08-15 22:22:01,976 [ERROR] LogOutputStream:75 - [STDERR_REDIRECT] [Fatal Error] :1:1: Premature end of file.
2025-08-15 22:22:01,976 [ERROR] LogOutputStream:75 - [STDERR_REDIRECT] 
2025-08-15 22:22:02,976 [ERROR] LogOutputStream:75 - [STDERR_REDIRECT] [Fatal Error] :1:1: Premature end of file.
2025-08-15 22:22:02,977 [ERROR] LogOutputStream:75 - [STDERR_REDIRECT] 
2025-08-15 22:22:03,975 [ERROR] LogOutputStream:75 - [STDERR_REDIRECT] [Fatal Error] :1:1: Premature end of file.
2025-08-15 22:22:03,975 [ERROR] LogOutputStream:75 - [STDERR_REDIRECT] 
2025-08-15 22:22:04,978 [ERROR] LogOutputStream:75 - [STDERR_REDIRECT] [Fatal Error] :1:1: Premature end of file.
2025-08-15 22:22:04,978 [ERROR] LogOutputStream:75 - [STDERR_REDIRECT] 
2025-08-15 22:22:05,976 [ERROR] LogOutputStream:75 - [STDERR_REDIRECT] [Fatal Error] :1:1: Premature end of file.
2025-08-15 22:22:05,977 [ERROR] LogOutputStream:75 - [STDERR_REDIRECT] 
2025-08-15 22:22:06,975 [ERROR] LogOutputStream:75 - [STDERR_REDIRECT] [Fatal Error] :1:1: Premature end of file.
2025-08-15 22:22:06,975 [ERROR] LogOutputStream:75 - [STDERR_REDIRECT] 
2025-08-15 22:22:07,977 [ERROR] LogOutputStream:75 - [STDERR_REDIRECT] [Fatal Error] :1:1: Premature end of file.
2025-08-15 22:22:07,977 [ERROR] LogOutputStream:75 - [STDERR_REDIRECT] 
2025-08-15 22:22:08,974 [ERROR] LogOutputStream:75 - [STDERR_REDIRECT] [Fatal Error] :1:1: Premature end of file.
2025-08-15 22:22:08,975 [ERROR] LogOutputStream:75 - [STDERR_REDIRECT] 
2025-08-15 22:22:09,976 [ERROR] LogOutputStream:75 - [STDERR_REDIRECT] [Fatal Error] :1:1: Premature end of file.
2025-08-15 22:22:09,976 [ERROR] LogOutputStream:75 - [STDERR_REDIRECT] 
2025-08-15 22:22:10,975 [ERROR] LogOutputStream:75 - [STDERR_REDIRECT] [Fatal Error] :1:1: Premature end of file.
2025-08-15 22:22:10,975 [ERROR] LogOutputStream:75 - [STDERR_REDIRECT] 
2025-08-15 22:22:11,974 [ERROR] LogOutputStream:75 - [STDERR_REDIRECT] [Fatal Error] :1:1: Premature end of file.
2025-08-15 22:22:11,975 [ERROR] LogOutputStream:75 - [STDERR_REDIRECT] 
2025-08-15 22:22:12,977 [ERROR] LogOutputStream:75 - [STDERR_REDIRECT] [Fatal Error] :1:1: Premature end of file.
2025-08-15 22:22:12,977 [ERROR] LogOutputStream:75 - [STDERR_REDIRECT] 
2025-08-15 22:22:13,976 [ERROR] LogOutputStream:75 - [STDERR_REDIRECT] [Fatal Error] :1:1: Premature end of file.
2025-08-15 22:22:13,976 [ERROR] LogOutputStream:75 - [STDERR_REDIRECT] 
2025-08-15 22:22:14,976 [ERROR] LogOutputStream:75 - [STDERR_REDIRECT] [Fatal Error] :1:1: Premature end of file.
2025-08-15 22:22:14,977 [ERROR] LogOutputStream:75 - [STDERR_REDIRECT] 
2025-08-15 22:22:15,977 [ERROR] LogOutputStream:75 - [STDERR_REDIRECT] [Fatal Error] :1:1: Premature end of file.
2025-08-15 22:22:15,977 [ERROR] LogOutputStream:75 - [STDERR_REDIRECT] 
2025-08-15 22:22:16,977 [ERROR] LogOutputStream:75 - [STDERR_REDIRECT] [Fatal Error] :1:1: Premature end of file.
2025-08-15 22:22:16,977 [ERROR] LogOutputStream:75 - [STDERR_REDIRECT] 
2025-08-15 22:22:17,975 [ERROR] LogOutputStream:75 - [STDERR_REDIRECT] [Fatal Error] :1:1: Premature end of file.
2025-08-15 22:22:17,975 [ERROR] LogOutputStream:75 - [STDERR_REDIRECT] 
2025-08-15 22:22:18,975 [ERROR] LogOutputStream:75 - [STDERR_REDIRECT] [Fatal Error] :1:1: Premature end of file.
2025-08-15 22:22:18,976 [ERROR] LogOutputStream:75 - [STDERR_REDIRECT] 
2025-08-15 22:22:19,976 [ERROR] LogOutputStream:75 - [STDERR_REDIRECT] [Fatal Error] :1:1: Premature end of file.
2025-08-15 22:22:19,976 [ERROR] LogOutputStream:75 - [STDERR_REDIRECT] 
2025-08-15 22:22:20,975 [ERROR] LogOutputStream:75 - [STDERR_REDIRECT] [Fatal Error] :1:1: Premature end of file.
2025-08-15 22:22:20,976 [ERROR] LogOutputStream:75 - [STDERR_REDIRECT] 
2025-08-15 22:22:21,976 [ERROR] LogOutputStream:75 - [STDERR_REDIRECT] [Fatal Error] :1:1: Premature end of file.
2025-08-15 22:22:21,976 [ERROR] LogOutputStream:75 - [STDERR_REDIRECT] 
2025-08-15 22:22:22,976 [ERROR] LogOutputStream:75 - [STDERR_REDIRECT] [Fatal Error] :1:1: Premature end of file.
2025-08-15 22:22:22,976 [ERROR] LogOutputStream:75 - [STDERR_REDIRECT] 
2025-08-15 22:22:23,976 [ERROR] LogOutputStream:75 - [STDERR_REDIRECT] [Fatal Error] :1:1: Premature end of file.
2025-08-15 22:22:23,976 [ERROR] LogOutputStream:75 - [STDERR_REDIRECT] 
2025-08-15 22:22:24,974 [ERROR] LogOutputStream:75 - [STDERR_REDIRECT] [Fatal Error] :1:1: Premature end of file.
2025-08-15 22:22:24,975 [ERROR] LogOutputStream:75 - [STDERR_REDIRECT] 
2025-08-15 22:22:25,975 [ERROR] LogOutputStream:75 - [STDERR_REDIRECT] [Fatal Error] :1:1: Premature end of file.
2025-08-15 22:22:25,975 [ERROR] LogOutputStream:75 - [STDERR_REDIRECT] 
2025-08-15 22:22:26,976 [ERROR] LogOutputStream:75 - [STDERR_REDIRECT] [Fatal Error] :1:1: Premature end of file.
2025-08-15 22:22:26,976 [ERROR] LogOutputStream:75 - [STDERR_REDIRECT] 
2025-08-15 22:22:27,976 [ERROR] LogOutputStream:75 - [STDERR_REDIRECT] [Fatal Error] :1:1: Premature end of file.
2025-08-15 22:22:27,976 [ERROR] LogOutputStream:75 - [STDERR_REDIRECT] 
2025-08-15 22:22:28,976 [ERROR] LogOutputStream:75 - [STDERR_REDIRECT] [Fatal Error] :1:1: Premature end of file.
2025-08-15 22:22:28,976 [ERROR] LogOutputStream:75 - [STDERR_REDIRECT] 
2025-08-15 22:22:29,977 [ERROR] LogOutputStream:75 - [STDERR_REDIRECT] [Fatal Error] :1:1: Premature end of file.
2025-08-15 22:22:29,978 [ERROR] LogOutputStream:75 - [STDERR_REDIRECT] 
2025-08-15 22:22:30,977 [ERROR] LogOutputStream:75 - [STDERR_REDIRECT] [Fatal Error] :1:1: Premature end of file.
2025-08-15 22:22:30,977 [ERROR] LogOutputStream:75 - [STDERR_REDIRECT] 
2025-08-15 22:22:31,976 [ERROR] LogOutputStream:75 - [STDERR_REDIRECT] [Fatal Error] :1:1: Premature end of file.
2025-08-15 22:22:31,976 [ERROR] LogOutputStream:75 - [STDERR_REDIRECT] 
2025-08-15 22:22:32,976 [ERROR] LogOutputStream:75 - [STDERR_REDIRECT] [Fatal Error] :1:1: Premature end of file.
2025-08-15 22:22:32,976 [ERROR] LogOutputStream:75 - [STDERR_REDIRECT] 
2025-08-15 22:22:33,977 [ERROR] LogOutputStream:75 - [STDERR_REDIRECT] [Fatal Error] :1:1: Premature end of file.
2025-08-15 22:22:33,977 [ERROR] LogOutputStream:75 - [STDERR_REDIRECT] 
2025-08-15 22:22:34,977 [ERROR] LogOutputStream:75 - [STDERR_REDIRECT] [Fatal Error] :1:1: Premature end of file.
2025-08-15 22:22:34,977 [ERROR] LogOutputStream:75 - [STDERR_REDIRECT] 
2025-08-15 22:22:35,976 [ERROR] LogOutputStream:75 - [STDERR_REDIRECT] [Fatal Error] :1:1: Premature end of file.
2025-08-15 22:22:35,976 [ERROR] LogOutputStream:75 - [STDERR_REDIRECT] 
2025-08-15 22:22:36,976 [ERROR] LogOutputStream:75 - [STDERR_REDIRECT] [Fatal Error] :1:1: Premature end of file.
2025-08-15 22:22:36,976 [ERROR] LogOutputStream:75 - [STDERR_REDIRECT] 
2025-08-15 22:22:37,976 [ERROR] LogOutputStream:75 - [STDERR_REDIRECT] [Fatal Error] :1:1: Premature end of file.
2025-08-15 22:22:37,976 [ERROR] LogOutputStream:75 - [STDERR_REDIRECT] 
2025-08-15 22:22:38,976 [ERROR] LogOutputStream:75 - [STDERR_REDIRECT] [Fatal Error] :1:1: Premature end of file.
2025-08-15 22:22:38,976 [ERROR] LogOutputStream:75 - [STDERR_REDIRECT] 
2025-08-15 22:22:39,976 [ERROR] LogOutputStream:75 - [STDERR_REDIRECT] [Fatal Error] :1:1: Premature end of file.
2025-08-15 22:22:39,976 [ERROR] LogOutputStream:75 - [STDERR_REDIRECT] 
2025-08-15 22:22:40,976 [ERROR] LogOutputStream:75 - [STDERR_REDIRECT] [Fatal Error] :1:1: Premature end of file.
2025-08-15 22:22:40,976 [ERROR] LogOutputStream:75 - [STDERR_REDIRECT] 
2025-08-15 22:22:41,975 [ERROR] LogOutputStream:75 - [STDERR_REDIRECT] [Fatal Error] :1:1: Premature end of file.
2025-08-15 22:22:41,975 [ERROR] LogOutputStream:75 - [STDERR_REDIRECT] 
2025-08-15 22:22:42,977 [ERROR] LogOutputStream:75 - [STDERR_REDIRECT] [Fatal Error] :1:1: Premature end of file.
2025-08-15 22:22:42,977 [ERROR] LogOutputStream:75 - [STDERR_REDIRECT] 
2025-08-15 22:22:43,974 [ERROR] LogOutputStream:75 - [STDERR_REDIRECT] [Fatal Error] :1:1: Premature end of file.
2025-08-15 22:22:43,974 [ERROR] LogOutputStream:75 - [STDERR_REDIRECT] 
2025-08-15 22:22:44,976 [ERROR] LogOutputStream:75 - [STDERR_REDIRECT] [Fatal Error] :1:1: Premature end of file.
2025-08-15 22:22:44,976 [ERROR] LogOutputStream:75 - [STDERR_REDIRECT] 
2025-08-15 22:22:45,975 [ERROR] LogOutputStream:75 - [STDERR_REDIRECT] [Fatal Error] :1:1: Premature end of file.
2025-08-15 22:22:45,975 [ERROR] LogOutputStream:75 - [STDERR_REDIRECT] 
2025-08-15 22:22:46,976 [ERROR] LogOutputStream:75 - [STDERR_REDIRECT] [Fatal Error] :1:1: Premature end of file.
2025-08-15 22:22:46,976 [ERROR] LogOutputStream:75 - [STDERR_REDIRECT] 
2025-08-15 22:22:47,977 [ERROR] LogOutputStream:75 - [STDERR_REDIRECT] [Fatal Error] :1:1: Premature end of file.
2025-08-15 22:22:47,977 [ERROR] LogOutputStream:75 - [STDERR_REDIRECT] 
2025-08-15 22:22:48,976 [ERROR] LogOutputStream:75 - [STDERR_REDIRECT] [Fatal Error] :1:1: Premature end of file.
2025-08-15 22:22:48,976 [ERROR] LogOutputStream:75 - [STDERR_REDIRECT] 
2025-08-15 22:22:49,975 [ERROR] LogOutputStream:75 - [STDERR_REDIRECT] [Fatal Error] :1:1: Premature end of file.
2025-08-15 22:22:49,975 [ERROR] LogOutputStream:75 - [STDERR_REDIRECT] 
2025-08-15 22:22:50,977 [ERROR] LogOutputStream:75 - [STDERR_REDIRECT] [Fatal Error] :1:1: Premature end of file.
2025-08-15 22:22:50,977 [ERROR] LogOutputStream:75 - [STDERR_REDIRECT] 
2025-08-15 22:22:51,975 [ERROR] LogOutputStream:75 - [STDERR_REDIRECT] [Fatal Error] :1:1: Premature end of file.
2025-08-15 22:22:51,975 [ERROR] LogOutputStream:75 - [STDERR_REDIRECT] 
2025-08-15 22:22:52,975 [ERROR] LogOutputStream:75 - [STDERR_REDIRECT] [Fatal Error] :1:1: Premature end of file.
2025-08-15 22:22:52,975 [ERROR] LogOutputStream:75 - [STDERR_REDIRECT] 
2025-08-15 22:22:53,977 [ERROR] LogOutputStream:75 - [STDERR_REDIRECT] [Fatal Error] :1:1: Premature end of file.
2025-08-15 22:22:53,977 [ERROR] LogOutputStream:75 - [STDERR_REDIRECT] 
2025-08-15 22:22:54,976 [ERROR] LogOutputStream:75 - [STDERR_REDIRECT] [Fatal Error] :1:1: Premature end of file.
2025-08-15 22:22:54,976 [ERROR] LogOutputStream:75 - [STDERR_REDIRECT] 
2025-08-15 22:22:55,976 [ERROR] LogOutputStream:75 - [STDERR_REDIRECT] [Fatal Error] :1:1: Premature end of file.
2025-08-15 22:22:55,976 [ERROR] LogOutputStream:75 - [STDERR_REDIRECT] 
2025-08-15 22:22:56,977 [ERROR] LogOutputStream:75 - [STDERR_REDIRECT] [Fatal Error] :1:1: Premature end of file.
2025-08-15 22:22:56,977 [ERROR] LogOutputStream:75 - [STDERR_REDIRECT] 
2025-08-15 22:22:57,975 [ERROR] LogOutputStream:75 - [STDERR_REDIRECT] [Fatal Error] :1:1: Premature end of file.
2025-08-15 22:22:57,975 [ERROR] LogOutputStream:75 - [STDERR_REDIRECT] 
2025-08-15 22:22:58,975 [ERROR] LogOutputStream:75 - [STDERR_REDIRECT] [Fatal Error] :1:1: Premature end of file.
2025-08-15 22:22:58,975 [ERROR] LogOutputStream:75 - [STDERR_REDIRECT] 
2025-08-15 22:22:59,977 [ERROR] LogOutputStream:75 - [STDERR_REDIRECT] [Fatal Error] :1:1: Premature end of file.
2025-08-15 22:22:59,977 [ERROR] LogOutputStream:75 - [STDERR_REDIRECT] 
2025-08-15 22:23:00,975 [ERROR] LogOutputStream:75 - [STDERR_REDIRECT] [Fatal Error] :1:1: Premature end of file.
2025-08-15 22:23:00,975 [ERROR] LogOutputStream:75 - [STDERR_REDIRECT] 
2025-08-15 22:23:01,976 [ERROR] LogOutputStream:75 - [STDERR_REDIRECT] [Fatal Error] :1:1: Premature end of file.
2025-08-15 22:23:01,976 [ERROR] LogOutputStream:75 - [STDERR_REDIRECT] 
2025-08-15 22:23:02,976 [ERROR] LogOutputStream:75 - [STDERR_REDIRECT] [Fatal Error] :1:1: Premature end of file.
2025-08-15 22:23:02,976 [ERROR] LogOutputStream:75 - [STDERR_REDIRECT] 
2025-08-15 22:23:03,975 [ERROR] LogOutputStream:75 - [STDERR_REDIRECT] [Fatal Error] :1:1: Premature end of file.
2025-08-15 22:23:03,975 [ERROR] LogOutputStream:75 - [STDERR_REDIRECT] 
2025-08-15 22:23:04,978 [ERROR] LogOutputStream:75 - [STDERR_REDIRECT] [Fatal Error] :1:1: Premature end of file.
2025-08-15 22:23:04,978 [ERROR] LogOutputStream:75 - [STDERR_REDIRECT] 
2025-08-15 22:23:05,975 [ERROR] LogOutputStream:75 - [STDERR_REDIRECT] [Fatal Error] :1:1: Premature end of file.
2025-08-15 22:23:05,975 [ERROR] LogOutputStream:75 - [STDERR_REDIRECT] 
2025-08-15 22:23:06,977 [ERROR] LogOutputStream:75 - [STDERR_REDIRECT] [Fatal Error] :1:1: Premature end of file.
2025-08-15 22:23:06,977 [ERROR] LogOutputStream:75 - [STDERR_REDIRECT] 
2025-08-15 22:23:07,975 [ERROR] LogOutputStream:75 - [STDERR_REDIRECT] [Fatal Error] :1:1: Premature end of file.
2025-08-15 22:23:07,975 [ERROR] LogOutputStream:75 - [STDERR_REDIRECT] 
2025-08-15 22:23:08,975 [ERROR] LogOutputStream:75 - [STDERR_REDIRECT] [Fatal Error] :1:1: Premature end of file.
2025-08-15 22:23:08,976 [ERROR] LogOutputStream:75 - [STDERR_REDIRECT] 
2025-08-15 22:23:09,977 [ERROR] LogOutputStream:75 - [STDERR_REDIRECT] [Fatal Error] :1:1: Premature end of file.
2025-08-15 22:23:09,977 [ERROR] LogOutputStream:75 - [STDERR_REDIRECT] 
2025-08-15 22:23:10,977 [ERROR] LogOutputStream:75 - [STDERR_REDIRECT] [Fatal Error] :1:1: Premature end of file.
2025-08-15 22:23:10,977 [ERROR] LogOutputStream:75 - [STDERR_REDIRECT] 
2025-08-15 22:23:11,977 [ERROR] LogOutputStream:75 - [STDERR_REDIRECT] [Fatal Error] :1:1: Premature end of file.
2025-08-15 22:23:11,977 [ERROR] LogOutputStream:75 - [STDERR_REDIRECT] 
2025-08-15 22:23:12,975 [ERROR] LogOutputStream:75 - [STDERR_REDIRECT] [Fatal Error] :1:1: Premature end of file.
2025-08-15 22:23:12,975 [ERROR] LogOutputStream:75 - [STDERR_REDIRECT] 
2025-08-15 22:23:13,977 [ERROR] LogOutputStream:75 - [STDERR_REDIRECT] [Fatal Error] :1:1: Premature end of file.
2025-08-15 22:23:13,977 [ERROR] LogOutputStream:75 - [STDERR_REDIRECT] 
2025-08-15 22:23:14,975 [ERROR] LogOutputStream:75 - [STDERR_REDIRECT] [Fatal Error] :1:1: Premature end of file.
2025-08-15 22:23:14,975 [ERROR] LogOutputStream:75 - [STDERR_REDIRECT] 
2025-08-15 22:23:15,977 [ERROR] LogOutputStream:75 - [STDERR_REDIRECT] [Fatal Error] :1:1: Premature end of file.
2025-08-15 22:23:15,977 [ERROR] LogOutputStream:75 - [STDERR_REDIRECT] 
2025-08-15 22:23:16,975 [ERROR] LogOutputStream:75 - [STDERR_REDIRECT] [Fatal Error] :1:1: Premature end of file.
2025-08-15 22:23:16,975 [ERROR] LogOutputStream:75 - [STDERR_REDIRECT] 
2025-08-15 22:23:17,978 [ERROR] LogOutputStream:75 - [STDERR_REDIRECT] [Fatal Error] :1:1: Premature end of file.
2025-08-15 22:23:17,978 [ERROR] LogOutputStream:75 - [STDERR_REDIRECT] 
2025-08-15 22:23:18,976 [ERROR] LogOutputStream:75 - [STDERR_REDIRECT] [Fatal Error] :1:1: Premature end of file.
2025-08-15 22:23:18,977 [ERROR] LogOutputStream:75 - [STDERR_REDIRECT] 
2025-08-15 22:23:19,975 [ERROR] LogOutputStream:75 - [STDERR_REDIRECT] [Fatal Error] :1:1: Premature end of file.
2025-08-15 22:23:19,975 [ERROR] LogOutputStream:75 - [STDERR_REDIRECT] 
2025-08-15 22:23:20,977 [ERROR] LogOutputStream:75 - [STDERR_REDIRECT] [Fatal Error] :1:1: Premature end of file.
2025-08-15 22:23:20,977 [ERROR] LogOutputStream:75 - [STDERR_REDIRECT] 
2025-08-15 22:23:21,976 [ERROR] LogOutputStream:75 - [STDERR_REDIRECT] [Fatal Error] :1:1: Premature end of file.
2025-08-15 22:23:21,976 [ERROR] LogOutputStream:75 - [STDERR_REDIRECT] 
2025-08-15 22:23:22,977 [ERROR] LogOutputStream:75 - [STDERR_REDIRECT] [Fatal Error] :1:1: Premature end of file.
2025-08-15 22:23:22,977 [ERROR] LogOutputStream:75 - [STDERR_REDIRECT] 
2025-08-15 22:23:23,977 [ERROR] LogOutputStream:75 - [STDERR_REDIRECT] [Fatal Error] :1:1: Premature end of file.
2025-08-15 22:23:23,977 [ERROR] LogOutputStream:75 - [STDERR_REDIRECT] 
2025-08-15 22:23:24,977 [ERROR] LogOutputStream:75 - [STDERR_REDIRECT] [Fatal Error] :1:1: Premature end of file.
2025-08-15 22:23:24,977 [ERROR] LogOutputStream:75 - [STDERR_REDIRECT] 
2025-08-15 22:23:25,975 [ERROR] LogOutputStream:75 - [STDERR_REDIRECT] [Fatal Error] :1:1: Premature end of file.
2025-08-15 22:23:25,975 [ERROR] LogOutputStream:75 - [STDERR_REDIRECT] 
2025-08-15 22:23:26,976 [ERROR] LogOutputStream:75 - [STDERR_REDIRECT] [Fatal Error] :1:1: Premature end of file.
2025-08-15 22:23:26,977 [ERROR] LogOutputStream:75 - [STDERR_REDIRECT] 
2025-08-15 22:23:27,975 [ERROR] LogOutputStream:75 - [STDERR_REDIRECT] [Fatal Error] :1:1: Premature end of file.
2025-08-15 22:23:27,975 [ERROR] LogOutputStream:75 - [STDERR_REDIRECT] 
2025-08-15 22:23:28,976 [ERROR] LogOutputStream:75 - [STDERR_REDIRECT] [Fatal Error] :1:1: Premature end of file.
2025-08-15 22:23:28,976 [ERROR] LogOutputStream:75 - [STDERR_REDIRECT] 
2025-08-15 22:23:29,975 [ERROR] LogOutputStream:75 - [STDERR_REDIRECT] [Fatal Error] :1:1: Premature end of file.
2025-08-15 22:23:29,975 [ERROR] LogOutputStream:75 - [STDERR_REDIRECT] 
2025-08-15 22:23:30,976 [ERROR] LogOutputStream:75 - [STDERR_REDIRECT] [Fatal Error] :1:1: Premature end of file.
2025-08-15 22:23:30,976 [ERROR] LogOutputStream:75 - [STDERR_REDIRECT] 
2025-08-15 22:23:31,976 [ERROR] LogOutputStream:75 - [STDERR_REDIRECT] [Fatal Error] :1:1: Premature end of file.
2025-08-15 22:23:31,976 [ERROR] LogOutputStream:75 - [STDERR_REDIRECT] 
2025-08-15 22:23:32,977 [ERROR] LogOutputStream:75 - [STDERR_REDIRECT] [Fatal Error] :1:1: Premature end of file.
2025-08-15 22:23:32,977 [ERROR] LogOutputStream:75 - [STDERR_REDIRECT] 
2025-08-15 22:23:33,976 [ERROR] LogOutputStream:75 - [STDERR_REDIRECT] [Fatal Error] :1:1: Premature end of file.
2025-08-15 22:23:33,976 [ERROR] LogOutputStream:75 - [STDERR_REDIRECT] 
2025-08-15 22:23:34,976 [ERROR] LogOutputStream:75 - [STDERR_REDIRECT] [Fatal Error] :1:1: Premature end of file.
2025-08-15 22:23:34,977 [ERROR] LogOutputStream:75 - [STDERR_REDIRECT] 
2025-08-15 22:23:35,975 [ERROR] LogOutputStream:75 - [STDERR_REDIRECT] [Fatal Error] :1:1: Premature end of file.
2025-08-15 22:23:35,975 [ERROR] LogOutputStream:75 - [STDERR_REDIRECT] 
2025-08-15 22:23:36,977 [ERROR] LogOutputStream:75 - [STDERR_REDIRECT] [Fatal Error] :1:1: Premature end of file.
2025-08-15 22:23:36,977 [ERROR] LogOutputStream:75 - [STDERR_REDIRECT] 
2025-08-15 22:23:37,976 [ERROR] LogOutputStream:75 - [STDERR_REDIRECT] [Fatal Error] :1:1: Premature end of file.
2025-08-15 22:23:37,976 [ERROR] LogOutputStream:75 - [STDERR_REDIRECT] 
2025-08-15 22:23:38,975 [ERROR] LogOutputStream:75 - [STDERR_REDIRECT] [Fatal Error] :1:1: Premature end of file.
2025-08-15 22:23:38,975 [ERROR] LogOutputStream:75 - [STDERR_REDIRECT] 
2025-08-15 22:23:39,975 [ERROR] LogOutputStream:75 - [STDERR_REDIRECT] [Fatal Error] :1:1: Premature end of file.
2025-08-15 22:23:39,975 [ERROR] LogOutputStream:75 - [STDERR_REDIRECT] 
2025-08-15 22:23:40,977 [ERROR] LogOutputStream:75 - [STDERR_REDIRECT] [Fatal Error] :1:1: Premature end of file.
2025-08-15 22:23:40,977 [ERROR] LogOutputStream:75 - [STDERR_REDIRECT] 
2025-08-15 22:23:41,976 [ERROR] LogOutputStream:75 - [STDERR_REDIRECT] [Fatal Error] :1:1: Premature end of file.
2025-08-15 22:23:41,976 [ERROR] LogOutputStream:75 - [STDERR_REDIRECT] 
2025-08-15 22:23:42,977 [ERROR] LogOutputStream:75 - [STDERR_REDIRECT] [Fatal Error] :1:1: Premature end of file.
2025-08-15 22:23:42,977 [ERROR] LogOutputStream:75 - [STDERR_REDIRECT] 
2025-08-15 22:23:43,975 [ERROR] LogOutputStream:75 - [STDERR_REDIRECT] [Fatal Error] :1:1: Premature end of file.
2025-08-15 22:23:43,975 [ERROR] LogOutputStream:75 - [STDERR_REDIRECT] 
2025-08-15 22:23:44,977 [ERROR] LogOutputStream:75 - [STDERR_REDIRECT] [Fatal Error] :1:1: Premature end of file.
2025-08-15 22:23:44,977 [ERROR] LogOutputStream:75 - [STDERR_REDIRECT] 
2025-08-15 22:23:45,976 [ERROR] LogOutputStream:75 - [STDERR_REDIRECT] [Fatal Error] :1:1: Premature end of file.
2025-08-15 22:23:45,976 [ERROR] LogOutputStream:75 - [STDERR_REDIRECT] 
2025-08-15 22:23:46,976 [ERROR] LogOutputStream:75 - [STDERR_REDIRECT] [Fatal Error] :1:1: Premature end of file.
2025-08-15 22:23:46,976 [ERROR] LogOutputStream:75 - [STDERR_REDIRECT] 
2025-08-15 22:23:47,976 [ERROR] LogOutputStream:75 - [STDERR_REDIRECT] [Fatal Error] :1:1: Premature end of file.
2025-08-15 22:23:47,976 [ERROR] LogOutputStream:75 - [STDERR_REDIRECT] 
2025-08-15 22:23:48,976 [ERROR] LogOutputStream:75 - [STDERR_REDIRECT] [Fatal Error] :1:1: Premature end of file.
2025-08-15 22:23:48,976 [ERROR] LogOutputStream:75 - [STDERR_REDIRECT] 
2025-08-15 22:23:49,976 [ERROR] LogOutputStream:75 - [STDERR_REDIRECT] [Fatal Error] :1:1: Premature end of file.
2025-08-15 22:23:49,976 [ERROR] LogOutputStream:75 - [STDERR_REDIRECT] 
2025-08-15 22:23:50,975 [ERROR] LogOutputStream:75 - [STDERR_REDIRECT] [Fatal Error] :1:1: Premature end of file.
2025-08-15 22:23:50,975 [ERROR] LogOutputStream:75 - [STDERR_REDIRECT] 
2025-08-15 22:23:51,976 [ERROR] LogOutputStream:75 - [STDERR_REDIRECT] [Fatal Error] :1:1: Premature end of file.
2025-08-15 22:23:51,976 [ERROR] LogOutputStream:75 - [STDERR_REDIRECT] 
2025-08-15 22:23:52,977 [ERROR] LogOutputStream:75 - [STDERR_REDIRECT] [Fatal Error] :1:1: Premature end of file.
2025-08-15 22:23:52,977 [ERROR] LogOutputStream:75 - [STDERR_REDIRECT] 
2025-08-15 22:23:53,976 [ERROR] LogOutputStream:75 - [STDERR_REDIRECT] [Fatal Error] :1:1: Premature end of file.
2025-08-15 22:23:53,976 [ERROR] LogOutputStream:75 - [STDERR_REDIRECT] 
2025-08-15 22:23:54,976 [ERROR] LogOutputStream:75 - [STDERR_REDIRECT] [Fatal Error] :1:1: Premature end of file.
2025-08-15 22:23:54,976 [ERROR] LogOutputStream:75 - [STDERR_REDIRECT] 
2025-08-15 22:23:55,977 [ERROR] LogOutputStream:75 - [STDERR_REDIRECT] [Fatal Error] :1:1: Premature end of file.
2025-08-15 22:23:55,977 [ERROR] LogOutputStream:75 - [STDERR_REDIRECT] 
2025-08-15 22:23:56,974 [ERROR] LogOutputStream:75 - [STDERR_REDIRECT] [Fatal Error] :1:1: Premature end of file.
2025-08-15 22:23:56,974 [ERROR] LogOutputStream:75 - [STDERR_REDIRECT] 
2025-08-15 22:23:57,976 [ERROR] LogOutputStream:75 - [STDERR_REDIRECT] [Fatal Error] :1:1: Premature end of file.
2025-08-15 22:23:57,976 [ERROR] LogOutputStream:75 - [STDERR_REDIRECT] 
2025-08-15 22:23:58,976 [ERROR] LogOutputStream:75 - [STDERR_REDIRECT] [Fatal Error] :1:1: Premature end of file.
2025-08-15 22:23:58,976 [ERROR] LogOutputStream:75 - [STDERR_REDIRECT] 
2025-08-15 22:23:59,977 [ERROR] LogOutputStream:75 - [STDERR_REDIRECT] [Fatal Error] :1:1: Premature end of file.
2025-08-15 22:23:59,977 [ERROR] LogOutputStream:75 - [STDERR_REDIRECT] 
2025-08-15 22:24:00,976 [ERROR] LogOutputStream:75 - [STDERR_REDIRECT] [Fatal Error] :1:1: Premature end of file.
2025-08-15 22:24:00,976 [ERROR] LogOutputStream:75 - [STDERR_REDIRECT] 
2025-08-15 22:24:01,976 [ERROR] LogOutputStream:75 - [STDERR_REDIRECT] [Fatal Error] :1:1: Premature end of file.
2025-08-15 22:24:01,976 [ERROR] LogOutputStream:75 - [STDERR_REDIRECT] 
2025-08-15 22:24:02,976 [ERROR] LogOutputStream:75 - [STDERR_REDIRECT] [Fatal Error] :1:1: Premature end of file.
2025-08-15 22:24:02,976 [ERROR] LogOutputStream:75 - [STDERR_REDIRECT] 
2025-08-15 22:24:03,978 [ERROR] LogOutputStream:75 - [STDERR_REDIRECT] [Fatal Error] :1:1: Premature end of file.
2025-08-15 22:24:03,978 [ERROR] LogOutputStream:75 - [STDERR_REDIRECT] 
2025-08-15 22:24:04,976 [ERROR] LogOutputStream:75 - [STDERR_REDIRECT] [Fatal Error] :1:1: Premature end of file.
2025-08-15 22:24:04,976 [ERROR] LogOutputStream:75 - [STDERR_REDIRECT] 
2025-08-15 22:24:05,980 [ERROR] LogOutputStream:75 - [STDERR_REDIRECT] [Fatal Error] :1:1: Premature end of file.
2025-08-15 22:24:05,980 [ERROR] LogOutputStream:75 - [STDERR_REDIRECT] 
2025-08-15 22:24:06,976 [ERROR] LogOutputStream:75 - [STDERR_REDIRECT] [Fatal Error] :1:1: Premature end of file.
2025-08-15 22:24:06,976 [ERROR] LogOutputStream:75 - [STDERR_REDIRECT] 
2025-08-15 22:24:07,976 [ERROR] LogOutputStream:75 - [STDERR_REDIRECT] [Fatal Error] :1:1: Premature end of file.
2025-08-15 22:24:07,976 [ERROR] LogOutputStream:75 - [STDERR_REDIRECT] 
2025-08-15 22:24:08,976 [ERROR] LogOutputStream:75 - [STDERR_REDIRECT] [Fatal Error] :1:1: Premature end of file.
2025-08-15 22:24:08,976 [ERROR] LogOutputStream:75 - [STDERR_REDIRECT] 
2025-08-15 22:24:09,975 [ERROR] LogOutputStream:75 - [STDERR_REDIRECT] [Fatal Error] :1:1: Premature end of file.
2025-08-15 22:24:09,975 [ERROR] LogOutputStream:75 - [STDERR_REDIRECT] 
2025-08-15 22:24:10,976 [ERROR] LogOutputStream:75 - [STDERR_REDIRECT] [Fatal Error] :1:1: Premature end of file.
2025-08-15 22:24:10,976 [ERROR] LogOutputStream:75 - [STDERR_REDIRECT] 
2025-08-15 22:24:11,976 [ERROR] LogOutputStream:75 - [STDERR_REDIRECT] [Fatal Error] :1:1: Premature end of file.
2025-08-15 22:24:11,976 [ERROR] LogOutputStream:75 - [STDERR_REDIRECT] 
2025-08-15 22:24:12,975 [ERROR] LogOutputStream:75 - [STDERR_REDIRECT] [Fatal Error] :1:1: Premature end of file.
2025-08-15 22:24:12,975 [ERROR] LogOutputStream:75 - [STDERR_REDIRECT] 
2025-08-15 22:24:13,976 [ERROR] LogOutputStream:75 - [STDERR_REDIRECT] [Fatal Error] :1:1: Premature end of file.
2025-08-15 22:24:13,976 [ERROR] LogOutputStream:75 - [STDERR_REDIRECT] 
2025-08-15 22:24:14,976 [ERROR] LogOutputStream:75 - [STDERR_REDIRECT] [Fatal Error] :1:1: Premature end of file.
2025-08-15 22:24:14,976 [ERROR] LogOutputStream:75 - [STDERR_REDIRECT] 
2025-08-15 22:24:15,976 [ERROR] LogOutputStream:75 - [STDERR_REDIRECT] [Fatal Error] :1:1: Premature end of file.
2025-08-15 22:24:15,976 [ERROR] LogOutputStream:75 - [STDERR_REDIRECT] 
2025-08-15 22:24:16,979 [ERROR] LogOutputStream:75 - [STDERR_REDIRECT] [Fatal Error] :1:1: Premature end of file.
2025-08-15 22:24:16,979 [ERROR] LogOutputStream:75 - [STDERR_REDIRECT] 
2025-08-15 22:24:17,976 [ERROR] LogOutputStream:75 - [STDERR_REDIRECT] [Fatal Error] :1:1: Premature end of file.
2025-08-15 22:24:17,976 [ERROR] LogOutputStream:75 - [STDERR_REDIRECT] 
2025-08-15 22:24:18,977 [ERROR] LogOutputStream:75 - [STDERR_REDIRECT] [Fatal Error] :1:1: Premature end of file.
2025-08-15 22:24:18,977 [ERROR] LogOutputStream:75 - [STDERR_REDIRECT] 
2025-08-15 22:24:19,975 [ERROR] LogOutputStream:75 - [STDERR_REDIRECT] [Fatal Error] :1:1: Premature end of file.
2025-08-15 22:24:19,976 [ERROR] LogOutputStream:75 - [STDERR_REDIRECT] 
2025-08-15 22:24:20,977 [ERROR] LogOutputStream:75 - [STDERR_REDIRECT] [Fatal Error] :1:1: Premature end of file.
2025-08-15 22:24:20,977 [ERROR] LogOutputStream:75 - [STDERR_REDIRECT] 
2025-08-15 22:24:21,975 [ERROR] LogOutputStream:75 - [STDERR_REDIRECT] [Fatal Error] :1:1: Premature end of file.
2025-08-15 22:24:21,977 [ERROR] LogOutputStream:75 - [STDERR_REDIRECT] 
2025-08-15 22:24:22,976 [ERROR] LogOutputStream:75 - [STDERR_REDIRECT] [Fatal Error] :1:1: Premature end of file.
2025-08-15 22:24:22,976 [ERROR] LogOutputStream:75 - [STDERR_REDIRECT] 
2025-08-15 22:24:23,975 [ERROR] LogOutputStream:75 - [STDERR_REDIRECT] [Fatal Error] :1:1: Premature end of file.
2025-08-15 22:24:23,975 [ERROR] LogOutputStream:75 - [STDERR_REDIRECT] 
2025-08-15 22:24:24,976 [ERROR] LogOutputStream:75 - [STDERR_REDIRECT] [Fatal Error] :1:1: Premature end of file.
2025-08-15 22:24:24,976 [ERROR] LogOutputStream:75 - [STDERR_REDIRECT] 
2025-08-15 22:24:25,976 [ERROR] LogOutputStream:75 - [STDERR_REDIRECT] [Fatal Error] :1:1: Premature end of file.
2025-08-15 22:24:25,976 [ERROR] LogOutputStream:75 - [STDERR_REDIRECT] 
2025-08-15 22:24:26,978 [ERROR] LogOutputStream:75 - [STDERR_REDIRECT] [Fatal Error] :1:1: Premature end of file.
2025-08-15 22:24:26,978 [ERROR] LogOutputStream:75 - [STDERR_REDIRECT] 
2025-08-15 22:24:27,974 [ERROR] LogOutputStream:75 - [STDERR_REDIRECT] [Fatal Error] :1:1: Premature end of file.
2025-08-15 22:24:27,974 [ERROR] LogOutputStream:75 - [STDERR_REDIRECT] 
2025-08-15 22:24:28,976 [ERROR] LogOutputStream:75 - [STDERR_REDIRECT] [Fatal Error] :1:1: Premature end of file.
2025-08-15 22:24:28,976 [ERROR] LogOutputStream:75 - [STDERR_REDIRECT] 
2025-08-15 22:24:29,975 [ERROR] LogOutputStream:75 - [STDERR_REDIRECT] [Fatal Error] :1:1: Premature end of file.
2025-08-15 22:24:29,975 [ERROR] LogOutputStream:75 - [STDERR_REDIRECT] 
2025-08-15 22:24:30,976 [ERROR] LogOutputStream:75 - [STDERR_REDIRECT] [Fatal Error] :1:1: Premature end of file.
2025-08-15 22:24:30,976 [ERROR] LogOutputStream:75 - [STDERR_REDIRECT] 
2025-08-15 22:24:31,976 [ERROR] LogOutputStream:75 - [STDERR_REDIRECT] [Fatal Error] :1:1: Premature end of file.
2025-08-15 22:24:31,977 [ERROR] LogOutputStream:75 - [STDERR_REDIRECT] 
2025-08-15 22:24:32,976 [ERROR] LogOutputStream:75 - [STDERR_REDIRECT] [Fatal Error] :1:1: Premature end of file.
2025-08-15 22:24:32,976 [ERROR] LogOutputStream:75 - [STDERR_REDIRECT] 
2025-08-15 22:24:33,976 [ERROR] LogOutputStream:75 - [STDERR_REDIRECT] [Fatal Error] :1:1: Premature end of file.
2025-08-15 22:24:33,976 [ERROR] LogOutputStream:75 - [STDERR_REDIRECT] 
2025-08-15 22:24:34,977 [ERROR] LogOutputStream:75 - [STDERR_REDIRECT] [Fatal Error] :1:1: Premature end of file.
2025-08-15 22:24:34,977 [ERROR] LogOutputStream:75 - [STDERR_REDIRECT] 
2025-08-15 22:24:35,976 [ERROR] LogOutputStream:75 - [STDERR_REDIRECT] [Fatal Error] :1:1: Premature end of file.
2025-08-15 22:24:35,976 [ERROR] LogOutputStream:75 - [STDERR_REDIRECT] 
2025-08-15 22:24:36,976 [ERROR] LogOutputStream:75 - [STDERR_REDIRECT] [Fatal Error] :1:1: Premature end of file.
2025-08-15 22:24:36,976 [ERROR] LogOutputStream:75 - [STDERR_REDIRECT] 
2025-08-15 22:24:37,976 [ERROR] LogOutputStream:75 - [STDERR_REDIRECT] [Fatal Error] :1:1: Premature end of file.
2025-08-15 22:24:37,976 [ERROR] LogOutputStream:75 - [STDERR_REDIRECT] 
2025-08-15 22:24:38,975 [ERROR] LogOutputStream:75 - [STDERR_REDIRECT] [Fatal Error] :1:1: Premature end of file.
2025-08-15 22:24:38,975 [ERROR] LogOutputStream:75 - [STDERR_REDIRECT] 
2025-08-15 22:24:39,976 [ERROR] LogOutputStream:75 - [STDERR_REDIRECT] [Fatal Error] :1:1: Premature end of file.
2025-08-15 22:24:39,976 [ERROR] LogOutputStream:75 - [STDERR_REDIRECT] 
2025-08-15 22:24:40,975 [ERROR] LogOutputStream:75 - [STDERR_REDIRECT] [Fatal Error] :1:1: Premature end of file.
2025-08-15 22:24:40,975 [ERROR] LogOutputStream:75 - [STDERR_REDIRECT] 
2025-08-15 22:24:41,976 [ERROR] LogOutputStream:75 - [STDERR_REDIRECT] [Fatal Error] :1:1: Premature end of file.
2025-08-15 22:24:41,976 [ERROR] LogOutputStream:75 - [STDERR_REDIRECT] 
2025-08-15 22:24:42,977 [ERROR] LogOutputStream:75 - [STDERR_REDIRECT] [Fatal Error] :1:1: Premature end of file.
2025-08-15 22:24:42,977 [ERROR] LogOutputStream:75 - [STDERR_REDIRECT] 
2025-08-15 22:24:43,976 [ERROR] LogOutputStream:75 - [STDERR_REDIRECT] [Fatal Error] :1:1: Premature end of file.
2025-08-15 22:24:43,976 [ERROR] LogOutputStream:75 - [STDERR_REDIRECT] 
2025-08-15 22:24:44,976 [ERROR] LogOutputStream:75 - [STDERR_REDIRECT] [Fatal Error] :1:1: Premature end of file.
2025-08-15 22:24:44,976 [ERROR] LogOutputStream:75 - [STDERR_REDIRECT] 
2025-08-15 22:24:45,976 [ERROR] LogOutputStream:75 - [STDERR_REDIRECT] [Fatal Error] :1:1: Premature end of file.
2025-08-15 22:24:45,977 [ERROR] LogOutputStream:75 - [STDERR_REDIRECT] 
2025-08-15 22:24:46,975 [ERROR] LogOutputStream:75 - [STDERR_REDIRECT] [Fatal Error] :1:1: Premature end of file.
2025-08-15 22:24:46,975 [ERROR] LogOutputStream:75 - [STDERR_REDIRECT] 
2025-08-15 22:24:47,985 [ERROR] LogOutputStream:75 - [STDERR_REDIRECT] [Fatal Error] :1:1: Premature end of file.
2025-08-15 22:24:47,985 [ERROR] LogOutputStream:75 - [STDERR_REDIRECT] 
2025-08-15 22:24:48,977 [ERROR] LogOutputStream:75 - [STDERR_REDIRECT] [Fatal Error] :1:1: Premature end of file.
2025-08-15 22:24:48,977 [ERROR] LogOutputStream:75 - [STDERR_REDIRECT] 
2025-08-15 22:24:49,977 [ERROR] LogOutputStream:75 - [STDERR_REDIRECT] [Fatal Error] :1:1: Premature end of file.
2025-08-15 22:24:49,977 [ERROR] LogOutputStream:75 - [STDERR_REDIRECT] 
2025-08-15 22:24:50,976 [ERROR] LogOutputStream:75 - [STDERR_REDIRECT] [Fatal Error] :1:1: Premature end of file.
2025-08-15 22:24:50,976 [ERROR] LogOutputStream:75 - [STDERR_REDIRECT] 
2025-08-15 22:24:51,977 [ERROR] LogOutputStream:75 - [STDERR_REDIRECT] [Fatal Error] :1:1: Premature end of file.
2025-08-15 22:24:51,977 [ERROR] LogOutputStream:75 - [STDERR_REDIRECT] 
2025-08-15 22:24:52,975 [ERROR] LogOutputStream:75 - [STDERR_REDIRECT] [Fatal Error] :1:1: Premature end of file.
2025-08-15 22:24:52,975 [ERROR] LogOutputStream:75 - [STDERR_REDIRECT] 
2025-08-15 22:24:53,975 [ERROR] LogOutputStream:75 - [STDERR_REDIRECT] [Fatal Error] :1:1: Premature end of file.
2025-08-15 22:24:53,975 [ERROR] LogOutputStream:75 - [STDERR_REDIRECT] 
2025-08-15 22:24:54,977 [ERROR] LogOutputStream:75 - [STDERR_REDIRECT] [Fatal Error] :1:1: Premature end of file.
2025-08-15 22:24:54,977 [ERROR] LogOutputStream:75 - [STDERR_REDIRECT] 
2025-08-15 22:24:55,976 [ERROR] LogOutputStream:75 - [STDERR_REDIRECT] [Fatal Error] :1:1: Premature end of file.
2025-08-15 22:24:55,976 [ERROR] LogOutputStream:75 - [STDERR_REDIRECT] 
2025-08-15 22:24:56,977 [ERROR] LogOutputStream:75 - [STDERR_REDIRECT] [Fatal Error] :1:1: Premature end of file.
2025-08-15 22:24:56,977 [ERROR] LogOutputStream:75 - [STDERR_REDIRECT] 
2025-08-15 22:24:57,977 [ERROR] LogOutputStream:75 - [STDERR_REDIRECT] [Fatal Error] :1:1: Premature end of file.
2025-08-15 22:24:57,977 [ERROR] LogOutputStream:75 - [STDERR_REDIRECT] 
2025-08-15 22:24:58,976 [ERROR] LogOutputStream:75 - [STDERR_REDIRECT] [Fatal Error] :1:1: Premature end of file.
2025-08-15 22:24:58,976 [ERROR] LogOutputStream:75 - [STDERR_REDIRECT] 
2025-08-15 22:24:59,977 [ERROR] LogOutputStream:75 - [STDERR_REDIRECT] [Fatal Error] :1:1: Premature end of file.
2025-08-15 22:24:59,977 [ERROR] LogOutputStream:75 - [STDERR_REDIRECT] 
2025-08-15 22:25:00,977 [ERROR] LogOutputStream:75 - [STDERR_REDIRECT] [Fatal Error] :1:1: Premature end of file.
2025-08-15 22:25:00,977 [ERROR] LogOutputStream:75 - [STDERR_REDIRECT] 
2025-08-15 22:25:01,979 [ERROR] LogOutputStream:75 - [STDERR_REDIRECT] [Fatal Error] :1:1: Premature end of file.
2025-08-15 22:25:01,979 [ERROR] LogOutputStream:75 - [STDERR_REDIRECT] 
2025-08-15 22:25:02,979 [ERROR] LogOutputStream:75 - [STDERR_REDIRECT] [Fatal Error] :1:1: Premature end of file.
2025-08-15 22:25:02,979 [ERROR] LogOutputStream:75 - [STDERR_REDIRECT] 
2025-08-15 22:25:03,975 [ERROR] LogOutputStream:75 - [STDERR_REDIRECT] [Fatal Error] :1:1: Premature end of file.
2025-08-15 22:25:03,975 [ERROR] LogOutputStream:75 - [STDERR_REDIRECT] 
2025-08-15 22:25:04,978 [ERROR] LogOutputStream:75 - [STDERR_REDIRECT] [Fatal Error] :1:1: Premature end of file.
2025-08-15 22:25:04,978 [ERROR] LogOutputStream:75 - [STDERR_REDIRECT] 
2025-08-15 22:25:05,976 [ERROR] LogOutputStream:75 - [STDERR_REDIRECT] [Fatal Error] :1:1: Premature end of file.
2025-08-15 22:25:05,976 [ERROR] LogOutputStream:75 - [STDERR_REDIRECT] 
2025-08-15 22:25:06,982 [ERROR] LogOutputStream:75 - [STDERR_REDIRECT] [Fatal Error] :1:1: Premature end of file.
2025-08-15 22:25:06,982 [ERROR] LogOutputStream:75 - [STDERR_REDIRECT] 
2025-08-15 22:25:07,977 [ERROR] LogOutputStream:75 - [STDERR_REDIRECT] [Fatal Error] :1:1: Premature end of file.
2025-08-15 22:25:07,978 [ERROR] LogOutputStream:75 - [STDERR_REDIRECT] 
2025-08-15 22:25:08,976 [ERROR] LogOutputStream:75 - [STDERR_REDIRECT] [Fatal Error] :1:1: Premature end of file.
2025-08-15 22:25:08,977 [ERROR] LogOutputStream:75 - [STDERR_REDIRECT] 
2025-08-15 22:25:09,977 [ERROR] LogOutputStream:75 - [STDERR_REDIRECT] [Fatal Error] :1:1: Premature end of file.
2025-08-15 22:25:09,978 [ERROR] LogOutputStream:75 - [STDERR_REDIRECT] 
2025-08-15 22:25:10,976 [ERROR] LogOutputStream:75 - [STDERR_REDIRECT] [Fatal Error] :1:1: Premature end of file.
2025-08-15 22:25:10,976 [ERROR] LogOutputStream:75 - [STDERR_REDIRECT] 
2025-08-15 22:25:11,977 [ERROR] LogOutputStream:75 - [STDERR_REDIRECT] [Fatal Error] :1:1: Premature end of file.
2025-08-15 22:25:11,977 [ERROR] LogOutputStream:75 - [STDERR_REDIRECT] 
2025-08-15 22:25:12,977 [ERROR] LogOutputStream:75 - [STDERR_REDIRECT] [Fatal Error] :1:1: Premature end of file.
2025-08-15 22:25:12,977 [ERROR] LogOutputStream:75 - [STDERR_REDIRECT] 
2025-08-15 22:25:13,977 [ERROR] LogOutputStream:75 - [STDERR_REDIRECT] [Fatal Error] :1:1: Premature end of file.
2025-08-15 22:25:13,977 [ERROR] LogOutputStream:75 - [STDERR_REDIRECT] 
2025-08-15 22:25:14,977 [ERROR] LogOutputStream:75 - [STDERR_REDIRECT] [Fatal Error] :1:1: Premature end of file.
2025-08-15 22:25:14,977 [ERROR] LogOutputStream:75 - [STDERR_REDIRECT] 
2025-08-15 22:25:15,978 [ERROR] LogOutputStream:75 - [STDERR_REDIRECT] [Fatal Error] :1:1: Premature end of file.
2025-08-15 22:25:15,978 [ERROR] LogOutputStream:75 - [STDERR_REDIRECT] 
2025-08-15 22:25:16,979 [ERROR] LogOutputStream:75 - [STDERR_REDIRECT] [Fatal Error] :1:1: Premature end of file.
2025-08-15 22:25:16,979 [ERROR] LogOutputStream:75 - [STDERR_REDIRECT] 
2025-08-15 22:25:17,976 [ERROR] LogOutputStream:75 - [STDERR_REDIRECT] [Fatal Error] :1:1: Premature end of file.
2025-08-15 22:25:17,976 [ERROR] LogOutputStream:75 - [STDERR_REDIRECT] 
2025-08-15 22:25:18,977 [ERROR] LogOutputStream:75 - [STDERR_REDIRECT] [Fatal Error] :1:1: Premature end of file.
2025-08-15 22:25:18,977 [ERROR] LogOutputStream:75 - [STDERR_REDIRECT] 
2025-08-15 22:25:19,976 [ERROR] LogOutputStream:75 - [STDERR_REDIRECT] [Fatal Error] :1:1: Premature end of file.
2025-08-15 22:25:19,976 [ERROR] LogOutputStream:75 - [STDERR_REDIRECT] 
2025-08-15 22:25:20,977 [ERROR] LogOutputStream:75 - [STDERR_REDIRECT] [Fatal Error] :1:1: Premature end of file.
2025-08-15 22:25:20,977 [ERROR] LogOutputStream:75 - [STDERR_REDIRECT] 
2025-08-15 22:25:21,978 [ERROR] LogOutputStream:75 - [STDERR_REDIRECT] [Fatal Error] :1:1: Premature end of file.
2025-08-15 22:25:21,979 [ERROR] LogOutputStream:75 - [STDERR_REDIRECT] 
2025-08-15 22:25:22,976 [ERROR] LogOutputStream:75 - [STDERR_REDIRECT] [Fatal Error] :1:1: Premature end of file.
2025-08-15 22:25:22,976 [ERROR] LogOutputStream:75 - [STDERR_REDIRECT] 
2025-08-15 22:25:23,976 [ERROR] LogOutputStream:75 - [STDERR_REDIRECT] [Fatal Error] :1:1: Premature end of file.
2025-08-15 22:25:23,976 [ERROR] LogOutputStream:75 - [STDERR_REDIRECT] 
2025-08-15 22:25:24,978 [ERROR] LogOutputStream:75 - [STDERR_REDIRECT] [Fatal Error] :1:1: Premature end of file.
2025-08-15 22:25:24,978 [ERROR] LogOutputStream:75 - [STDERR_REDIRECT] 
2025-08-15 22:25:25,979 [ERROR] LogOutputStream:75 - [STDERR_REDIRECT] [Fatal Error] :1:1: Premature end of file.
2025-08-15 22:25:25,979 [ERROR] LogOutputStream:75 - [STDERR_REDIRECT] 
2025-08-15 22:25:26,979 [ERROR] LogOutputStream:75 - [STDERR_REDIRECT] [Fatal Error] :1:1: Premature end of file.
2025-08-15 22:25:26,979 [ERROR] LogOutputStream:75 - [STDERR_REDIRECT] 
2025-08-15 22:25:27,977 [ERROR] LogOutputStream:75 - [STDERR_REDIRECT] [Fatal Error] :1:1: Premature end of file.
2025-08-15 22:25:27,977 [ERROR] LogOutputStream:75 - [STDERR_REDIRECT] 
2025-08-15 22:25:28,977 [ERROR] LogOutputStream:75 - [STDERR_REDIRECT] [Fatal Error] :1:1: Premature end of file.
2025-08-15 22:25:28,977 [ERROR] LogOutputStream:75 - [STDERR_REDIRECT] 
2025-08-15 22:25:29,977 [ERROR] LogOutputStream:75 - [STDERR_REDIRECT] [Fatal Error] :1:1: Premature end of file.
2025-08-15 22:25:29,977 [ERROR] LogOutputStream:75 - [STDERR_REDIRECT] 
2025-08-15 22:25:30,976 [ERROR] LogOutputStream:75 - [STDERR_REDIRECT] [Fatal Error] :1:1: Premature end of file.
2025-08-15 22:25:30,977 [ERROR] LogOutputStream:75 - [STDERR_REDIRECT] 
2025-08-15 22:25:31,980 [ERROR] LogOutputStream:75 - [STDERR_REDIRECT] [Fatal Error] :1:1: Premature end of file.
2025-08-15 22:25:31,980 [ERROR] LogOutputStream:75 - [STDERR_REDIRECT] 
2025-08-15 22:25:32,978 [ERROR] LogOutputStream:75 - [STDERR_REDIRECT] [Fatal Error] :1:1: Premature end of file.
2025-08-15 22:25:32,978 [ERROR] LogOutputStream:75 - [STDERR_REDIRECT] 
2025-08-15 22:25:33,977 [ERROR] LogOutputStream:75 - [STDERR_REDIRECT] [Fatal Error] :1:1: Premature end of file.
2025-08-15 22:25:33,977 [ERROR] LogOutputStream:75 - [STDERR_REDIRECT] 
2025-08-15 22:25:34,978 [ERROR] LogOutputStream:75 - [STDERR_REDIRECT] [Fatal Error] :1:1: Premature end of file.
2025-08-15 22:25:34,978 [ERROR] LogOutputStream:75 - [STDERR_REDIRECT] 
2025-08-15 22:25:35,977 [ERROR] LogOutputStream:75 - [STDERR_REDIRECT] [Fatal Error] :1:1: Premature end of file.
2025-08-15 22:25:35,977 [ERROR] LogOutputStream:75 - [STDERR_REDIRECT] 
2025-08-15 22:25:36,977 [ERROR] LogOutputStream:75 - [STDERR_REDIRECT] [Fatal Error] :1:1: Premature end of file.
2025-08-15 22:25:36,977 [ERROR] LogOutputStream:75 - [STDERR_REDIRECT] 
2025-08-15 22:25:37,976 [ERROR] LogOutputStream:75 - [STDERR_REDIRECT] [Fatal Error] :1:1: Premature end of file.
2025-08-15 22:25:37,976 [ERROR] LogOutputStream:75 - [STDERR_REDIRECT] 
2025-08-15 22:25:38,978 [ERROR] LogOutputStream:75 - [STDERR_REDIRECT] [Fatal Error] :1:1: Premature end of file.
2025-08-15 22:25:38,978 [ERROR] LogOutputStream:75 - [STDERR_REDIRECT] 
2025-08-15 22:25:39,976 [ERROR] LogOutputStream:75 - [STDERR_REDIRECT] [Fatal Error] :1:1: Premature end of file.
2025-08-15 22:25:39,977 [ERROR] LogOutputStream:75 - [STDERR_REDIRECT] 
2025-08-15 22:25:40,977 [ERROR] LogOutputStream:75 - [STDERR_REDIRECT] [Fatal Error] :1:1: Premature end of file.
2025-08-15 22:25:40,977 [ERROR] LogOutputStream:75 - [STDERR_REDIRECT] 
2025-08-15 22:25:41,976 [ERROR] LogOutputStream:75 - [STDERR_REDIRECT] [Fatal Error] :1:1: Premature end of file.
2025-08-15 22:25:41,976 [ERROR] LogOutputStream:75 - [STDERR_REDIRECT] 
2025-08-15 22:25:42,977 [ERROR] LogOutputStream:75 - [STDERR_REDIRECT] [Fatal Error] :1:1: Premature end of file.
2025-08-15 22:25:42,978 [ERROR] LogOutputStream:75 - [STDERR_REDIRECT] 
2025-08-15 22:25:43,977 [ERROR] LogOutputStream:75 - [STDERR_REDIRECT] [Fatal Error] :1:1: Premature end of file.
2025-08-15 22:25:43,978 [ERROR] LogOutputStream:75 - [STDERR_REDIRECT] 
2025-08-15 22:25:44,976 [ERROR] LogOutputStream:75 - [STDERR_REDIRECT] [Fatal Error] :1:1: Premature end of file.
2025-08-15 22:25:44,977 [ERROR] LogOutputStream:75 - [STDERR_REDIRECT] 
2025-08-15 22:25:45,976 [ERROR] LogOutputStream:75 - [STDERR_REDIRECT] [Fatal Error] :1:1: Premature end of file.
2025-08-15 22:25:45,977 [ERROR] LogOutputStream:75 - [STDERR_REDIRECT] 
2025-08-15 22:25:46,978 [ERROR] LogOutputStream:75 - [STDERR_REDIRECT] [Fatal Error] :1:1: Premature end of file.
2025-08-15 22:25:46,978 [ERROR] LogOutputStream:75 - [STDERR_REDIRECT] 
2025-08-15 22:25:47,976 [ERROR] LogOutputStream:75 - [STDERR_REDIRECT] [Fatal Error] :1:1: Premature end of file.
2025-08-15 22:25:47,976 [ERROR] LogOutputStream:75 - [STDERR_REDIRECT] 
2025-08-15 22:25:48,977 [ERROR] LogOutputStream:75 - [STDERR_REDIRECT] [Fatal Error] :1:1: Premature end of file.
2025-08-15 22:25:48,977 [ERROR] LogOutputStream:75 - [STDERR_REDIRECT] 
2025-08-15 22:25:49,976 [ERROR] LogOutputStream:75 - [STDERR_REDIRECT] [Fatal Error] :1:1: Premature end of file.
2025-08-15 22:25:49,976 [ERROR] LogOutputStream:75 - [STDERR_REDIRECT] 
2025-08-15 22:25:50,978 [ERROR] LogOutputStream:75 - [STDERR_REDIRECT] [Fatal Error] :1:1: Premature end of file.
2025-08-15 22:25:50,979 [ERROR] LogOutputStream:75 - [STDERR_REDIRECT] 
2025-08-15 22:25:51,976 [ERROR] LogOutputStream:75 - [STDERR_REDIRECT] [Fatal Error] :1:1: Premature end of file.
2025-08-15 22:25:51,976 [ERROR] LogOutputStream:75 - [STDERR_REDIRECT] 
2025-08-15 22:25:52,978 [ERROR] LogOutputStream:75 - [STDERR_REDIRECT] [Fatal Error] :1:1: Premature end of file.
2025-08-15 22:25:52,979 [ERROR] LogOutputStream:75 - [STDERR_REDIRECT] 
2025-08-15 22:25:53,978 [ERROR] LogOutputStream:75 - [STDERR_REDIRECT] [Fatal Error] :1:1: Premature end of file.
2025-08-15 22:25:53,978 [ERROR] LogOutputStream:75 - [STDERR_REDIRECT] 
2025-08-15 22:25:54,975 [ERROR] LogOutputStream:75 - [STDERR_REDIRECT] [Fatal Error] :1:1: Premature end of file.
2025-08-15 22:25:54,975 [ERROR] LogOutputStream:75 - [STDERR_REDIRECT] 
2025-08-15 22:25:55,979 [ERROR] LogOutputStream:75 - [STDERR_REDIRECT] [Fatal Error] :1:1: Premature end of file.
2025-08-15 22:25:55,979 [ERROR] LogOutputStream:75 - [STDERR_REDIRECT] 
2025-08-15 22:25:56,993 [ERROR] LogOutputStream:75 - [STDERR_REDIRECT] [Fatal Error] :1:1: Premature end of file.
2025-08-15 22:25:56,993 [ERROR] LogOutputStream:75 - [STDERR_REDIRECT] 
2025-08-15 22:25:57,980 [ERROR] LogOutputStream:75 - [STDERR_REDIRECT] [Fatal Error] :1:1: Premature end of file.
2025-08-15 22:25:57,980 [ERROR] LogOutputStream:75 - [STDERR_REDIRECT] 
2025-08-15 22:25:58,977 [ERROR] LogOutputStream:75 - [STDERR_REDIRECT] [Fatal Error] :1:1: Premature end of file.
2025-08-15 22:25:58,977 [ERROR] LogOutputStream:75 - [STDERR_REDIRECT] 
2025-08-15 22:25:59,982 [ERROR] LogOutputStream:75 - [STDERR_REDIRECT] [Fatal Error] :1:1: Premature end of file.
2025-08-15 22:25:59,982 [ERROR] LogOutputStream:75 - [STDERR_REDIRECT] 
2025-08-15 22:26:00,981 [ERROR] LogOutputStream:75 - [STDERR_REDIRECT] [Fatal Error] :1:1: Premature end of file.
2025-08-15 22:26:00,981 [ERROR] LogOutputStream:75 - [STDERR_REDIRECT] 
2025-08-15 22:26:01,981 [ERROR] LogOutputStream:75 - [STDERR_REDIRECT] [Fatal Error] :1:1: Premature end of file.
2025-08-15 22:26:01,981 [ERROR] LogOutputStream:75 - [STDERR_REDIRECT] 
2025-08-15 22:26:02,979 [ERROR] LogOutputStream:75 - [STDERR_REDIRECT] [Fatal Error] :1:1: Premature end of file.
2025-08-15 22:26:02,980 [ERROR] LogOutputStream:75 - [STDERR_REDIRECT] 
2025-08-15 22:26:03,981 [ERROR] LogOutputStream:75 - [STDERR_REDIRECT] [Fatal Error] :1:1: Premature end of file.
2025-08-15 22:26:03,982 [ERROR] LogOutputStream:75 - [STDERR_REDIRECT] 
2025-08-15 22:26:04,982 [ERROR] LogOutputStream:75 - [STDERR_REDIRECT] [Fatal Error] :1:1: Premature end of file.
2025-08-15 22:26:04,982 [ERROR] LogOutputStream:75 - [STDERR_REDIRECT] 
2025-08-15 22:26:05,981 [ERROR] LogOutputStream:75 - [STDERR_REDIRECT] [Fatal Error] :1:1: Premature end of file.
2025-08-15 22:26:05,981 [ERROR] LogOutputStream:75 - [STDERR_REDIRECT] 
2025-08-15 22:26:06,988 [ERROR] LogOutputStream:75 - [STDERR_REDIRECT] [Fatal Error] :1:1: Premature end of file.
2025-08-15 22:26:06,988 [ERROR] LogOutputStream:75 - [STDERR_REDIRECT] 
2025-08-15 22:26:07,980 [ERROR] LogOutputStream:75 - [STDERR_REDIRECT] [Fatal Error] :1:1: Premature end of file.
2025-08-15 22:26:07,980 [ERROR] LogOutputStream:75 - [STDERR_REDIRECT] 
2025-08-15 22:26:08,980 [ERROR] LogOutputStream:75 - [STDERR_REDIRECT] [Fatal Error] :1:1: Premature end of file.
2025-08-15 22:26:08,980 [ERROR] LogOutputStream:75 - [STDERR_REDIRECT] 
2025-08-15 22:26:09,980 [ERROR] LogOutputStream:75 - [STDERR_REDIRECT] [Fatal Error] :1:1: Premature end of file.
2025-08-15 22:26:09,981 [ERROR] LogOutputStream:75 - [STDERR_REDIRECT] 
2025-08-15 22:26:10,979 [ERROR] LogOutputStream:75 - [STDERR_REDIRECT] [Fatal Error] :1:1: Premature end of file.
2025-08-15 22:26:10,979 [ERROR] LogOutputStream:75 - [STDERR_REDIRECT] 
2025-08-15 22:26:11,980 [ERROR] LogOutputStream:75 - [STDERR_REDIRECT] [Fatal Error] :1:1: Premature end of file.
2025-08-15 22:26:11,981 [ERROR] LogOutputStream:75 - [STDERR_REDIRECT] 
2025-08-15 22:26:12,977 [ERROR] LogOutputStream:75 - [STDERR_REDIRECT] [Fatal Error] :1:1: Premature end of file.
2025-08-15 22:26:12,977 [ERROR] LogOutputStream:75 - [STDERR_REDIRECT] 
2025-08-15 22:26:13,977 [ERROR] LogOutputStream:75 - [STDERR_REDIRECT] [Fatal Error] :1:1: Premature end of file.
2025-08-15 22:26:13,978 [ERROR] LogOutputStream:75 - [STDERR_REDIRECT] 
2025-08-15 22:26:14,977 [ERROR] LogOutputStream:75 - [STDERR_REDIRECT] [Fatal Error] :1:1: Premature end of file.
2025-08-15 22:26:14,977 [ERROR] LogOutputStream:75 - [STDERR_REDIRECT] 
2025-08-15 22:26:15,978 [ERROR] LogOutputStream:75 - [STDERR_REDIRECT] [Fatal Error] :1:1: Premature end of file.
2025-08-15 22:26:15,979 [ERROR] LogOutputStream:75 - [STDERR_REDIRECT] 
2025-08-15 22:26:16,979 [ERROR] LogOutputStream:75 - [STDERR_REDIRECT] [Fatal Error] :1:1: Premature end of file.
2025-08-15 22:26:16,979 [ERROR] LogOutputStream:75 - [STDERR_REDIRECT] 
2025-08-15 22:26:17,979 [ERROR] LogOutputStream:75 - [STDERR_REDIRECT] [Fatal Error] :1:1: Premature end of file.
2025-08-15 22:26:17,979 [ERROR] LogOutputStream:75 - [STDERR_REDIRECT] 
2025-08-15 22:26:18,980 [ERROR] LogOutputStream:75 - [STDERR_REDIRECT] [Fatal Error] :1:1: Premature end of file.
2025-08-15 22:26:18,980 [ERROR] LogOutputStream:75 - [STDERR_REDIRECT] 
2025-08-15 22:26:19,980 [ERROR] LogOutputStream:75 - [STDERR_REDIRECT] [Fatal Error] :1:1: Premature end of file.
2025-08-15 22:26:19,980 [ERROR] LogOutputStream:75 - [STDERR_REDIRECT] 
2025-08-15 22:26:20,979 [ERROR] LogOutputStream:75 - [STDERR_REDIRECT] [Fatal Error] :1:1: Premature end of file.
2025-08-15 22:26:20,980 [ERROR] LogOutputStream:75 - [STDERR_REDIRECT] 
2025-08-15 22:26:21,985 [ERROR] LogOutputStream:75 - [STDERR_REDIRECT] [Fatal Error] :1:1: Premature end of file.
2025-08-15 22:26:21,985 [ERROR] LogOutputStream:75 - [STDERR_REDIRECT] 
2025-08-15 22:26:22,978 [ERROR] LogOutputStream:75 - [STDERR_REDIRECT] [Fatal Error] :1:1: Premature end of file.
2025-08-15 22:26:22,978 [ERROR] LogOutputStream:75 - [STDERR_REDIRECT] 
2025-08-15 22:26:23,982 [ERROR] LogOutputStream:75 - [STDERR_REDIRECT] [Fatal Error] :1:1: Premature end of file.
2025-08-15 22:26:23,982 [ERROR] LogOutputStream:75 - [STDERR_REDIRECT] 
2025-08-15 22:26:24,976 [ERROR] LogOutputStream:75 - [STDERR_REDIRECT] [Fatal Error] :1:1: Premature end of file.
2025-08-15 22:26:24,976 [ERROR] LogOutputStream:75 - [STDERR_REDIRECT] 
2025-08-15 22:26:25,976 [ERROR] LogOutputStream:75 - [STDERR_REDIRECT] [Fatal Error] :1:1: Premature end of file.
2025-08-15 22:26:25,976 [ERROR] LogOutputStream:75 - [STDERR_REDIRECT] 
2025-08-15 22:26:26,978 [ERROR] LogOutputStream:75 - [STDERR_REDIRECT] [Fatal Error] :1:1: Premature end of file.
2025-08-15 22:26:26,978 [ERROR] LogOutputStream:75 - [STDERR_REDIRECT] 
2025-08-15 22:26:27,978 [ERROR] LogOutputStream:75 - [STDERR_REDIRECT] [Fatal Error] :1:1: Premature end of file.
2025-08-15 22:26:27,978 [ERROR] LogOutputStream:75 - [STDERR_REDIRECT] 
2025-08-15 22:26:28,980 [ERROR] LogOutputStream:75 - [STDERR_REDIRECT] [Fatal Error] :1:1: Premature end of file.
2025-08-15 22:26:28,980 [ERROR] LogOutputStream:75 - [STDERR_REDIRECT] 
2025-08-15 22:26:29,980 [ERROR] LogOutputStream:75 - [STDERR_REDIRECT] [Fatal Error] :1:1: Premature end of file.
2025-08-15 22:26:29,980 [ERROR] LogOutputStream:75 - [STDERR_REDIRECT] 
2025-08-15 22:26:30,979 [ERROR] LogOutputStream:75 - [STDERR_REDIRECT] [Fatal Error] :1:1: Premature end of file.
2025-08-15 22:26:30,979 [ERROR] LogOutputStream:75 - [STDERR_REDIRECT] 
2025-08-15 22:26:31,985 [ERROR] LogOutputStream:75 - [STDERR_REDIRECT] [Fatal Error] :1:1: Premature end of file.
2025-08-15 22:26:31,986 [ERROR] LogOutputStream:75 - [STDERR_REDIRECT] 
2025-08-15 22:26:32,977 [ERROR] LogOutputStream:75 - [STDERR_REDIRECT] [Fatal Error] :1:1: Premature end of file.
2025-08-15 22:26:32,977 [ERROR] LogOutputStream:75 - [STDERR_REDIRECT] 
2025-08-15 22:26:33,981 [ERROR] LogOutputStream:75 - [STDERR_REDIRECT] [Fatal Error] :1:1: Premature end of file.
2025-08-15 22:26:33,981 [ERROR] LogOutputStream:75 - [STDERR_REDIRECT] 
2025-08-15 22:26:34,981 [ERROR] LogOutputStream:75 - [STDERR_REDIRECT] [Fatal Error] :1:1: Premature end of file.
2025-08-15 22:26:34,981 [ERROR] LogOutputStream:75 - [STDERR_REDIRECT] 
2025-08-15 22:26:35,978 [ERROR] LogOutputStream:75 - [STDERR_REDIRECT] [Fatal Error] :1:1: Premature end of file.
2025-08-15 22:26:35,978 [ERROR] LogOutputStream:75 - [STDERR_REDIRECT] 
2025-08-15 22:26:36,977 [ERROR] LogOutputStream:75 - [STDERR_REDIRECT] [Fatal Error] :1:1: Premature end of file.
2025-08-15 22:26:36,978 [ERROR] LogOutputStream:75 - [STDERR_REDIRECT] 
2025-08-15 22:26:37,978 [ERROR] LogOutputStream:75 - [STDERR_REDIRECT] [Fatal Error] :1:1: Premature end of file.
2025-08-15 22:26:37,978 [ERROR] LogOutputStream:75 - [STDERR_REDIRECT] 
2025-08-15 22:26:38,980 [ERROR] LogOutputStream:75 - [STDERR_REDIRECT] [Fatal Error] :1:1: Premature end of file.
2025-08-15 22:26:38,980 [ERROR] LogOutputStream:75 - [STDERR_REDIRECT] 
2025-08-15 22:26:39,978 [ERROR] LogOutputStream:75 - [STDERR_REDIRECT] [Fatal Error] :1:1: Premature end of file.
2025-08-15 22:26:39,978 [ERROR] LogOutputStream:75 - [STDERR_REDIRECT] 
2025-08-15 22:26:40,978 [ERROR] LogOutputStream:75 - [STDERR_REDIRECT] [Fatal Error] :1:1: Premature end of file.
2025-08-15 22:26:40,979 [ERROR] LogOutputStream:75 - [STDERR_REDIRECT] 
2025-08-15 22:26:41,980 [ERROR] LogOutputStream:75 - [STDERR_REDIRECT] [Fatal Error] :1:1: Premature end of file.
2025-08-15 22:26:41,980 [ERROR] LogOutputStream:75 - [STDERR_REDIRECT] 
2025-08-15 22:26:42,975 [ERROR] LogOutputStream:75 - [STDERR_REDIRECT] [Fatal Error] :1:1: Premature end of file.
2025-08-15 22:26:42,976 [ERROR] LogOutputStream:75 - [STDERR_REDIRECT] 
2025-08-15 22:26:43,979 [ERROR] LogOutputStream:75 - [STDERR_REDIRECT] [Fatal Error] :1:1: Premature end of file.
2025-08-15 22:26:43,979 [ERROR] LogOutputStream:75 - [STDERR_REDIRECT] 
2025-08-15 22:26:44,978 [ERROR] LogOutputStream:75 - [STDERR_REDIRECT] [Fatal Error] :1:1: Premature end of file.
2025-08-15 22:26:44,978 [ERROR] LogOutputStream:75 - [STDERR_REDIRECT] 
2025-08-15 22:26:45,977 [ERROR] LogOutputStream:75 - [STDERR_REDIRECT] [Fatal Error] :1:1: Premature end of file.
2025-08-15 22:26:45,977 [ERROR] LogOutputStream:75 - [STDERR_REDIRECT] 
2025-08-15 22:26:46,981 [ERROR] LogOutputStream:75 - [STDERR_REDIRECT] [Fatal Error] :1:1: Premature end of file.
2025-08-15 22:26:46,981 [ERROR] LogOutputStream:75 - [STDERR_REDIRECT] 
2025-08-15 22:26:47,977 [ERROR] LogOutputStream:75 - [STDERR_REDIRECT] [Fatal Error] :1:1: Premature end of file.
2025-08-15 22:26:47,977 [ERROR] LogOutputStream:75 - [STDERR_REDIRECT] 
2025-08-15 22:26:48,979 [ERROR] LogOutputStream:75 - [STDERR_REDIRECT] [Fatal Error] :1:1: Premature end of file.
2025-08-15 22:26:48,979 [ERROR] LogOutputStream:75 - [STDERR_REDIRECT] 
2025-08-15 22:26:49,975 [ERROR] LogOutputStream:75 - [STDERR_REDIRECT] [Fatal Error] :1:1: Premature end of file.
2025-08-15 22:26:49,976 [ERROR] LogOutputStream:75 - [STDERR_REDIRECT] 
2025-08-15 22:26:50,979 [ERROR] LogOutputStream:75 - [STDERR_REDIRECT] [Fatal Error] :1:1: Premature end of file.
2025-08-15 22:26:50,979 [ERROR] LogOutputStream:75 - [STDERR_REDIRECT] 
2025-08-15 22:26:51,978 [ERROR] LogOutputStream:75 - [STDERR_REDIRECT] [Fatal Error] :1:1: Premature end of file.
2025-08-15 22:26:51,978 [ERROR] LogOutputStream:75 - [STDERR_REDIRECT] 
2025-08-15 22:26:52,977 [ERROR] LogOutputStream:75 - [STDERR_REDIRECT] [Fatal Error] :1:1: Premature end of file.
2025-08-15 22:26:52,977 [ERROR] LogOutputStream:75 - [STDERR_REDIRECT] 
2025-08-15 22:26:53,976 [ERROR] LogOutputStream:75 - [STDERR_REDIRECT] [Fatal Error] :1:1: Premature end of file.
2025-08-15 22:26:53,977 [ERROR] LogOutputStream:75 - [STDERR_REDIRECT] 
2025-08-15 22:26:54,978 [ERROR] LogOutputStream:75 - [STDERR_REDIRECT] [Fatal Error] :1:1: Premature end of file.
2025-08-15 22:26:54,978 [ERROR] LogOutputStream:75 - [STDERR_REDIRECT] 
2025-08-15 22:26:55,978 [ERROR] LogOutputStream:75 - [STDERR_REDIRECT] [Fatal Error] :1:1: Premature end of file.
2025-08-15 22:26:55,978 [ERROR] LogOutputStream:75 - [STDERR_REDIRECT] 
2025-08-15 22:26:56,976 [ERROR] LogOutputStream:75 - [STDERR_REDIRECT] [Fatal Error] :1:1: Premature end of file.
2025-08-15 22:26:56,976 [ERROR] LogOutputStream:75 - [STDERR_REDIRECT] 
2025-08-15 22:26:57,980 [ERROR] LogOutputStream:75 - [STDERR_REDIRECT] [Fatal Error] :1:1: Premature end of file.
2025-08-15 22:26:57,980 [ERROR] LogOutputStream:75 - [STDERR_REDIRECT] 
2025-08-15 22:26:58,979 [ERROR] LogOutputStream:75 - [STDERR_REDIRECT] [Fatal Error] :1:1: Premature end of file.
2025-08-15 22:26:58,979 [ERROR] LogOutputStream:75 - [STDERR_REDIRECT] 
2025-08-15 22:26:59,977 [ERROR] LogOutputStream:75 - [STDERR_REDIRECT] [Fatal Error] :1:1: Premature end of file.
2025-08-15 22:26:59,978 [ERROR] LogOutputStream:75 - [STDERR_REDIRECT] 
2025-08-15 22:27:00,977 [ERROR] LogOutputStream:75 - [STDERR_REDIRECT] [Fatal Error] :1:1: Premature end of file.
2025-08-15 22:27:00,978 [ERROR] LogOutputStream:75 - [STDERR_REDIRECT] 
2025-08-15 22:27:01,977 [ERROR] LogOutputStream:75 - [STDERR_REDIRECT] [Fatal Error] :1:1: Premature end of file.
2025-08-15 22:27:01,977 [ERROR] LogOutputStream:75 - [STDERR_REDIRECT] 
2025-08-15 22:27:02,977 [ERROR] LogOutputStream:75 - [STDERR_REDIRECT] [Fatal Error] :1:1: Premature end of file.
2025-08-15 22:27:02,977 [ERROR] LogOutputStream:75 - [STDERR_REDIRECT] 
2025-08-15 22:27:03,979 [ERROR] LogOutputStream:75 - [STDERR_REDIRECT] [Fatal Error] :1:1: Premature end of file.
2025-08-15 22:27:03,980 [ERROR] LogOutputStream:75 - [STDERR_REDIRECT] 
2025-08-15 22:27:04,976 [ERROR] LogOutputStream:75 - [STDERR_REDIRECT] [Fatal Error] :1:1: Premature end of file.
2025-08-15 22:27:04,976 [ERROR] LogOutputStream:75 - [STDERR_REDIRECT] 
2025-08-15 22:27:05,976 [ERROR] LogOutputStream:75 - [STDERR_REDIRECT] [Fatal Error] :1:1: Premature end of file.
2025-08-15 22:27:05,976 [ERROR] LogOutputStream:75 - [STDERR_REDIRECT] 
2025-08-15 22:27:06,976 [ERROR] LogOutputStream:75 - [STDERR_REDIRECT] [Fatal Error] :1:1: Premature end of file.
2025-08-15 22:27:06,977 [ERROR] LogOutputStream:75 - [STDERR_REDIRECT] 
2025-08-15 22:27:07,985 [ERROR] LogOutputStream:75 - [STDERR_REDIRECT] [Fatal Error] :1:1: Premature end of file.
2025-08-15 22:27:07,985 [ERROR] LogOutputStream:75 - [STDERR_REDIRECT] 
2025-08-15 22:27:08,978 [ERROR] LogOutputStream:75 - [STDERR_REDIRECT] [Fatal Error] :1:1: Premature end of file.
2025-08-15 22:27:08,978 [ERROR] LogOutputStream:75 - [STDERR_REDIRECT] 
2025-08-15 22:27:09,977 [ERROR] LogOutputStream:75 - [STDERR_REDIRECT] [Fatal Error] :1:1: Premature end of file.
2025-08-15 22:27:09,977 [ERROR] LogOutputStream:75 - [STDERR_REDIRECT] 
2025-08-15 22:27:10,977 [ERROR] LogOutputStream:75 - [STDERR_REDIRECT] [Fatal Error] :1:1: Premature end of file.
2025-08-15 22:27:10,977 [ERROR] LogOutputStream:75 - [STDERR_REDIRECT] 
2025-08-15 22:27:11,976 [ERROR] LogOutputStream:75 - [STDERR_REDIRECT] [Fatal Error] :1:1: Premature end of file.
2025-08-15 22:27:11,976 [ERROR] LogOutputStream:75 - [STDERR_REDIRECT] 
2025-08-15 22:27:12,977 [ERROR] LogOutputStream:75 - [STDERR_REDIRECT] [Fatal Error] :1:1: Premature end of file.
2025-08-15 22:27:12,978 [ERROR] LogOutputStream:75 - [STDERR_REDIRECT] 
2025-08-15 22:27:13,976 [ERROR] LogOutputStream:75 - [STDERR_REDIRECT] [Fatal Error] :1:1: Premature end of file.
2025-08-15 22:27:13,976 [ERROR] LogOutputStream:75 - [STDERR_REDIRECT] 
2025-08-15 22:27:14,978 [ERROR] LogOutputStream:75 - [STDERR_REDIRECT] [Fatal Error] :1:1: Premature end of file.
2025-08-15 22:27:14,978 [ERROR] LogOutputStream:75 - [STDERR_REDIRECT] 
2025-08-15 22:27:15,978 [ERROR] LogOutputStream:75 - [STDERR_REDIRECT] [Fatal Error] :1:1: Premature end of file.
2025-08-15 22:27:15,978 [ERROR] LogOutputStream:75 - [STDERR_REDIRECT] 
2025-08-15 22:27:16,979 [ERROR] LogOutputStream:75 - [STDERR_REDIRECT] [Fatal Error] :1:1: Premature end of file.
2025-08-15 22:27:16,979 [ERROR] LogOutputStream:75 - [STDERR_REDIRECT] 
2025-08-15 22:27:17,978 [ERROR] LogOutputStream:75 - [STDERR_REDIRECT] [Fatal Error] :1:1: Premature end of file.
2025-08-15 22:27:17,978 [ERROR] LogOutputStream:75 - [STDERR_REDIRECT] 
2025-08-15 22:27:18,977 [ERROR] LogOutputStream:75 - [STDERR_REDIRECT] [Fatal Error] :1:1: Premature end of file.
2025-08-15 22:27:18,977 [ERROR] LogOutputStream:75 - [STDERR_REDIRECT] 
2025-08-15 22:27:19,977 [ERROR] LogOutputStream:75 - [STDERR_REDIRECT] [Fatal Error] :1:1: Premature end of file.
2025-08-15 22:27:19,978 [ERROR] LogOutputStream:75 - [STDERR_REDIRECT] 
2025-08-15 22:27:20,976 [ERROR] LogOutputStream:75 - [STDERR_REDIRECT] [Fatal Error] :1:1: Premature end of file.
2025-08-15 22:27:20,976 [ERROR] LogOutputStream:75 - [STDERR_REDIRECT] 
2025-08-15 22:27:21,977 [ERROR] LogOutputStream:75 - [STDERR_REDIRECT] [Fatal Error] :1:1: Premature end of file.
2025-08-15 22:27:21,977 [ERROR] LogOutputStream:75 - [STDERR_REDIRECT] 
2025-08-15 22:27:22,977 [ERROR] LogOutputStream:75 - [STDERR_REDIRECT] [Fatal Error] :1:1: Premature end of file.
2025-08-15 22:27:22,977 [ERROR] LogOutputStream:75 - [STDERR_REDIRECT] 
2025-08-15 22:27:23,976 [ERROR] LogOutputStream:75 - [STDERR_REDIRECT] [Fatal Error] :1:1: Premature end of file.
2025-08-15 22:27:23,976 [ERROR] LogOutputStream:75 - [STDERR_REDIRECT] 
2025-08-15 22:27:24,976 [ERROR] LogOutputStream:75 - [STDERR_REDIRECT] [Fatal Error] :1:1: Premature end of file.
2025-08-15 22:27:24,976 [ERROR] LogOutputStream:75 - [STDERR_REDIRECT] 
2025-08-15 22:27:25,976 [ERROR] LogOutputStream:75 - [STDERR_REDIRECT] [Fatal Error] :1:1: Premature end of file.
2025-08-15 22:27:25,976 [ERROR] LogOutputStream:75 - [STDERR_REDIRECT] 
2025-08-15 22:27:26,976 [ERROR] LogOutputStream:75 - [STDERR_REDIRECT] [Fatal Error] :1:1: Premature end of file.
2025-08-15 22:27:26,976 [ERROR] LogOutputStream:75 - [STDERR_REDIRECT] 
2025-08-15 22:27:27,976 [ERROR] LogOutputStream:75 - [STDERR_REDIRECT] [Fatal Error] :1:1: Premature end of file.
2025-08-15 22:27:27,977 [ERROR] LogOutputStream:75 - [STDERR_REDIRECT] 
2025-08-15 22:27:28,977 [ERROR] LogOutputStream:75 - [STDERR_REDIRECT] [Fatal Error] :1:1: Premature end of file.
2025-08-15 22:27:28,977 [ERROR] LogOutputStream:75 - [STDERR_REDIRECT] 
2025-08-15 22:27:29,978 [ERROR] LogOutputStream:75 - [STDERR_REDIRECT] [Fatal Error] :1:1: Premature end of file.
2025-08-15 22:27:29,978 [ERROR] LogOutputStream:75 - [STDERR_REDIRECT] 
2025-08-15 22:27:30,978 [ERROR] LogOutputStream:75 - [STDERR_REDIRECT] [Fatal Error] :1:1: Premature end of file.
2025-08-15 22:27:30,978 [ERROR] LogOutputStream:75 - [STDERR_REDIRECT] 
2025-08-15 22:27:31,978 [ERROR] LogOutputStream:75 - [STDERR_REDIRECT] [Fatal Error] :1:1: Premature end of file.
2025-08-15 22:27:31,978 [ERROR] LogOutputStream:75 - [STDERR_REDIRECT] 
2025-08-15 22:27:32,977 [ERROR] LogOutputStream:75 - [STDERR_REDIRECT] [Fatal Error] :1:1: Premature end of file.
2025-08-15 22:27:32,977 [ERROR] LogOutputStream:75 - [STDERR_REDIRECT] 
2025-08-15 22:27:33,979 [ERROR] LogOutputStream:75 - [STDERR_REDIRECT] [Fatal Error] :1:1: Premature end of file.
2025-08-15 22:27:33,979 [ERROR] LogOutputStream:75 - [STDERR_REDIRECT] 
2025-08-15 22:27:34,978 [ERROR] LogOutputStream:75 - [STDERR_REDIRECT] [Fatal Error] :1:1: Premature end of file.
2025-08-15 22:27:34,978 [ERROR] LogOutputStream:75 - [STDERR_REDIRECT] 
2025-08-15 22:27:35,977 [ERROR] LogOutputStream:75 - [STDERR_REDIRECT] [Fatal Error] :1:1: Premature end of file.
2025-08-15 22:27:35,977 [ERROR] LogOutputStream:75 - [STDERR_REDIRECT] 
2025-08-15 22:27:36,975 [ERROR] LogOutputStream:75 - [STDERR_REDIRECT] [Fatal Error] :1:1: Premature end of file.
2025-08-15 22:27:36,976 [ERROR] LogOutputStream:75 - [STDERR_REDIRECT] 
2025-08-15 22:27:37,978 [ERROR] LogOutputStream:75 - [STDERR_REDIRECT] [Fatal Error] :1:1: Premature end of file.
2025-08-15 22:27:37,978 [ERROR] LogOutputStream:75 - [STDERR_REDIRECT] 
2025-08-15 22:27:38,977 [ERROR] LogOutputStream:75 - [STDERR_REDIRECT] [Fatal Error] :1:1: Premature end of file.
2025-08-15 22:27:38,977 [ERROR] LogOutputStream:75 - [STDERR_REDIRECT] 
2025-08-15 22:27:39,976 [ERROR] LogOutputStream:75 - [STDERR_REDIRECT] [Fatal Error] :1:1: Premature end of file.
2025-08-15 22:27:39,976 [ERROR] LogOutputStream:75 - [STDERR_REDIRECT] 
2025-08-15 22:27:40,977 [ERROR] LogOutputStream:75 - [STDERR_REDIRECT] [Fatal Error] :1:1: Premature end of file.
2025-08-15 22:27:40,977 [ERROR] LogOutputStream:75 - [STDERR_REDIRECT] 
2025-08-15 22:27:41,977 [ERROR] LogOutputStream:75 - [STDERR_REDIRECT] [Fatal Error] :1:1: Premature end of file.
2025-08-15 22:27:41,977 [ERROR] LogOutputStream:75 - [STDERR_REDIRECT] 
2025-08-15 22:27:42,977 [ERROR] LogOutputStream:75 - [STDERR_REDIRECT] [Fatal Error] :1:1: Premature end of file.
2025-08-15 22:27:42,977 [ERROR] LogOutputStream:75 - [STDERR_REDIRECT] 
2025-08-15 22:27:43,977 [ERROR] LogOutputStream:75 - [STDERR_REDIRECT] [Fatal Error] :1:1: Premature end of file.
2025-08-15 22:27:43,977 [ERROR] LogOutputStream:75 - [STDERR_REDIRECT] 
2025-08-15 22:27:44,976 [ERROR] LogOutputStream:75 - [STDERR_REDIRECT] [Fatal Error] :1:1: Premature end of file.
2025-08-15 22:27:44,976 [ERROR] LogOutputStream:75 - [STDERR_REDIRECT] 
2025-08-15 22:27:45,978 [ERROR] LogOutputStream:75 - [STDERR_REDIRECT] [Fatal Error] :1:1: Premature end of file.
2025-08-15 22:27:45,978 [ERROR] LogOutputStream:75 - [STDERR_REDIRECT] 
2025-08-15 22:27:46,976 [ERROR] LogOutputStream:75 - [STDERR_REDIRECT] [Fatal Error] :1:1: Premature end of file.
2025-08-15 22:27:46,976 [ERROR] LogOutputStream:75 - [STDERR_REDIRECT] 
2025-08-15 22:27:47,978 [ERROR] LogOutputStream:75 - [STDERR_REDIRECT] [Fatal Error] :1:1: Premature end of file.
2025-08-15 22:27:47,978 [ERROR] LogOutputStream:75 - [STDERR_REDIRECT] 
2025-08-15 22:27:48,976 [ERROR] LogOutputStream:75 - [STDERR_REDIRECT] [Fatal Error] :1:1: Premature end of file.
2025-08-15 22:27:48,976 [ERROR] LogOutputStream:75 - [STDERR_REDIRECT] 
2025-08-15 22:27:49,977 [ERROR] LogOutputStream:75 - [STDERR_REDIRECT] [Fatal Error] :1:1: Premature end of file.
2025-08-15 22:27:49,977 [ERROR] LogOutputStream:75 - [STDERR_REDIRECT] 
2025-08-15 22:27:50,977 [ERROR] LogOutputStream:75 - [STDERR_REDIRECT] [Fatal Error] :1:1: Premature end of file.
2025-08-15 22:27:50,977 [ERROR] LogOutputStream:75 - [STDERR_REDIRECT] 
2025-08-15 22:27:51,976 [ERROR] LogOutputStream:75 - [STDERR_REDIRECT] [Fatal Error] :1:1: Premature end of file.
2025-08-15 22:27:51,977 [ERROR] LogOutputStream:75 - [STDERR_REDIRECT] 
2025-08-15 22:27:52,977 [ERROR] LogOutputStream:75 - [STDERR_REDIRECT] [Fatal Error] :1:1: Premature end of file.
2025-08-15 22:27:52,977 [ERROR] LogOutputStream:75 - [STDERR_REDIRECT] 
2025-08-15 22:27:53,975 [ERROR] LogOutputStream:75 - [STDERR_REDIRECT] [Fatal Error] :1:1: Premature end of file.
2025-08-15 22:27:53,975 [ERROR] LogOutputStream:75 - [STDERR_REDIRECT] 
2025-08-15 22:27:54,975 [ERROR] LogOutputStream:75 - [STDERR_REDIRECT] [Fatal Error] :1:1: Premature end of file.
2025-08-15 22:27:54,976 [ERROR] LogOutputStream:75 - [STDERR_REDIRECT] 
2025-08-15 22:27:55,978 [ERROR] LogOutputStream:75 - [STDERR_REDIRECT] [Fatal Error] :1:1: Premature end of file.
2025-08-15 22:27:55,978 [ERROR] LogOutputStream:75 - [STDERR_REDIRECT] 
2025-08-15 22:27:56,978 [ERROR] LogOutputStream:75 - [STDERR_REDIRECT] [Fatal Error] :1:1: Premature end of file.
2025-08-15 22:27:56,978 [ERROR] LogOutputStream:75 - [STDERR_REDIRECT] 
2025-08-15 22:27:57,976 [ERROR] LogOutputStream:75 - [STDERR_REDIRECT] [Fatal Error] :1:1: Premature end of file.
2025-08-15 22:27:57,976 [ERROR] LogOutputStream:75 - [STDERR_REDIRECT] 
2025-08-15 22:27:58,977 [ERROR] LogOutputStream:75 - [STDERR_REDIRECT] [Fatal Error] :1:1: Premature end of file.
2025-08-15 22:27:58,977 [ERROR] LogOutputStream:75 - [STDERR_REDIRECT] 
2025-08-15 22:27:59,977 [ERROR] LogOutputStream:75 - [STDERR_REDIRECT] [Fatal Error] :1:1: Premature end of file.
2025-08-15 22:27:59,977 [ERROR] LogOutputStream:75 - [STDERR_REDIRECT] 
2025-08-15 22:28:00,976 [ERROR] LogOutputStream:75 - [STDERR_REDIRECT] [Fatal Error] :1:1: Premature end of file.
2025-08-15 22:28:00,976 [ERROR] LogOutputStream:75 - [STDERR_REDIRECT] 
2025-08-15 22:28:01,977 [ERROR] LogOutputStream:75 - [STDERR_REDIRECT] [Fatal Error] :1:1: Premature end of file.
2025-08-15 22:28:01,977 [ERROR] LogOutputStream:75 - [STDERR_REDIRECT] 
2025-08-15 22:28:02,976 [ERROR] LogOutputStream:75 - [STDERR_REDIRECT] [Fatal Error] :1:1: Premature end of file.
2025-08-15 22:28:02,976 [ERROR] LogOutputStream:75 - [STDERR_REDIRECT] 
2025-08-15 22:28:03,977 [ERROR] LogOutputStream:75 - [STDERR_REDIRECT] [Fatal Error] :1:1: Premature end of file.
2025-08-15 22:28:03,977 [ERROR] LogOutputStream:75 - [STDERR_REDIRECT] 
2025-08-15 22:28:04,975 [ERROR] LogOutputStream:75 - [STDERR_REDIRECT] [Fatal Error] :1:1: Premature end of file.
2025-08-15 22:28:04,975 [ERROR] LogOutputStream:75 - [STDERR_REDIRECT] 
2025-08-15 22:28:05,977 [ERROR] LogOutputStream:75 - [STDERR_REDIRECT] [Fatal Error] :1:1: Premature end of file.
2025-08-15 22:28:05,977 [ERROR] LogOutputStream:75 - [STDERR_REDIRECT] 
2025-08-15 22:28:06,976 [ERROR] LogOutputStream:75 - [STDERR_REDIRECT] [Fatal Error] :1:1: Premature end of file.
2025-08-15 22:28:06,976 [ERROR] LogOutputStream:75 - [STDERR_REDIRECT] 
2025-08-15 22:28:07,977 [ERROR] LogOutputStream:75 - [STDERR_REDIRECT] [Fatal Error] :1:1: Premature end of file.
2025-08-15 22:28:07,977 [ERROR] LogOutputStream:75 - [STDERR_REDIRECT] 
2025-08-15 22:28:08,975 [ERROR] LogOutputStream:75 - [STDERR_REDIRECT] [Fatal Error] :1:1: Premature end of file.
2025-08-15 22:28:08,975 [ERROR] LogOutputStream:75 - [STDERR_REDIRECT] 
2025-08-15 22:28:09,976 [ERROR] LogOutputStream:75 - [STDERR_REDIRECT] [Fatal Error] :1:1: Premature end of file.
2025-08-15 22:28:09,976 [ERROR] LogOutputStream:75 - [STDERR_REDIRECT] 
2025-08-15 22:28:10,977 [ERROR] LogOutputStream:75 - [STDERR_REDIRECT] [Fatal Error] :1:1: Premature end of file.
2025-08-15 22:28:10,978 [ERROR] LogOutputStream:75 - [STDERR_REDIRECT] 
2025-08-15 22:28:11,976 [ERROR] LogOutputStream:75 - [STDERR_REDIRECT] [Fatal Error] :1:1: Premature end of file.
2025-08-15 22:28:11,976 [ERROR] LogOutputStream:75 - [STDERR_REDIRECT] 
2025-08-15 22:28:12,976 [ERROR] LogOutputStream:75 - [STDERR_REDIRECT] [Fatal Error] :1:1: Premature end of file.
2025-08-15 22:28:12,976 [ERROR] LogOutputStream:75 - [STDERR_REDIRECT] 
2025-08-15 22:28:13,978 [ERROR] LogOutputStream:75 - [STDERR_REDIRECT] [Fatal Error] :1:1: Premature end of file.
2025-08-15 22:28:13,978 [ERROR] LogOutputStream:75 - [STDERR_REDIRECT] 
2025-08-15 22:28:14,976 [ERROR] LogOutputStream:75 - [STDERR_REDIRECT] [Fatal Error] :1:1: Premature end of file.
2025-08-15 22:28:14,976 [ERROR] LogOutputStream:75 - [STDERR_REDIRECT] 
2025-08-15 22:28:15,976 [ERROR] LogOutputStream:75 - [STDERR_REDIRECT] [Fatal Error] :1:1: Premature end of file.
2025-08-15 22:28:15,977 [ERROR] LogOutputStream:75 - [STDERR_REDIRECT] 
2025-08-15 22:28:16,976 [ERROR] LogOutputStream:75 - [STDERR_REDIRECT] [Fatal Error] :1:1: Premature end of file.
2025-08-15 22:28:16,976 [ERROR] LogOutputStream:75 - [STDERR_REDIRECT] 
2025-08-15 22:28:17,976 [ERROR] LogOutputStream:75 - [STDERR_REDIRECT] [Fatal Error] :1:1: Premature end of file.
2025-08-15 22:28:17,976 [ERROR] LogOutputStream:75 - [STDERR_REDIRECT] 
2025-08-15 22:28:18,975 [ERROR] LogOutputStream:75 - [STDERR_REDIRECT] [Fatal Error] :1:1: Premature end of file.
2025-08-15 22:28:18,975 [ERROR] LogOutputStream:75 - [STDERR_REDIRECT] 
2025-08-15 22:28:19,977 [ERROR] LogOutputStream:75 - [STDERR_REDIRECT] [Fatal Error] :1:1: Premature end of file.
2025-08-15 22:28:19,977 [ERROR] LogOutputStream:75 - [STDERR_REDIRECT] 
2025-08-15 22:28:20,976 [ERROR] LogOutputStream:75 - [STDERR_REDIRECT] [Fatal Error] :1:1: Premature end of file.
2025-08-15 22:28:20,976 [ERROR] LogOutputStream:75 - [STDERR_REDIRECT] 
2025-08-15 22:28:21,975 [ERROR] LogOutputStream:75 - [STDERR_REDIRECT] [Fatal Error] :1:1: Premature end of file.
2025-08-15 22:28:21,976 [ERROR] LogOutputStream:75 - [STDERR_REDIRECT] 
2025-08-15 22:28:22,977 [ERROR] LogOutputStream:75 - [STDERR_REDIRECT] [Fatal Error] :1:1: Premature end of file.
2025-08-15 22:28:22,978 [ERROR] LogOutputStream:75 - [STDERR_REDIRECT] 
2025-08-15 22:28:23,977 [ERROR] LogOutputStream:75 - [STDERR_REDIRECT] [Fatal Error] :1:1: Premature end of file.
2025-08-15 22:28:23,977 [ERROR] LogOutputStream:75 - [STDERR_REDIRECT] 
2025-08-15 22:28:24,977 [ERROR] LogOutputStream:75 - [STDERR_REDIRECT] [Fatal Error] :1:1: Premature end of file.
2025-08-15 22:28:24,977 [ERROR] LogOutputStream:75 - [STDERR_REDIRECT] 
2025-08-15 22:28:25,976 [ERROR] LogOutputStream:75 - [STDERR_REDIRECT] [Fatal Error] :1:1: Premature end of file.
2025-08-15 22:28:25,976 [ERROR] LogOutputStream:75 - [STDERR_REDIRECT] 
2025-08-15 22:28:26,977 [ERROR] LogOutputStream:75 - [STDERR_REDIRECT] [Fatal Error] :1:1: Premature end of file.
2025-08-15 22:28:26,977 [ERROR] LogOutputStream:75 - [STDERR_REDIRECT] 
2025-08-15 22:28:27,976 [ERROR] LogOutputStream:75 - [STDERR_REDIRECT] [Fatal Error] :1:1: Premature end of file.
2025-08-15 22:28:27,976 [ERROR] LogOutputStream:75 - [STDERR_REDIRECT] 
2025-08-15 22:28:28,975 [ERROR] LogOutputStream:75 - [STDERR_REDIRECT] [Fatal Error] :1:1: Premature end of file.
2025-08-15 22:28:28,975 [ERROR] LogOutputStream:75 - [STDERR_REDIRECT] 
2025-08-15 22:28:29,977 [ERROR] LogOutputStream:75 - [STDERR_REDIRECT] [Fatal Error] :1:1: Premature end of file.
2025-08-15 22:28:29,977 [ERROR] LogOutputStream:75 - [STDERR_REDIRECT] 
2025-08-15 22:28:30,976 [ERROR] LogOutputStream:75 - [STDERR_REDIRECT] [Fatal Error] :1:1: Premature end of file.
2025-08-15 22:28:30,976 [ERROR] LogOutputStream:75 - [STDERR_REDIRECT] 
2025-08-15 22:28:31,975 [ERROR] LogOutputStream:75 - [STDERR_REDIRECT] [Fatal Error] :1:1: Premature end of file.
2025-08-15 22:28:31,975 [ERROR] LogOutputStream:75 - [STDERR_REDIRECT] 
2025-08-15 22:28:32,977 [ERROR] LogOutputStream:75 - [STDERR_REDIRECT] [Fatal Error] :1:1: Premature end of file.
2025-08-15 22:28:32,977 [ERROR] LogOutputStream:75 - [STDERR_REDIRECT] 
2025-08-15 22:28:33,976 [ERROR] LogOutputStream:75 - [STDERR_REDIRECT] [Fatal Error] :1:1: Premature end of file.
2025-08-15 22:28:33,976 [ERROR] LogOutputStream:75 - [STDERR_REDIRECT] 
2025-08-15 22:28:34,976 [ERROR] LogOutputStream:75 - [STDERR_REDIRECT] [Fatal Error] :1:1: Premature end of file.
2025-08-15 22:28:34,976 [ERROR] LogOutputStream:75 - [STDERR_REDIRECT] 
2025-08-15 22:28:35,975 [ERROR] LogOutputStream:75 - [STDERR_REDIRECT] [Fatal Error] :1:1: Premature end of file.
2025-08-15 22:28:35,975 [ERROR] LogOutputStream:75 - [STDERR_REDIRECT] 
2025-08-15 22:28:36,976 [ERROR] LogOutputStream:75 - [STDERR_REDIRECT] [Fatal Error] :1:1: Premature end of file.
2025-08-15 22:28:36,976 [ERROR] LogOutputStream:75 - [STDERR_REDIRECT] 
2025-08-15 22:28:37,977 [ERROR] LogOutputStream:75 - [STDERR_REDIRECT] [Fatal Error] :1:1: Premature end of file.
2025-08-15 22:28:37,977 [ERROR] LogOutputStream:75 - [STDERR_REDIRECT] 
2025-08-15 22:28:38,976 [ERROR] LogOutputStream:75 - [STDERR_REDIRECT] [Fatal Error] :1:1: Premature end of file.
2025-08-15 22:28:38,977 [ERROR] LogOutputStream:75 - [STDERR_REDIRECT] 
2025-08-15 22:28:39,976 [ERROR] LogOutputStream:75 - [STDERR_REDIRECT] [Fatal Error] :1:1: Premature end of file.
2025-08-15 22:28:39,976 [ERROR] LogOutputStream:75 - [STDERR_REDIRECT] 
2025-08-15 22:28:40,978 [ERROR] LogOutputStream:75 - [STDERR_REDIRECT] [Fatal Error] :1:1: Premature end of file.
2025-08-15 22:28:40,978 [ERROR] LogOutputStream:75 - [STDERR_REDIRECT] 
2025-08-15 22:28:42,004 [ERROR] LogOutputStream:75 - [STDERR_REDIRECT] [Fatal Error] :1:1: Premature end of file.
2025-08-15 22:28:42,004 [ERROR] LogOutputStream:75 - [STDERR_REDIRECT] 
2025-08-15 22:28:42,977 [ERROR] LogOutputStream:75 - [STDERR_REDIRECT] [Fatal Error] :1:1: Premature end of file.
2025-08-15 22:28:42,977 [ERROR] LogOutputStream:75 - [STDERR_REDIRECT] 
2025-08-15 22:28:43,976 [ERROR] LogOutputStream:75 - [STDERR_REDIRECT] [Fatal Error] :1:1: Premature end of file.
2025-08-15 22:28:43,977 [ERROR] LogOutputStream:75 - [STDERR_REDIRECT] 
2025-08-15 22:28:44,977 [ERROR] LogOutputStream:75 - [STDERR_REDIRECT] [Fatal Error] :1:1: Premature end of file.
2025-08-15 22:28:44,977 [ERROR] LogOutputStream:75 - [STDERR_REDIRECT] 
2025-08-15 22:28:45,978 [ERROR] LogOutputStream:75 - [STDERR_REDIRECT] [Fatal Error] :1:1: Premature end of file.
2025-08-15 22:28:45,978 [ERROR] LogOutputStream:75 - [STDERR_REDIRECT] 
2025-08-15 22:28:46,979 [ERROR] LogOutputStream:75 - [STDERR_REDIRECT] [Fatal Error] :1:1: Premature end of file.
2025-08-15 22:28:46,979 [ERROR] LogOutputStream:75 - [STDERR_REDIRECT] 
2025-08-15 22:28:47,979 [ERROR] LogOutputStream:75 - [STDERR_REDIRECT] [Fatal Error] :1:1: Premature end of file.
2025-08-15 22:28:47,979 [ERROR] LogOutputStream:75 - [STDERR_REDIRECT] 
2025-08-15 22:28:48,988 [ERROR] LogOutputStream:75 - [STDERR_REDIRECT] [Fatal Error] :1:1: Premature end of file.
2025-08-15 22:28:48,989 [ERROR] LogOutputStream:75 - [STDERR_REDIRECT] 
2025-08-15 22:28:49,978 [ERROR] LogOutputStream:75 - [STDERR_REDIRECT] [Fatal Error] :1:1: Premature end of file.
2025-08-15 22:28:49,978 [ERROR] LogOutputStream:75 - [STDERR_REDIRECT] 
2025-08-15 22:28:50,978 [ERROR] LogOutputStream:75 - [STDERR_REDIRECT] [Fatal Error] :1:1: Premature end of file.
2025-08-15 22:28:50,978 [ERROR] LogOutputStream:75 - [STDERR_REDIRECT] 
2025-08-15 22:28:51,974 [ERROR] LogOutputStream:75 - [STDERR_REDIRECT] [Fatal Error] :1:1: Premature end of file.
2025-08-15 22:28:51,974 [ERROR] LogOutputStream:75 - [STDERR_REDIRECT] 
2025-08-15 22:28:52,984 [ERROR] LogOutputStream:75 - [STDERR_REDIRECT] [Fatal Error] :1:1: Premature end of file.
2025-08-15 22:28:52,984 [ERROR] LogOutputStream:75 - [STDERR_REDIRECT] 
2025-08-15 22:28:53,979 [ERROR] LogOutputStream:75 - [STDERR_REDIRECT] [Fatal Error] :1:1: Premature end of file.
2025-08-15 22:28:53,980 [ERROR] LogOutputStream:75 - [STDERR_REDIRECT] 
2025-08-15 22:28:54,974 [ERROR] LogOutputStream:75 - [STDERR_REDIRECT] [Fatal Error] :1:1: Premature end of file.
2025-08-15 22:28:54,974 [ERROR] LogOutputStream:75 - [STDERR_REDIRECT] 
2025-08-15 22:28:55,978 [ERROR] LogOutputStream:75 - [STDERR_REDIRECT] [Fatal Error] :1:1: Premature end of file.
2025-08-15 22:28:55,978 [ERROR] LogOutputStream:75 - [STDERR_REDIRECT] 
2025-08-15 22:28:56,990 [ERROR] LogOutputStream:75 - [STDERR_REDIRECT] [Fatal Error] :1:1: Premature end of file.
2025-08-15 22:28:56,991 [ERROR] LogOutputStream:75 - [STDERR_REDIRECT] 
2025-08-15 22:28:57,979 [ERROR] LogOutputStream:75 - [STDERR_REDIRECT] [Fatal Error] :1:1: Premature end of file.
2025-08-15 22:28:57,979 [ERROR] LogOutputStream:75 - [STDERR_REDIRECT] 
2025-08-15 22:28:58,973 [ERROR] LogOutputStream:75 - [STDERR_REDIRECT] [Fatal Error] :1:1: Premature end of file.
2025-08-15 22:28:58,973 [ERROR] LogOutputStream:75 - [STDERR_REDIRECT] 
2025-08-15 22:28:59,975 [ERROR] LogOutputStream:75 - [STDERR_REDIRECT] [Fatal Error] :1:1: Premature end of file.
2025-08-15 22:28:59,975 [ERROR] LogOutputStream:75 - [STDERR_REDIRECT] 
2025-08-15 22:29:00,978 [ERROR] LogOutputStream:75 - [STDERR_REDIRECT] [Fatal Error] :1:1: Premature end of file.
2025-08-15 22:29:00,978 [ERROR] LogOutputStream:75 - [STDERR_REDIRECT] 
2025-08-15 22:29:01,985 [ERROR] LogOutputStream:75 - [STDERR_REDIRECT] [Fatal Error] :1:1: Premature end of file.
2025-08-15 22:29:01,985 [ERROR] LogOutputStream:75 - [STDERR_REDIRECT] 
2025-08-15 22:29:02,981 [ERROR] LogOutputStream:75 - [STDERR_REDIRECT] [Fatal Error] :1:1: Premature end of file.
2025-08-15 22:29:02,981 [ERROR] LogOutputStream:75 - [STDERR_REDIRECT] 
2025-08-15 22:29:03,983 [ERROR] LogOutputStream:75 - [STDERR_REDIRECT] [Fatal Error] :1:1: Premature end of file.
2025-08-15 22:29:03,983 [ERROR] LogOutputStream:75 - [STDERR_REDIRECT] 
2025-08-15 22:29:04,983 [ERROR] LogOutputStream:75 - [STDERR_REDIRECT] [Fatal Error] :1:1: Premature end of file.
2025-08-15 22:29:04,983 [ERROR] LogOutputStream:75 - [STDERR_REDIRECT] 
2025-08-15 22:29:05,986 [ERROR] LogOutputStream:75 - [STDERR_REDIRECT] [Fatal Error] :1:1: Premature end of file.
2025-08-15 22:29:05,986 [ERROR] LogOutputStream:75 - [STDERR_REDIRECT] 
2025-08-15 22:29:06,983 [ERROR] LogOutputStream:75 - [STDERR_REDIRECT] [Fatal Error] :1:1: Premature end of file.
2025-08-15 22:29:06,983 [ERROR] LogOutputStream:75 - [STDERR_REDIRECT] 
2025-08-15 22:29:07,978 [ERROR] LogOutputStream:75 - [STDERR_REDIRECT] [Fatal Error] :1:1: Premature end of file.
2025-08-15 22:29:07,979 [ERROR] LogOutputStream:75 - [STDERR_REDIRECT] 
2025-08-15 22:29:08,981 [ERROR] LogOutputStream:75 - [STDERR_REDIRECT] [Fatal Error] :1:1: Premature end of file.
2025-08-15 22:29:08,981 [ERROR] LogOutputStream:75 - [STDERR_REDIRECT] 
2025-08-15 22:29:09,979 [ERROR] LogOutputStream:75 - [STDERR_REDIRECT] [Fatal Error] :1:1: Premature end of file.
2025-08-15 22:29:09,979 [ERROR] LogOutputStream:75 - [STDERR_REDIRECT] 
2025-08-15 22:29:10,983 [ERROR] LogOutputStream:75 - [STDERR_REDIRECT] [Fatal Error] :1:1: Premature end of file.
2025-08-15 22:29:10,983 [ERROR] LogOutputStream:75 - [STDERR_REDIRECT] 
2025-08-15 22:29:11,986 [ERROR] LogOutputStream:75 - [STDERR_REDIRECT] [Fatal Error] :1:1: Premature end of file.
2025-08-15 22:29:11,986 [ERROR] LogOutputStream:75 - [STDERR_REDIRECT] 
2025-08-15 22:29:12,984 [ERROR] LogOutputStream:75 - [STDERR_REDIRECT] [Fatal Error] :1:1: Premature end of file.
2025-08-15 22:29:12,984 [ERROR] LogOutputStream:75 - [STDERR_REDIRECT] 
2025-08-15 22:29:13,985 [ERROR] LogOutputStream:75 - [STDERR_REDIRECT] [Fatal Error] :1:1: Premature end of file.
2025-08-15 22:29:13,985 [ERROR] LogOutputStream:75 - [STDERR_REDIRECT] 
2025-08-15 22:29:14,971 [ERROR] LogOutputStream:75 - [STDERR_REDIRECT] [Fatal Error] :1:1: Premature end of file.
2025-08-15 22:29:14,971 [ERROR] LogOutputStream:75 - [STDERR_REDIRECT] 
2025-08-15 22:29:15,974 [ERROR] LogOutputStream:75 - [STDERR_REDIRECT] [Fatal Error] :1:1: Premature end of file.
2025-08-15 22:29:15,974 [ERROR] LogOutputStream:75 - [STDERR_REDIRECT] 
2025-08-15 22:29:16,991 [ERROR] LogOutputStream:75 - [STDERR_REDIRECT] [Fatal Error] :1:1: Premature end of file.
2025-08-15 22:29:16,992 [ERROR] LogOutputStream:75 - [STDERR_REDIRECT] 
2025-08-15 22:29:17,978 [ERROR] LogOutputStream:75 - [STDERR_REDIRECT] [Fatal Error] :1:1: Premature end of file.
2025-08-15 22:29:17,979 [ERROR] LogOutputStream:75 - [STDERR_REDIRECT] 
2025-08-15 22:29:18,985 [ERROR] LogOutputStream:75 - [STDERR_REDIRECT] [Fatal Error] :1:1: Premature end of file.
2025-08-15 22:29:18,985 [ERROR] LogOutputStream:75 - [STDERR_REDIRECT] 
2025-08-15 22:29:19,977 [ERROR] LogOutputStream:75 - [STDERR_REDIRECT] [Fatal Error] :1:1: Premature end of file.
2025-08-15 22:29:19,977 [ERROR] LogOutputStream:75 - [STDERR_REDIRECT] 
2025-08-15 22:29:20,992 [ERROR] LogOutputStream:75 - [STDERR_REDIRECT] [Fatal Error] :1:1: Premature end of file.
2025-08-15 22:29:20,992 [ERROR] LogOutputStream:75 - [STDERR_REDIRECT] 
2025-08-15 22:29:21,977 [ERROR] LogOutputStream:75 - [STDERR_REDIRECT] [Fatal Error] :1:1: Premature end of file.
2025-08-15 22:29:21,977 [ERROR] LogOutputStream:75 - [STDERR_REDIRECT] 
2025-08-15 22:29:22,991 [ERROR] LogOutputStream:75 - [STDERR_REDIRECT] [Fatal Error] :1:1: Premature end of file.
2025-08-15 22:29:22,991 [ERROR] LogOutputStream:75 - [STDERR_REDIRECT] 
2025-08-15 22:29:23,976 [ERROR] LogOutputStream:75 - [STDERR_REDIRECT] [Fatal Error] :1:1: Premature end of file.
2025-08-15 22:29:23,976 [ERROR] LogOutputStream:75 - [STDERR_REDIRECT] 
2025-08-15 22:29:24,980 [ERROR] LogOutputStream:75 - [STDERR_REDIRECT] [Fatal Error] :1:1: Premature end of file.
2025-08-15 22:29:24,980 [ERROR] LogOutputStream:75 - [STDERR_REDIRECT] 
2025-08-15 22:29:25,982 [ERROR] LogOutputStream:75 - [STDERR_REDIRECT] [Fatal Error] :1:1: Premature end of file.
2025-08-15 22:29:25,982 [ERROR] LogOutputStream:75 - [STDERR_REDIRECT] 
2025-08-15 22:29:26,989 [ERROR] LogOutputStream:75 - [STDERR_REDIRECT] [Fatal Error] :1:1: Premature end of file.
2025-08-15 22:29:26,989 [ERROR] LogOutputStream:75 - [STDERR_REDIRECT] 
2025-08-15 22:29:27,979 [ERROR] LogOutputStream:75 - [STDERR_REDIRECT] [Fatal Error] :1:1: Premature end of file.
2025-08-15 22:29:27,979 [ERROR] LogOutputStream:75 - [STDERR_REDIRECT] 
2025-08-15 22:29:28,979 [ERROR] LogOutputStream:75 - [STDERR_REDIRECT] [Fatal Error] :1:1: Premature end of file.
2025-08-15 22:29:28,979 [ERROR] LogOutputStream:75 - [STDERR_REDIRECT] 
2025-08-15 22:29:30,000 [ERROR] LogOutputStream:75 - [STDERR_REDIRECT] [Fatal Error] :1:1: Premature end of file.
2025-08-15 22:29:30,000 [ERROR] LogOutputStream:75 - [STDERR_REDIRECT] 
2025-08-15 22:29:30,983 [ERROR] LogOutputStream:75 - [STDERR_REDIRECT] [Fatal Error] :1:1: Premature end of file.
2025-08-15 22:29:30,983 [ERROR] LogOutputStream:75 - [STDERR_REDIRECT] 
2025-08-15 22:29:31,979 [ERROR] LogOutputStream:75 - [STDERR_REDIRECT] [Fatal Error] :1:1: Premature end of file.
2025-08-15 22:29:31,979 [ERROR] LogOutputStream:75 - [STDERR_REDIRECT] 
2025-08-15 22:29:32,981 [ERROR] LogOutputStream:75 - [STDERR_REDIRECT] [Fatal Error] :1:1: Premature end of file.
2025-08-15 22:29:32,982 [ERROR] LogOutputStream:75 - [STDERR_REDIRECT] 
2025-08-15 22:29:33,979 [ERROR] LogOutputStream:75 - [STDERR_REDIRECT] [Fatal Error] :1:1: Premature end of file.
2025-08-15 22:29:33,979 [ERROR] LogOutputStream:75 - [STDERR_REDIRECT] 
2025-08-15 22:29:34,980 [ERROR] LogOutputStream:75 - [STDERR_REDIRECT] [Fatal Error] :1:1: Premature end of file.
2025-08-15 22:29:34,980 [ERROR] LogOutputStream:75 - [STDERR_REDIRECT] 
2025-08-15 22:29:35,976 [ERROR] LogOutputStream:75 - [STDERR_REDIRECT] [Fatal Error] :1:1: Premature end of file.
2025-08-15 22:29:35,976 [ERROR] LogOutputStream:75 - [STDERR_REDIRECT] 
2025-08-15 22:29:36,986 [ERROR] LogOutputStream:75 - [STDERR_REDIRECT] [Fatal Error] :1:1: Premature end of file.
2025-08-15 22:29:36,986 [ERROR] LogOutputStream:75 - [STDERR_REDIRECT] 
2025-08-15 22:29:37,984 [ERROR] LogOutputStream:75 - [STDERR_REDIRECT] [Fatal Error] :1:1: Premature end of file.
2025-08-15 22:29:37,984 [ERROR] LogOutputStream:75 - [STDERR_REDIRECT] 
2025-08-15 22:29:38,974 [ERROR] LogOutputStream:75 - [STDERR_REDIRECT] [Fatal Error] :1:1: Premature end of file.
2025-08-15 22:29:38,974 [ERROR] LogOutputStream:75 - [STDERR_REDIRECT] 
2025-08-15 22:29:39,980 [ERROR] LogOutputStream:75 - [STDERR_REDIRECT] [Fatal Error] :1:1: Premature end of file.
2025-08-15 22:29:39,980 [ERROR] LogOutputStream:75 - [STDERR_REDIRECT] 
2025-08-15 22:29:40,983 [ERROR] LogOutputStream:75 - [STDERR_REDIRECT] [Fatal Error] :1:1: Premature end of file.
2025-08-15 22:29:40,983 [ERROR] LogOutputStream:75 - [STDERR_REDIRECT] 
2025-08-15 22:29:41,973 [ERROR] LogOutputStream:75 - [STDERR_REDIRECT] [Fatal Error] :1:1: Premature end of file.
2025-08-15 22:29:41,973 [ERROR] LogOutputStream:75 - [STDERR_REDIRECT] 
2025-08-15 22:29:42,982 [ERROR] LogOutputStream:75 - [STDERR_REDIRECT] [Fatal Error] :1:1: Premature end of file.
2025-08-15 22:29:42,982 [ERROR] LogOutputStream:75 - [STDERR_REDIRECT] 
2025-08-15 22:29:43,990 [ERROR] LogOutputStream:75 - [STDERR_REDIRECT] [Fatal Error] :1:1: Premature end of file.
2025-08-15 22:29:43,990 [ERROR] LogOutputStream:75 - [STDERR_REDIRECT] 
2025-08-15 22:29:44,978 [ERROR] LogOutputStream:75 - [STDERR_REDIRECT] [Fatal Error] :1:1: Premature end of file.
2025-08-15 22:29:44,978 [ERROR] LogOutputStream:75 - [STDERR_REDIRECT] 
2025-08-15 22:29:45,979 [ERROR] LogOutputStream:75 - [STDERR_REDIRECT] [Fatal Error] :1:1: Premature end of file.
2025-08-15 22:29:45,979 [ERROR] LogOutputStream:75 - [STDERR_REDIRECT] 
2025-08-15 22:29:46,985 [ERROR] LogOutputStream:75 - [STDERR_REDIRECT] [Fatal Error] :1:1: Premature end of file.
2025-08-15 22:29:46,985 [ERROR] LogOutputStream:75 - [STDERR_REDIRECT] 
2025-08-15 22:29:47,971 [ERROR] LogOutputStream:75 - [STDERR_REDIRECT] [Fatal Error] :1:1: Premature end of file.
2025-08-15 22:29:47,971 [ERROR] LogOutputStream:75 - [STDERR_REDIRECT] 
2025-08-15 22:29:48,975 [ERROR] LogOutputStream:75 - [STDERR_REDIRECT] [Fatal Error] :1:1: Premature end of file.
2025-08-15 22:29:48,975 [ERROR] LogOutputStream:75 - [STDERR_REDIRECT] 
2025-08-15 22:29:49,979 [ERROR] LogOutputStream:75 - [STDERR_REDIRECT] [Fatal Error] :1:1: Premature end of file.
2025-08-15 22:29:49,979 [ERROR] LogOutputStream:75 - [STDERR_REDIRECT] 
2025-08-15 22:29:50,983 [ERROR] LogOutputStream:75 - [STDERR_REDIRECT] [Fatal Error] :1:1: Premature end of file.
2025-08-15 22:29:50,983 [ERROR] LogOutputStream:75 - [STDERR_REDIRECT] 
2025-08-15 22:29:51,972 [ERROR] LogOutputStream:75 - [STDERR_REDIRECT] [Fatal Error] :1:1: Premature end of file.
2025-08-15 22:29:51,972 [ERROR] LogOutputStream:75 - [STDERR_REDIRECT] 
2025-08-15 22:29:52,981 [ERROR] LogOutputStream:75 - [STDERR_REDIRECT] [Fatal Error] :1:1: Premature end of file.
2025-08-15 22:29:52,981 [ERROR] LogOutputStream:75 - [STDERR_REDIRECT] 
2025-08-15 22:29:53,987 [ERROR] LogOutputStream:75 - [STDERR_REDIRECT] [Fatal Error] :1:1: Premature end of file.
2025-08-15 22:29:53,987 [ERROR] LogOutputStream:75 - [STDERR_REDIRECT] 
2025-08-15 22:29:54,980 [ERROR] LogOutputStream:75 - [STDERR_REDIRECT] [Fatal Error] :1:1: Premature end of file.
2025-08-15 22:29:54,980 [ERROR] LogOutputStream:75 - [STDERR_REDIRECT] 
2025-08-15 22:29:55,982 [ERROR] LogOutputStream:75 - [STDERR_REDIRECT] [Fatal Error] :1:1: Premature end of file.
2025-08-15 22:29:55,982 [ERROR] LogOutputStream:75 - [STDERR_REDIRECT] 
2025-08-15 22:29:56,985 [ERROR] LogOutputStream:75 - [STDERR_REDIRECT] [Fatal Error] :1:1: Premature end of file.
2025-08-15 22:29:56,985 [ERROR] LogOutputStream:75 - [STDERR_REDIRECT] 
2025-08-15 22:29:57,977 [ERROR] LogOutputStream:75 - [STDERR_REDIRECT] [Fatal Error] :1:1: Premature end of file.
2025-08-15 22:29:57,977 [ERROR] LogOutputStream:75 - [STDERR_REDIRECT] 
2025-08-15 22:29:58,978 [ERROR] LogOutputStream:75 - [STDERR_REDIRECT] [Fatal Error] :1:1: Premature end of file.
2025-08-15 22:29:58,978 [ERROR] LogOutputStream:75 - [STDERR_REDIRECT] 
2025-08-15 22:29:59,975 [ERROR] LogOutputStream:75 - [STDERR_REDIRECT] [Fatal Error] :1:1: Premature end of file.
2025-08-15 22:29:59,975 [ERROR] LogOutputStream:75 - [STDERR_REDIRECT] 
2025-08-15 22:30:00,975 [ERROR] LogOutputStream:75 - [STDERR_REDIRECT] [Fatal Error] :1:1: Premature end of file.
2025-08-15 22:30:00,975 [ERROR] LogOutputStream:75 - [STDERR_REDIRECT] 
2025-08-15 22:30:01,985 [ERROR] LogOutputStream:75 - [STDERR_REDIRECT] [Fatal Error] :1:1: Premature end of file.
2025-08-15 22:30:01,985 [ERROR] LogOutputStream:75 - [STDERR_REDIRECT] 
2025-08-15 22:30:02,974 [ERROR] LogOutputStream:75 - [STDERR_REDIRECT] [Fatal Error] :1:1: Premature end of file.
2025-08-15 22:30:02,974 [ERROR] LogOutputStream:75 - [STDERR_REDIRECT] 
2025-08-15 22:30:03,984 [ERROR] LogOutputStream:75 - [STDERR_REDIRECT] [Fatal Error] :1:1: Premature end of file.
2025-08-15 22:30:03,984 [ERROR] LogOutputStream:75 - [STDERR_REDIRECT] 
2025-08-15 22:30:04,983 [ERROR] LogOutputStream:75 - [STDERR_REDIRECT] [Fatal Error] :1:1: Premature end of file.
2025-08-15 22:30:04,983 [ERROR] LogOutputStream:75 - [STDERR_REDIRECT] 
2025-08-15 22:30:05,983 [ERROR] LogOutputStream:75 - [STDERR_REDIRECT] [Fatal Error] :1:1: Premature end of file.
2025-08-15 22:30:05,983 [ERROR] LogOutputStream:75 - [STDERR_REDIRECT] 
2025-08-15 22:30:06,983 [ERROR] LogOutputStream:75 - [STDERR_REDIRECT] [Fatal Error] :1:1: Premature end of file.
2025-08-15 22:30:06,983 [ERROR] LogOutputStream:75 - [STDERR_REDIRECT] 
2025-08-15 22:30:07,978 [ERROR] LogOutputStream:75 - [STDERR_REDIRECT] [Fatal Error] :1:1: Premature end of file.
2025-08-15 22:30:07,978 [ERROR] LogOutputStream:75 - [STDERR_REDIRECT] 
2025-08-15 22:30:08,976 [ERROR] LogOutputStream:75 - [STDERR_REDIRECT] [Fatal Error] :1:1: Premature end of file.
2025-08-15 22:30:08,976 [ERROR] LogOutputStream:75 - [STDERR_REDIRECT] 
2025-08-15 22:30:09,979 [ERROR] LogOutputStream:75 - [STDERR_REDIRECT] [Fatal Error] :1:1: Premature end of file.
2025-08-15 22:30:09,979 [ERROR] LogOutputStream:75 - [STDERR_REDIRECT] 
2025-08-15 22:30:10,975 [ERROR] LogOutputStream:75 - [STDERR_REDIRECT] [Fatal Error] :1:1: Premature end of file.
2025-08-15 22:30:10,975 [ERROR] LogOutputStream:75 - [STDERR_REDIRECT] 
2025-08-15 22:30:11,974 [ERROR] LogOutputStream:75 - [STDERR_REDIRECT] [Fatal Error] :1:1: Premature end of file.
2025-08-15 22:30:11,974 [ERROR] LogOutputStream:75 - [STDERR_REDIRECT] 
2025-08-15 22:30:12,974 [ERROR] LogOutputStream:75 - [STDERR_REDIRECT] [Fatal Error] :1:1: Premature end of file.
2025-08-15 22:30:12,974 [ERROR] LogOutputStream:75 - [STDERR_REDIRECT] 
2025-08-15 22:30:13,978 [ERROR] LogOutputStream:75 - [STDERR_REDIRECT] [Fatal Error] :1:1: Premature end of file.
2025-08-15 22:30:13,978 [ERROR] LogOutputStream:75 - [STDERR_REDIRECT] 
2025-08-15 22:30:14,991 [ERROR] LogOutputStream:75 - [STDERR_REDIRECT] [Fatal Error] :1:1: Premature end of file.
2025-08-15 22:30:14,991 [ERROR] LogOutputStream:75 - [STDERR_REDIRECT] 
2025-08-15 22:30:15,991 [ERROR] LogOutputStream:75 - [STDERR_REDIRECT] [Fatal Error] :1:1: Premature end of file.
2025-08-15 22:30:15,991 [ERROR] LogOutputStream:75 - [STDERR_REDIRECT] 
2025-08-15 22:30:16,985 [ERROR] LogOutputStream:75 - [STDERR_REDIRECT] [Fatal Error] :1:1: Premature end of file.
2025-08-15 22:30:16,985 [ERROR] LogOutputStream:75 - [STDERR_REDIRECT] 
2025-08-15 22:30:17,983 [ERROR] LogOutputStream:75 - [STDERR_REDIRECT] [Fatal Error] :1:1: Premature end of file.
2025-08-15 22:30:17,983 [ERROR] LogOutputStream:75 - [STDERR_REDIRECT] 
2025-08-15 22:30:18,981 [ERROR] LogOutputStream:75 - [STDERR_REDIRECT] [Fatal Error] :1:1: Premature end of file.
2025-08-15 22:30:18,981 [ERROR] LogOutputStream:75 - [STDERR_REDIRECT] 
2025-08-15 22:30:19,971 [ERROR] LogOutputStream:75 - [STDERR_REDIRECT] [Fatal Error] :1:1: Premature end of file.
2025-08-15 22:30:19,971 [ERROR] LogOutputStream:75 - [STDERR_REDIRECT] 
2025-08-15 22:30:20,974 [ERROR] LogOutputStream:75 - [STDERR_REDIRECT] [Fatal Error] :1:1: Premature end of file.
2025-08-15 22:30:20,974 [ERROR] LogOutputStream:75 - [STDERR_REDIRECT] 
2025-08-15 22:30:21,985 [ERROR] LogOutputStream:75 - [STDERR_REDIRECT] [Fatal Error] :1:1: Premature end of file.
2025-08-15 22:30:21,985 [ERROR] LogOutputStream:75 - [STDERR_REDIRECT] 
2025-08-15 22:30:22,980 [ERROR] LogOutputStream:75 - [STDERR_REDIRECT] [Fatal Error] :1:1: Premature end of file.
2025-08-15 22:30:22,980 [ERROR] LogOutputStream:75 - [STDERR_REDIRECT] 
2025-08-15 22:30:23,986 [ERROR] LogOutputStream:75 - [STDERR_REDIRECT] [Fatal Error] :1:1: Premature end of file.
2025-08-15 22:30:23,986 [ERROR] LogOutputStream:75 - [STDERR_REDIRECT] 
2025-08-15 22:30:24,979 [ERROR] LogOutputStream:75 - [STDERR_REDIRECT] [Fatal Error] :1:1: Premature end of file.
2025-08-15 22:30:24,979 [ERROR] LogOutputStream:75 - [STDERR_REDIRECT] 
2025-08-15 22:30:25,989 [ERROR] LogOutputStream:75 - [STDERR_REDIRECT] [Fatal Error] :1:1: Premature end of file.
2025-08-15 22:30:25,989 [ERROR] LogOutputStream:75 - [STDERR_REDIRECT] 
2025-08-15 22:30:26,974 [ERROR] LogOutputStream:75 - [STDERR_REDIRECT] [Fatal Error] :1:1: Premature end of file.
2025-08-15 22:30:26,974 [ERROR] LogOutputStream:75 - [STDERR_REDIRECT] 
2025-08-15 22:30:27,978 [ERROR] LogOutputStream:75 - [STDERR_REDIRECT] [Fatal Error] :1:1: Premature end of file.
2025-08-15 22:30:27,979 [ERROR] LogOutputStream:75 - [STDERR_REDIRECT] 
2025-08-15 22:30:28,973 [ERROR] LogOutputStream:75 - [STDERR_REDIRECT] [Fatal Error] :1:1: Premature end of file.
2025-08-15 22:30:28,973 [ERROR] LogOutputStream:75 - [STDERR_REDIRECT] 
2025-08-15 22:30:29,973 [ERROR] LogOutputStream:75 - [STDERR_REDIRECT] [Fatal Error] :1:1: Premature end of file.
2025-08-15 22:30:29,973 [ERROR] LogOutputStream:75 - [STDERR_REDIRECT] 
2025-08-15 22:30:30,981 [ERROR] LogOutputStream:75 - [STDERR_REDIRECT] [Fatal Error] :1:1: Premature end of file.
2025-08-15 22:30:30,981 [ERROR] LogOutputStream:75 - [STDERR_REDIRECT] 
2025-08-15 22:30:31,979 [ERROR] LogOutputStream:75 - [STDERR_REDIRECT] [Fatal Error] :1:1: Premature end of file.
2025-08-15 22:30:31,979 [ERROR] LogOutputStream:75 - [STDERR_REDIRECT] 
2025-08-15 22:30:32,991 [ERROR] LogOutputStream:75 - [STDERR_REDIRECT] [Fatal Error] :1:1: Premature end of file.
2025-08-15 22:30:32,991 [ERROR] LogOutputStream:75 - [STDERR_REDIRECT] 
2025-08-15 22:30:33,986 [ERROR] LogOutputStream:75 - [STDERR_REDIRECT] [Fatal Error] :1:1: Premature end of file.
2025-08-15 22:30:33,986 [ERROR] LogOutputStream:75 - [STDERR_REDIRECT] 
2025-08-15 22:30:34,985 [ERROR] LogOutputStream:75 - [STDERR_REDIRECT] [Fatal Error] :1:1: Premature end of file.
2025-08-15 22:30:34,985 [ERROR] LogOutputStream:75 - [STDERR_REDIRECT] 
2025-08-15 22:30:35,984 [ERROR] LogOutputStream:75 - [STDERR_REDIRECT] [Fatal Error] :1:1: Premature end of file.
2025-08-15 22:30:35,984 [ERROR] LogOutputStream:75 - [STDERR_REDIRECT] 
2025-08-15 22:30:36,983 [ERROR] LogOutputStream:75 - [STDERR_REDIRECT] [Fatal Error] :1:1: Premature end of file.
2025-08-15 22:30:36,983 [ERROR] LogOutputStream:75 - [STDERR_REDIRECT] 
2025-08-15 22:30:37,983 [ERROR] LogOutputStream:75 - [STDERR_REDIRECT] [Fatal Error] :1:1: Premature end of file.
2025-08-15 22:30:37,983 [ERROR] LogOutputStream:75 - [STDERR_REDIRECT] 
2025-08-15 22:30:38,982 [ERROR] LogOutputStream:75 - [STDERR_REDIRECT] [Fatal Error] :1:1: Premature end of file.
2025-08-15 22:30:38,982 [ERROR] LogOutputStream:75 - [STDERR_REDIRECT] 
2025-08-15 22:30:39,987 [ERROR] LogOutputStream:75 - [STDERR_REDIRECT] [Fatal Error] :1:1: Premature end of file.
2025-08-15 22:30:39,987 [ERROR] LogOutputStream:75 - [STDERR_REDIRECT] 
2025-08-15 22:30:40,984 [ERROR] LogOutputStream:75 - [STDERR_REDIRECT] [Fatal Error] :1:1: Premature end of file.
2025-08-15 22:30:40,984 [ERROR] LogOutputStream:75 - [STDERR_REDIRECT] 
2025-08-15 22:30:41,983 [ERROR] LogOutputStream:75 - [STDERR_REDIRECT] [Fatal Error] :1:1: Premature end of file.
2025-08-15 22:30:41,983 [ERROR] LogOutputStream:75 - [STDERR_REDIRECT] 
2025-08-15 22:30:42,974 [ERROR] LogOutputStream:75 - [STDERR_REDIRECT] [Fatal Error] :1:1: Premature end of file.
2025-08-15 22:30:42,974 [ERROR] LogOutputStream:75 - [STDERR_REDIRECT] 
2025-08-15 22:30:43,979 [ERROR] LogOutputStream:75 - [STDERR_REDIRECT] [Fatal Error] :1:1: Premature end of file.
2025-08-15 22:30:43,979 [ERROR] LogOutputStream:75 - [STDERR_REDIRECT] 
2025-08-15 22:30:44,984 [ERROR] LogOutputStream:75 - [STDERR_REDIRECT] [Fatal Error] :1:1: Premature end of file.
2025-08-15 22:30:44,984 [ERROR] LogOutputStream:75 - [STDERR_REDIRECT] 
2025-08-15 22:30:45,984 [ERROR] LogOutputStream:75 - [STDERR_REDIRECT] [Fatal Error] :1:1: Premature end of file.
2025-08-15 22:30:45,984 [ERROR] LogOutputStream:75 - [STDERR_REDIRECT] 
2025-08-15 22:30:46,991 [ERROR] LogOutputStream:75 - [STDERR_REDIRECT] [Fatal Error] :1:1: Premature end of file.
2025-08-15 22:30:46,991 [ERROR] LogOutputStream:75 - [STDERR_REDIRECT] 
2025-08-15 22:30:47,976 [ERROR] LogOutputStream:75 - [STDERR_REDIRECT] [Fatal Error] :1:1: Premature end of file.
2025-08-15 22:30:47,976 [ERROR] LogOutputStream:75 - [STDERR_REDIRECT] 
2025-08-15 22:30:48,984 [ERROR] LogOutputStream:75 - [STDERR_REDIRECT] [Fatal Error] :1:1: Premature end of file.
2025-08-15 22:30:48,984 [ERROR] LogOutputStream:75 - [STDERR_REDIRECT] 
2025-08-15 22:30:49,983 [ERROR] LogOutputStream:75 - [STDERR_REDIRECT] [Fatal Error] :1:1: Premature end of file.
2025-08-15 22:30:49,983 [ERROR] LogOutputStream:75 - [STDERR_REDIRECT] 
2025-08-15 22:30:50,973 [ERROR] LogOutputStream:75 - [STDERR_REDIRECT] [Fatal Error] :1:1: Premature end of file.
2025-08-15 22:30:50,973 [ERROR] LogOutputStream:75 - [STDERR_REDIRECT] 
2025-08-15 22:30:51,980 [ERROR] LogOutputStream:75 - [STDERR_REDIRECT] [Fatal Error] :1:1: Premature end of file.
2025-08-15 22:30:51,980 [ERROR] LogOutputStream:75 - [STDERR_REDIRECT] 
2025-08-15 22:30:52,982 [ERROR] LogOutputStream:75 - [STDERR_REDIRECT] [Fatal Error] :1:1: Premature end of file.
2025-08-15 22:30:52,982 [ERROR] LogOutputStream:75 - [STDERR_REDIRECT] 
2025-08-15 22:30:53,987 [ERROR] LogOutputStream:75 - [STDERR_REDIRECT] [Fatal Error] :1:1: Premature end of file.
2025-08-15 22:30:53,987 [ERROR] LogOutputStream:75 - [STDERR_REDIRECT] 
2025-08-15 22:30:54,987 [ERROR] LogOutputStream:75 - [STDERR_REDIRECT] [Fatal Error] :1:1: Premature end of file.
2025-08-15 22:30:54,987 [ERROR] LogOutputStream:75 - [STDERR_REDIRECT] 
2025-08-15 22:30:55,990 [ERROR] LogOutputStream:75 - [STDERR_REDIRECT] [Fatal Error] :1:1: Premature end of file.
2025-08-15 22:30:55,990 [ERROR] LogOutputStream:75 - [STDERR_REDIRECT] 
2025-08-15 22:30:56,977 [ERROR] LogOutputStream:75 - [STDERR_REDIRECT] [Fatal Error] :1:1: Premature end of file.
2025-08-15 22:30:56,977 [ERROR] LogOutputStream:75 - [STDERR_REDIRECT] 
2025-08-15 22:30:57,984 [ERROR] LogOutputStream:75 - [STDERR_REDIRECT] [Fatal Error] :1:1: Premature end of file.
2025-08-15 22:30:57,984 [ERROR] LogOutputStream:75 - [STDERR_REDIRECT] 
2025-08-15 22:30:58,971 [ERROR] LogOutputStream:75 - [STDERR_REDIRECT] [Fatal Error] :1:1: Premature end of file.
2025-08-15 22:30:58,971 [ERROR] LogOutputStream:75 - [STDERR_REDIRECT] 
2025-08-15 22:30:59,977 [ERROR] LogOutputStream:75 - [STDERR_REDIRECT] [Fatal Error] :1:1: Premature end of file.
2025-08-15 22:30:59,977 [ERROR] LogOutputStream:75 - [STDERR_REDIRECT] 
2025-08-15 22:31:00,982 [ERROR] LogOutputStream:75 - [STDERR_REDIRECT] [Fatal Error] :1:1: Premature end of file.
2025-08-15 22:31:00,982 [ERROR] LogOutputStream:75 - [STDERR_REDIRECT] 
2025-08-15 22:31:01,977 [ERROR] LogOutputStream:75 - [STDERR_REDIRECT] [Fatal Error] :1:1: Premature end of file.
2025-08-15 22:31:01,977 [ERROR] LogOutputStream:75 - [STDERR_REDIRECT] 
2025-08-15 22:31:02,986 [ERROR] LogOutputStream:75 - [STDERR_REDIRECT] [Fatal Error] :1:1: Premature end of file.
2025-08-15 22:31:02,986 [ERROR] LogOutputStream:75 - [STDERR_REDIRECT] 
2025-08-15 22:31:03,978 [ERROR] LogOutputStream:75 - [STDERR_REDIRECT] [Fatal Error] :1:1: Premature end of file.
2025-08-15 22:31:03,978 [ERROR] LogOutputStream:75 - [STDERR_REDIRECT] 
2025-08-15 22:31:04,977 [ERROR] LogOutputStream:75 - [STDERR_REDIRECT] [Fatal Error] :1:1: Premature end of file.
2025-08-15 22:31:04,977 [ERROR] LogOutputStream:75 - [STDERR_REDIRECT] 
2025-08-15 22:31:05,985 [ERROR] LogOutputStream:75 - [STDERR_REDIRECT] [Fatal Error] :1:1: Premature end of file.
2025-08-15 22:31:05,985 [ERROR] LogOutputStream:75 - [STDERR_REDIRECT] 
2025-08-15 22:31:06,978 [ERROR] LogOutputStream:75 - [STDERR_REDIRECT] [Fatal Error] :1:1: Premature end of file.
2025-08-15 22:31:06,978 [ERROR] LogOutputStream:75 - [STDERR_REDIRECT] 
2025-08-15 22:31:07,992 [ERROR] LogOutputStream:75 - [STDERR_REDIRECT] [Fatal Error] :1:1: Premature end of file.
2025-08-15 22:31:07,992 [ERROR] LogOutputStream:75 - [STDERR_REDIRECT] 
2025-08-15 22:31:08,992 [ERROR] LogOutputStream:75 - [STDERR_REDIRECT] [Fatal Error] :1:1: Premature end of file.
2025-08-15 22:31:08,992 [ERROR] LogOutputStream:75 - [STDERR_REDIRECT] 
2025-08-15 22:31:09,988 [ERROR] LogOutputStream:75 - [STDERR_REDIRECT] [Fatal Error] :1:1: Premature end of file.
2025-08-15 22:31:09,988 [ERROR] LogOutputStream:75 - [STDERR_REDIRECT] 
2025-08-15 22:31:10,986 [ERROR] LogOutputStream:75 - [STDERR_REDIRECT] [Fatal Error] :1:1: Premature end of file.
2025-08-15 22:31:10,986 [ERROR] LogOutputStream:75 - [STDERR_REDIRECT] 
2025-08-15 22:31:11,990 [ERROR] LogOutputStream:75 - [STDERR_REDIRECT] [Fatal Error] :1:1: Premature end of file.
2025-08-15 22:31:11,990 [ERROR] LogOutputStream:75 - [STDERR_REDIRECT] 
2025-08-15 22:31:12,988 [ERROR] LogOutputStream:75 - [STDERR_REDIRECT] [Fatal Error] :1:1: Premature end of file.
2025-08-15 22:31:12,988 [ERROR] LogOutputStream:75 - [STDERR_REDIRECT] 
2025-08-15 22:31:13,988 [ERROR] LogOutputStream:75 - [STDERR_REDIRECT] [Fatal Error] :1:1: Premature end of file.
2025-08-15 22:31:13,988 [ERROR] LogOutputStream:75 - [STDERR_REDIRECT] 
2025-08-15 22:31:14,987 [ERROR] LogOutputStream:75 - [STDERR_REDIRECT] [Fatal Error] :1:1: Premature end of file.
2025-08-15 22:31:14,987 [ERROR] LogOutputStream:75 - [STDERR_REDIRECT] 
2025-08-15 22:31:15,985 [ERROR] LogOutputStream:75 - [STDERR_REDIRECT] [Fatal Error] :1:1: Premature end of file.
2025-08-15 22:31:15,985 [ERROR] LogOutputStream:75 - [STDERR_REDIRECT] 
2025-08-15 22:31:16,978 [ERROR] LogOutputStream:75 - [STDERR_REDIRECT] [Fatal Error] :1:1: Premature end of file.
2025-08-15 22:31:16,978 [ERROR] LogOutputStream:75 - [STDERR_REDIRECT] 
2025-08-15 22:31:17,983 [ERROR] LogOutputStream:75 - [STDERR_REDIRECT] [Fatal Error] :1:1: Premature end of file.
2025-08-15 22:31:17,983 [ERROR] LogOutputStream:75 - [STDERR_REDIRECT] 
2025-08-15 22:31:18,974 [ERROR] LogOutputStream:75 - [STDERR_REDIRECT] [Fatal Error] :1:1: Premature end of file.
2025-08-15 22:31:18,974 [ERROR] LogOutputStream:75 - [STDERR_REDIRECT] 
2025-08-15 22:31:19,993 [ERROR] LogOutputStream:75 - [STDERR_REDIRECT] [Fatal Error] :1:1: Premature end of file.
2025-08-15 22:31:19,993 [ERROR] LogOutputStream:75 - [STDERR_REDIRECT] 
2025-08-15 22:31:20,982 [ERROR] LogOutputStream:75 - [STDERR_REDIRECT] [Fatal Error] :1:1: Premature end of file.
2025-08-15 22:31:20,983 [ERROR] LogOutputStream:75 - [STDERR_REDIRECT] 
2025-08-15 22:31:21,973 [ERROR] LogOutputStream:75 - [STDERR_REDIRECT] [Fatal Error] :1:1: Premature end of file.
2025-08-15 22:31:21,973 [ERROR] LogOutputStream:75 - [STDERR_REDIRECT] 
2025-08-15 22:31:22,974 [ERROR] LogOutputStream:75 - [STDERR_REDIRECT] [Fatal Error] :1:1: Premature end of file.
2025-08-15 22:31:22,974 [ERROR] LogOutputStream:75 - [STDERR_REDIRECT] 
2025-08-15 22:31:23,970 [ERROR] LogOutputStream:75 - [STDERR_REDIRECT] [Fatal Error] :1:1: Premature end of file.
2025-08-15 22:31:23,970 [ERROR] LogOutputStream:75 - [STDERR_REDIRECT] 
2025-08-15 22:31:24,981 [ERROR] LogOutputStream:75 - [STDERR_REDIRECT] [Fatal Error] :1:1: Premature end of file.
2025-08-15 22:31:24,981 [ERROR] LogOutputStream:75 - [STDERR_REDIRECT] 
2025-08-15 22:31:25,976 [ERROR] LogOutputStream:75 - [STDERR_REDIRECT] [Fatal Error] :1:1: Premature end of file.
2025-08-15 22:31:25,976 [ERROR] LogOutputStream:75 - [STDERR_REDIRECT] 
2025-08-15 22:31:26,979 [ERROR] LogOutputStream:75 - [STDERR_REDIRECT] [Fatal Error] :1:1: Premature end of file.
2025-08-15 22:31:26,979 [ERROR] LogOutputStream:75 - [STDERR_REDIRECT] 
2025-08-15 22:31:27,981 [ERROR] LogOutputStream:75 - [STDERR_REDIRECT] [Fatal Error] :1:1: Premature end of file.
2025-08-15 22:31:27,981 [ERROR] LogOutputStream:75 - [STDERR_REDIRECT] 
2025-08-15 22:31:28,978 [ERROR] LogOutputStream:75 - [STDERR_REDIRECT] [Fatal Error] :1:1: Premature end of file.
2025-08-15 22:31:28,978 [ERROR] LogOutputStream:75 - [STDERR_REDIRECT] 
2025-08-15 22:31:30,006 [ERROR] LogOutputStream:75 - [STDERR_REDIRECT] [Fatal Error] :1:1: Premature end of file.
2025-08-15 22:31:30,006 [ERROR] LogOutputStream:75 - [STDERR_REDIRECT] 
2025-08-15 22:31:30,981 [ERROR] LogOutputStream:75 - [STDERR_REDIRECT] [Fatal Error] :1:1: Premature end of file.
2025-08-15 22:31:30,981 [ERROR] LogOutputStream:75 - [STDERR_REDIRECT] 
2025-08-15 22:31:31,985 [ERROR] LogOutputStream:75 - [STDERR_REDIRECT] [Fatal Error] :1:1: Premature end of file.
2025-08-15 22:31:31,985 [ERROR] LogOutputStream:75 - [STDERR_REDIRECT] 
2025-08-15 22:31:32,978 [ERROR] LogOutputStream:75 - [STDERR_REDIRECT] [Fatal Error] :1:1: Premature end of file.
2025-08-15 22:31:32,978 [ERROR] LogOutputStream:75 - [STDERR_REDIRECT] 
2025-08-15 22:31:33,985 [ERROR] LogOutputStream:75 - [STDERR_REDIRECT] [Fatal Error] :1:1: Premature end of file.
2025-08-15 22:31:33,985 [ERROR] LogOutputStream:75 - [STDERR_REDIRECT] 
2025-08-15 22:31:34,981 [ERROR] LogOutputStream:75 - [STDERR_REDIRECT] [Fatal Error] :1:1: Premature end of file.
2025-08-15 22:31:34,981 [ERROR] LogOutputStream:75 - [STDERR_REDIRECT] 
2025-08-15 22:31:35,977 [ERROR] LogOutputStream:75 - [STDERR_REDIRECT] [Fatal Error] :1:1: Premature end of file.
2025-08-15 22:31:35,977 [ERROR] LogOutputStream:75 - [STDERR_REDIRECT] 
2025-08-15 22:31:36,976 [ERROR] LogOutputStream:75 - [STDERR_REDIRECT] [Fatal Error] :1:1: Premature end of file.
2025-08-15 22:31:36,976 [ERROR] LogOutputStream:75 - [STDERR_REDIRECT] 
2025-08-15 22:31:37,979 [ERROR] LogOutputStream:75 - [STDERR_REDIRECT] [Fatal Error] :1:1: Premature end of file.
2025-08-15 22:31:37,979 [ERROR] LogOutputStream:75 - [STDERR_REDIRECT] 
2025-08-15 22:31:38,978 [ERROR] LogOutputStream:75 - [STDERR_REDIRECT] [Fatal Error] :1:1: Premature end of file.
2025-08-15 22:31:38,978 [ERROR] LogOutputStream:75 - [STDERR_REDIRECT] 
2025-08-15 22:31:39,975 [ERROR] LogOutputStream:75 - [STDERR_REDIRECT] [Fatal Error] :1:1: Premature end of file.
2025-08-15 22:31:39,975 [ERROR] LogOutputStream:75 - [STDERR_REDIRECT] 
2025-08-15 22:31:40,978 [ERROR] LogOutputStream:75 - [STDERR_REDIRECT] [Fatal Error] :1:1: Premature end of file.
2025-08-15 22:31:40,979 [ERROR] LogOutputStream:75 - [STDERR_REDIRECT] 
2025-08-15 22:31:41,982 [ERROR] LogOutputStream:75 - [STDERR_REDIRECT] [Fatal Error] :1:1: Premature end of file.
2025-08-15 22:31:41,982 [ERROR] LogOutputStream:75 - [STDERR_REDIRECT] 
2025-08-15 22:31:42,974 [ERROR] LogOutputStream:75 - [STDERR_REDIRECT] [Fatal Error] :1:1: Premature end of file.
2025-08-15 22:31:42,974 [ERROR] LogOutputStream:75 - [STDERR_REDIRECT] 
2025-08-15 22:31:43,972 [ERROR] LogOutputStream:75 - [STDERR_REDIRECT] [Fatal Error] :1:1: Premature end of file.
2025-08-15 22:31:43,972 [ERROR] LogOutputStream:75 - [STDERR_REDIRECT] 
2025-08-15 22:31:44,974 [ERROR] LogOutputStream:75 - [STDERR_REDIRECT] [Fatal Error] :1:1: Premature end of file.
2025-08-15 22:31:44,974 [ERROR] LogOutputStream:75 - [STDERR_REDIRECT] 
2025-08-15 22:31:45,972 [ERROR] LogOutputStream:75 - [STDERR_REDIRECT] [Fatal Error] :1:1: Premature end of file.
2025-08-15 22:31:45,972 [ERROR] LogOutputStream:75 - [STDERR_REDIRECT] 
2025-08-15 22:31:46,980 [ERROR] LogOutputStream:75 - [STDERR_REDIRECT] [Fatal Error] :1:1: Premature end of file.
2025-08-15 22:31:46,980 [ERROR] LogOutputStream:75 - [STDERR_REDIRECT] 
2025-08-15 22:31:47,973 [ERROR] LogOutputStream:75 - [STDERR_REDIRECT] [Fatal Error] :1:1: Premature end of file.
2025-08-15 22:31:47,973 [ERROR] LogOutputStream:75 - [STDERR_REDIRECT] 
2025-08-15 22:31:48,972 [ERROR] LogOutputStream:75 - [STDERR_REDIRECT] [Fatal Error] :1:1: Premature end of file.
2025-08-15 22:31:48,972 [ERROR] LogOutputStream:75 - [STDERR_REDIRECT] 
2025-08-15 22:31:49,973 [ERROR] LogOutputStream:75 - [STDERR_REDIRECT] [Fatal Error] :1:1: Premature end of file.
2025-08-15 22:31:49,973 [ERROR] LogOutputStream:75 - [STDERR_REDIRECT] 
2025-08-15 22:31:50,985 [ERROR] LogOutputStream:75 - [STDERR_REDIRECT] [Fatal Error] :1:1: Premature end of file.
2025-08-15 22:31:50,985 [ERROR] LogOutputStream:75 - [STDERR_REDIRECT] 
2025-08-15 22:31:51,987 [ERROR] LogOutputStream:75 - [STDERR_REDIRECT] [Fatal Error] :1:1: Premature end of file.
2025-08-15 22:31:51,987 [ERROR] LogOutputStream:75 - [STDERR_REDIRECT] 
2025-08-15 22:31:52,977 [ERROR] LogOutputStream:75 - [STDERR_REDIRECT] [Fatal Error] :1:1: Premature end of file.
2025-08-15 22:31:52,977 [ERROR] LogOutputStream:75 - [STDERR_REDIRECT] 
2025-08-15 22:31:53,987 [ERROR] LogOutputStream:75 - [STDERR_REDIRECT] [Fatal Error] :1:1: Premature end of file.
2025-08-15 22:31:53,987 [ERROR] LogOutputStream:75 - [STDERR_REDIRECT] 
2025-08-15 22:31:54,990 [ERROR] LogOutputStream:75 - [STDERR_REDIRECT] [Fatal Error] :1:1: Premature end of file.
2025-08-15 22:31:54,990 [ERROR] LogOutputStream:75 - [STDERR_REDIRECT] 
2025-08-15 22:31:55,986 [ERROR] LogOutputStream:75 - [STDERR_REDIRECT] [Fatal Error] :1:1: Premature end of file.
2025-08-15 22:31:55,986 [ERROR] LogOutputStream:75 - [STDERR_REDIRECT] 
2025-08-15 22:31:56,973 [ERROR] LogOutputStream:75 - [STDERR_REDIRECT] [Fatal Error] :1:1: Premature end of file.
2025-08-15 22:31:56,973 [ERROR] LogOutputStream:75 - [STDERR_REDIRECT] 
2025-08-15 22:31:57,984 [ERROR] LogOutputStream:75 - [STDERR_REDIRECT] [Fatal Error] :1:1: Premature end of file.
2025-08-15 22:31:57,984 [ERROR] LogOutputStream:75 - [STDERR_REDIRECT] 
2025-08-15 22:31:58,988 [ERROR] LogOutputStream:75 - [STDERR_REDIRECT] [Fatal Error] :1:1: Premature end of file.
2025-08-15 22:31:58,988 [ERROR] LogOutputStream:75 - [STDERR_REDIRECT] 
2025-08-15 22:31:59,984 [ERROR] LogOutputStream:75 - [STDERR_REDIRECT] [Fatal Error] :1:1: Premature end of file.
2025-08-15 22:31:59,984 [ERROR] LogOutputStream:75 - [STDERR_REDIRECT] 
2025-08-15 22:32:00,989 [ERROR] LogOutputStream:75 - [STDERR_REDIRECT] [Fatal Error] :1:1: Premature end of file.
2025-08-15 22:32:00,989 [ERROR] LogOutputStream:75 - [STDERR_REDIRECT] 
2025-08-15 22:32:01,990 [ERROR] LogOutputStream:75 - [STDERR_REDIRECT] [Fatal Error] :1:1: Premature end of file.
2025-08-15 22:32:01,990 [ERROR] LogOutputStream:75 - [STDERR_REDIRECT] 
2025-08-15 22:32:02,983 [ERROR] LogOutputStream:75 - [STDERR_REDIRECT] [Fatal Error] :1:1: Premature end of file.
2025-08-15 22:32:02,983 [ERROR] LogOutputStream:75 - [STDERR_REDIRECT] 
2025-08-15 22:32:03,984 [ERROR] LogOutputStream:75 - [STDERR_REDIRECT] [Fatal Error] :1:1: Premature end of file.
2025-08-15 22:32:03,984 [ERROR] LogOutputStream:75 - [STDERR_REDIRECT] 
2025-08-15 22:32:04,982 [ERROR] LogOutputStream:75 - [STDERR_REDIRECT] [Fatal Error] :1:1: Premature end of file.
2025-08-15 22:32:04,982 [ERROR] LogOutputStream:75 - [STDERR_REDIRECT] 
2025-08-15 22:32:05,981 [ERROR] LogOutputStream:75 - [STDERR_REDIRECT] [Fatal Error] :1:1: Premature end of file.
2025-08-15 22:32:05,981 [ERROR] LogOutputStream:75 - [STDERR_REDIRECT] 
2025-08-15 22:32:06,982 [ERROR] LogOutputStream:75 - [STDERR_REDIRECT] [Fatal Error] :1:1: Premature end of file.
2025-08-15 22:32:06,982 [ERROR] LogOutputStream:75 - [STDERR_REDIRECT] 
2025-08-15 22:32:07,981 [ERROR] LogOutputStream:75 - [STDERR_REDIRECT] [Fatal Error] :1:1: Premature end of file.
2025-08-15 22:32:07,981 [ERROR] LogOutputStream:75 - [STDERR_REDIRECT] 
2025-08-15 22:32:08,981 [ERROR] LogOutputStream:75 - [STDERR_REDIRECT] [Fatal Error] :1:1: Premature end of file.
2025-08-15 22:32:08,981 [ERROR] LogOutputStream:75 - [STDERR_REDIRECT] 
2025-08-15 22:32:09,981 [ERROR] LogOutputStream:75 - [STDERR_REDIRECT] [Fatal Error] :1:1: Premature end of file.
2025-08-15 22:32:09,981 [ERROR] LogOutputStream:75 - [STDERR_REDIRECT] 
2025-08-15 22:32:10,980 [ERROR] LogOutputStream:75 - [STDERR_REDIRECT] [Fatal Error] :1:1: Premature end of file.
2025-08-15 22:32:10,981 [ERROR] LogOutputStream:75 - [STDERR_REDIRECT] 
2025-08-15 22:32:11,989 [ERROR] LogOutputStream:75 - [STDERR_REDIRECT] [Fatal Error] :1:1: Premature end of file.
2025-08-15 22:32:11,989 [ERROR] LogOutputStream:75 - [STDERR_REDIRECT] 
2025-08-15 22:32:12,984 [ERROR] LogOutputStream:75 - [STDERR_REDIRECT] [Fatal Error] :1:1: Premature end of file.
2025-08-15 22:32:12,984 [ERROR] LogOutputStream:75 - [STDERR_REDIRECT] 
2025-08-15 22:32:13,988 [ERROR] LogOutputStream:75 - [STDERR_REDIRECT] [Fatal Error] :1:1: Premature end of file.
2025-08-15 22:32:13,988 [ERROR] LogOutputStream:75 - [STDERR_REDIRECT] 
2025-08-15 22:32:14,979 [ERROR] LogOutputStream:75 - [STDERR_REDIRECT] [Fatal Error] :1:1: Premature end of file.
2025-08-15 22:32:14,979 [ERROR] LogOutputStream:75 - [STDERR_REDIRECT] 
2025-08-15 22:32:15,979 [ERROR] LogOutputStream:75 - [STDERR_REDIRECT] [Fatal Error] :1:1: Premature end of file.
2025-08-15 22:32:15,979 [ERROR] LogOutputStream:75 - [STDERR_REDIRECT] 
2025-08-15 22:32:16,977 [ERROR] LogOutputStream:75 - [STDERR_REDIRECT] [Fatal Error] :1:1: Premature end of file.
2025-08-15 22:32:16,977 [ERROR] LogOutputStream:75 - [STDERR_REDIRECT] 
2025-08-15 22:32:17,977 [ERROR] LogOutputStream:75 - [STDERR_REDIRECT] [Fatal Error] :1:1: Premature end of file.
2025-08-15 22:32:17,977 [ERROR] LogOutputStream:75 - [STDERR_REDIRECT] 
2025-08-15 22:32:18,978 [ERROR] LogOutputStream:75 - [STDERR_REDIRECT] [Fatal Error] :1:1: Premature end of file.
2025-08-15 22:32:18,978 [ERROR] LogOutputStream:75 - [STDERR_REDIRECT] 
2025-08-15 22:32:19,971 [ERROR] LogOutputStream:75 - [STDERR_REDIRECT] [Fatal Error] :1:1: Premature end of file.
2025-08-15 22:32:19,971 [ERROR] LogOutputStream:75 - [STDERR_REDIRECT] 
2025-08-15 22:32:20,981 [ERROR] LogOutputStream:75 - [STDERR_REDIRECT] [Fatal Error] :1:1: Premature end of file.
2025-08-15 22:32:20,981 [ERROR] LogOutputStream:75 - [STDERR_REDIRECT] 
2025-08-15 22:32:21,977 [ERROR] LogOutputStream:75 - [STDERR_REDIRECT] [Fatal Error] :1:1: Premature end of file.
2025-08-15 22:32:21,977 [ERROR] LogOutputStream:75 - [STDERR_REDIRECT] 
2025-08-15 22:32:22,977 [ERROR] LogOutputStream:75 - [STDERR_REDIRECT] [Fatal Error] :1:1: Premature end of file.
2025-08-15 22:32:22,977 [ERROR] LogOutputStream:75 - [STDERR_REDIRECT] 
2025-08-15 22:32:23,977 [ERROR] LogOutputStream:75 - [STDERR_REDIRECT] [Fatal Error] :1:1: Premature end of file.
2025-08-15 22:32:23,977 [ERROR] LogOutputStream:75 - [STDERR_REDIRECT] 
2025-08-15 22:32:24,977 [ERROR] LogOutputStream:75 - [STDERR_REDIRECT] [Fatal Error] :1:1: Premature end of file.
2025-08-15 22:32:24,977 [ERROR] LogOutputStream:75 - [STDERR_REDIRECT] 
2025-08-15 22:32:25,975 [ERROR] LogOutputStream:75 - [STDERR_REDIRECT] [Fatal Error] :1:1: Premature end of file.
2025-08-15 22:32:25,975 [ERROR] LogOutputStream:75 - [STDERR_REDIRECT] 
2025-08-15 22:32:26,981 [ERROR] LogOutputStream:75 - [STDERR_REDIRECT] [Fatal Error] :1:1: Premature end of file.
2025-08-15 22:32:26,981 [ERROR] LogOutputStream:75 - [STDERR_REDIRECT] 
2025-08-15 22:32:27,984 [ERROR] LogOutputStream:75 - [STDERR_REDIRECT] [Fatal Error] :1:1: Premature end of file.
2025-08-15 22:32:27,984 [ERROR] LogOutputStream:75 - [STDERR_REDIRECT] 
2025-08-15 22:32:28,982 [ERROR] LogOutputStream:75 - [STDERR_REDIRECT] [Fatal Error] :1:1: Premature end of file.
2025-08-15 22:32:28,982 [ERROR] LogOutputStream:75 - [STDERR_REDIRECT] 
2025-08-15 22:32:29,974 [ERROR] LogOutputStream:75 - [STDERR_REDIRECT] [Fatal Error] :1:1: Premature end of file.
2025-08-15 22:32:29,974 [ERROR] LogOutputStream:75 - [STDERR_REDIRECT] 
2025-08-15 22:32:30,982 [ERROR] LogOutputStream:75 - [STDERR_REDIRECT] [Fatal Error] :1:1: Premature end of file.
2025-08-15 22:32:30,982 [ERROR] LogOutputStream:75 - [STDERR_REDIRECT] 
2025-08-15 22:32:31,975 [ERROR] LogOutputStream:75 - [STDERR_REDIRECT] [Fatal Error] :1:1: Premature end of file.
2025-08-15 22:32:31,975 [ERROR] LogOutputStream:75 - [STDERR_REDIRECT] 
2025-08-15 22:32:32,972 [ERROR] LogOutputStream:75 - [STDERR_REDIRECT] [Fatal Error] :1:1: Premature end of file.
2025-08-15 22:32:32,972 [ERROR] LogOutputStream:75 - [STDERR_REDIRECT] 
2025-08-15 22:32:33,972 [ERROR] LogOutputStream:75 - [STDERR_REDIRECT] [Fatal Error] :1:1: Premature end of file.
2025-08-15 22:32:33,972 [ERROR] LogOutputStream:75 - [STDERR_REDIRECT] 
2025-08-15 22:32:34,971 [ERROR] LogOutputStream:75 - [STDERR_REDIRECT] [Fatal Error] :1:1: Premature end of file.
2025-08-15 22:32:34,971 [ERROR] LogOutputStream:75 - [STDERR_REDIRECT] 
2025-08-15 22:32:35,971 [ERROR] LogOutputStream:75 - [STDERR_REDIRECT] [Fatal Error] :1:1: Premature end of file.
2025-08-15 22:32:35,971 [ERROR] LogOutputStream:75 - [STDERR_REDIRECT] 
2025-08-15 22:32:36,987 [ERROR] LogOutputStream:75 - [STDERR_REDIRECT] [Fatal Error] :1:1: Premature end of file.
2025-08-15 22:32:36,987 [ERROR] LogOutputStream:75 - [STDERR_REDIRECT] 
2025-08-15 22:32:37,987 [ERROR] LogOutputStream:75 - [STDERR_REDIRECT] [Fatal Error] :1:1: Premature end of file.
2025-08-15 22:32:37,987 [ERROR] LogOutputStream:75 - [STDERR_REDIRECT] 
2025-08-15 22:32:38,977 [ERROR] LogOutputStream:75 - [STDERR_REDIRECT] [Fatal Error] :1:1: Premature end of file.
2025-08-15 22:32:38,977 [ERROR] LogOutputStream:75 - [STDERR_REDIRECT] 
2025-08-15 22:32:39,987 [ERROR] LogOutputStream:75 - [STDERR_REDIRECT] [Fatal Error] :1:1: Premature end of file.
2025-08-15 22:32:39,987 [ERROR] LogOutputStream:75 - [STDERR_REDIRECT] 
2025-08-15 22:32:40,994 [ERROR] LogOutputStream:75 - [STDERR_REDIRECT] [Fatal Error] :1:1: Premature end of file.
2025-08-15 22:32:40,994 [ERROR] LogOutputStream:75 - [STDERR_REDIRECT] 
2025-08-15 22:32:41,988 [ERROR] LogOutputStream:75 - [STDERR_REDIRECT] [Fatal Error] :1:1: Premature end of file.
2025-08-15 22:32:41,988 [ERROR] LogOutputStream:75 - [STDERR_REDIRECT] 
2025-08-15 22:32:42,993 [ERROR] LogOutputStream:75 - [STDERR_REDIRECT] [Fatal Error] :1:1: Premature end of file.
2025-08-15 22:32:42,993 [ERROR] LogOutputStream:75 - [STDERR_REDIRECT] 
2025-08-15 22:32:43,988 [ERROR] LogOutputStream:75 - [STDERR_REDIRECT] [Fatal Error] :1:1: Premature end of file.
2025-08-15 22:32:43,988 [ERROR] LogOutputStream:75 - [STDERR_REDIRECT] 
2025-08-15 22:32:44,981 [ERROR] LogOutputStream:75 - [STDERR_REDIRECT] [Fatal Error] :1:1: Premature end of file.
2025-08-15 22:32:44,981 [ERROR] LogOutputStream:75 - [STDERR_REDIRECT] 
2025-08-15 22:32:45,984 [ERROR] LogOutputStream:75 - [STDERR_REDIRECT] [Fatal Error] :1:1: Premature end of file.
2025-08-15 22:32:45,984 [ERROR] LogOutputStream:75 - [STDERR_REDIRECT] 
2025-08-15 22:32:46,982 [ERROR] LogOutputStream:75 - [STDERR_REDIRECT] [Fatal Error] :1:1: Premature end of file.
2025-08-15 22:32:46,982 [ERROR] LogOutputStream:75 - [STDERR_REDIRECT] 
2025-08-15 22:32:47,981 [ERROR] LogOutputStream:75 - [STDERR_REDIRECT] [Fatal Error] :1:1: Premature end of file.
2025-08-15 22:32:47,981 [ERROR] LogOutputStream:75 - [STDERR_REDIRECT] 
2025-08-15 22:32:48,985 [ERROR] LogOutputStream:75 - [STDERR_REDIRECT] [Fatal Error] :1:1: Premature end of file.
2025-08-15 22:32:48,985 [ERROR] LogOutputStream:75 - [STDERR_REDIRECT] 
2025-08-15 22:32:49,982 [ERROR] LogOutputStream:75 - [STDERR_REDIRECT] [Fatal Error] :1:1: Premature end of file.
2025-08-15 22:32:49,982 [ERROR] LogOutputStream:75 - [STDERR_REDIRECT] 
2025-08-15 22:32:50,989 [ERROR] LogOutputStream:75 - [STDERR_REDIRECT] [Fatal Error] :1:1: Premature end of file.
2025-08-15 22:32:50,989 [ERROR] LogOutputStream:75 - [STDERR_REDIRECT] 
2025-08-15 22:32:51,984 [ERROR] LogOutputStream:75 - [STDERR_REDIRECT] [Fatal Error] :1:1: Premature end of file.
2025-08-15 22:32:51,984 [ERROR] LogOutputStream:75 - [STDERR_REDIRECT] 
2025-08-15 22:32:52,986 [ERROR] LogOutputStream:75 - [STDERR_REDIRECT] [Fatal Error] :1:1: Premature end of file.
2025-08-15 22:32:52,986 [ERROR] LogOutputStream:75 - [STDERR_REDIRECT] 
2025-08-15 22:32:53,984 [ERROR] LogOutputStream:75 - [STDERR_REDIRECT] [Fatal Error] :1:1: Premature end of file.
2025-08-15 22:32:53,984 [ERROR] LogOutputStream:75 - [STDERR_REDIRECT] 
2025-08-15 22:32:54,977 [ERROR] LogOutputStream:75 - [STDERR_REDIRECT] [Fatal Error] :1:1: Premature end of file.
2025-08-15 22:32:54,977 [ERROR] LogOutputStream:75 - [STDERR_REDIRECT] 
2025-08-15 22:32:55,981 [ERROR] LogOutputStream:75 - [STDERR_REDIRECT] [Fatal Error] :1:1: Premature end of file.
2025-08-15 22:32:55,981 [ERROR] LogOutputStream:75 - [STDERR_REDIRECT] 
2025-08-15 22:32:56,978 [ERROR] LogOutputStream:75 - [STDERR_REDIRECT] [Fatal Error] :1:1: Premature end of file.
2025-08-15 22:32:56,978 [ERROR] LogOutputStream:75 - [STDERR_REDIRECT] 
2025-08-15 22:32:57,986 [ERROR] LogOutputStream:75 - [STDERR_REDIRECT] [Fatal Error] :1:1: Premature end of file.
2025-08-15 22:32:57,986 [ERROR] LogOutputStream:75 - [STDERR_REDIRECT] 
2025-08-15 22:32:58,977 [ERROR] LogOutputStream:75 - [STDERR_REDIRECT] [Fatal Error] :1:1: Premature end of file.
2025-08-15 22:32:58,977 [ERROR] LogOutputStream:75 - [STDERR_REDIRECT] 
2025-08-15 22:32:59,977 [ERROR] LogOutputStream:75 - [STDERR_REDIRECT] [Fatal Error] :1:1: Premature end of file.
2025-08-15 22:32:59,977 [ERROR] LogOutputStream:75 - [STDERR_REDIRECT] 
2025-08-15 22:33:00,977 [ERROR] LogOutputStream:75 - [STDERR_REDIRECT] [Fatal Error] :1:1: Premature end of file.
2025-08-15 22:33:00,977 [ERROR] LogOutputStream:75 - [STDERR_REDIRECT] 
2025-08-15 22:33:01,976 [ERROR] LogOutputStream:75 - [STDERR_REDIRECT] [Fatal Error] :1:1: Premature end of file.
2025-08-15 22:33:01,976 [ERROR] LogOutputStream:75 - [STDERR_REDIRECT] 
2025-08-15 22:33:02,976 [ERROR] LogOutputStream:75 - [STDERR_REDIRECT] [Fatal Error] :1:1: Premature end of file.
2025-08-15 22:33:02,976 [ERROR] LogOutputStream:75 - [STDERR_REDIRECT] 
2025-08-15 22:33:03,977 [ERROR] LogOutputStream:75 - [STDERR_REDIRECT] [Fatal Error] :1:1: Premature end of file.
2025-08-15 22:33:03,977 [ERROR] LogOutputStream:75 - [STDERR_REDIRECT] 
2025-08-15 22:33:04,979 [ERROR] LogOutputStream:75 - [STDERR_REDIRECT] [Fatal Error] :1:1: Premature end of file.
2025-08-15 22:33:04,979 [ERROR] LogOutputStream:75 - [STDERR_REDIRECT] 
2025-08-15 22:33:05,975 [ERROR] LogOutputStream:75 - [STDERR_REDIRECT] [Fatal Error] :1:1: Premature end of file.
2025-08-15 22:33:05,975 [ERROR] LogOutputStream:75 - [STDERR_REDIRECT] 
2025-08-15 22:33:06,975 [ERROR] LogOutputStream:75 - [STDERR_REDIRECT] [Fatal Error] :1:1: Premature end of file.
2025-08-15 22:33:06,975 [ERROR] LogOutputStream:75 - [STDERR_REDIRECT] 
2025-08-15 22:33:07,975 [ERROR] LogOutputStream:75 - [STDERR_REDIRECT] [Fatal Error] :1:1: Premature end of file.
2025-08-15 22:33:07,975 [ERROR] LogOutputStream:75 - [STDERR_REDIRECT] 
2025-08-15 22:33:08,975 [ERROR] LogOutputStream:75 - [STDERR_REDIRECT] [Fatal Error] :1:1: Premature end of file.
2025-08-15 22:33:08,975 [ERROR] LogOutputStream:75 - [STDERR_REDIRECT] 
2025-08-15 22:33:09,974 [ERROR] LogOutputStream:75 - [STDERR_REDIRECT] [Fatal Error] :1:1: Premature end of file.
2025-08-15 22:33:09,974 [ERROR] LogOutputStream:75 - [STDERR_REDIRECT] 
2025-08-15 22:33:10,984 [ERROR] LogOutputStream:75 - [STDERR_REDIRECT] [Fatal Error] :1:1: Premature end of file.
2025-08-15 22:33:10,984 [ERROR] LogOutputStream:75 - [STDERR_REDIRECT] 
2025-08-15 22:33:11,995 [ERROR] LogOutputStream:75 - [STDERR_REDIRECT] [Fatal Error] :1:1: Premature end of file.
2025-08-15 22:33:11,995 [ERROR] LogOutputStream:75 - [STDERR_REDIRECT] 
2025-08-15 22:33:12,977 [ERROR] LogOutputStream:75 - [STDERR_REDIRECT] [Fatal Error] :1:1: Premature end of file.
2025-08-15 22:33:12,977 [ERROR] LogOutputStream:75 - [STDERR_REDIRECT] 
2025-08-15 22:33:13,972 [ERROR] LogOutputStream:75 - [STDERR_REDIRECT] [Fatal Error] :1:1: Premature end of file.
2025-08-15 22:33:13,972 [ERROR] LogOutputStream:75 - [STDERR_REDIRECT] 
2025-08-15 22:33:14,975 [ERROR] LogOutputStream:75 - [STDERR_REDIRECT] [Fatal Error] :1:1: Premature end of file.
2025-08-15 22:33:14,975 [ERROR] LogOutputStream:75 - [STDERR_REDIRECT] 
2025-08-15 22:33:15,972 [ERROR] LogOutputStream:75 - [STDERR_REDIRECT] [Fatal Error] :1:1: Premature end of file.
2025-08-15 22:33:15,972 [ERROR] LogOutputStream:75 - [STDERR_REDIRECT] 
2025-08-15 22:33:16,977 [ERROR] LogOutputStream:75 - [STDERR_REDIRECT] [Fatal Error] :1:1: Premature end of file.
2025-08-15 22:33:16,977 [ERROR] LogOutputStream:75 - [STDERR_REDIRECT] 
2025-08-15 22:33:17,971 [ERROR] LogOutputStream:75 - [STDERR_REDIRECT] [Fatal Error] :1:1: Premature end of file.
2025-08-15 22:33:17,971 [ERROR] LogOutputStream:75 - [STDERR_REDIRECT] 
2025-08-15 22:33:18,972 [ERROR] LogOutputStream:75 - [STDERR_REDIRECT] [Fatal Error] :1:1: Premature end of file.
2025-08-15 22:33:18,972 [ERROR] LogOutputStream:75 - [STDERR_REDIRECT] 
2025-08-15 22:33:19,985 [ERROR] LogOutputStream:75 - [STDERR_REDIRECT] [Fatal Error] :1:1: Premature end of file.
2025-08-15 22:33:19,985 [ERROR] LogOutputStream:75 - [STDERR_REDIRECT] 
2025-08-15 22:33:20,986 [ERROR] LogOutputStream:75 - [STDERR_REDIRECT] [Fatal Error] :1:1: Premature end of file.
2025-08-15 22:33:20,986 [ERROR] LogOutputStream:75 - [STDERR_REDIRECT] 
2025-08-15 22:33:21,978 [ERROR] LogOutputStream:75 - [STDERR_REDIRECT] [Fatal Error] :1:1: Premature end of file.
2025-08-15 22:33:21,978 [ERROR] LogOutputStream:75 - [STDERR_REDIRECT] 
2025-08-15 22:33:22,971 [ERROR] LogOutputStream:75 - [STDERR_REDIRECT] [Fatal Error] :1:1: Premature end of file.
2025-08-15 22:33:22,971 [ERROR] LogOutputStream:75 - [STDERR_REDIRECT] 
2025-08-15 22:33:23,985 [ERROR] LogOutputStream:75 - [STDERR_REDIRECT] [Fatal Error] :1:1: Premature end of file.
2025-08-15 22:33:23,985 [ERROR] LogOutputStream:75 - [STDERR_REDIRECT] 
2025-08-15 22:33:24,982 [ERROR] LogOutputStream:75 - [STDERR_REDIRECT] [Fatal Error] :1:1: Premature end of file.
2025-08-15 22:33:24,982 [ERROR] LogOutputStream:75 - [STDERR_REDIRECT] 
2025-08-15 22:33:25,984 [ERROR] LogOutputStream:75 - [STDERR_REDIRECT] [Fatal Error] :1:1: Premature end of file.
2025-08-15 22:33:25,984 [ERROR] LogOutputStream:75 - [STDERR_REDIRECT] 
2025-08-15 22:33:26,984 [ERROR] LogOutputStream:75 - [STDERR_REDIRECT] [Fatal Error] :1:1: Premature end of file.
2025-08-15 22:33:26,984 [ERROR] LogOutputStream:75 - [STDERR_REDIRECT] 
2025-08-15 22:33:27,984 [ERROR] LogOutputStream:75 - [STDERR_REDIRECT] [Fatal Error] :1:1: Premature end of file.
2025-08-15 22:33:27,984 [ERROR] LogOutputStream:75 - [STDERR_REDIRECT] 
2025-08-15 22:33:28,982 [ERROR] LogOutputStream:75 - [STDERR_REDIRECT] [Fatal Error] :1:1: Premature end of file.
2025-08-15 22:33:28,982 [ERROR] LogOutputStream:75 - [STDERR_REDIRECT] 
2025-08-15 22:33:29,982 [ERROR] LogOutputStream:75 - [STDERR_REDIRECT] [Fatal Error] :1:1: Premature end of file.
2025-08-15 22:33:29,982 [ERROR] LogOutputStream:75 - [STDERR_REDIRECT] 
2025-08-15 22:33:30,982 [ERROR] LogOutputStream:75 - [STDERR_REDIRECT] [Fatal Error] :1:1: Premature end of file.
2025-08-15 22:33:30,982 [ERROR] LogOutputStream:75 - [STDERR_REDIRECT] 
2025-08-15 22:33:31,983 [ERROR] LogOutputStream:75 - [STDERR_REDIRECT] [Fatal Error] :1:1: Premature end of file.
2025-08-15 22:33:31,983 [ERROR] LogOutputStream:75 - [STDERR_REDIRECT] 
2025-08-15 22:33:32,987 [ERROR] LogOutputStream:75 - [STDERR_REDIRECT] [Fatal Error] :1:1: Premature end of file.
2025-08-15 22:33:32,987 [ERROR] LogOutputStream:75 - [STDERR_REDIRECT] 
2025-08-15 22:33:33,980 [ERROR] LogOutputStream:75 - [STDERR_REDIRECT] [Fatal Error] :1:1: Premature end of file.
2025-08-15 22:33:33,980 [ERROR] LogOutputStream:75 - [STDERR_REDIRECT] 
2025-08-15 22:33:34,979 [ERROR] LogOutputStream:75 - [STDERR_REDIRECT] [Fatal Error] :1:1: Premature end of file.
2025-08-15 22:33:34,979 [ERROR] LogOutputStream:75 - [STDERR_REDIRECT] 
2025-08-15 22:33:35,981 [ERROR] LogOutputStream:75 - [STDERR_REDIRECT] [Fatal Error] :1:1: Premature end of file.
2025-08-15 22:33:35,981 [ERROR] LogOutputStream:75 - [STDERR_REDIRECT] 
2025-08-15 22:33:36,978 [ERROR] LogOutputStream:75 - [STDERR_REDIRECT] [Fatal Error] :1:1: Premature end of file.
2025-08-15 22:33:36,978 [ERROR] LogOutputStream:75 - [STDERR_REDIRECT] 
2025-08-15 22:33:37,979 [ERROR] LogOutputStream:75 - [STDERR_REDIRECT] [Fatal Error] :1:1: Premature end of file.
2025-08-15 22:33:37,979 [ERROR] LogOutputStream:75 - [STDERR_REDIRECT] 
2025-08-15 22:33:38,979 [ERROR] LogOutputStream:75 - [STDERR_REDIRECT] [Fatal Error] :1:1: Premature end of file.
2025-08-15 22:33:38,979 [ERROR] LogOutputStream:75 - [STDERR_REDIRECT] 
2025-08-15 22:33:39,978 [ERROR] LogOutputStream:75 - [STDERR_REDIRECT] [Fatal Error] :1:1: Premature end of file.
2025-08-15 22:33:39,978 [ERROR] LogOutputStream:75 - [STDERR_REDIRECT] 
2025-08-15 22:33:40,980 [ERROR] LogOutputStream:75 - [STDERR_REDIRECT] [Fatal Error] :1:1: Premature end of file.
2025-08-15 22:33:40,980 [ERROR] LogOutputStream:75 - [STDERR_REDIRECT] 
2025-08-15 22:33:41,977 [ERROR] LogOutputStream:75 - [STDERR_REDIRECT] [Fatal Error] :1:1: Premature end of file.
2025-08-15 22:33:41,977 [ERROR] LogOutputStream:75 - [STDERR_REDIRECT] 
2025-08-15 22:33:42,982 [ERROR] LogOutputStream:75 - [STDERR_REDIRECT] [Fatal Error] :1:1: Premature end of file.
2025-08-15 22:33:42,982 [ERROR] LogOutputStream:75 - [STDERR_REDIRECT] 
2025-08-15 22:33:43,983 [ERROR] LogOutputStream:75 - [STDERR_REDIRECT] [Fatal Error] :1:1: Premature end of file.
2025-08-15 22:33:43,983 [ERROR] LogOutputStream:75 - [STDERR_REDIRECT] 
2025-08-15 22:33:44,981 [ERROR] LogOutputStream:75 - [STDERR_REDIRECT] [Fatal Error] :1:1: Premature end of file.
2025-08-15 22:33:44,981 [ERROR] LogOutputStream:75 - [STDERR_REDIRECT] 
2025-08-15 22:33:45,978 [ERROR] LogOutputStream:75 - [STDERR_REDIRECT] [Fatal Error] :1:1: Premature end of file.
2025-08-15 22:33:45,978 [ERROR] LogOutputStream:75 - [STDERR_REDIRECT] 
2025-08-15 22:33:46,977 [ERROR] LogOutputStream:75 - [STDERR_REDIRECT] [Fatal Error] :1:1: Premature end of file.
2025-08-15 22:33:46,977 [ERROR] LogOutputStream:75 - [STDERR_REDIRECT] 
2025-08-15 22:33:47,975 [ERROR] LogOutputStream:75 - [STDERR_REDIRECT] [Fatal Error] :1:1: Premature end of file.
2025-08-15 22:33:47,975 [ERROR] LogOutputStream:75 - [STDERR_REDIRECT] 
2025-08-15 22:33:48,990 [ERROR] LogOutputStream:75 - [STDERR_REDIRECT] [Fatal Error] :1:1: Premature end of file.
2025-08-15 22:33:48,991 [ERROR] LogOutputStream:75 - [STDERR_REDIRECT] 
2025-08-15 22:33:49,985 [ERROR] LogOutputStream:75 - [STDERR_REDIRECT] [Fatal Error] :1:1: Premature end of file.
2025-08-15 22:33:49,985 [ERROR] LogOutputStream:75 - [STDERR_REDIRECT] 
2025-08-15 22:33:50,988 [ERROR] LogOutputStream:75 - [STDERR_REDIRECT] [Fatal Error] :1:1: Premature end of file.
2025-08-15 22:33:50,988 [ERROR] LogOutputStream:75 - [STDERR_REDIRECT] 
2025-08-15 22:33:51,984 [ERROR] LogOutputStream:75 - [STDERR_REDIRECT] [Fatal Error] :1:1: Premature end of file.
2025-08-15 22:33:51,984 [ERROR] LogOutputStream:75 - [STDERR_REDIRECT] 
2025-08-15 22:33:52,973 [ERROR] LogOutputStream:75 - [STDERR_REDIRECT] [Fatal Error] :1:1: Premature end of file.
2025-08-15 22:33:52,973 [ERROR] LogOutputStream:75 - [STDERR_REDIRECT] 
2025-08-15 22:33:53,976 [ERROR] LogOutputStream:75 - [STDERR_REDIRECT] [Fatal Error] :1:1: Premature end of file.
2025-08-15 22:33:53,976 [ERROR] LogOutputStream:75 - [STDERR_REDIRECT] 
2025-08-15 22:33:54,973 [ERROR] LogOutputStream:75 - [STDERR_REDIRECT] [Fatal Error] :1:1: Premature end of file.
2025-08-15 22:33:54,973 [ERROR] LogOutputStream:75 - [STDERR_REDIRECT] 
2025-08-15 22:33:55,972 [ERROR] LogOutputStream:75 - [STDERR_REDIRECT] [Fatal Error] :1:1: Premature end of file.
2025-08-15 22:33:55,972 [ERROR] LogOutputStream:75 - [STDERR_REDIRECT] 
2025-08-15 22:33:56,987 [ERROR] LogOutputStream:75 - [STDERR_REDIRECT] [Fatal Error] :1:1: Premature end of file.
2025-08-15 22:33:56,987 [ERROR] LogOutputStream:75 - [STDERR_REDIRECT] 
2025-08-15 22:33:57,986 [ERROR] LogOutputStream:75 - [STDERR_REDIRECT] [Fatal Error] :1:1: Premature end of file.
2025-08-15 22:33:57,986 [ERROR] LogOutputStream:75 - [STDERR_REDIRECT] 
2025-08-15 22:33:58,972 [ERROR] LogOutputStream:75 - [STDERR_REDIRECT] [Fatal Error] :1:1: Premature end of file.
2025-08-15 22:33:58,972 [ERROR] LogOutputStream:75 - [STDERR_REDIRECT] 
2025-08-15 22:33:59,989 [ERROR] LogOutputStream:75 - [STDERR_REDIRECT] [Fatal Error] :1:1: Premature end of file.
2025-08-15 22:33:59,989 [ERROR] LogOutputStream:75 - [STDERR_REDIRECT] 
2025-08-15 22:34:00,988 [ERROR] LogOutputStream:75 - [STDERR_REDIRECT] [Fatal Error] :1:1: Premature end of file.
2025-08-15 22:34:00,988 [ERROR] LogOutputStream:75 - [STDERR_REDIRECT] 
2025-08-15 22:34:01,991 [ERROR] LogOutputStream:75 - [STDERR_REDIRECT] [Fatal Error] :1:1: Premature end of file.
2025-08-15 22:34:01,991 [ERROR] LogOutputStream:75 - [STDERR_REDIRECT] 
2025-08-15 22:34:02,978 [ERROR] LogOutputStream:75 - [STDERR_REDIRECT] [Fatal Error] :1:1: Premature end of file.
2025-08-15 22:34:02,978 [ERROR] LogOutputStream:75 - [STDERR_REDIRECT] 
2025-08-15 22:34:03,992 [ERROR] LogOutputStream:75 - [STDERR_REDIRECT] [Fatal Error] :1:1: Premature end of file.
2025-08-15 22:34:03,992 [ERROR] LogOutputStream:75 - [STDERR_REDIRECT] 
2025-08-15 22:34:04,973 [ERROR] LogOutputStream:75 - [STDERR_REDIRECT] [Fatal Error] :1:1: Premature end of file.
2025-08-15 22:34:04,973 [ERROR] LogOutputStream:75 - [STDERR_REDIRECT] 
2025-08-15 22:34:05,984 [ERROR] LogOutputStream:75 - [STDERR_REDIRECT] [Fatal Error] :1:1: Premature end of file.
2025-08-15 22:34:05,984 [ERROR] LogOutputStream:75 - [STDERR_REDIRECT] 
2025-08-15 22:34:06,983 [ERROR] LogOutputStream:75 - [STDERR_REDIRECT] [Fatal Error] :1:1: Premature end of file.
2025-08-15 22:34:06,983 [ERROR] LogOutputStream:75 - [STDERR_REDIRECT] 
2025-08-15 22:34:07,983 [ERROR] LogOutputStream:75 - [STDERR_REDIRECT] [Fatal Error] :1:1: Premature end of file.
2025-08-15 22:34:07,983 [ERROR] LogOutputStream:75 - [STDERR_REDIRECT] 
2025-08-15 22:34:08,987 [ERROR] LogOutputStream:75 - [STDERR_REDIRECT] [Fatal Error] :1:1: Premature end of file.
2025-08-15 22:34:08,987 [ERROR] LogOutputStream:75 - [STDERR_REDIRECT] 
2025-08-15 22:34:09,983 [ERROR] LogOutputStream:75 - [STDERR_REDIRECT] [Fatal Error] :1:1: Premature end of file.
2025-08-15 22:34:09,983 [ERROR] LogOutputStream:75 - [STDERR_REDIRECT] 
2025-08-15 22:34:10,986 [ERROR] LogOutputStream:75 - [STDERR_REDIRECT] [Fatal Error] :1:1: Premature end of file.
2025-08-15 22:34:10,986 [ERROR] LogOutputStream:75 - [STDERR_REDIRECT] 
2025-08-15 22:34:11,982 [ERROR] LogOutputStream:75 - [STDERR_REDIRECT] [Fatal Error] :1:1: Premature end of file.
2025-08-15 22:34:11,982 [ERROR] LogOutputStream:75 - [STDERR_REDIRECT] 
2025-08-15 22:34:12,982 [ERROR] LogOutputStream:75 - [STDERR_REDIRECT] [Fatal Error] :1:1: Premature end of file.
2025-08-15 22:34:12,982 [ERROR] LogOutputStream:75 - [STDERR_REDIRECT] 
2025-08-15 22:34:13,987 [ERROR] LogOutputStream:75 - [STDERR_REDIRECT] [Fatal Error] :1:1: Premature end of file.
2025-08-15 22:34:13,987 [ERROR] LogOutputStream:75 - [STDERR_REDIRECT] 
2025-08-15 22:34:14,992 [ERROR] LogOutputStream:75 - [STDERR_REDIRECT] [Fatal Error] :1:1: Premature end of file.
2025-08-15 22:34:14,992 [ERROR] LogOutputStream:75 - [STDERR_REDIRECT] 
2025-08-15 22:34:15,987 [ERROR] LogOutputStream:75 - [STDERR_REDIRECT] [Fatal Error] :1:1: Premature end of file.
2025-08-15 22:34:15,987 [ERROR] LogOutputStream:75 - [STDERR_REDIRECT] 
2025-08-15 22:34:16,977 [ERROR] LogOutputStream:75 - [STDERR_REDIRECT] [Fatal Error] :1:1: Premature end of file.
2025-08-15 22:34:16,977 [ERROR] LogOutputStream:75 - [STDERR_REDIRECT] 
2025-08-15 22:34:17,989 [ERROR] LogOutputStream:75 - [STDERR_REDIRECT] [Fatal Error] :1:1: Premature end of file.
2025-08-15 22:34:17,989 [ERROR] LogOutputStream:75 - [STDERR_REDIRECT] 
2025-08-15 22:34:18,980 [ERROR] LogOutputStream:75 - [STDERR_REDIRECT] [Fatal Error] :1:1: Premature end of file.
2025-08-15 22:34:18,980 [ERROR] LogOutputStream:75 - [STDERR_REDIRECT] 
2025-08-15 22:34:19,982 [ERROR] LogOutputStream:75 - [STDERR_REDIRECT] [Fatal Error] :1:1: Premature end of file.
2025-08-15 22:34:19,982 [ERROR] LogOutputStream:75 - [STDERR_REDIRECT] 
2025-08-15 22:34:20,990 [ERROR] LogOutputStream:75 - [STDERR_REDIRECT] [Fatal Error] :1:1: Premature end of file.
2025-08-15 22:34:20,990 [ERROR] LogOutputStream:75 - [STDERR_REDIRECT] 
2025-08-15 22:34:21,985 [ERROR] LogOutputStream:75 - [STDERR_REDIRECT] [Fatal Error] :1:1: Premature end of file.
2025-08-15 22:34:21,985 [ERROR] LogOutputStream:75 - [STDERR_REDIRECT] 
2025-08-15 22:34:22,992 [ERROR] LogOutputStream:75 - [STDERR_REDIRECT] [Fatal Error] :1:1: Premature end of file.
2025-08-15 22:34:22,992 [ERROR] LogOutputStream:75 - [STDERR_REDIRECT] 
2025-08-15 22:34:23,985 [ERROR] LogOutputStream:75 - [STDERR_REDIRECT] [Fatal Error] :1:1: Premature end of file.
2025-08-15 22:34:23,985 [ERROR] LogOutputStream:75 - [STDERR_REDIRECT] 
2025-08-15 22:34:24,976 [ERROR] LogOutputStream:75 - [STDERR_REDIRECT] [Fatal Error] :1:1: Premature end of file.
2025-08-15 22:34:24,976 [ERROR] LogOutputStream:75 - [STDERR_REDIRECT] 
2025-08-15 22:34:25,983 [ERROR] LogOutputStream:75 - [STDERR_REDIRECT] [Fatal Error] :1:1: Premature end of file.
2025-08-15 22:34:25,983 [ERROR] LogOutputStream:75 - [STDERR_REDIRECT] 
2025-08-15 22:34:26,974 [ERROR] LogOutputStream:75 - [STDERR_REDIRECT] [Fatal Error] :1:1: Premature end of file.
2025-08-15 22:34:26,974 [ERROR] LogOutputStream:75 - [STDERR_REDIRECT] 
2025-08-15 22:34:27,984 [ERROR] LogOutputStream:75 - [STDERR_REDIRECT] [Fatal Error] :1:1: Premature end of file.
2025-08-15 22:34:27,984 [ERROR] LogOutputStream:75 - [STDERR_REDIRECT] 
2025-08-15 22:34:28,977 [ERROR] LogOutputStream:75 - [STDERR_REDIRECT] [Fatal Error] :1:1: Premature end of file.
2025-08-15 22:34:28,977 [ERROR] LogOutputStream:75 - [STDERR_REDIRECT] 
2025-08-15 22:34:29,979 [ERROR] LogOutputStream:75 - [STDERR_REDIRECT] [Fatal Error] :1:1: Premature end of file.
2025-08-15 22:34:29,979 [ERROR] LogOutputStream:75 - [STDERR_REDIRECT] 
2025-08-15 22:34:30,977 [ERROR] LogOutputStream:75 - [STDERR_REDIRECT] [Fatal Error] :1:1: Premature end of file.
2025-08-15 22:34:30,977 [ERROR] LogOutputStream:75 - [STDERR_REDIRECT] 
2025-08-15 22:34:31,981 [ERROR] LogOutputStream:75 - [STDERR_REDIRECT] [Fatal Error] :1:1: Premature end of file.
2025-08-15 22:34:31,981 [ERROR] LogOutputStream:75 - [STDERR_REDIRECT] 
2025-08-15 22:34:32,983 [ERROR] LogOutputStream:75 - [STDERR_REDIRECT] [Fatal Error] :1:1: Premature end of file.
2025-08-15 22:34:32,983 [ERROR] LogOutputStream:75 - [STDERR_REDIRECT] 
2025-08-15 22:34:33,980 [ERROR] LogOutputStream:75 - [STDERR_REDIRECT] [Fatal Error] :1:1: Premature end of file.
2025-08-15 22:34:33,980 [ERROR] LogOutputStream:75 - [STDERR_REDIRECT] 
2025-08-15 22:34:34,982 [ERROR] LogOutputStream:75 - [STDERR_REDIRECT] [Fatal Error] :1:1: Premature end of file.
2025-08-15 22:34:34,982 [ERROR] LogOutputStream:75 - [STDERR_REDIRECT] 
2025-08-15 22:34:35,977 [ERROR] LogOutputStream:75 - [STDERR_REDIRECT] [Fatal Error] :1:1: Premature end of file.
2025-08-15 22:34:35,977 [ERROR] LogOutputStream:75 - [STDERR_REDIRECT] 
2025-08-15 22:34:36,974 [ERROR] LogOutputStream:75 - [STDERR_REDIRECT] [Fatal Error] :1:1: Premature end of file.
2025-08-15 22:34:36,974 [ERROR] LogOutputStream:75 - [STDERR_REDIRECT] 
2025-08-15 22:34:37,972 [ERROR] LogOutputStream:75 - [STDERR_REDIRECT] [Fatal Error] :1:1: Premature end of file.
2025-08-15 22:34:37,972 [ERROR] LogOutputStream:75 - [STDERR_REDIRECT] 
2025-08-15 22:34:38,972 [ERROR] LogOutputStream:75 - [STDERR_REDIRECT] [Fatal Error] :1:1: Premature end of file.
2025-08-15 22:34:38,972 [ERROR] LogOutputStream:75 - [STDERR_REDIRECT] 
2025-08-15 22:34:39,977 [ERROR] LogOutputStream:75 - [STDERR_REDIRECT] [Fatal Error] :1:1: Premature end of file.
2025-08-15 22:34:39,977 [ERROR] LogOutputStream:75 - [STDERR_REDIRECT] 
2025-08-15 22:34:40,971 [ERROR] LogOutputStream:75 - [STDERR_REDIRECT] [Fatal Error] :1:1: Premature end of file.
2025-08-15 22:34:40,971 [ERROR] LogOutputStream:75 - [STDERR_REDIRECT] 
2025-08-15 22:34:41,972 [ERROR] LogOutputStream:75 - [STDERR_REDIRECT] [Fatal Error] :1:1: Premature end of file.
2025-08-15 22:34:41,972 [ERROR] LogOutputStream:75 - [STDERR_REDIRECT] 
2025-08-15 22:34:42,982 [ERROR] LogOutputStream:75 - [STDERR_REDIRECT] [Fatal Error] :1:1: Premature end of file.
2025-08-15 22:34:42,982 [ERROR] LogOutputStream:75 - [STDERR_REDIRECT] 
2025-08-15 22:34:43,982 [ERROR] LogOutputStream:75 - [STDERR_REDIRECT] [Fatal Error] :1:1: Premature end of file.
2025-08-15 22:34:43,983 [ERROR] LogOutputStream:75 - [STDERR_REDIRECT] 
2025-08-15 22:34:44,992 [ERROR] LogOutputStream:75 - [STDERR_REDIRECT] [Fatal Error] :1:1: Premature end of file.
2025-08-15 22:34:44,992 [ERROR] LogOutputStream:75 - [STDERR_REDIRECT] 
2025-08-15 22:34:45,988 [ERROR] LogOutputStream:75 - [STDERR_REDIRECT] [Fatal Error] :1:1: Premature end of file.
2025-08-15 22:34:45,988 [ERROR] LogOutputStream:75 - [STDERR_REDIRECT] 
2025-08-15 22:34:46,975 [ERROR] LogOutputStream:75 - [STDERR_REDIRECT] [Fatal Error] :1:1: Premature end of file.
2025-08-15 22:34:46,975 [ERROR] LogOutputStream:75 - [STDERR_REDIRECT] 
2025-08-15 22:34:47,979 [ERROR] LogOutputStream:75 - [STDERR_REDIRECT] [Fatal Error] :1:1: Premature end of file.
2025-08-15 22:34:47,979 [ERROR] LogOutputStream:75 - [STDERR_REDIRECT] 
2025-08-15 22:34:48,998 [ERROR] LogOutputStream:75 - [STDERR_REDIRECT] [Fatal Error] :1:1: Premature end of file.
2025-08-15 22:34:48,998 [ERROR] LogOutputStream:75 - [STDERR_REDIRECT] 
2025-08-15 22:34:49,978 [ERROR] LogOutputStream:75 - [STDERR_REDIRECT] [Fatal Error] :1:1: Premature end of file.
2025-08-15 22:34:49,978 [ERROR] LogOutputStream:75 - [STDERR_REDIRECT] 
2025-08-15 22:34:50,983 [ERROR] LogOutputStream:75 - [STDERR_REDIRECT] [Fatal Error] :1:1: Premature end of file.
2025-08-15 22:34:50,983 [ERROR] LogOutputStream:75 - [STDERR_REDIRECT] 
2025-08-15 22:34:51,987 [ERROR] LogOutputStream:75 - [STDERR_REDIRECT] [Fatal Error] :1:1: Premature end of file.
2025-08-15 22:34:51,987 [ERROR] LogOutputStream:75 - [STDERR_REDIRECT] 
2025-08-15 22:34:52,974 [ERROR] LogOutputStream:75 - [STDERR_REDIRECT] [Fatal Error] :1:1: Premature end of file.
2025-08-15 22:34:52,974 [ERROR] LogOutputStream:75 - [STDERR_REDIRECT] 
2025-08-15 22:34:53,988 [ERROR] LogOutputStream:75 - [STDERR_REDIRECT] [Fatal Error] :1:1: Premature end of file.
2025-08-15 22:34:53,988 [ERROR] LogOutputStream:75 - [STDERR_REDIRECT] 
2025-08-15 22:34:54,981 [ERROR] LogOutputStream:75 - [STDERR_REDIRECT] [Fatal Error] :1:1: Premature end of file.
2025-08-15 22:34:54,981 [ERROR] LogOutputStream:75 - [STDERR_REDIRECT] 
2025-08-15 22:34:55,982 [ERROR] LogOutputStream:75 - [STDERR_REDIRECT] [Fatal Error] :1:1: Premature end of file.
2025-08-15 22:34:55,982 [ERROR] LogOutputStream:75 - [STDERR_REDIRECT] 
2025-08-15 22:34:56,984 [ERROR] LogOutputStream:75 - [STDERR_REDIRECT] [Fatal Error] :1:1: Premature end of file.
2025-08-15 22:34:56,984 [ERROR] LogOutputStream:75 - [STDERR_REDIRECT] 
2025-08-15 22:34:57,998 [ERROR] LogOutputStream:75 - [STDERR_REDIRECT] [Fatal Error] :1:1: Premature end of file.
2025-08-15 22:34:57,998 [ERROR] LogOutputStream:75 - [STDERR_REDIRECT] 
2025-08-15 22:34:58,986 [ERROR] LogOutputStream:75 - [STDERR_REDIRECT] [Fatal Error] :1:1: Premature end of file.
2025-08-15 22:34:58,986 [ERROR] LogOutputStream:75 - [STDERR_REDIRECT] 
2025-08-15 22:34:59,984 [ERROR] LogOutputStream:75 - [STDERR_REDIRECT] [Fatal Error] :1:1: Premature end of file.
2025-08-15 22:34:59,984 [ERROR] LogOutputStream:75 - [STDERR_REDIRECT] 
2025-08-15 22:35:00,992 [ERROR] LogOutputStream:75 - [STDERR_REDIRECT] [Fatal Error] :1:1: Premature end of file.
2025-08-15 22:35:00,992 [ERROR] LogOutputStream:75 - [STDERR_REDIRECT] 
2025-08-15 22:35:01,989 [ERROR] LogOutputStream:75 - [STDERR_REDIRECT] [Fatal Error] :1:1: Premature end of file.
2025-08-15 22:35:01,990 [ERROR] LogOutputStream:75 - [STDERR_REDIRECT] 
2025-08-15 22:35:02,993 [ERROR] LogOutputStream:75 - [STDERR_REDIRECT] [Fatal Error] :1:1: Premature end of file.
2025-08-15 22:35:02,993 [ERROR] LogOutputStream:75 - [STDERR_REDIRECT] 
2025-08-15 22:35:03,983 [ERROR] LogOutputStream:75 - [STDERR_REDIRECT] [Fatal Error] :1:1: Premature end of file.
2025-08-15 22:35:03,983 [ERROR] LogOutputStream:75 - [STDERR_REDIRECT] 
2025-08-15 22:35:04,979 [ERROR] LogOutputStream:75 - [STDERR_REDIRECT] [Fatal Error] :1:1: Premature end of file.
2025-08-15 22:35:04,979 [ERROR] LogOutputStream:75 - [STDERR_REDIRECT] 
2025-08-15 22:35:05,980 [ERROR] LogOutputStream:75 - [STDERR_REDIRECT] [Fatal Error] :1:1: Premature end of file.
2025-08-15 22:35:05,980 [ERROR] LogOutputStream:75 - [STDERR_REDIRECT] 
2025-08-15 22:35:06,983 [ERROR] LogOutputStream:75 - [STDERR_REDIRECT] [Fatal Error] :1:1: Premature end of file.
2025-08-15 22:35:06,983 [ERROR] LogOutputStream:75 - [STDERR_REDIRECT] 
2025-08-15 22:35:07,981 [ERROR] LogOutputStream:75 - [STDERR_REDIRECT] [Fatal Error] :1:1: Premature end of file.
2025-08-15 22:35:07,981 [ERROR] LogOutputStream:75 - [STDERR_REDIRECT] 
2025-08-15 22:35:08,979 [ERROR] LogOutputStream:75 - [STDERR_REDIRECT] [Fatal Error] :1:1: Premature end of file.
2025-08-15 22:35:08,979 [ERROR] LogOutputStream:75 - [STDERR_REDIRECT] 
2025-08-15 22:35:09,979 [ERROR] LogOutputStream:75 - [STDERR_REDIRECT] [Fatal Error] :1:1: Premature end of file.
2025-08-15 22:35:09,979 [ERROR] LogOutputStream:75 - [STDERR_REDIRECT] 
2025-08-15 22:35:10,990 [ERROR] LogOutputStream:75 - [STDERR_REDIRECT] [Fatal Error] :1:1: Premature end of file.
2025-08-15 22:35:10,990 [ERROR] LogOutputStream:75 - [STDERR_REDIRECT] 
2025-08-15 22:35:11,977 [ERROR] LogOutputStream:75 - [STDERR_REDIRECT] [Fatal Error] :1:1: Premature end of file.
2025-08-15 22:35:11,977 [ERROR] LogOutputStream:75 - [STDERR_REDIRECT] 
2025-08-15 22:35:12,984 [ERROR] LogOutputStream:75 - [STDERR_REDIRECT] [Fatal Error] :1:1: Premature end of file.
2025-08-15 22:35:12,984 [ERROR] LogOutputStream:75 - [STDERR_REDIRECT] 
2025-08-15 22:35:13,992 [ERROR] LogOutputStream:75 - [STDERR_REDIRECT] [Fatal Error] :1:1: Premature end of file.
2025-08-15 22:35:13,992 [ERROR] LogOutputStream:75 - [STDERR_REDIRECT] 
2025-08-15 22:35:14,980 [ERROR] LogOutputStream:75 - [STDERR_REDIRECT] [Fatal Error] :1:1: Premature end of file.
2025-08-15 22:35:14,980 [ERROR] LogOutputStream:75 - [STDERR_REDIRECT] 
2025-08-15 22:35:15,974 [ERROR] LogOutputStream:75 - [STDERR_REDIRECT] [Fatal Error] :1:1: Premature end of file.
2025-08-15 22:35:15,974 [ERROR] LogOutputStream:75 - [STDERR_REDIRECT] 
2025-08-15 22:35:16,980 [ERROR] LogOutputStream:75 - [STDERR_REDIRECT] [Fatal Error] :1:1: Premature end of file.
2025-08-15 22:35:16,980 [ERROR] LogOutputStream:75 - [STDERR_REDIRECT] 
2025-08-15 22:35:17,985 [ERROR] LogOutputStream:75 - [STDERR_REDIRECT] [Fatal Error] :1:1: Premature end of file.
2025-08-15 22:35:17,985 [ERROR] LogOutputStream:75 - [STDERR_REDIRECT] 
2025-08-15 22:35:18,984 [ERROR] LogOutputStream:75 - [STDERR_REDIRECT] [Fatal Error] :1:1: Premature end of file.
2025-08-15 22:35:18,984 [ERROR] LogOutputStream:75 - [STDERR_REDIRECT] 
2025-08-15 22:35:19,990 [ERROR] LogOutputStream:75 - [STDERR_REDIRECT] [Fatal Error] :1:1: Premature end of file.
2025-08-15 22:35:19,990 [ERROR] LogOutputStream:75 - [STDERR_REDIRECT] 
2025-08-15 22:35:20,987 [ERROR] LogOutputStream:75 - [STDERR_REDIRECT] [Fatal Error] :1:1: Premature end of file.
2025-08-15 22:35:20,987 [ERROR] LogOutputStream:75 - [STDERR_REDIRECT] 
2025-08-15 22:35:21,989 [ERROR] LogOutputStream:75 - [STDERR_REDIRECT] [Fatal Error] :1:1: Premature end of file.
2025-08-15 22:35:21,989 [ERROR] LogOutputStream:75 - [STDERR_REDIRECT] 
2025-08-15 22:35:22,978 [ERROR] LogOutputStream:75 - [STDERR_REDIRECT] [Fatal Error] :1:1: Premature end of file.
2025-08-15 22:35:22,978 [ERROR] LogOutputStream:75 - [STDERR_REDIRECT] 
2025-08-15 22:35:23,978 [ERROR] LogOutputStream:75 - [STDERR_REDIRECT] [Fatal Error] :1:1: Premature end of file.
2025-08-15 22:35:23,978 [ERROR] LogOutputStream:75 - [STDERR_REDIRECT] 
2025-08-15 22:35:24,976 [ERROR] LogOutputStream:75 - [STDERR_REDIRECT] [Fatal Error] :1:1: Premature end of file.
2025-08-15 22:35:24,976 [ERROR] LogOutputStream:75 - [STDERR_REDIRECT] 
2025-08-15 22:35:25,971 [ERROR] LogOutputStream:75 - [STDERR_REDIRECT] [Fatal Error] :1:1: Premature end of file.
2025-08-15 22:35:25,971 [ERROR] LogOutputStream:75 - [STDERR_REDIRECT] 
2025-08-15 22:35:26,986 [ERROR] LogOutputStream:75 - [STDERR_REDIRECT] [Fatal Error] :1:1: Premature end of file.
2025-08-15 22:35:26,986 [ERROR] LogOutputStream:75 - [STDERR_REDIRECT] 
2025-08-15 22:35:27,991 [ERROR] LogOutputStream:75 - [STDERR_REDIRECT] [Fatal Error] :1:1: Premature end of file.
2025-08-15 22:35:27,991 [ERROR] LogOutputStream:75 - [STDERR_REDIRECT] 
2025-08-15 22:35:28,972 [ERROR] LogOutputStream:75 - [STDERR_REDIRECT] [Fatal Error] :1:1: Premature end of file.
2025-08-15 22:35:28,972 [ERROR] LogOutputStream:75 - [STDERR_REDIRECT] 
2025-08-15 22:35:29,988 [ERROR] LogOutputStream:75 - [STDERR_REDIRECT] [Fatal Error] :1:1: Premature end of file.
2025-08-15 22:35:29,988 [ERROR] LogOutputStream:75 - [STDERR_REDIRECT] 
2025-08-15 22:35:30,985 [ERROR] LogOutputStream:75 - [STDERR_REDIRECT] [Fatal Error] :1:1: Premature end of file.
2025-08-15 22:35:30,985 [ERROR] LogOutputStream:75 - [STDERR_REDIRECT] 
2025-08-15 22:35:31,986 [ERROR] LogOutputStream:75 - [STDERR_REDIRECT] [Fatal Error] :1:1: Premature end of file.
2025-08-15 22:35:31,986 [ERROR] LogOutputStream:75 - [STDERR_REDIRECT] 
2025-08-15 22:35:32,986 [ERROR] LogOutputStream:75 - [STDERR_REDIRECT] [Fatal Error] :1:1: Premature end of file.
2025-08-15 22:35:32,986 [ERROR] LogOutputStream:75 - [STDERR_REDIRECT] 
2025-08-15 22:35:33,984 [ERROR] LogOutputStream:75 - [STDERR_REDIRECT] [Fatal Error] :1:1: Premature end of file.
2025-08-15 22:35:33,984 [ERROR] LogOutputStream:75 - [STDERR_REDIRECT] 
2025-08-15 22:35:34,984 [ERROR] LogOutputStream:75 - [STDERR_REDIRECT] [Fatal Error] :1:1: Premature end of file.
2025-08-15 22:35:34,984 [ERROR] LogOutputStream:75 - [STDERR_REDIRECT] 
2025-08-15 22:35:35,983 [ERROR] LogOutputStream:75 - [STDERR_REDIRECT] [Fatal Error] :1:1: Premature end of file.
2025-08-15 22:35:35,983 [ERROR] LogOutputStream:75 - [STDERR_REDIRECT] 
2025-08-15 22:35:36,982 [ERROR] LogOutputStream:75 - [STDERR_REDIRECT] [Fatal Error] :1:1: Premature end of file.
2025-08-15 22:35:36,982 [ERROR] LogOutputStream:75 - [STDERR_REDIRECT] 
2025-08-15 22:35:37,984 [ERROR] LogOutputStream:75 - [STDERR_REDIRECT] [Fatal Error] :1:1: Premature end of file.
2025-08-15 22:35:37,984 [ERROR] LogOutputStream:75 - [STDERR_REDIRECT] 
2025-08-15 22:35:38,982 [ERROR] LogOutputStream:75 - [STDERR_REDIRECT] [Fatal Error] :1:1: Premature end of file.
2025-08-15 22:35:38,982 [ERROR] LogOutputStream:75 - [STDERR_REDIRECT] 
2025-08-15 22:35:39,981 [ERROR] LogOutputStream:75 - [STDERR_REDIRECT] [Fatal Error] :1:1: Premature end of file.
2025-08-15 22:35:39,981 [ERROR] LogOutputStream:75 - [STDERR_REDIRECT] 
2025-08-15 22:35:40,982 [ERROR] LogOutputStream:75 - [STDERR_REDIRECT] [Fatal Error] :1:1: Premature end of file.
2025-08-15 22:35:40,982 [ERROR] LogOutputStream:75 - [STDERR_REDIRECT] 
2025-08-15 22:35:41,981 [ERROR] LogOutputStream:75 - [STDERR_REDIRECT] [Fatal Error] :1:1: Premature end of file.
2025-08-15 22:35:41,981 [ERROR] LogOutputStream:75 - [STDERR_REDIRECT] 
2025-08-15 22:35:42,982 [ERROR] LogOutputStream:75 - [STDERR_REDIRECT] [Fatal Error] :1:1: Premature end of file.
2025-08-15 22:35:42,982 [ERROR] LogOutputStream:75 - [STDERR_REDIRECT] 
2025-08-15 22:35:43,987 [ERROR] LogOutputStream:75 - [STDERR_REDIRECT] [Fatal Error] :1:1: Premature end of file.
2025-08-15 22:35:43,987 [ERROR] LogOutputStream:75 - [STDERR_REDIRECT] 
2025-08-15 22:35:44,982 [ERROR] LogOutputStream:75 - [STDERR_REDIRECT] [Fatal Error] :1:1: Premature end of file.
2025-08-15 22:35:44,982 [ERROR] LogOutputStream:75 - [STDERR_REDIRECT] 
2025-08-15 22:35:45,980 [ERROR] LogOutputStream:75 - [STDERR_REDIRECT] [Fatal Error] :1:1: Premature end of file.
2025-08-15 22:35:45,980 [ERROR] LogOutputStream:75 - [STDERR_REDIRECT] 
2025-08-15 22:35:46,980 [ERROR] LogOutputStream:75 - [STDERR_REDIRECT] [Fatal Error] :1:1: Premature end of file.
2025-08-15 22:35:46,980 [ERROR] LogOutputStream:75 - [STDERR_REDIRECT] 
2025-08-15 22:35:47,977 [ERROR] LogOutputStream:75 - [STDERR_REDIRECT] [Fatal Error] :1:1: Premature end of file.
2025-08-15 22:35:47,977 [ERROR] LogOutputStream:75 - [STDERR_REDIRECT] 
2025-08-15 22:35:48,981 [ERROR] LogOutputStream:75 - [STDERR_REDIRECT] [Fatal Error] :1:1: Premature end of file.
2025-08-15 22:35:48,981 [ERROR] LogOutputStream:75 - [STDERR_REDIRECT] 
2025-08-15 22:35:49,980 [ERROR] LogOutputStream:75 - [STDERR_REDIRECT] [Fatal Error] :1:1: Premature end of file.
2025-08-15 22:35:49,980 [ERROR] LogOutputStream:75 - [STDERR_REDIRECT] 
2025-08-15 22:35:50,976 [ERROR] LogOutputStream:75 - [STDERR_REDIRECT] [Fatal Error] :1:1: Premature end of file.
2025-08-15 22:35:50,976 [ERROR] LogOutputStream:75 - [STDERR_REDIRECT] 
2025-08-15 22:35:51,973 [ERROR] LogOutputStream:75 - [STDERR_REDIRECT] [Fatal Error] :1:1: Premature end of file.
2025-08-15 22:35:51,973 [ERROR] LogOutputStream:75 - [STDERR_REDIRECT] 
2025-08-15 22:35:52,980 [ERROR] LogOutputStream:75 - [STDERR_REDIRECT] [Fatal Error] :1:1: Premature end of file.
2025-08-15 22:35:52,980 [ERROR] LogOutputStream:75 - [STDERR_REDIRECT] 
2025-08-15 22:35:53,979 [ERROR] LogOutputStream:75 - [STDERR_REDIRECT] [Fatal Error] :1:1: Premature end of file.
2025-08-15 22:35:53,979 [ERROR] LogOutputStream:75 - [STDERR_REDIRECT] 
2025-08-15 22:35:54,989 [ERROR] LogOutputStream:75 - [STDERR_REDIRECT] [Fatal Error] :1:1: Premature end of file.
2025-08-15 22:35:54,989 [ERROR] LogOutputStream:75 - [STDERR_REDIRECT] 
2025-08-15 22:35:55,987 [ERROR] LogOutputStream:75 - [STDERR_REDIRECT] [Fatal Error] :1:1: Premature end of file.
2025-08-15 22:35:55,987 [ERROR] LogOutputStream:75 - [STDERR_REDIRECT] 
2025-08-15 22:35:56,984 [ERROR] LogOutputStream:75 - [STDERR_REDIRECT] [Fatal Error] :1:1: Premature end of file.
2025-08-15 22:35:56,984 [ERROR] LogOutputStream:75 - [STDERR_REDIRECT] 
2025-08-15 22:35:57,987 [ERROR] LogOutputStream:75 - [STDERR_REDIRECT] [Fatal Error] :1:1: Premature end of file.
2025-08-15 22:35:57,987 [ERROR] LogOutputStream:75 - [STDERR_REDIRECT] 
2025-08-15 22:35:58,984 [ERROR] LogOutputStream:75 - [STDERR_REDIRECT] [Fatal Error] :1:1: Premature end of file.
2025-08-15 22:35:58,984 [ERROR] LogOutputStream:75 - [STDERR_REDIRECT] 
2025-08-15 22:35:59,979 [ERROR] LogOutputStream:75 - [STDERR_REDIRECT] [Fatal Error] :1:1: Premature end of file.
2025-08-15 22:35:59,979 [ERROR] LogOutputStream:75 - [STDERR_REDIRECT] 
2025-08-15 22:36:00,986 [ERROR] LogOutputStream:75 - [STDERR_REDIRECT] [Fatal Error] :1:1: Premature end of file.
2025-08-15 22:36:00,986 [ERROR] LogOutputStream:75 - [STDERR_REDIRECT] 
2025-08-15 22:36:01,981 [ERROR] LogOutputStream:75 - [STDERR_REDIRECT] [Fatal Error] :1:1: Premature end of file.
2025-08-15 22:36:01,981 [ERROR] LogOutputStream:75 - [STDERR_REDIRECT] 
2025-08-15 22:36:02,973 [ERROR] LogOutputStream:75 - [STDERR_REDIRECT] [Fatal Error] :1:1: Premature end of file.
2025-08-15 22:36:02,973 [ERROR] LogOutputStream:75 - [STDERR_REDIRECT] 
2025-08-15 22:36:03,975 [ERROR] LogOutputStream:75 - [STDERR_REDIRECT] [Fatal Error] :1:1: Premature end of file.
2025-08-15 22:36:03,975 [ERROR] LogOutputStream:75 - [STDERR_REDIRECT] 
2025-08-15 22:36:04,977 [ERROR] LogOutputStream:75 - [STDERR_REDIRECT] [Fatal Error] :1:1: Premature end of file.
2025-08-15 22:36:04,977 [ERROR] LogOutputStream:75 - [STDERR_REDIRECT] 
2025-08-15 22:36:05,978 [ERROR] LogOutputStream:75 - [STDERR_REDIRECT] [Fatal Error] :1:1: Premature end of file.
2025-08-15 22:36:05,978 [ERROR] LogOutputStream:75 - [STDERR_REDIRECT] 
2025-08-15 22:36:06,972 [ERROR] LogOutputStream:75 - [STDERR_REDIRECT] [Fatal Error] :1:1: Premature end of file.
2025-08-15 22:36:06,972 [ERROR] LogOutputStream:75 - [STDERR_REDIRECT] 
2025-08-15 22:36:07,972 [ERROR] LogOutputStream:75 - [STDERR_REDIRECT] [Fatal Error] :1:1: Premature end of file.
2025-08-15 22:36:07,972 [ERROR] LogOutputStream:75 - [STDERR_REDIRECT] 
2025-08-15 22:36:08,971 [ERROR] LogOutputStream:75 - [STDERR_REDIRECT] [Fatal Error] :1:1: Premature end of file.
2025-08-15 22:36:08,971 [ERROR] LogOutputStream:75 - [STDERR_REDIRECT] 
2025-08-15 22:36:09,988 [ERROR] LogOutputStream:75 - [STDERR_REDIRECT] [Fatal Error] :1:1: Premature end of file.
2025-08-15 22:36:09,988 [ERROR] LogOutputStream:75 - [STDERR_REDIRECT] 
2025-08-15 22:36:10,971 [ERROR] LogOutputStream:75 - [STDERR_REDIRECT] [Fatal Error] :1:1: Premature end of file.
2025-08-15 22:36:10,971 [ERROR] LogOutputStream:75 - [STDERR_REDIRECT] 
2025-08-15 22:36:11,998 [ERROR] LogOutputStream:75 - [STDERR_REDIRECT] [Fatal Error] :1:1: Premature end of file.
2025-08-15 22:36:11,998 [ERROR] LogOutputStream:75 - [STDERR_REDIRECT] 
2025-08-15 22:36:12,993 [ERROR] LogOutputStream:75 - [STDERR_REDIRECT] [Fatal Error] :1:1: Premature end of file.
2025-08-15 22:36:12,993 [ERROR] LogOutputStream:75 - [STDERR_REDIRECT] 
2025-08-15 22:36:13,981 [ERROR] LogOutputStream:75 - [STDERR_REDIRECT] [Fatal Error] :1:1: Premature end of file.
2025-08-15 22:36:13,981 [ERROR] LogOutputStream:75 - [STDERR_REDIRECT] 
2025-08-15 22:36:14,998 [ERROR] LogOutputStream:75 - [STDERR_REDIRECT] [Fatal Error] :1:1: Premature end of file.
2025-08-15 22:36:14,998 [ERROR] LogOutputStream:75 - [STDERR_REDIRECT] 
2025-08-15 22:36:15,990 [ERROR] LogOutputStream:75 - [STDERR_REDIRECT] [Fatal Error] :1:1: Premature end of file.
2025-08-15 22:36:15,990 [ERROR] LogOutputStream:75 - [STDERR_REDIRECT] 
2025-08-15 22:36:16,986 [ERROR] LogOutputStream:75 - [STDERR_REDIRECT] [Fatal Error] :1:1: Premature end of file.
2025-08-15 22:36:16,986 [ERROR] LogOutputStream:75 - [STDERR_REDIRECT] 
2025-08-15 22:36:17,984 [ERROR] LogOutputStream:75 - [STDERR_REDIRECT] [Fatal Error] :1:1: Premature end of file.
2025-08-15 22:36:17,984 [ERROR] LogOutputStream:75 - [STDERR_REDIRECT] 
2025-08-15 22:36:18,985 [ERROR] LogOutputStream:75 - [STDERR_REDIRECT] [Fatal Error] :1:1: Premature end of file.
2025-08-15 22:36:18,985 [ERROR] LogOutputStream:75 - [STDERR_REDIRECT] 
2025-08-15 22:36:19,984 [ERROR] LogOutputStream:75 - [STDERR_REDIRECT] [Fatal Error] :1:1: Premature end of file.
2025-08-15 22:36:19,984 [ERROR] LogOutputStream:75 - [STDERR_REDIRECT] 
2025-08-15 22:36:20,985 [ERROR] LogOutputStream:75 - [STDERR_REDIRECT] [Fatal Error] :1:1: Premature end of file.
2025-08-15 22:36:20,985 [ERROR] LogOutputStream:75 - [STDERR_REDIRECT] 
2025-08-15 22:36:21,984 [ERROR] LogOutputStream:75 - [STDERR_REDIRECT] [Fatal Error] :1:1: Premature end of file.
2025-08-15 22:36:21,984 [ERROR] LogOutputStream:75 - [STDERR_REDIRECT] 
2025-08-15 22:36:22,980 [ERROR] LogOutputStream:75 - [STDERR_REDIRECT] [Fatal Error] :1:1: Premature end of file.
2025-08-15 22:36:22,980 [ERROR] LogOutputStream:75 - [STDERR_REDIRECT] 
2025-08-15 22:36:23,982 [ERROR] LogOutputStream:75 - [STDERR_REDIRECT] [Fatal Error] :1:1: Premature end of file.
2025-08-15 22:36:23,982 [ERROR] LogOutputStream:75 - [STDERR_REDIRECT] 
2025-08-15 22:36:24,983 [ERROR] LogOutputStream:75 - [STDERR_REDIRECT] [Fatal Error] :1:1: Premature end of file.
2025-08-15 22:36:24,983 [ERROR] LogOutputStream:75 - [STDERR_REDIRECT] 
2025-08-15 22:36:25,982 [ERROR] LogOutputStream:75 - [STDERR_REDIRECT] [Fatal Error] :1:1: Premature end of file.
2025-08-15 22:36:25,982 [ERROR] LogOutputStream:75 - [STDERR_REDIRECT] 
2025-08-15 22:36:26,980 [ERROR] LogOutputStream:75 - [STDERR_REDIRECT] [Fatal Error] :1:1: Premature end of file.
2025-08-15 22:36:26,980 [ERROR] LogOutputStream:75 - [STDERR_REDIRECT] 
2025-08-15 22:36:27,981 [ERROR] LogOutputStream:75 - [STDERR_REDIRECT] [Fatal Error] :1:1: Premature end of file.
2025-08-15 22:36:27,981 [ERROR] LogOutputStream:75 - [STDERR_REDIRECT] 
2025-08-15 22:36:28,981 [ERROR] LogOutputStream:75 - [STDERR_REDIRECT] [Fatal Error] :1:1: Premature end of file.
2025-08-15 22:36:28,981 [ERROR] LogOutputStream:75 - [STDERR_REDIRECT] 
2025-08-15 22:36:29,980 [ERROR] LogOutputStream:75 - [STDERR_REDIRECT] [Fatal Error] :1:1: Premature end of file.
2025-08-15 22:36:29,980 [ERROR] LogOutputStream:75 - [STDERR_REDIRECT] 
2025-08-15 22:36:30,982 [ERROR] LogOutputStream:75 - [STDERR_REDIRECT] [Fatal Error] :1:1: Premature end of file.
2025-08-15 22:36:30,982 [ERROR] LogOutputStream:75 - [STDERR_REDIRECT] 
2025-08-15 22:36:31,980 [ERROR] LogOutputStream:75 - [STDERR_REDIRECT] [Fatal Error] :1:1: Premature end of file.
2025-08-15 22:36:31,980 [ERROR] LogOutputStream:75 - [STDERR_REDIRECT] 
2025-08-15 22:36:32,987 [ERROR] LogOutputStream:75 - [STDERR_REDIRECT] [Fatal Error] :1:1: Premature end of file.
2025-08-15 22:36:32,987 [ERROR] LogOutputStream:75 - [STDERR_REDIRECT] 
2025-08-15 22:36:33,984 [ERROR] LogOutputStream:75 - [STDERR_REDIRECT] [Fatal Error] :1:1: Premature end of file.
2025-08-15 22:36:33,984 [ERROR] LogOutputStream:75 - [STDERR_REDIRECT] 
2025-08-15 22:36:34,978 [ERROR] LogOutputStream:75 - [STDERR_REDIRECT] [Fatal Error] :1:1: Premature end of file.
2025-08-15 22:36:34,978 [ERROR] LogOutputStream:75 - [STDERR_REDIRECT] 
2025-08-15 22:36:35,978 [ERROR] LogOutputStream:75 - [STDERR_REDIRECT] [Fatal Error] :1:1: Premature end of file.
2025-08-15 22:36:35,978 [ERROR] LogOutputStream:75 - [STDERR_REDIRECT] 
2025-08-15 22:36:36,978 [ERROR] LogOutputStream:75 - [STDERR_REDIRECT] [Fatal Error] :1:1: Premature end of file.
2025-08-15 22:36:36,978 [ERROR] LogOutputStream:75 - [STDERR_REDIRECT] 
2025-08-15 22:36:37,982 [ERROR] LogOutputStream:75 - [STDERR_REDIRECT] [Fatal Error] :1:1: Premature end of file.
2025-08-15 22:36:37,982 [ERROR] LogOutputStream:75 - [STDERR_REDIRECT] 
2025-08-15 22:36:38,978 [ERROR] LogOutputStream:75 - [STDERR_REDIRECT] [Fatal Error] :1:1: Premature end of file.
2025-08-15 22:36:38,978 [ERROR] LogOutputStream:75 - [STDERR_REDIRECT] 
2025-08-15 22:36:39,977 [ERROR] LogOutputStream:75 - [STDERR_REDIRECT] [Fatal Error] :1:1: Premature end of file.
2025-08-15 22:36:39,977 [ERROR] LogOutputStream:75 - [STDERR_REDIRECT] 
2025-08-15 22:36:40,977 [ERROR] LogOutputStream:75 - [STDERR_REDIRECT] [Fatal Error] :1:1: Premature end of file.
2025-08-15 22:36:40,977 [ERROR] LogOutputStream:75 - [STDERR_REDIRECT] 
2025-08-15 22:36:41,980 [ERROR] LogOutputStream:75 - [STDERR_REDIRECT] [Fatal Error] :1:1: Premature end of file.
2025-08-15 22:36:41,980 [ERROR] LogOutputStream:75 - [STDERR_REDIRECT] 
2025-08-15 22:36:42,977 [ERROR] LogOutputStream:75 - [STDERR_REDIRECT] [Fatal Error] :1:1: Premature end of file.
2025-08-15 22:36:42,977 [ERROR] LogOutputStream:75 - [STDERR_REDIRECT] 
2025-08-15 22:36:43,984 [ERROR] LogOutputStream:75 - [STDERR_REDIRECT] [Fatal Error] :1:1: Premature end of file.
2025-08-15 22:36:43,984 [ERROR] LogOutputStream:75 - [STDERR_REDIRECT] 
2025-08-15 22:36:44,976 [ERROR] LogOutputStream:75 - [STDERR_REDIRECT] [Fatal Error] :1:1: Premature end of file.
2025-08-15 22:36:44,976 [ERROR] LogOutputStream:75 - [STDERR_REDIRECT] 
2025-08-15 22:36:45,973 [ERROR] LogOutputStream:75 - [STDERR_REDIRECT] [Fatal Error] :1:1: Premature end of file.
2025-08-15 22:36:45,973 [ERROR] LogOutputStream:75 - [STDERR_REDIRECT] 
2025-08-15 22:36:46,977 [ERROR] LogOutputStream:75 - [STDERR_REDIRECT] [Fatal Error] :1:1: Premature end of file.
2025-08-15 22:36:46,977 [ERROR] LogOutputStream:75 - [STDERR_REDIRECT] 
2025-08-15 22:36:47,986 [ERROR] LogOutputStream:75 - [STDERR_REDIRECT] [Fatal Error] :1:1: Premature end of file.
2025-08-15 22:36:47,986 [ERROR] LogOutputStream:75 - [STDERR_REDIRECT] 
2025-08-15 22:36:48,974 [ERROR] LogOutputStream:75 - [STDERR_REDIRECT] [Fatal Error] :1:1: Premature end of file.
2025-08-15 22:36:48,974 [ERROR] LogOutputStream:75 - [STDERR_REDIRECT] 
2025-08-15 22:36:49,971 [ERROR] LogOutputStream:75 - [STDERR_REDIRECT] [Fatal Error] :1:1: Premature end of file.
2025-08-15 22:36:49,971 [ERROR] LogOutputStream:75 - [STDERR_REDIRECT] 
2025-08-15 22:36:50,971 [ERROR] LogOutputStream:75 - [STDERR_REDIRECT] [Fatal Error] :1:1: Premature end of file.
2025-08-15 22:36:50,971 [ERROR] LogOutputStream:75 - [STDERR_REDIRECT] 
2025-08-15 22:36:51,987 [ERROR] LogOutputStream:75 - [STDERR_REDIRECT] [Fatal Error] :1:1: Premature end of file.
2025-08-15 22:36:51,987 [ERROR] LogOutputStream:75 - [STDERR_REDIRECT] 
2025-08-15 22:36:52,986 [ERROR] LogOutputStream:75 - [STDERR_REDIRECT] [Fatal Error] :1:1: Premature end of file.
2025-08-15 22:36:52,986 [ERROR] LogOutputStream:75 - [STDERR_REDIRECT] 
2025-08-15 22:36:53,988 [ERROR] LogOutputStream:75 - [STDERR_REDIRECT] [Fatal Error] :1:1: Premature end of file.
2025-08-15 22:36:53,988 [ERROR] LogOutputStream:75 - [STDERR_REDIRECT] 
2025-08-15 22:36:54,982 [ERROR] LogOutputStream:75 - [STDERR_REDIRECT] [Fatal Error] :1:1: Premature end of file.
2025-08-15 22:36:54,982 [ERROR] LogOutputStream:75 - [STDERR_REDIRECT] 
2025-08-15 22:36:55,989 [ERROR] LogOutputStream:75 - [STDERR_REDIRECT] [Fatal Error] :1:1: Premature end of file.
2025-08-15 22:36:55,989 [ERROR] LogOutputStream:75 - [STDERR_REDIRECT] 
2025-08-15 22:36:56,985 [ERROR] LogOutputStream:75 - [STDERR_REDIRECT] [Fatal Error] :1:1: Premature end of file.
2025-08-15 22:36:56,985 [ERROR] LogOutputStream:75 - [STDERR_REDIRECT] 
2025-08-15 22:36:57,983 [ERROR] LogOutputStream:75 - [STDERR_REDIRECT] [Fatal Error] :1:1: Premature end of file.
2025-08-15 22:36:57,983 [ERROR] LogOutputStream:75 - [STDERR_REDIRECT] 
2025-08-15 22:36:58,985 [ERROR] LogOutputStream:75 - [STDERR_REDIRECT] [Fatal Error] :1:1: Premature end of file.
2025-08-15 22:36:58,985 [ERROR] LogOutputStream:75 - [STDERR_REDIRECT] 
2025-08-15 22:36:59,983 [ERROR] LogOutputStream:75 - [STDERR_REDIRECT] [Fatal Error] :1:1: Premature end of file.
2025-08-15 22:36:59,983 [ERROR] LogOutputStream:75 - [STDERR_REDIRECT] 
2025-08-15 22:37:00,980 [ERROR] LogOutputStream:75 - [STDERR_REDIRECT] [Fatal Error] :1:1: Premature end of file.
2025-08-15 22:37:00,980 [ERROR] LogOutputStream:75 - [STDERR_REDIRECT] 
2025-08-15 22:37:01,984 [ERROR] LogOutputStream:75 - [STDERR_REDIRECT] [Fatal Error] :1:1: Premature end of file.
2025-08-15 22:37:01,984 [ERROR] LogOutputStream:75 - [STDERR_REDIRECT] 
2025-08-15 22:37:02,982 [ERROR] LogOutputStream:75 - [STDERR_REDIRECT] [Fatal Error] :1:1: Premature end of file.
2025-08-15 22:37:02,982 [ERROR] LogOutputStream:75 - [STDERR_REDIRECT] 
2025-08-15 22:37:03,971 [ERROR] LogOutputStream:75 - [STDERR_REDIRECT] [Fatal Error] :1:1: Premature end of file.
2025-08-15 22:37:03,971 [ERROR] LogOutputStream:75 - [STDERR_REDIRECT] 
2025-08-15 22:37:05,001 [ERROR] LogOutputStream:75 - [STDERR_REDIRECT] [Fatal Error] :1:1: Premature end of file.
2025-08-15 22:37:05,001 [ERROR] LogOutputStream:75 - [STDERR_REDIRECT] 
2025-08-15 22:37:05,983 [ERROR] LogOutputStream:75 - [STDERR_REDIRECT] [Fatal Error] :1:1: Premature end of file.
2025-08-15 22:37:05,983 [ERROR] LogOutputStream:75 - [STDERR_REDIRECT] 
2025-08-15 22:37:06,982 [ERROR] LogOutputStream:75 - [STDERR_REDIRECT] [Fatal Error] :1:1: Premature end of file.
2025-08-15 22:37:06,982 [ERROR] LogOutputStream:75 - [STDERR_REDIRECT] 
2025-08-15 22:37:07,984 [ERROR] LogOutputStream:75 - [STDERR_REDIRECT] [Fatal Error] :1:1: Premature end of file.
2025-08-15 22:37:07,984 [ERROR] LogOutputStream:75 - [STDERR_REDIRECT] 
2025-08-15 22:37:08,981 [ERROR] LogOutputStream:75 - [STDERR_REDIRECT] [Fatal Error] :1:1: Premature end of file.
2025-08-15 22:37:08,981 [ERROR] LogOutputStream:75 - [STDERR_REDIRECT] 
2025-08-15 22:37:09,987 [ERROR] LogOutputStream:75 - [STDERR_REDIRECT] [Fatal Error] :1:1: Premature end of file.
2025-08-15 22:37:09,987 [ERROR] LogOutputStream:75 - [STDERR_REDIRECT] 
2025-08-15 22:37:10,981 [ERROR] LogOutputStream:75 - [STDERR_REDIRECT] [Fatal Error] :1:1: Premature end of file.
2025-08-15 22:37:10,981 [ERROR] LogOutputStream:75 - [STDERR_REDIRECT] 
2025-08-15 22:37:11,981 [ERROR] LogOutputStream:75 - [STDERR_REDIRECT] [Fatal Error] :1:1: Premature end of file.
2025-08-15 22:37:11,981 [ERROR] LogOutputStream:75 - [STDERR_REDIRECT] 
2025-08-15 22:37:12,984 [ERROR] LogOutputStream:75 - [STDERR_REDIRECT] [Fatal Error] :1:1: Premature end of file.
2025-08-15 22:37:12,985 [ERROR] LogOutputStream:75 - [STDERR_REDIRECT] 
2025-08-15 22:37:13,988 [ERROR] LogOutputStream:75 - [STDERR_REDIRECT] [Fatal Error] :1:1: Premature end of file.
2025-08-15 22:37:13,988 [ERROR] LogOutputStream:75 - [STDERR_REDIRECT] 
2025-08-15 22:37:14,980 [ERROR] LogOutputStream:75 - [STDERR_REDIRECT] [Fatal Error] :1:1: Premature end of file.
2025-08-15 22:37:14,980 [ERROR] LogOutputStream:75 - [STDERR_REDIRECT] 
2025-08-15 22:37:15,986 [ERROR] LogOutputStream:75 - [STDERR_REDIRECT] [Fatal Error] :1:1: Premature end of file.
2025-08-15 22:37:15,986 [ERROR] LogOutputStream:75 - [STDERR_REDIRECT] 
2025-08-15 22:37:16,978 [ERROR] LogOutputStream:75 - [STDERR_REDIRECT] [Fatal Error] :1:1: Premature end of file.
2025-08-15 22:37:16,978 [ERROR] LogOutputStream:75 - [STDERR_REDIRECT] 
2025-08-15 22:37:17,980 [ERROR] LogOutputStream:75 - [STDERR_REDIRECT] [Fatal Error] :1:1: Premature end of file.
2025-08-15 22:37:17,980 [ERROR] LogOutputStream:75 - [STDERR_REDIRECT] 
2025-08-15 22:37:18,984 [ERROR] LogOutputStream:75 - [STDERR_REDIRECT] [Fatal Error] :1:1: Premature end of file.
2025-08-15 22:37:18,984 [ERROR] LogOutputStream:75 - [STDERR_REDIRECT] 
2025-08-15 22:37:19,976 [ERROR] LogOutputStream:75 - [STDERR_REDIRECT] [Fatal Error] :1:1: Premature end of file.
2025-08-15 22:37:19,976 [ERROR] LogOutputStream:75 - [STDERR_REDIRECT] 
2025-08-15 22:37:20,982 [ERROR] LogOutputStream:75 - [STDERR_REDIRECT] [Fatal Error] :1:1: Premature end of file.
2025-08-15 22:37:20,982 [ERROR] LogOutputStream:75 - [STDERR_REDIRECT] 
2025-08-15 22:37:21,981 [ERROR] LogOutputStream:75 - [STDERR_REDIRECT] [Fatal Error] :1:1: Premature end of file.
2025-08-15 22:37:21,981 [ERROR] LogOutputStream:75 - [STDERR_REDIRECT] 
2025-08-15 22:37:22,980 [ERROR] LogOutputStream:75 - [STDERR_REDIRECT] [Fatal Error] :1:1: Premature end of file.
2025-08-15 22:37:22,980 [ERROR] LogOutputStream:75 - [STDERR_REDIRECT] 
2025-08-15 22:37:23,978 [ERROR] LogOutputStream:75 - [STDERR_REDIRECT] [Fatal Error] :1:1: Premature end of file.
2025-08-15 22:37:23,978 [ERROR] LogOutputStream:75 - [STDERR_REDIRECT] 
2025-08-15 22:37:24,978 [ERROR] LogOutputStream:75 - [STDERR_REDIRECT] [Fatal Error] :1:1: Premature end of file.
2025-08-15 22:37:24,978 [ERROR] LogOutputStream:75 - [STDERR_REDIRECT] 
2025-08-15 22:37:25,980 [ERROR] LogOutputStream:75 - [STDERR_REDIRECT] [Fatal Error] :1:1: Premature end of file.
2025-08-15 22:37:25,980 [ERROR] LogOutputStream:75 - [STDERR_REDIRECT] 
2025-08-15 22:37:26,976 [ERROR] LogOutputStream:75 - [STDERR_REDIRECT] [Fatal Error] :1:1: Premature end of file.
2025-08-15 22:37:26,976 [ERROR] LogOutputStream:75 - [STDERR_REDIRECT] 
2025-08-15 22:37:27,975 [ERROR] LogOutputStream:75 - [STDERR_REDIRECT] [Fatal Error] :1:1: Premature end of file.
2025-08-15 22:37:27,975 [ERROR] LogOutputStream:75 - [STDERR_REDIRECT] 
2025-08-15 22:37:28,976 [ERROR] LogOutputStream:75 - [STDERR_REDIRECT] [Fatal Error] :1:1: Premature end of file.
2025-08-15 22:37:28,976 [ERROR] LogOutputStream:75 - [STDERR_REDIRECT] 
2025-08-15 22:37:29,975 [ERROR] LogOutputStream:75 - [STDERR_REDIRECT] [Fatal Error] :1:1: Premature end of file.
2025-08-15 22:37:29,975 [ERROR] LogOutputStream:75 - [STDERR_REDIRECT] 
2025-08-15 22:37:30,976 [ERROR] LogOutputStream:75 - [STDERR_REDIRECT] [Fatal Error] :1:1: Premature end of file.
2025-08-15 22:37:30,976 [ERROR] LogOutputStream:75 - [STDERR_REDIRECT] 
2025-08-15 22:37:31,974 [ERROR] LogOutputStream:75 - [STDERR_REDIRECT] [Fatal Error] :1:1: Premature end of file.
2025-08-15 22:37:31,974 [ERROR] LogOutputStream:75 - [STDERR_REDIRECT] 
2025-08-15 22:37:32,973 [ERROR] LogOutputStream:75 - [STDERR_REDIRECT] [Fatal Error] :1:1: Premature end of file.
2025-08-15 22:37:32,973 [ERROR] LogOutputStream:75 - [STDERR_REDIRECT] 
2025-08-15 22:37:33,977 [ERROR] LogOutputStream:75 - [STDERR_REDIRECT] [Fatal Error] :1:1: Premature end of file.
2025-08-15 22:37:33,977 [ERROR] LogOutputStream:75 - [STDERR_REDIRECT] 
2025-08-15 22:37:34,974 [ERROR] LogOutputStream:75 - [STDERR_REDIRECT] [Fatal Error] :1:1: Premature end of file.
2025-08-15 22:37:34,974 [ERROR] LogOutputStream:75 - [STDERR_REDIRECT] 
2025-08-15 22:37:35,973 [ERROR] LogOutputStream:75 - [STDERR_REDIRECT] [Fatal Error] :1:1: Premature end of file.
2025-08-15 22:37:35,973 [ERROR] LogOutputStream:75 - [STDERR_REDIRECT] 
2025-08-15 22:37:36,976 [ERROR] LogOutputStream:75 - [STDERR_REDIRECT] [Fatal Error] :1:1: Premature end of file.
2025-08-15 22:37:36,976 [ERROR] LogOutputStream:75 - [STDERR_REDIRECT] 
2025-08-15 22:37:37,984 [ERROR] LogOutputStream:75 - [STDERR_REDIRECT] [Fatal Error] :1:1: Premature end of file.
2025-08-15 22:37:37,984 [ERROR] LogOutputStream:75 - [STDERR_REDIRECT] 
2025-08-15 22:37:38,972 [ERROR] LogOutputStream:75 - [STDERR_REDIRECT] [Fatal Error] :1:1: Premature end of file.
2025-08-15 22:37:38,972 [ERROR] LogOutputStream:75 - [STDERR_REDIRECT] 
2025-08-15 22:37:39,989 [ERROR] LogOutputStream:75 - [STDERR_REDIRECT] [Fatal Error] :1:1: Premature end of file.
2025-08-15 22:37:39,989 [ERROR] LogOutputStream:75 - [STDERR_REDIRECT] 
2025-08-15 22:37:40,996 [ERROR] LogOutputStream:75 - [STDERR_REDIRECT] [Fatal Error] :1:1: Premature end of file.
2025-08-15 22:37:40,996 [ERROR] LogOutputStream:75 - [STDERR_REDIRECT] 
2025-08-15 22:37:41,981 [ERROR] LogOutputStream:75 - [STDERR_REDIRECT] [Fatal Error] :1:1: Premature end of file.
2025-08-15 22:37:41,981 [ERROR] LogOutputStream:75 - [STDERR_REDIRECT] 
2025-08-15 22:37:42,983 [ERROR] LogOutputStream:75 - [STDERR_REDIRECT] [Fatal Error] :1:1: Premature end of file.
2025-08-15 22:37:42,983 [ERROR] LogOutputStream:75 - [STDERR_REDIRECT] 
2025-08-15 22:37:43,996 [ERROR] LogOutputStream:75 - [STDERR_REDIRECT] [Fatal Error] :1:1: Premature end of file.
2025-08-15 22:37:43,996 [ERROR] LogOutputStream:75 - [STDERR_REDIRECT] 
2025-08-15 22:37:44,985 [ERROR] LogOutputStream:75 - [STDERR_REDIRECT] [Fatal Error] :1:1: Premature end of file.
2025-08-15 22:37:44,985 [ERROR] LogOutputStream:75 - [STDERR_REDIRECT] 
2025-08-15 22:37:45,987 [ERROR] LogOutputStream:75 - [STDERR_REDIRECT] [Fatal Error] :1:1: Premature end of file.
2025-08-15 22:37:45,987 [ERROR] LogOutputStream:75 - [STDERR_REDIRECT] 
2025-08-15 22:37:46,994 [ERROR] LogOutputStream:75 - [STDERR_REDIRECT] [Fatal Error] :1:1: Premature end of file.
2025-08-15 22:37:46,994 [ERROR] LogOutputStream:75 - [STDERR_REDIRECT] 
2025-08-15 22:37:47,987 [ERROR] LogOutputStream:75 - [STDERR_REDIRECT] [Fatal Error] :1:1: Premature end of file.
2025-08-15 22:37:47,987 [ERROR] LogOutputStream:75 - [STDERR_REDIRECT] 
2025-08-15 22:37:48,981 [ERROR] LogOutputStream:75 - [STDERR_REDIRECT] [Fatal Error] :1:1: Premature end of file.
2025-08-15 22:37:48,981 [ERROR] LogOutputStream:75 - [STDERR_REDIRECT] 
2025-08-15 22:37:49,984 [ERROR] LogOutputStream:75 - [STDERR_REDIRECT] [Fatal Error] :1:1: Premature end of file.
2025-08-15 22:37:49,984 [ERROR] LogOutputStream:75 - [STDERR_REDIRECT] 
2025-08-15 22:37:50,985 [ERROR] LogOutputStream:75 - [STDERR_REDIRECT] [Fatal Error] :1:1: Premature end of file.
2025-08-15 22:37:50,985 [ERROR] LogOutputStream:75 - [STDERR_REDIRECT] 
2025-08-15 22:37:51,995 [ERROR] LogOutputStream:75 - [STDERR_REDIRECT] [Fatal Error] :1:1: Premature end of file.
2025-08-15 22:37:51,995 [ERROR] LogOutputStream:75 - [STDERR_REDIRECT] 
2025-08-15 22:37:52,975 [ERROR] LogOutputStream:75 - [STDERR_REDIRECT] [Fatal Error] :1:1: Premature end of file.
2025-08-15 22:37:52,975 [ERROR] LogOutputStream:75 - [STDERR_REDIRECT] 
2025-08-15 22:37:53,987 [ERROR] LogOutputStream:75 - [STDERR_REDIRECT] [Fatal Error] :1:1: Premature end of file.
2025-08-15 22:37:53,987 [ERROR] LogOutputStream:75 - [STDERR_REDIRECT] 
2025-08-15 22:37:54,982 [ERROR] LogOutputStream:75 - [STDERR_REDIRECT] [Fatal Error] :1:1: Premature end of file.
2025-08-15 22:37:54,982 [ERROR] LogOutputStream:75 - [STDERR_REDIRECT] 
2025-08-15 22:37:55,985 [ERROR] LogOutputStream:75 - [STDERR_REDIRECT] [Fatal Error] :1:1: Premature end of file.
2025-08-15 22:37:55,985 [ERROR] LogOutputStream:75 - [STDERR_REDIRECT] 
2025-08-15 22:37:56,993 [ERROR] LogOutputStream:75 - [STDERR_REDIRECT] [Fatal Error] :1:1: Premature end of file.
2025-08-15 22:37:56,993 [ERROR] LogOutputStream:75 - [STDERR_REDIRECT] 
2025-08-15 22:37:57,988 [ERROR] LogOutputStream:75 - [STDERR_REDIRECT] [Fatal Error] :1:1: Premature end of file.
2025-08-15 22:37:57,988 [ERROR] LogOutputStream:75 - [STDERR_REDIRECT] 
2025-08-15 22:37:58,984 [ERROR] LogOutputStream:75 - [STDERR_REDIRECT] [Fatal Error] :1:1: Premature end of file.
2025-08-15 22:37:58,984 [ERROR] LogOutputStream:75 - [STDERR_REDIRECT] 
2025-08-15 22:37:59,986 [ERROR] LogOutputStream:75 - [STDERR_REDIRECT] [Fatal Error] :1:1: Premature end of file.
2025-08-15 22:37:59,986 [ERROR] LogOutputStream:75 - [STDERR_REDIRECT] 
2025-08-15 22:38:00,989 [ERROR] LogOutputStream:75 - [STDERR_REDIRECT] [Fatal Error] :1:1: Premature end of file.
2025-08-15 22:38:00,989 [ERROR] LogOutputStream:75 - [STDERR_REDIRECT] 
2025-08-15 22:38:01,985 [ERROR] LogOutputStream:75 - [STDERR_REDIRECT] [Fatal Error] :1:1: Premature end of file.
2025-08-15 22:38:01,985 [ERROR] LogOutputStream:75 - [STDERR_REDIRECT] 
2025-08-15 22:38:02,979 [ERROR] LogOutputStream:75 - [STDERR_REDIRECT] [Fatal Error] :1:1: Premature end of file.
2025-08-15 22:38:02,979 [ERROR] LogOutputStream:75 - [STDERR_REDIRECT] 
2025-08-15 22:38:03,979 [ERROR] LogOutputStream:75 - [STDERR_REDIRECT] [Fatal Error] :1:1: Premature end of file.
2025-08-15 22:38:03,979 [ERROR] LogOutputStream:75 - [STDERR_REDIRECT] 
2025-08-15 22:38:04,984 [ERROR] LogOutputStream:75 - [STDERR_REDIRECT] [Fatal Error] :1:1: Premature end of file.
2025-08-15 22:38:04,984 [ERROR] LogOutputStream:75 - [STDERR_REDIRECT] 
2025-08-15 22:38:05,980 [ERROR] LogOutputStream:75 - [STDERR_REDIRECT] [Fatal Error] :1:1: Premature end of file.
2025-08-15 22:38:05,980 [ERROR] LogOutputStream:75 - [STDERR_REDIRECT] 
2025-08-15 22:38:06,978 [ERROR] LogOutputStream:75 - [STDERR_REDIRECT] [Fatal Error] :1:1: Premature end of file.
2025-08-15 22:38:06,978 [ERROR] LogOutputStream:75 - [STDERR_REDIRECT] 
2025-08-15 22:38:07,980 [ERROR] LogOutputStream:75 - [STDERR_REDIRECT] [Fatal Error] :1:1: Premature end of file.
2025-08-15 22:38:07,980 [ERROR] LogOutputStream:75 - [STDERR_REDIRECT] 
2025-08-15 22:38:08,973 [ERROR] LogOutputStream:75 - [STDERR_REDIRECT] [Fatal Error] :1:1: Premature end of file.
2025-08-15 22:38:08,973 [ERROR] LogOutputStream:75 - [STDERR_REDIRECT] 
2025-08-15 22:38:09,986 [ERROR] LogOutputStream:75 - [STDERR_REDIRECT] [Fatal Error] :1:1: Premature end of file.
2025-08-15 22:38:09,986 [ERROR] LogOutputStream:75 - [STDERR_REDIRECT] 
2025-08-15 22:38:10,984 [ERROR] LogOutputStream:75 - [STDERR_REDIRECT] [Fatal Error] :1:1: Premature end of file.
2025-08-15 22:38:10,984 [ERROR] LogOutputStream:75 - [STDERR_REDIRECT] 
2025-08-15 22:38:11,981 [ERROR] LogOutputStream:75 - [STDERR_REDIRECT] [Fatal Error] :1:1: Premature end of file.
2025-08-15 22:38:11,981 [ERROR] LogOutputStream:75 - [STDERR_REDIRECT] 
2025-08-15 22:38:12,980 [ERROR] LogOutputStream:75 - [STDERR_REDIRECT] [Fatal Error] :1:1: Premature end of file.
2025-08-15 22:38:12,980 [ERROR] LogOutputStream:75 - [STDERR_REDIRECT] 
2025-08-15 22:38:13,977 [ERROR] LogOutputStream:75 - [STDERR_REDIRECT] [Fatal Error] :1:1: Premature end of file.
2025-08-15 22:38:13,977 [ERROR] LogOutputStream:75 - [STDERR_REDIRECT] 
2025-08-15 22:38:14,979 [ERROR] LogOutputStream:75 - [STDERR_REDIRECT] [Fatal Error] :1:1: Premature end of file.
2025-08-15 22:38:14,979 [ERROR] LogOutputStream:75 - [STDERR_REDIRECT] 
2025-08-15 22:38:15,978 [ERROR] LogOutputStream:75 - [STDERR_REDIRECT] [Fatal Error] :1:1: Premature end of file.
2025-08-15 22:38:15,978 [ERROR] LogOutputStream:75 - [STDERR_REDIRECT] 
2025-08-15 22:38:16,975 [ERROR] LogOutputStream:75 - [STDERR_REDIRECT] [Fatal Error] :1:1: Premature end of file.
2025-08-15 22:38:16,975 [ERROR] LogOutputStream:75 - [STDERR_REDIRECT] 
2025-08-15 22:38:17,975 [ERROR] LogOutputStream:75 - [STDERR_REDIRECT] [Fatal Error] :1:1: Premature end of file.
2025-08-15 22:38:17,975 [ERROR] LogOutputStream:75 - [STDERR_REDIRECT] 
2025-08-15 22:38:18,977 [ERROR] LogOutputStream:75 - [STDERR_REDIRECT] [Fatal Error] :1:1: Premature end of file.
2025-08-15 22:38:18,977 [ERROR] LogOutputStream:75 - [STDERR_REDIRECT] 
2025-08-15 22:38:19,978 [ERROR] LogOutputStream:75 - [STDERR_REDIRECT] [Fatal Error] :1:1: Premature end of file.
2025-08-15 22:38:19,978 [ERROR] LogOutputStream:75 - [STDERR_REDIRECT] 
2025-08-15 22:38:20,980 [ERROR] LogOutputStream:75 - [STDERR_REDIRECT] [Fatal Error] :1:1: Premature end of file.
2025-08-15 22:38:20,980 [ERROR] LogOutputStream:75 - [STDERR_REDIRECT] 
2025-08-15 22:38:21,986 [ERROR] LogOutputStream:75 - [STDERR_REDIRECT] [Fatal Error] :1:1: Premature end of file.
2025-08-15 22:38:21,986 [ERROR] LogOutputStream:75 - [STDERR_REDIRECT] 
2025-08-15 22:38:22,988 [ERROR] LogOutputStream:75 - [STDERR_REDIRECT] [Fatal Error] :1:1: Premature end of file.
2025-08-15 22:38:22,988 [ERROR] LogOutputStream:75 - [STDERR_REDIRECT] 
2025-08-15 22:38:23,981 [ERROR] LogOutputStream:75 - [STDERR_REDIRECT] [Fatal Error] :1:1: Premature end of file.
2025-08-15 22:38:23,981 [ERROR] LogOutputStream:75 - [STDERR_REDIRECT] 
2025-08-15 22:38:24,981 [ERROR] LogOutputStream:75 - [STDERR_REDIRECT] [Fatal Error] :1:1: Premature end of file.
2025-08-15 22:38:24,981 [ERROR] LogOutputStream:75 - [STDERR_REDIRECT] 
2025-08-15 22:38:25,977 [ERROR] LogOutputStream:75 - [STDERR_REDIRECT] [Fatal Error] :1:1: Premature end of file.
2025-08-15 22:38:25,977 [ERROR] LogOutputStream:75 - [STDERR_REDIRECT] 
2025-08-15 22:38:26,977 [ERROR] LogOutputStream:75 - [STDERR_REDIRECT] [Fatal Error] :1:1: Premature end of file.
2025-08-15 22:38:26,977 [ERROR] LogOutputStream:75 - [STDERR_REDIRECT] 
2025-08-15 22:38:27,975 [ERROR] LogOutputStream:75 - [STDERR_REDIRECT] [Fatal Error] :1:1: Premature end of file.
2025-08-15 22:38:27,975 [ERROR] LogOutputStream:75 - [STDERR_REDIRECT] 
2025-08-15 22:38:28,974 [ERROR] LogOutputStream:75 - [STDERR_REDIRECT] [Fatal Error] :1:1: Premature end of file.
2025-08-15 22:38:28,974 [ERROR] LogOutputStream:75 - [STDERR_REDIRECT] 
2025-08-15 22:38:29,973 [ERROR] LogOutputStream:75 - [STDERR_REDIRECT] [Fatal Error] :1:1: Premature end of file.
2025-08-15 22:38:29,973 [ERROR] LogOutputStream:75 - [STDERR_REDIRECT] 
2025-08-15 22:38:30,987 [ERROR] LogOutputStream:75 - [STDERR_REDIRECT] [Fatal Error] :1:1: Premature end of file.
2025-08-15 22:38:30,987 [ERROR] LogOutputStream:75 - [STDERR_REDIRECT] 
2025-08-15 22:38:31,972 [ERROR] LogOutputStream:75 - [STDERR_REDIRECT] [Fatal Error] :1:1: Premature end of file.
2025-08-15 22:38:31,972 [ERROR] LogOutputStream:75 - [STDERR_REDIRECT] 
2025-08-15 22:38:32,986 [ERROR] LogOutputStream:75 - [STDERR_REDIRECT] [Fatal Error] :1:1: Premature end of file.
2025-08-15 22:38:32,986 [ERROR] LogOutputStream:75 - [STDERR_REDIRECT] 
2025-08-15 22:38:33,983 [ERROR] LogOutputStream:75 - [STDERR_REDIRECT] [Fatal Error] :1:1: Premature end of file.
2025-08-15 22:38:33,983 [ERROR] LogOutputStream:75 - [STDERR_REDIRECT] 
2025-08-15 22:38:34,984 [ERROR] LogOutputStream:75 - [STDERR_REDIRECT] [Fatal Error] :1:1: Premature end of file.
2025-08-15 22:38:34,984 [ERROR] LogOutputStream:75 - [STDERR_REDIRECT] 
2025-08-15 22:38:35,983 [ERROR] LogOutputStream:75 - [STDERR_REDIRECT] [Fatal Error] :1:1: Premature end of file.
2025-08-15 22:38:35,983 [ERROR] LogOutputStream:75 - [STDERR_REDIRECT] 
2025-08-15 22:38:36,982 [ERROR] LogOutputStream:75 - [STDERR_REDIRECT] [Fatal Error] :1:1: Premature end of file.
2025-08-15 22:38:36,982 [ERROR] LogOutputStream:75 - [STDERR_REDIRECT] 
2025-08-15 22:38:37,973 [ERROR] LogOutputStream:75 - [STDERR_REDIRECT] [Fatal Error] :1:1: Premature end of file.
2025-08-15 22:38:37,973 [ERROR] LogOutputStream:75 - [STDERR_REDIRECT] 
2025-08-15 22:38:38,978 [ERROR] LogOutputStream:75 - [STDERR_REDIRECT] [Fatal Error] :1:1: Premature end of file.
2025-08-15 22:38:38,978 [ERROR] LogOutputStream:75 - [STDERR_REDIRECT] 
2025-08-15 22:38:39,976 [ERROR] LogOutputStream:75 - [STDERR_REDIRECT] [Fatal Error] :1:1: Premature end of file.
2025-08-15 22:38:39,976 [ERROR] LogOutputStream:75 - [STDERR_REDIRECT] 
2025-08-15 22:38:40,986 [ERROR] LogOutputStream:75 - [STDERR_REDIRECT] [Fatal Error] :1:1: Premature end of file.
2025-08-15 22:38:40,986 [ERROR] LogOutputStream:75 - [STDERR_REDIRECT] 
2025-08-15 22:38:41,977 [ERROR] LogOutputStream:75 - [STDERR_REDIRECT] [Fatal Error] :1:1: Premature end of file.
2025-08-15 22:38:41,977 [ERROR] LogOutputStream:75 - [STDERR_REDIRECT] 
2025-08-15 22:38:42,982 [ERROR] LogOutputStream:75 - [STDERR_REDIRECT] [Fatal Error] :1:1: Premature end of file.
2025-08-15 22:38:42,982 [ERROR] LogOutputStream:75 - [STDERR_REDIRECT] 
2025-08-15 22:38:43,984 [ERROR] LogOutputStream:75 - [STDERR_REDIRECT] [Fatal Error] :1:1: Premature end of file.
2025-08-15 22:38:43,984 [ERROR] LogOutputStream:75 - [STDERR_REDIRECT] 
2025-08-15 22:38:44,975 [ERROR] LogOutputStream:75 - [STDERR_REDIRECT] [Fatal Error] :1:1: Premature end of file.
2025-08-15 22:38:44,975 [ERROR] LogOutputStream:75 - [STDERR_REDIRECT] 
2025-08-15 22:38:45,981 [ERROR] LogOutputStream:75 - [STDERR_REDIRECT] [Fatal Error] :1:1: Premature end of file.
2025-08-15 22:38:45,981 [ERROR] LogOutputStream:75 - [STDERR_REDIRECT] 
2025-08-15 22:38:46,982 [ERROR] LogOutputStream:75 - [STDERR_REDIRECT] [Fatal Error] :1:1: Premature end of file.
2025-08-15 22:38:46,982 [ERROR] LogOutputStream:75 - [STDERR_REDIRECT] 
2025-08-15 22:38:47,985 [ERROR] LogOutputStream:75 - [STDERR_REDIRECT] [Fatal Error] :1:1: Premature end of file.
2025-08-15 22:38:47,985 [ERROR] LogOutputStream:75 - [STDERR_REDIRECT] 
2025-08-15 22:38:48,976 [ERROR] LogOutputStream:75 - [STDERR_REDIRECT] [Fatal Error] :1:1: Premature end of file.
2025-08-15 22:38:48,976 [ERROR] LogOutputStream:75 - [STDERR_REDIRECT] 
2025-08-15 22:38:49,979 [ERROR] LogOutputStream:75 - [STDERR_REDIRECT] [Fatal Error] :1:1: Premature end of file.
2025-08-15 22:38:49,979 [ERROR] LogOutputStream:75 - [STDERR_REDIRECT] 
2025-08-15 22:38:50,985 [ERROR] LogOutputStream:75 - [STDERR_REDIRECT] [Fatal Error] :1:1: Premature end of file.
2025-08-15 22:38:50,985 [ERROR] LogOutputStream:75 - [STDERR_REDIRECT] 
2025-08-15 22:38:51,974 [ERROR] LogOutputStream:75 - [STDERR_REDIRECT] [Fatal Error] :1:1: Premature end of file.
2025-08-15 22:38:51,974 [ERROR] LogOutputStream:75 - [STDERR_REDIRECT] 
2025-08-15 22:38:52,979 [ERROR] LogOutputStream:75 - [STDERR_REDIRECT] [Fatal Error] :1:1: Premature end of file.
2025-08-15 22:38:52,979 [ERROR] LogOutputStream:75 - [STDERR_REDIRECT] 
2025-08-15 22:38:53,984 [ERROR] LogOutputStream:75 - [STDERR_REDIRECT] [Fatal Error] :1:1: Premature end of file.
2025-08-15 22:38:53,984 [ERROR] LogOutputStream:75 - [STDERR_REDIRECT] 
2025-08-15 22:38:54,974 [ERROR] LogOutputStream:75 - [STDERR_REDIRECT] [Fatal Error] :1:1: Premature end of file.
2025-08-15 22:38:54,974 [ERROR] LogOutputStream:75 - [STDERR_REDIRECT] 
2025-08-15 22:38:55,978 [ERROR] LogOutputStream:75 - [STDERR_REDIRECT] [Fatal Error] :1:1: Premature end of file.
2025-08-15 22:38:55,978 [ERROR] LogOutputStream:75 - [STDERR_REDIRECT] 
2025-08-15 22:38:56,979 [ERROR] LogOutputStream:75 - [STDERR_REDIRECT] [Fatal Error] :1:1: Premature end of file.
2025-08-15 22:38:56,979 [ERROR] LogOutputStream:75 - [STDERR_REDIRECT] 
2025-08-15 22:38:57,983 [ERROR] LogOutputStream:75 - [STDERR_REDIRECT] [Fatal Error] :1:1: Premature end of file.
2025-08-15 22:38:57,983 [ERROR] LogOutputStream:75 - [STDERR_REDIRECT] 
2025-08-15 22:38:58,983 [ERROR] LogOutputStream:75 - [STDERR_REDIRECT] [Fatal Error] :1:1: Premature end of file.
2025-08-15 22:38:58,983 [ERROR] LogOutputStream:75 - [STDERR_REDIRECT] 
2025-08-15 22:38:59,985 [ERROR] LogOutputStream:75 - [STDERR_REDIRECT] [Fatal Error] :1:1: Premature end of file.
2025-08-15 22:38:59,985 [ERROR] LogOutputStream:75 - [STDERR_REDIRECT] 
2025-08-15 22:39:00,984 [ERROR] LogOutputStream:75 - [STDERR_REDIRECT] [Fatal Error] :1:1: Premature end of file.
2025-08-15 22:39:00,984 [ERROR] LogOutputStream:75 - [STDERR_REDIRECT] 
2025-08-15 22:39:01,972 [ERROR] LogOutputStream:75 - [STDERR_REDIRECT] [Fatal Error] :1:1: Premature end of file.
2025-08-15 22:39:01,972 [ERROR] LogOutputStream:75 - [STDERR_REDIRECT] 
2025-08-15 22:39:02,972 [ERROR] LogOutputStream:75 - [STDERR_REDIRECT] [Fatal Error] :1:1: Premature end of file.
2025-08-15 22:39:02,972 [ERROR] LogOutputStream:75 - [STDERR_REDIRECT] 
2025-08-15 22:39:03,971 [ERROR] LogOutputStream:75 - [STDERR_REDIRECT] [Fatal Error] :1:1: Premature end of file.
2025-08-15 22:39:03,971 [ERROR] LogOutputStream:75 - [STDERR_REDIRECT] 
2025-08-15 22:39:04,988 [ERROR] LogOutputStream:75 - [STDERR_REDIRECT] [Fatal Error] :1:1: Premature end of file.
2025-08-15 22:39:04,988 [ERROR] LogOutputStream:75 - [STDERR_REDIRECT] 
2025-08-15 22:39:05,980 [ERROR] LogOutputStream:75 - [STDERR_REDIRECT] [Fatal Error] :1:1: Premature end of file.
2025-08-15 22:39:05,980 [ERROR] LogOutputStream:75 - [STDERR_REDIRECT] 
2025-08-15 22:39:06,984 [ERROR] LogOutputStream:75 - [STDERR_REDIRECT] [Fatal Error] :1:1: Premature end of file.
2025-08-15 22:39:06,984 [ERROR] LogOutputStream:75 - [STDERR_REDIRECT] 
2025-08-15 22:39:07,982 [ERROR] LogOutputStream:75 - [STDERR_REDIRECT] [Fatal Error] :1:1: Premature end of file.
2025-08-15 22:39:07,982 [ERROR] LogOutputStream:75 - [STDERR_REDIRECT] 
2025-08-15 22:39:08,971 [ERROR] LogOutputStream:75 - [STDERR_REDIRECT] [Fatal Error] :1:1: Premature end of file.
2025-08-15 22:39:08,971 [ERROR] LogOutputStream:75 - [STDERR_REDIRECT] 
2025-08-15 22:39:09,981 [ERROR] LogOutputStream:75 - [STDERR_REDIRECT] [Fatal Error] :1:1: Premature end of file.
2025-08-15 22:39:09,981 [ERROR] LogOutputStream:75 - [STDERR_REDIRECT] 
2025-08-15 22:39:10,979 [ERROR] LogOutputStream:75 - [STDERR_REDIRECT] [Fatal Error] :1:1: Premature end of file.
2025-08-15 22:39:10,979 [ERROR] LogOutputStream:75 - [STDERR_REDIRECT] 
2025-08-15 22:39:11,974 [ERROR] LogOutputStream:75 - [STDERR_REDIRECT] [Fatal Error] :1:1: Premature end of file.
2025-08-15 22:39:11,974 [ERROR] LogOutputStream:75 - [STDERR_REDIRECT] 
2025-08-15 22:39:12,987 [ERROR] LogOutputStream:75 - [STDERR_REDIRECT] [Fatal Error] :1:1: Premature end of file.
2025-08-15 22:39:12,987 [ERROR] LogOutputStream:75 - [STDERR_REDIRECT] 
2025-08-15 22:39:13,981 [ERROR] LogOutputStream:75 - [STDERR_REDIRECT] [Fatal Error] :1:1: Premature end of file.
2025-08-15 22:39:13,981 [ERROR] LogOutputStream:75 - [STDERR_REDIRECT] 
2025-08-15 22:39:14,977 [ERROR] LogOutputStream:75 - [STDERR_REDIRECT] [Fatal Error] :1:1: Premature end of file.
2025-08-15 22:39:14,977 [ERROR] LogOutputStream:75 - [STDERR_REDIRECT] 
2025-08-15 22:39:15,981 [ERROR] LogOutputStream:75 - [STDERR_REDIRECT] [Fatal Error] :1:1: Premature end of file.
2025-08-15 22:39:15,981 [ERROR] LogOutputStream:75 - [STDERR_REDIRECT] 
2025-08-15 22:39:16,980 [ERROR] LogOutputStream:75 - [STDERR_REDIRECT] [Fatal Error] :1:1: Premature end of file.
2025-08-15 22:39:16,980 [ERROR] LogOutputStream:75 - [STDERR_REDIRECT] 
2025-08-15 22:39:17,978 [ERROR] LogOutputStream:75 - [STDERR_REDIRECT] [Fatal Error] :1:1: Premature end of file.
2025-08-15 22:39:17,978 [ERROR] LogOutputStream:75 - [STDERR_REDIRECT] 
2025-08-15 22:39:18,978 [ERROR] LogOutputStream:75 - [STDERR_REDIRECT] [Fatal Error] :1:1: Premature end of file.
2025-08-15 22:39:18,978 [ERROR] LogOutputStream:75 - [STDERR_REDIRECT] 
2025-08-15 22:39:19,979 [ERROR] LogOutputStream:75 - [STDERR_REDIRECT] [Fatal Error] :1:1: Premature end of file.
2025-08-15 22:39:19,979 [ERROR] LogOutputStream:75 - [STDERR_REDIRECT] 
2025-08-15 22:39:20,976 [ERROR] LogOutputStream:75 - [STDERR_REDIRECT] [Fatal Error] :1:1: Premature end of file.
2025-08-15 22:39:20,976 [ERROR] LogOutputStream:75 - [STDERR_REDIRECT] 
2025-08-15 22:39:21,981 [ERROR] LogOutputStream:75 - [STDERR_REDIRECT] [Fatal Error] :1:1: Premature end of file.
2025-08-15 22:39:21,981 [ERROR] LogOutputStream:75 - [STDERR_REDIRECT] 
2025-08-15 22:39:22,983 [ERROR] LogOutputStream:75 - [STDERR_REDIRECT] [Fatal Error] :1:1: Premature end of file.
2025-08-15 22:39:22,983 [ERROR] LogOutputStream:75 - [STDERR_REDIRECT] 
2025-08-15 22:39:23,973 [ERROR] LogOutputStream:75 - [STDERR_REDIRECT] [Fatal Error] :1:1: Premature end of file.
2025-08-15 22:39:23,973 [ERROR] LogOutputStream:75 - [STDERR_REDIRECT] 
2025-08-15 22:39:24,979 [ERROR] LogOutputStream:75 - [STDERR_REDIRECT] [Fatal Error] :1:1: Premature end of file.
2025-08-15 22:39:24,979 [ERROR] LogOutputStream:75 - [STDERR_REDIRECT] 
2025-08-15 22:39:25,977 [ERROR] LogOutputStream:75 - [STDERR_REDIRECT] [Fatal Error] :1:1: Premature end of file.
2025-08-15 22:39:25,977 [ERROR] LogOutputStream:75 - [STDERR_REDIRECT] 
2025-08-15 22:39:26,984 [ERROR] LogOutputStream:75 - [STDERR_REDIRECT] [Fatal Error] :1:1: Premature end of file.
2025-08-15 22:39:26,984 [ERROR] LogOutputStream:75 - [STDERR_REDIRECT] 
2025-08-15 22:39:27,973 [ERROR] LogOutputStream:75 - [STDERR_REDIRECT] [Fatal Error] :1:1: Premature end of file.
2025-08-15 22:39:27,973 [ERROR] LogOutputStream:75 - [STDERR_REDIRECT] 
2025-08-15 22:39:28,973 [ERROR] LogOutputStream:75 - [STDERR_REDIRECT] [Fatal Error] :1:1: Premature end of file.
2025-08-15 22:39:28,973 [ERROR] LogOutputStream:75 - [STDERR_REDIRECT] 
2025-08-15 22:39:29,980 [ERROR] LogOutputStream:75 - [STDERR_REDIRECT] [Fatal Error] :1:1: Premature end of file.
2025-08-15 22:39:29,980 [ERROR] LogOutputStream:75 - [STDERR_REDIRECT] 
2025-08-15 22:39:30,979 [ERROR] LogOutputStream:75 - [STDERR_REDIRECT] [Fatal Error] :1:1: Premature end of file.
2025-08-15 22:39:30,979 [ERROR] LogOutputStream:75 - [STDERR_REDIRECT] 
2025-08-15 22:39:31,991 [ERROR] LogOutputStream:75 - [STDERR_REDIRECT] [Fatal Error] :1:1: Premature end of file.
2025-08-15 22:39:31,991 [ERROR] LogOutputStream:75 - [STDERR_REDIRECT] 
2025-08-15 22:39:32,983 [ERROR] LogOutputStream:75 - [STDERR_REDIRECT] [Fatal Error] :1:1: Premature end of file.
2025-08-15 22:39:32,983 [ERROR] LogOutputStream:75 - [STDERR_REDIRECT] 
2025-08-15 22:39:33,982 [ERROR] LogOutputStream:75 - [STDERR_REDIRECT] [Fatal Error] :1:1: Premature end of file.
2025-08-15 22:39:33,982 [ERROR] LogOutputStream:75 - [STDERR_REDIRECT] 
2025-08-15 22:39:34,988 [ERROR] LogOutputStream:75 - [STDERR_REDIRECT] [Fatal Error] :1:1: Premature end of file.
2025-08-15 22:39:34,988 [ERROR] LogOutputStream:75 - [STDERR_REDIRECT] 
2025-08-15 22:39:35,981 [ERROR] LogOutputStream:75 - [STDERR_REDIRECT] [Fatal Error] :1:1: Premature end of file.
2025-08-15 22:39:35,981 [ERROR] LogOutputStream:75 - [STDERR_REDIRECT] 
2025-08-15 22:39:36,982 [ERROR] LogOutputStream:75 - [STDERR_REDIRECT] [Fatal Error] :1:1: Premature end of file.
2025-08-15 22:39:36,982 [ERROR] LogOutputStream:75 - [STDERR_REDIRECT] 
2025-08-15 22:39:37,981 [ERROR] LogOutputStream:75 - [STDERR_REDIRECT] [Fatal Error] :1:1: Premature end of file.
2025-08-15 22:39:37,981 [ERROR] LogOutputStream:75 - [STDERR_REDIRECT] 
2025-08-15 22:39:38,975 [ERROR] LogOutputStream:75 - [STDERR_REDIRECT] [Fatal Error] :1:1: Premature end of file.
2025-08-15 22:39:38,975 [ERROR] LogOutputStream:75 - [STDERR_REDIRECT] 
2025-08-15 22:39:39,982 [ERROR] LogOutputStream:75 - [STDERR_REDIRECT] [Fatal Error] :1:1: Premature end of file.
2025-08-15 22:39:39,982 [ERROR] LogOutputStream:75 - [STDERR_REDIRECT] 
2025-08-15 22:39:40,986 [ERROR] LogOutputStream:75 - [STDERR_REDIRECT] [Fatal Error] :1:1: Premature end of file.
2025-08-15 22:39:40,986 [ERROR] LogOutputStream:75 - [STDERR_REDIRECT] 
2025-08-15 22:39:41,991 [ERROR] LogOutputStream:75 - [STDERR_REDIRECT] [Fatal Error] :1:1: Premature end of file.
2025-08-15 22:39:41,991 [ERROR] LogOutputStream:75 - [STDERR_REDIRECT] 
2025-08-15 22:39:42,975 [ERROR] LogOutputStream:75 - [STDERR_REDIRECT] [Fatal Error] :1:1: Premature end of file.
2025-08-15 22:39:42,975 [ERROR] LogOutputStream:75 - [STDERR_REDIRECT] 
2025-08-15 22:39:43,980 [ERROR] LogOutputStream:75 - [STDERR_REDIRECT] [Fatal Error] :1:1: Premature end of file.
2025-08-15 22:39:43,980 [ERROR] LogOutputStream:75 - [STDERR_REDIRECT] 
2025-08-15 22:39:44,983 [ERROR] LogOutputStream:75 - [STDERR_REDIRECT] [Fatal Error] :1:1: Premature end of file.
2025-08-15 22:39:44,983 [ERROR] LogOutputStream:75 - [STDERR_REDIRECT] 
2025-08-15 22:39:45,973 [ERROR] LogOutputStream:75 - [STDERR_REDIRECT] [Fatal Error] :1:1: Premature end of file.
2025-08-15 22:39:45,973 [ERROR] LogOutputStream:75 - [STDERR_REDIRECT] 
2025-08-15 22:39:46,979 [ERROR] LogOutputStream:75 - [STDERR_REDIRECT] [Fatal Error] :1:1: Premature end of file.
2025-08-15 22:39:46,979 [ERROR] LogOutputStream:75 - [STDERR_REDIRECT] 
2025-08-15 22:39:47,982 [ERROR] LogOutputStream:75 - [STDERR_REDIRECT] [Fatal Error] :1:1: Premature end of file.
2025-08-15 22:39:47,982 [ERROR] LogOutputStream:75 - [STDERR_REDIRECT] 
2025-08-15 22:39:48,971 [ERROR] LogOutputStream:75 - [STDERR_REDIRECT] [Fatal Error] :1:1: Premature end of file.
2025-08-15 22:39:48,971 [ERROR] LogOutputStream:75 - [STDERR_REDIRECT] 
2025-08-15 22:39:49,975 [ERROR] LogOutputStream:75 - [STDERR_REDIRECT] [Fatal Error] :1:1: Premature end of file.
2025-08-15 22:39:49,975 [ERROR] LogOutputStream:75 - [STDERR_REDIRECT] 
2025-08-15 22:39:50,979 [ERROR] LogOutputStream:75 - [STDERR_REDIRECT] [Fatal Error] :1:1: Premature end of file.
2025-08-15 22:39:50,979 [ERROR] LogOutputStream:75 - [STDERR_REDIRECT] 
2025-08-15 22:39:51,984 [ERROR] LogOutputStream:75 - [STDERR_REDIRECT] [Fatal Error] :1:1: Premature end of file.
2025-08-15 22:39:51,984 [ERROR] LogOutputStream:75 - [STDERR_REDIRECT] 
2025-08-15 22:39:52,985 [ERROR] LogOutputStream:75 - [STDERR_REDIRECT] [Fatal Error] :1:1: Premature end of file.
2025-08-15 22:39:52,985 [ERROR] LogOutputStream:75 - [STDERR_REDIRECT] 
2025-08-15 22:39:53,981 [ERROR] LogOutputStream:75 - [STDERR_REDIRECT] [Fatal Error] :1:1: Premature end of file.
2025-08-15 22:39:53,981 [ERROR] LogOutputStream:75 - [STDERR_REDIRECT] 
2025-08-15 22:39:54,972 [ERROR] LogOutputStream:75 - [STDERR_REDIRECT] [Fatal Error] :1:1: Premature end of file.
2025-08-15 22:39:54,972 [ERROR] LogOutputStream:75 - [STDERR_REDIRECT] 
2025-08-15 22:39:55,975 [ERROR] LogOutputStream:75 - [STDERR_REDIRECT] [Fatal Error] :1:1: Premature end of file.
2025-08-15 22:39:55,975 [ERROR] LogOutputStream:75 - [STDERR_REDIRECT] 
2025-08-15 22:39:56,980 [ERROR] LogOutputStream:75 - [STDERR_REDIRECT] [Fatal Error] :1:1: Premature end of file.
2025-08-15 22:39:56,980 [ERROR] LogOutputStream:75 - [STDERR_REDIRECT] 
2025-08-15 22:39:57,979 [ERROR] LogOutputStream:75 - [STDERR_REDIRECT] [Fatal Error] :1:1: Premature end of file.
2025-08-15 22:39:57,979 [ERROR] LogOutputStream:75 - [STDERR_REDIRECT] 
2025-08-15 22:39:58,984 [ERROR] LogOutputStream:75 - [STDERR_REDIRECT] [Fatal Error] :1:1: Premature end of file.
2025-08-15 22:39:58,984 [ERROR] LogOutputStream:75 - [STDERR_REDIRECT] 
2025-08-15 22:39:59,985 [ERROR] LogOutputStream:75 - [STDERR_REDIRECT] [Fatal Error] :1:1: Premature end of file.
2025-08-15 22:39:59,985 [ERROR] LogOutputStream:75 - [STDERR_REDIRECT] 
2025-08-15 22:40:00,971 [ERROR] LogOutputStream:75 - [STDERR_REDIRECT] [Fatal Error] :1:1: Premature end of file.
2025-08-15 22:40:00,971 [ERROR] LogOutputStream:75 - [STDERR_REDIRECT] 
2025-08-15 22:40:01,973 [ERROR] LogOutputStream:75 - [STDERR_REDIRECT] [Fatal Error] :1:1: Premature end of file.
2025-08-15 22:40:01,973 [ERROR] LogOutputStream:75 - [STDERR_REDIRECT] 
2025-08-15 22:40:02,984 [ERROR] LogOutputStream:75 - [STDERR_REDIRECT] [Fatal Error] :1:1: Premature end of file.
2025-08-15 22:40:02,984 [ERROR] LogOutputStream:75 - [STDERR_REDIRECT] 
2025-08-15 22:40:03,983 [ERROR] LogOutputStream:75 - [STDERR_REDIRECT] [Fatal Error] :1:1: Premature end of file.
2025-08-15 22:40:03,983 [ERROR] LogOutputStream:75 - [STDERR_REDIRECT] 
2025-08-15 22:40:04,987 [ERROR] LogOutputStream:75 - [STDERR_REDIRECT] [Fatal Error] :1:1: Premature end of file.
2025-08-15 22:40:04,987 [ERROR] LogOutputStream:75 - [STDERR_REDIRECT] 
2025-08-15 22:40:05,975 [ERROR] LogOutputStream:75 - [STDERR_REDIRECT] [Fatal Error] :1:1: Premature end of file.
2025-08-15 22:40:05,975 [ERROR] LogOutputStream:75 - [STDERR_REDIRECT] 
2025-08-15 22:40:06,980 [ERROR] LogOutputStream:75 - [STDERR_REDIRECT] [Fatal Error] :1:1: Premature end of file.
2025-08-15 22:40:06,980 [ERROR] LogOutputStream:75 - [STDERR_REDIRECT] 
2025-08-15 22:40:07,972 [ERROR] LogOutputStream:75 - [STDERR_REDIRECT] [Fatal Error] :1:1: Premature end of file.
2025-08-15 22:40:07,972 [ERROR] LogOutputStream:75 - [STDERR_REDIRECT] 
2025-08-15 22:40:08,976 [ERROR] LogOutputStream:75 - [STDERR_REDIRECT] [Fatal Error] :1:1: Premature end of file.
2025-08-15 22:40:08,976 [ERROR] LogOutputStream:75 - [STDERR_REDIRECT] 
2025-08-15 22:40:09,980 [ERROR] LogOutputStream:75 - [STDERR_REDIRECT] [Fatal Error] :1:1: Premature end of file.
2025-08-15 22:40:09,980 [ERROR] LogOutputStream:75 - [STDERR_REDIRECT] 
2025-08-15 22:40:10,977 [ERROR] LogOutputStream:75 - [STDERR_REDIRECT] [Fatal Error] :1:1: Premature end of file.
2025-08-15 22:40:10,977 [ERROR] LogOutputStream:75 - [STDERR_REDIRECT] 
2025-08-15 22:40:11,981 [ERROR] LogOutputStream:75 - [STDERR_REDIRECT] [Fatal Error] :1:1: Premature end of file.
2025-08-15 22:40:11,981 [ERROR] LogOutputStream:75 - [STDERR_REDIRECT] 
2025-08-15 22:40:12,985 [ERROR] LogOutputStream:75 - [STDERR_REDIRECT] [Fatal Error] :1:1: Premature end of file.
2025-08-15 22:40:12,985 [ERROR] LogOutputStream:75 - [STDERR_REDIRECT] 
2025-08-15 22:40:13,985 [ERROR] LogOutputStream:75 - [STDERR_REDIRECT] [Fatal Error] :1:1: Premature end of file.
2025-08-15 22:40:13,985 [ERROR] LogOutputStream:75 - [STDERR_REDIRECT] 
2025-08-15 22:40:14,984 [ERROR] LogOutputStream:75 - [STDERR_REDIRECT] [Fatal Error] :1:1: Premature end of file.
2025-08-15 22:40:14,984 [ERROR] LogOutputStream:75 - [STDERR_REDIRECT] 
2025-08-15 22:40:15,983 [ERROR] LogOutputStream:75 - [STDERR_REDIRECT] [Fatal Error] :1:1: Premature end of file.
2025-08-15 22:40:15,983 [ERROR] LogOutputStream:75 - [STDERR_REDIRECT] 
2025-08-15 22:40:16,985 [ERROR] LogOutputStream:75 - [STDERR_REDIRECT] [Fatal Error] :1:1: Premature end of file.
2025-08-15 22:40:16,985 [ERROR] LogOutputStream:75 - [STDERR_REDIRECT] 
2025-08-15 22:40:17,975 [ERROR] LogOutputStream:75 - [STDERR_REDIRECT] [Fatal Error] :1:1: Premature end of file.
2025-08-15 22:40:17,975 [ERROR] LogOutputStream:75 - [STDERR_REDIRECT] 
2025-08-15 22:40:18,973 [ERROR] LogOutputStream:75 - [STDERR_REDIRECT] [Fatal Error] :1:1: Premature end of file.
2025-08-15 22:40:18,973 [ERROR] LogOutputStream:75 - [STDERR_REDIRECT] 
2025-08-15 22:40:19,975 [ERROR] LogOutputStream:75 - [STDERR_REDIRECT] [Fatal Error] :1:1: Premature end of file.
2025-08-15 22:40:19,975 [ERROR] LogOutputStream:75 - [STDERR_REDIRECT] 
2025-08-15 22:40:20,973 [ERROR] LogOutputStream:75 - [STDERR_REDIRECT] [Fatal Error] :1:1: Premature end of file.
2025-08-15 22:40:20,973 [ERROR] LogOutputStream:75 - [STDERR_REDIRECT] 
2025-08-15 22:40:21,986 [ERROR] LogOutputStream:75 - [STDERR_REDIRECT] [Fatal Error] :1:1: Premature end of file.
2025-08-15 22:40:21,986 [ERROR] LogOutputStream:75 - [STDERR_REDIRECT] 
2025-08-15 22:40:22,982 [ERROR] LogOutputStream:75 - [STDERR_REDIRECT] [Fatal Error] :1:1: Premature end of file.
2025-08-15 22:40:22,982 [ERROR] LogOutputStream:75 - [STDERR_REDIRECT] 
2025-08-15 22:40:23,979 [ERROR] LogOutputStream:75 - [STDERR_REDIRECT] [Fatal Error] :1:1: Premature end of file.
2025-08-15 22:40:23,979 [ERROR] LogOutputStream:75 - [STDERR_REDIRECT] 
2025-08-15 22:40:24,988 [ERROR] LogOutputStream:75 - [STDERR_REDIRECT] [Fatal Error] :1:1: Premature end of file.
2025-08-15 22:40:24,988 [ERROR] LogOutputStream:75 - [STDERR_REDIRECT] 
2025-08-15 22:40:25,976 [ERROR] LogOutputStream:75 - [STDERR_REDIRECT] [Fatal Error] :1:1: Premature end of file.
2025-08-15 22:40:25,976 [ERROR] LogOutputStream:75 - [STDERR_REDIRECT] 
2025-08-15 22:40:26,982 [ERROR] LogOutputStream:75 - [STDERR_REDIRECT] [Fatal Error] :1:1: Premature end of file.
2025-08-15 22:40:26,982 [ERROR] LogOutputStream:75 - [STDERR_REDIRECT] 
2025-08-15 22:40:27,972 [ERROR] LogOutputStream:75 - [STDERR_REDIRECT] [Fatal Error] :1:1: Premature end of file.
2025-08-15 22:40:27,972 [ERROR] LogOutputStream:75 - [STDERR_REDIRECT] 
2025-08-15 22:40:28,993 [ERROR] LogOutputStream:75 - [STDERR_REDIRECT] [Fatal Error] :1:1: Premature end of file.
2025-08-15 22:40:28,993 [ERROR] LogOutputStream:75 - [STDERR_REDIRECT] 
2025-08-15 22:40:29,987 [ERROR] LogOutputStream:75 - [STDERR_REDIRECT] [Fatal Error] :1:1: Premature end of file.
2025-08-15 22:40:29,987 [ERROR] LogOutputStream:75 - [STDERR_REDIRECT] 
2025-08-15 22:40:30,982 [ERROR] LogOutputStream:75 - [STDERR_REDIRECT] [Fatal Error] :1:1: Premature end of file.
2025-08-15 22:40:30,982 [ERROR] LogOutputStream:75 - [STDERR_REDIRECT] 
2025-08-15 22:40:31,991 [ERROR] LogOutputStream:75 - [STDERR_REDIRECT] [Fatal Error] :1:1: Premature end of file.
2025-08-15 22:40:31,991 [ERROR] LogOutputStream:75 - [STDERR_REDIRECT] 
2025-08-15 22:40:32,995 [ERROR] LogOutputStream:75 - [STDERR_REDIRECT] [Fatal Error] :1:1: Premature end of file.
2025-08-15 22:40:32,995 [ERROR] LogOutputStream:75 - [STDERR_REDIRECT] 
2025-08-15 22:40:33,980 [ERROR] LogOutputStream:75 - [STDERR_REDIRECT] [Fatal Error] :1:1: Premature end of file.
2025-08-15 22:40:33,980 [ERROR] LogOutputStream:75 - [STDERR_REDIRECT] 
2025-08-15 22:40:34,980 [ERROR] LogOutputStream:75 - [STDERR_REDIRECT] [Fatal Error] :1:1: Premature end of file.
2025-08-15 22:40:34,980 [ERROR] LogOutputStream:75 - [STDERR_REDIRECT] 
2025-08-15 22:40:35,982 [ERROR] LogOutputStream:75 - [STDERR_REDIRECT] [Fatal Error] :1:1: Premature end of file.
2025-08-15 22:40:35,982 [ERROR] LogOutputStream:75 - [STDERR_REDIRECT] 
2025-08-15 22:40:36,978 [ERROR] LogOutputStream:75 - [STDERR_REDIRECT] [Fatal Error] :1:1: Premature end of file.
2025-08-15 22:40:36,978 [ERROR] LogOutputStream:75 - [STDERR_REDIRECT] 
2025-08-15 22:40:37,988 [ERROR] LogOutputStream:75 - [STDERR_REDIRECT] [Fatal Error] :1:1: Premature end of file.
2025-08-15 22:40:37,988 [ERROR] LogOutputStream:75 - [STDERR_REDIRECT] 
2025-08-15 22:40:38,986 [ERROR] LogOutputStream:75 - [STDERR_REDIRECT] [Fatal Error] :1:1: Premature end of file.
2025-08-15 22:40:38,990 [ERROR] LogOutputStream:75 - [STDERR_REDIRECT] 
2025-08-15 22:40:39,981 [ERROR] LogOutputStream:75 - [STDERR_REDIRECT] [Fatal Error] :1:1: Premature end of file.
2025-08-15 22:40:39,981 [ERROR] LogOutputStream:75 - [STDERR_REDIRECT] 
2025-08-15 22:40:40,981 [ERROR] LogOutputStream:75 - [STDERR_REDIRECT] [Fatal Error] :1:1: Premature end of file.
2025-08-15 22:40:40,981 [ERROR] LogOutputStream:75 - [STDERR_REDIRECT] 
2025-08-15 22:40:41,988 [ERROR] LogOutputStream:75 - [STDERR_REDIRECT] [Fatal Error] :1:1: Premature end of file.
2025-08-15 22:40:41,988 [ERROR] LogOutputStream:75 - [STDERR_REDIRECT] 
2025-08-15 22:40:42,986 [ERROR] LogOutputStream:75 - [STDERR_REDIRECT] [Fatal Error] :1:1: Premature end of file.
2025-08-15 22:40:42,986 [ERROR] LogOutputStream:75 - [STDERR_REDIRECT] 
2025-08-15 22:40:43,981 [ERROR] LogOutputStream:75 - [STDERR_REDIRECT] [Fatal Error] :1:1: Premature end of file.
2025-08-15 22:40:43,981 [ERROR] LogOutputStream:75 - [STDERR_REDIRECT] 
2025-08-15 22:40:44,995 [ERROR] LogOutputStream:75 - [STDERR_REDIRECT] [Fatal Error] :1:1: Premature end of file.
2025-08-15 22:40:44,995 [ERROR] LogOutputStream:75 - [STDERR_REDIRECT] 
2025-08-15 22:40:45,977 [ERROR] LogOutputStream:75 - [STDERR_REDIRECT] [Fatal Error] :1:1: Premature end of file.
2025-08-15 22:40:45,977 [ERROR] LogOutputStream:75 - [STDERR_REDIRECT] 
2025-08-15 22:40:46,983 [ERROR] LogOutputStream:75 - [STDERR_REDIRECT] [Fatal Error] :1:1: Premature end of file.
2025-08-15 22:40:46,983 [ERROR] LogOutputStream:75 - [STDERR_REDIRECT] 
2025-08-15 22:40:47,983 [ERROR] LogOutputStream:75 - [STDERR_REDIRECT] [Fatal Error] :1:1: Premature end of file.
2025-08-15 22:40:47,983 [ERROR] LogOutputStream:75 - [STDERR_REDIRECT] 
2025-08-15 22:40:48,986 [ERROR] LogOutputStream:75 - [STDERR_REDIRECT] [Fatal Error] :1:1: Premature end of file.
2025-08-15 22:40:48,986 [ERROR] LogOutputStream:75 - [STDERR_REDIRECT] 
2025-08-15 22:40:49,971 [ERROR] LogOutputStream:75 - [STDERR_REDIRECT] [Fatal Error] :1:1: Premature end of file.
2025-08-15 22:40:49,971 [ERROR] LogOutputStream:75 - [STDERR_REDIRECT] 
2025-08-15 22:40:50,979 [ERROR] LogOutputStream:75 - [STDERR_REDIRECT] [Fatal Error] :1:1: Premature end of file.
2025-08-15 22:40:50,979 [ERROR] LogOutputStream:75 - [STDERR_REDIRECT] 
2025-08-15 22:40:51,973 [ERROR] LogOutputStream:75 - [STDERR_REDIRECT] [Fatal Error] :1:1: Premature end of file.
2025-08-15 22:40:51,973 [ERROR] LogOutputStream:75 - [STDERR_REDIRECT] 
2025-08-15 22:40:52,981 [ERROR] LogOutputStream:75 - [STDERR_REDIRECT] [Fatal Error] :1:1: Premature end of file.
2025-08-15 22:40:52,981 [ERROR] LogOutputStream:75 - [STDERR_REDIRECT] 
2025-08-15 22:40:53,983 [ERROR] LogOutputStream:75 - [STDERR_REDIRECT] [Fatal Error] :1:1: Premature end of file.
2025-08-15 22:40:53,983 [ERROR] LogOutputStream:75 - [STDERR_REDIRECT] 
2025-08-15 22:40:54,993 [ERROR] LogOutputStream:75 - [STDERR_REDIRECT] [Fatal Error] :1:1: Premature end of file.
2025-08-15 22:40:54,993 [ERROR] LogOutputStream:75 - [STDERR_REDIRECT] 
2025-08-15 22:40:55,988 [ERROR] LogOutputStream:75 - [STDERR_REDIRECT] [Fatal Error] :1:1: Premature end of file.
2025-08-15 22:40:55,988 [ERROR] LogOutputStream:75 - [STDERR_REDIRECT] 
2025-08-15 22:40:56,990 [ERROR] LogOutputStream:75 - [STDERR_REDIRECT] [Fatal Error] :1:1: Premature end of file.
2025-08-15 22:40:56,990 [ERROR] LogOutputStream:75 - [STDERR_REDIRECT] 
2025-08-15 22:40:57,989 [ERROR] LogOutputStream:75 - [STDERR_REDIRECT] [Fatal Error] :1:1: Premature end of file.
2025-08-15 22:40:57,989 [ERROR] LogOutputStream:75 - [STDERR_REDIRECT] 
2025-08-15 22:40:58,988 [ERROR] LogOutputStream:75 - [STDERR_REDIRECT] [Fatal Error] :1:1: Premature end of file.
2025-08-15 22:40:58,988 [ERROR] LogOutputStream:75 - [STDERR_REDIRECT] 
2025-08-15 22:40:59,990 [ERROR] LogOutputStream:75 - [STDERR_REDIRECT] [Fatal Error] :1:1: Premature end of file.
2025-08-15 22:40:59,990 [ERROR] LogOutputStream:75 - [STDERR_REDIRECT] 
2025-08-15 22:41:00,982 [ERROR] LogOutputStream:75 - [STDERR_REDIRECT] [Fatal Error] :1:1: Premature end of file.
2025-08-15 22:41:00,982 [ERROR] LogOutputStream:75 - [STDERR_REDIRECT] 
2025-08-15 22:41:01,993 [ERROR] LogOutputStream:75 - [STDERR_REDIRECT] [Fatal Error] :1:1: Premature end of file.
2025-08-15 22:41:01,993 [ERROR] LogOutputStream:75 - [STDERR_REDIRECT] 
2025-08-15 22:41:02,979 [ERROR] LogOutputStream:75 - [STDERR_REDIRECT] [Fatal Error] :1:1: Premature end of file.
2025-08-15 22:41:02,979 [ERROR] LogOutputStream:75 - [STDERR_REDIRECT] 
2025-08-15 22:41:03,986 [ERROR] LogOutputStream:75 - [STDERR_REDIRECT] [Fatal Error] :1:1: Premature end of file.
2025-08-15 22:41:03,986 [ERROR] LogOutputStream:75 - [STDERR_REDIRECT] 
2025-08-15 22:41:04,982 [ERROR] LogOutputStream:75 - [STDERR_REDIRECT] [Fatal Error] :1:1: Premature end of file.
2025-08-15 22:41:04,982 [ERROR] LogOutputStream:75 - [STDERR_REDIRECT] 
2025-08-15 22:41:05,977 [ERROR] LogOutputStream:75 - [STDERR_REDIRECT] [Fatal Error] :1:1: Premature end of file.
2025-08-15 22:41:05,977 [ERROR] LogOutputStream:75 - [STDERR_REDIRECT] 
2025-08-15 22:41:06,993 [ERROR] LogOutputStream:75 - [STDERR_REDIRECT] [Fatal Error] :1:1: Premature end of file.
2025-08-15 22:41:06,993 [ERROR] LogOutputStream:75 - [STDERR_REDIRECT] 
2025-08-15 22:41:07,985 [ERROR] LogOutputStream:75 - [STDERR_REDIRECT] [Fatal Error] :1:1: Premature end of file.
2025-08-15 22:41:07,985 [ERROR] LogOutputStream:75 - [STDERR_REDIRECT] 
2025-08-15 22:41:08,972 [ERROR] LogOutputStream:75 - [STDERR_REDIRECT] [Fatal Error] :1:1: Premature end of file.
2025-08-15 22:41:08,972 [ERROR] LogOutputStream:75 - [STDERR_REDIRECT] 
2025-08-15 22:41:09,992 [ERROR] LogOutputStream:75 - [STDERR_REDIRECT] [Fatal Error] :1:1: Premature end of file.
2025-08-15 22:41:09,992 [ERROR] LogOutputStream:75 - [STDERR_REDIRECT] 
2025-08-15 22:41:10,984 [ERROR] LogOutputStream:75 - [STDERR_REDIRECT] [Fatal Error] :1:1: Premature end of file.
2025-08-15 22:41:10,984 [ERROR] LogOutputStream:75 - [STDERR_REDIRECT] 
2025-08-15 22:41:11,995 [ERROR] LogOutputStream:75 - [STDERR_REDIRECT] [Fatal Error] :1:1: Premature end of file.
2025-08-15 22:41:11,995 [ERROR] LogOutputStream:75 - [STDERR_REDIRECT] 
2025-08-15 22:41:12,985 [ERROR] LogOutputStream:75 - [STDERR_REDIRECT] [Fatal Error] :1:1: Premature end of file.
2025-08-15 22:41:12,985 [ERROR] LogOutputStream:75 - [STDERR_REDIRECT] 
2025-08-15 22:41:13,985 [ERROR] LogOutputStream:75 - [STDERR_REDIRECT] [Fatal Error] :1:1: Premature end of file.
2025-08-15 22:41:13,985 [ERROR] LogOutputStream:75 - [STDERR_REDIRECT] 
2025-08-15 22:41:14,978 [ERROR] LogOutputStream:75 - [STDERR_REDIRECT] [Fatal Error] :1:1: Premature end of file.
2025-08-15 22:41:14,978 [ERROR] LogOutputStream:75 - [STDERR_REDIRECT] 
2025-08-15 22:41:15,986 [ERROR] LogOutputStream:75 - [STDERR_REDIRECT] [Fatal Error] :1:1: Premature end of file.
2025-08-15 22:41:15,986 [ERROR] LogOutputStream:75 - [STDERR_REDIRECT] 
2025-08-15 22:41:16,990 [ERROR] LogOutputStream:75 - [STDERR_REDIRECT] [Fatal Error] :1:1: Premature end of file.
2025-08-15 22:41:16,990 [ERROR] LogOutputStream:75 - [STDERR_REDIRECT] 
2025-08-15 22:41:17,976 [ERROR] LogOutputStream:75 - [STDERR_REDIRECT] [Fatal Error] :1:1: Premature end of file.
2025-08-15 22:41:17,976 [ERROR] LogOutputStream:75 - [STDERR_REDIRECT] 
2025-08-15 22:41:18,972 [ERROR] LogOutputStream:75 - [STDERR_REDIRECT] [Fatal Error] :1:1: Premature end of file.
2025-08-15 22:41:18,972 [ERROR] LogOutputStream:75 - [STDERR_REDIRECT] 
2025-08-15 22:41:19,993 [ERROR] LogOutputStream:75 - [STDERR_REDIRECT] [Fatal Error] :1:1: Premature end of file.
2025-08-15 22:41:19,993 [ERROR] LogOutputStream:75 - [STDERR_REDIRECT] 
2025-08-15 22:41:20,983 [ERROR] LogOutputStream:75 - [STDERR_REDIRECT] [Fatal Error] :1:1: Premature end of file.
2025-08-15 22:41:20,983 [ERROR] LogOutputStream:75 - [STDERR_REDIRECT] 
2025-08-15 22:41:21,995 [ERROR] LogOutputStream:75 - [STDERR_REDIRECT] [Fatal Error] :1:1: Premature end of file.
2025-08-15 22:41:21,995 [ERROR] LogOutputStream:75 - [STDERR_REDIRECT] 
2025-08-15 22:41:22,988 [ERROR] LogOutputStream:75 - [STDERR_REDIRECT] [Fatal Error] :1:1: Premature end of file.
2025-08-15 22:41:22,988 [ERROR] LogOutputStream:75 - [STDERR_REDIRECT] 
2025-08-15 22:41:23,985 [ERROR] LogOutputStream:75 - [STDERR_REDIRECT] [Fatal Error] :1:1: Premature end of file.
2025-08-15 22:41:23,985 [ERROR] LogOutputStream:75 - [STDERR_REDIRECT] 
2025-08-15 22:41:24,986 [ERROR] LogOutputStream:75 - [STDERR_REDIRECT] [Fatal Error] :1:1: Premature end of file.
2025-08-15 22:41:24,986 [ERROR] LogOutputStream:75 - [STDERR_REDIRECT] 
2025-08-15 22:41:25,997 [ERROR] LogOutputStream:75 - [STDERR_REDIRECT] [Fatal Error] :1:1: Premature end of file.
2025-08-15 22:41:25,997 [ERROR] LogOutputStream:75 - [STDERR_REDIRECT] 
2025-08-15 22:41:26,992 [ERROR] LogOutputStream:75 - [STDERR_REDIRECT] [Fatal Error] :1:1: Premature end of file.
2025-08-15 22:41:26,992 [ERROR] LogOutputStream:75 - [STDERR_REDIRECT] 
2025-08-15 22:41:27,982 [ERROR] LogOutputStream:75 - [STDERR_REDIRECT] [Fatal Error] :1:1: Premature end of file.
2025-08-15 22:41:27,982 [ERROR] LogOutputStream:75 - [STDERR_REDIRECT] 
2025-08-15 22:41:28,996 [ERROR] LogOutputStream:75 - [STDERR_REDIRECT] [Fatal Error] :1:1: Premature end of file.
2025-08-15 22:41:28,996 [ERROR] LogOutputStream:75 - [STDERR_REDIRECT] 
2025-08-15 22:41:30,002 [ERROR] LogOutputStream:75 - [STDERR_REDIRECT] [Fatal Error] :1:1: Premature end of file.
2025-08-15 22:41:30,002 [ERROR] LogOutputStream:75 - [STDERR_REDIRECT] 
2025-08-15 22:41:31,001 [ERROR] LogOutputStream:75 - [STDERR_REDIRECT] [Fatal Error] :1:1: Premature end of file.
2025-08-15 22:41:31,001 [ERROR] LogOutputStream:75 - [STDERR_REDIRECT] 
2025-08-15 22:41:32,002 [ERROR] LogOutputStream:75 - [STDERR_REDIRECT] [Fatal Error] :1:1: Premature end of file.
2025-08-15 22:41:32,002 [ERROR] LogOutputStream:75 - [STDERR_REDIRECT] 
2025-08-15 22:41:32,996 [ERROR] LogOutputStream:75 - [STDERR_REDIRECT] [Fatal Error] :1:1: Premature end of file.
2025-08-15 22:41:32,996 [ERROR] LogOutputStream:75 - [STDERR_REDIRECT] 
2025-08-15 22:41:33,992 [ERROR] LogOutputStream:75 - [STDERR_REDIRECT] [Fatal Error] :1:1: Premature end of file.
2025-08-15 22:41:33,992 [ERROR] LogOutputStream:75 - [STDERR_REDIRECT] 
2025-08-15 22:41:34,990 [ERROR] LogOutputStream:75 - [STDERR_REDIRECT] [Fatal Error] :1:1: Premature end of file.
2025-08-15 22:41:34,990 [ERROR] LogOutputStream:75 - [STDERR_REDIRECT] 
2025-08-15 22:41:36,004 [ERROR] LogOutputStream:75 - [STDERR_REDIRECT] [Fatal Error] :1:1: Premature end of file.
2025-08-15 22:41:36,004 [ERROR] LogOutputStream:75 - [STDERR_REDIRECT] 
2025-08-15 22:41:36,995 [ERROR] LogOutputStream:75 - [STDERR_REDIRECT] [Fatal Error] :1:1: Premature end of file.
2025-08-15 22:41:36,995 [ERROR] LogOutputStream:75 - [STDERR_REDIRECT] 
2025-08-15 22:41:37,990 [ERROR] LogOutputStream:75 - [STDERR_REDIRECT] [Fatal Error] :1:1: Premature end of file.
2025-08-15 22:41:37,990 [ERROR] LogOutputStream:75 - [STDERR_REDIRECT] 
2025-08-15 22:41:38,997 [ERROR] LogOutputStream:75 - [STDERR_REDIRECT] [Fatal Error] :1:1: Premature end of file.
2025-08-15 22:41:38,997 [ERROR] LogOutputStream:75 - [STDERR_REDIRECT] 
2025-08-15 22:41:39,993 [ERROR] LogOutputStream:75 - [STDERR_REDIRECT] [Fatal Error] :1:1: Premature end of file.
2025-08-15 22:41:39,993 [ERROR] LogOutputStream:75 - [STDERR_REDIRECT] 
2025-08-15 22:41:41,003 [ERROR] LogOutputStream:75 - [STDERR_REDIRECT] [Fatal Error] :1:1: Premature end of file.
2025-08-15 22:41:41,003 [ERROR] LogOutputStream:75 - [STDERR_REDIRECT] 
2025-08-15 22:41:41,978 [ERROR] LogOutputStream:75 - [STDERR_REDIRECT] [Fatal Error] :1:1: Premature end of file.
2025-08-15 22:41:41,978 [ERROR] LogOutputStream:75 - [STDERR_REDIRECT] 
2025-08-15 22:41:43,006 [ERROR] LogOutputStream:75 - [STDERR_REDIRECT] [Fatal Error] :1:1: Premature end of file.
2025-08-15 22:41:43,006 [ERROR] LogOutputStream:75 - [STDERR_REDIRECT] 
2025-08-15 22:41:43,998 [ERROR] LogOutputStream:75 - [STDERR_REDIRECT] [Fatal Error] :1:1: Premature end of file.
2025-08-15 22:41:43,998 [ERROR] LogOutputStream:75 - [STDERR_REDIRECT] 
2025-08-15 22:41:44,991 [ERROR] LogOutputStream:75 - [STDERR_REDIRECT] [Fatal Error] :1:1: Premature end of file.
2025-08-15 22:41:44,991 [ERROR] LogOutputStream:75 - [STDERR_REDIRECT] 
2025-08-15 22:41:45,985 [ERROR] LogOutputStream:75 - [STDERR_REDIRECT] [Fatal Error] :1:1: Premature end of file.
2025-08-15 22:41:45,985 [ERROR] LogOutputStream:75 - [STDERR_REDIRECT] 
2025-08-15 22:41:46,996 [ERROR] LogOutputStream:75 - [STDERR_REDIRECT] [Fatal Error] :1:1: Premature end of file.
2025-08-15 22:41:46,996 [ERROR] LogOutputStream:75 - [STDERR_REDIRECT] 
2025-08-15 22:41:47,990 [ERROR] LogOutputStream:75 - [STDERR_REDIRECT] [Fatal Error] :1:1: Premature end of file.
2025-08-15 22:41:47,990 [ERROR] LogOutputStream:75 - [STDERR_REDIRECT] 
2025-08-15 22:41:49,003 [ERROR] LogOutputStream:75 - [STDERR_REDIRECT] [Fatal Error] :1:1: Premature end of file.
2025-08-15 22:41:49,003 [ERROR] LogOutputStream:75 - [STDERR_REDIRECT] 
2025-08-15 22:41:49,997 [ERROR] LogOutputStream:75 - [STDERR_REDIRECT] [Fatal Error] :1:1: Premature end of file.
2025-08-15 22:41:49,997 [ERROR] LogOutputStream:75 - [STDERR_REDIRECT] 
2025-08-15 22:41:50,990 [ERROR] LogOutputStream:75 - [STDERR_REDIRECT] [Fatal Error] :1:1: Premature end of file.
2025-08-15 22:41:50,990 [ERROR] LogOutputStream:75 - [STDERR_REDIRECT] 
2025-08-15 22:41:52,002 [ERROR] LogOutputStream:75 - [STDERR_REDIRECT] [Fatal Error] :1:1: Premature end of file.
2025-08-15 22:41:52,002 [ERROR] LogOutputStream:75 - [STDERR_REDIRECT] 
2025-08-15 22:41:52,996 [ERROR] LogOutputStream:75 - [STDERR_REDIRECT] [Fatal Error] :1:1: Premature end of file.
2025-08-15 22:41:52,996 [ERROR] LogOutputStream:75 - [STDERR_REDIRECT] 
2025-08-15 22:41:53,992 [ERROR] LogOutputStream:75 - [STDERR_REDIRECT] [Fatal Error] :1:1: Premature end of file.
2025-08-15 22:41:53,992 [ERROR] LogOutputStream:75 - [STDERR_REDIRECT] 
2025-08-15 22:41:55,001 [ERROR] LogOutputStream:75 - [STDERR_REDIRECT] [Fatal Error] :1:1: Premature end of file.
2025-08-15 22:41:55,001 [ERROR] LogOutputStream:75 - [STDERR_REDIRECT] 
2025-08-15 22:41:56,000 [ERROR] LogOutputStream:75 - [STDERR_REDIRECT] [Fatal Error] :1:1: Premature end of file.
2025-08-15 22:41:56,000 [ERROR] LogOutputStream:75 - [STDERR_REDIRECT] 
2025-08-15 22:41:56,994 [ERROR] LogOutputStream:75 - [STDERR_REDIRECT] [Fatal Error] :1:1: Premature end of file.
2025-08-15 22:41:56,994 [ERROR] LogOutputStream:75 - [STDERR_REDIRECT] 
2025-08-15 22:41:57,987 [ERROR] LogOutputStream:75 - [STDERR_REDIRECT] [Fatal Error] :1:1: Premature end of file.
2025-08-15 22:41:57,987 [ERROR] LogOutputStream:75 - [STDERR_REDIRECT] 
2025-08-15 22:41:58,997 [ERROR] LogOutputStream:75 - [STDERR_REDIRECT] [Fatal Error] :1:1: Premature end of file.
2025-08-15 22:41:58,997 [ERROR] LogOutputStream:75 - [STDERR_REDIRECT] 
2025-08-15 22:41:59,992 [ERROR] LogOutputStream:75 - [STDERR_REDIRECT] [Fatal Error] :1:1: Premature end of file.
2025-08-15 22:41:59,992 [ERROR] LogOutputStream:75 - [STDERR_REDIRECT] 
2025-08-15 22:42:00,992 [ERROR] LogOutputStream:75 - [STDERR_REDIRECT] [Fatal Error] :1:1: Premature end of file.
2025-08-15 22:42:00,995 [ERROR] LogOutputStream:75 - [STDERR_REDIRECT] 
2025-08-15 22:42:02,001 [ERROR] LogOutputStream:75 - [STDERR_REDIRECT] [Fatal Error] :1:1: Premature end of file.
2025-08-15 22:42:02,001 [ERROR] LogOutputStream:75 - [STDERR_REDIRECT] 
2025-08-15 22:42:03,014 [ERROR] LogOutputStream:75 - [STDERR_REDIRECT] [Fatal Error] :1:1: Premature end of file.
2025-08-15 22:42:03,014 [ERROR] LogOutputStream:75 - [STDERR_REDIRECT] 
2025-08-15 22:42:03,996 [ERROR] LogOutputStream:75 - [STDERR_REDIRECT] [Fatal Error] :1:1: Premature end of file.
2025-08-15 22:42:03,996 [ERROR] LogOutputStream:75 - [STDERR_REDIRECT] 
2025-08-15 22:42:04,983 [ERROR] LogOutputStream:75 - [STDERR_REDIRECT] [Fatal Error] :1:1: Premature end of file.
2025-08-15 22:42:04,983 [ERROR] LogOutputStream:75 - [STDERR_REDIRECT] 
2025-08-15 22:42:05,978 [ERROR] LogOutputStream:75 - [STDERR_REDIRECT] [Fatal Error] :1:1: Premature end of file.
2025-08-15 22:42:05,978 [ERROR] LogOutputStream:75 - [STDERR_REDIRECT] 
2025-08-15 22:42:06,990 [ERROR] LogOutputStream:75 - [STDERR_REDIRECT] [Fatal Error] :1:1: Premature end of file.
2025-08-15 22:42:06,990 [ERROR] LogOutputStream:75 - [STDERR_REDIRECT] 
2025-08-15 22:42:07,981 [ERROR] LogOutputStream:75 - [STDERR_REDIRECT] [Fatal Error] :1:1: Premature end of file.
2025-08-15 22:42:07,981 [ERROR] LogOutputStream:75 - [STDERR_REDIRECT] 
2025-08-15 22:42:08,978 [ERROR] LogOutputStream:75 - [STDERR_REDIRECT] [Fatal Error] :1:1: Premature end of file.
2025-08-15 22:42:08,978 [ERROR] LogOutputStream:75 - [STDERR_REDIRECT] 
2025-08-15 22:42:10,001 [ERROR] LogOutputStream:75 - [STDERR_REDIRECT] [Fatal Error] :1:1: Premature end of file.
2025-08-15 22:42:10,001 [ERROR] LogOutputStream:75 - [STDERR_REDIRECT] 
2025-08-15 22:42:10,981 [ERROR] LogOutputStream:75 - [STDERR_REDIRECT] [Fatal Error] :1:1: Premature end of file.
2025-08-15 22:42:10,981 [ERROR] LogOutputStream:75 - [STDERR_REDIRECT] 
2025-08-15 22:42:11,989 [ERROR] LogOutputStream:75 - [STDERR_REDIRECT] [Fatal Error] :1:1: Premature end of file.
2025-08-15 22:42:11,989 [ERROR] LogOutputStream:75 - [STDERR_REDIRECT] 
2025-08-15 22:42:12,981 [ERROR] LogOutputStream:75 - [STDERR_REDIRECT] [Fatal Error] :1:1: Premature end of file.
2025-08-15 22:42:12,981 [ERROR] LogOutputStream:75 - [STDERR_REDIRECT] 
2025-08-15 22:42:13,981 [ERROR] LogOutputStream:75 - [STDERR_REDIRECT] [Fatal Error] :1:1: Premature end of file.
2025-08-15 22:42:13,981 [ERROR] LogOutputStream:75 - [STDERR_REDIRECT] 
2025-08-15 22:42:14,981 [ERROR] LogOutputStream:75 - [STDERR_REDIRECT] [Fatal Error] :1:1: Premature end of file.
2025-08-15 22:42:14,981 [ERROR] LogOutputStream:75 - [STDERR_REDIRECT] 
2025-08-15 22:42:15,987 [ERROR] LogOutputStream:75 - [STDERR_REDIRECT] [Fatal Error] :1:1: Premature end of file.
2025-08-15 22:42:15,987 [ERROR] LogOutputStream:75 - [STDERR_REDIRECT] 
2025-08-15 22:42:16,978 [ERROR] LogOutputStream:75 - [STDERR_REDIRECT] [Fatal Error] :1:1: Premature end of file.
2025-08-15 22:42:16,978 [ERROR] LogOutputStream:75 - [STDERR_REDIRECT] 
2025-08-15 22:42:17,972 [ERROR] LogOutputStream:75 - [STDERR_REDIRECT] [Fatal Error] :1:1: Premature end of file.
2025-08-15 22:42:17,972 [ERROR] LogOutputStream:75 - [STDERR_REDIRECT] 
2025-08-15 22:42:18,987 [ERROR] LogOutputStream:75 - [STDERR_REDIRECT] [Fatal Error] :1:1: Premature end of file.
2025-08-15 22:42:18,987 [ERROR] LogOutputStream:75 - [STDERR_REDIRECT] 
2025-08-15 22:42:19,985 [ERROR] LogOutputStream:75 - [STDERR_REDIRECT] [Fatal Error] :1:1: Premature end of file.
2025-08-15 22:42:19,985 [ERROR] LogOutputStream:75 - [STDERR_REDIRECT] 
2025-08-15 22:42:21,000 [ERROR] LogOutputStream:75 - [STDERR_REDIRECT] [Fatal Error] :1:1: Premature end of file.
2025-08-15 22:42:21,000 [ERROR] LogOutputStream:75 - [STDERR_REDIRECT] 
2025-08-15 22:42:21,994 [ERROR] LogOutputStream:75 - [STDERR_REDIRECT] [Fatal Error] :1:1: Premature end of file.
2025-08-15 22:42:21,994 [ERROR] LogOutputStream:75 - [STDERR_REDIRECT] 
2025-08-15 22:42:22,973 [ERROR] LogOutputStream:75 - [STDERR_REDIRECT] [Fatal Error] :1:1: Premature end of file.
2025-08-15 22:42:22,973 [ERROR] LogOutputStream:75 - [STDERR_REDIRECT] 
2025-08-15 22:42:23,989 [ERROR] LogOutputStream:75 - [STDERR_REDIRECT] [Fatal Error] :1:1: Premature end of file.
2025-08-15 22:42:23,989 [ERROR] LogOutputStream:75 - [STDERR_REDIRECT] 
2025-08-15 22:42:24,974 [ERROR] LogOutputStream:75 - [STDERR_REDIRECT] [Fatal Error] :1:1: Premature end of file.
2025-08-15 22:42:24,974 [ERROR] LogOutputStream:75 - [STDERR_REDIRECT] 
2025-08-15 22:42:25,986 [ERROR] LogOutputStream:75 - [STDERR_REDIRECT] [Fatal Error] :1:1: Premature end of file.
2025-08-15 22:42:25,986 [ERROR] LogOutputStream:75 - [STDERR_REDIRECT] 
2025-08-15 22:42:26,981 [ERROR] LogOutputStream:75 - [STDERR_REDIRECT] [Fatal Error] :1:1: Premature end of file.
2025-08-15 22:42:26,981 [ERROR] LogOutputStream:75 - [STDERR_REDIRECT] 
2025-08-15 22:42:27,972 [ERROR] LogOutputStream:75 - [STDERR_REDIRECT] [Fatal Error] :1:1: Premature end of file.
2025-08-15 22:42:27,972 [ERROR] LogOutputStream:75 - [STDERR_REDIRECT] 
2025-08-15 22:42:28,990 [ERROR] LogOutputStream:75 - [STDERR_REDIRECT] [Fatal Error] :1:1: Premature end of file.
2025-08-15 22:42:28,990 [ERROR] LogOutputStream:75 - [STDERR_REDIRECT] 
2025-08-15 22:42:29,974 [ERROR] LogOutputStream:75 - [STDERR_REDIRECT] [Fatal Error] :1:1: Premature end of file.
2025-08-15 22:42:29,974 [ERROR] LogOutputStream:75 - [STDERR_REDIRECT] 
2025-08-15 22:42:30,996 [ERROR] LogOutputStream:75 - [STDERR_REDIRECT] [Fatal Error] :1:1: Premature end of file.
2025-08-15 22:42:30,996 [ERROR] LogOutputStream:75 - [STDERR_REDIRECT] 
2025-08-15 22:42:31,980 [ERROR] LogOutputStream:75 - [STDERR_REDIRECT] [Fatal Error] :1:1: Premature end of file.
2025-08-15 22:42:31,980 [ERROR] LogOutputStream:75 - [STDERR_REDIRECT] 
2025-08-15 22:42:32,983 [ERROR] LogOutputStream:75 - [STDERR_REDIRECT] [Fatal Error] :1:1: Premature end of file.
2025-08-15 22:42:32,983 [ERROR] LogOutputStream:75 - [STDERR_REDIRECT] 
2025-08-15 22:42:33,978 [ERROR] LogOutputStream:75 - [STDERR_REDIRECT] [Fatal Error] :1:1: Premature end of file.
2025-08-15 22:42:33,978 [ERROR] LogOutputStream:75 - [STDERR_REDIRECT] 
2025-08-15 22:42:34,997 [ERROR] LogOutputStream:75 - [STDERR_REDIRECT] [Fatal Error] :1:1: Premature end of file.
2025-08-15 22:42:34,997 [ERROR] LogOutputStream:75 - [STDERR_REDIRECT] 
2025-08-15 22:42:35,981 [ERROR] LogOutputStream:75 - [STDERR_REDIRECT] [Fatal Error] :1:1: Premature end of file.
2025-08-15 22:42:35,981 [ERROR] LogOutputStream:75 - [STDERR_REDIRECT] 
2025-08-15 22:42:36,985 [ERROR] LogOutputStream:75 - [STDERR_REDIRECT] [Fatal Error] :1:1: Premature end of file.
2025-08-15 22:42:36,985 [ERROR] LogOutputStream:75 - [STDERR_REDIRECT] 
2025-08-15 22:42:37,990 [ERROR] LogOutputStream:75 - [STDERR_REDIRECT] [Fatal Error] :1:1: Premature end of file.
2025-08-15 22:42:37,990 [ERROR] LogOutputStream:75 - [STDERR_REDIRECT] 
2025-08-15 22:42:38,976 [ERROR] LogOutputStream:75 - [STDERR_REDIRECT] [Fatal Error] :1:1: Premature end of file.
2025-08-15 22:42:38,976 [ERROR] LogOutputStream:75 - [STDERR_REDIRECT] 
2025-08-15 22:42:39,985 [ERROR] LogOutputStream:75 - [STDERR_REDIRECT] [Fatal Error] :1:1: Premature end of file.
2025-08-15 22:42:39,985 [ERROR] LogOutputStream:75 - [STDERR_REDIRECT] 
2025-08-15 22:42:40,977 [ERROR] LogOutputStream:75 - [STDERR_REDIRECT] [Fatal Error] :1:1: Premature end of file.
2025-08-15 22:42:40,977 [ERROR] LogOutputStream:75 - [STDERR_REDIRECT] 
2025-08-15 22:42:41,984 [ERROR] LogOutputStream:75 - [STDERR_REDIRECT] [Fatal Error] :1:1: Premature end of file.
2025-08-15 22:42:41,984 [ERROR] LogOutputStream:75 - [STDERR_REDIRECT] 
2025-08-15 22:42:42,993 [ERROR] LogOutputStream:75 - [STDERR_REDIRECT] [Fatal Error] :1:1: Premature end of file.
2025-08-15 22:42:42,993 [ERROR] LogOutputStream:75 - [STDERR_REDIRECT] 
2025-08-15 22:42:43,986 [ERROR] LogOutputStream:75 - [STDERR_REDIRECT] [Fatal Error] :1:1: Premature end of file.
2025-08-15 22:42:43,986 [ERROR] LogOutputStream:75 - [STDERR_REDIRECT] 
2025-08-15 22:42:44,979 [ERROR] LogOutputStream:75 - [STDERR_REDIRECT] [Fatal Error] :1:1: Premature end of file.
2025-08-15 22:42:44,979 [ERROR] LogOutputStream:75 - [STDERR_REDIRECT] 
2025-08-15 22:42:45,980 [ERROR] LogOutputStream:75 - [STDERR_REDIRECT] [Fatal Error] :1:1: Premature end of file.
2025-08-15 22:42:45,980 [ERROR] LogOutputStream:75 - [STDERR_REDIRECT] 
2025-08-15 22:42:46,981 [ERROR] LogOutputStream:75 - [STDERR_REDIRECT] [Fatal Error] :1:1: Premature end of file.
2025-08-15 22:42:46,981 [ERROR] LogOutputStream:75 - [STDERR_REDIRECT] 
2025-08-15 22:42:47,974 [ERROR] LogOutputStream:75 - [STDERR_REDIRECT] [Fatal Error] :1:1: Premature end of file.
2025-08-15 22:42:47,974 [ERROR] LogOutputStream:75 - [STDERR_REDIRECT] 
2025-08-15 22:42:48,999 [ERROR] LogOutputStream:75 - [STDERR_REDIRECT] [Fatal Error] :1:1: Premature end of file.
2025-08-15 22:42:48,999 [ERROR] LogOutputStream:75 - [STDERR_REDIRECT] 
2025-08-15 22:42:49,981 [ERROR] LogOutputStream:75 - [STDERR_REDIRECT] [Fatal Error] :1:1: Premature end of file.
2025-08-15 22:42:49,981 [ERROR] LogOutputStream:75 - [STDERR_REDIRECT] 
2025-08-15 22:42:50,971 [ERROR] LogOutputStream:75 - [STDERR_REDIRECT] [Fatal Error] :1:1: Premature end of file.
2025-08-15 22:42:50,971 [ERROR] LogOutputStream:75 - [STDERR_REDIRECT] 
2025-08-15 22:42:51,988 [ERROR] LogOutputStream:75 - [STDERR_REDIRECT] [Fatal Error] :1:1: Premature end of file.
2025-08-15 22:42:51,988 [ERROR] LogOutputStream:75 - [STDERR_REDIRECT] 
2025-08-15 22:42:52,986 [ERROR] LogOutputStream:75 - [STDERR_REDIRECT] [Fatal Error] :1:1: Premature end of file.
2025-08-15 22:42:52,986 [ERROR] LogOutputStream:75 - [STDERR_REDIRECT] 
2025-08-15 22:42:53,982 [ERROR] LogOutputStream:75 - [STDERR_REDIRECT] [Fatal Error] :1:1: Premature end of file.
2025-08-15 22:42:53,982 [ERROR] LogOutputStream:75 - [STDERR_REDIRECT] 
2025-08-15 22:42:54,976 [ERROR] LogOutputStream:75 - [STDERR_REDIRECT] [Fatal Error] :1:1: Premature end of file.
2025-08-15 22:42:54,976 [ERROR] LogOutputStream:75 - [STDERR_REDIRECT] 
2025-08-15 22:42:55,971 [ERROR] LogOutputStream:75 - [STDERR_REDIRECT] [Fatal Error] :1:1: Premature end of file.
2025-08-15 22:42:55,971 [ERROR] LogOutputStream:75 - [STDERR_REDIRECT] 
2025-08-15 22:42:56,982 [ERROR] LogOutputStream:75 - [STDERR_REDIRECT] [Fatal Error] :1:1: Premature end of file.
2025-08-15 22:42:56,982 [ERROR] LogOutputStream:75 - [STDERR_REDIRECT] 
2025-08-15 22:42:57,978 [ERROR] LogOutputStream:75 - [STDERR_REDIRECT] [Fatal Error] :1:1: Premature end of file.
2025-08-15 22:42:57,978 [ERROR] LogOutputStream:75 - [STDERR_REDIRECT] 
2025-08-15 22:42:58,984 [ERROR] LogOutputStream:75 - [STDERR_REDIRECT] [Fatal Error] :1:1: Premature end of file.
2025-08-15 22:42:58,984 [ERROR] LogOutputStream:75 - [STDERR_REDIRECT] 
2025-08-15 22:42:59,992 [ERROR] LogOutputStream:75 - [STDERR_REDIRECT] [Fatal Error] :1:1: Premature end of file.
2025-08-15 22:42:59,992 [ERROR] LogOutputStream:75 - [STDERR_REDIRECT] 
2025-08-15 22:43:00,976 [ERROR] LogOutputStream:75 - [STDERR_REDIRECT] [Fatal Error] :1:1: Premature end of file.
2025-08-15 22:43:00,976 [ERROR] LogOutputStream:75 - [STDERR_REDIRECT] 
2025-08-15 22:43:01,985 [ERROR] LogOutputStream:75 - [STDERR_REDIRECT] [Fatal Error] :1:1: Premature end of file.
2025-08-15 22:43:01,985 [ERROR] LogOutputStream:75 - [STDERR_REDIRECT] 
2025-08-15 22:43:02,977 [ERROR] LogOutputStream:75 - [STDERR_REDIRECT] [Fatal Error] :1:1: Premature end of file.
2025-08-15 22:43:02,977 [ERROR] LogOutputStream:75 - [STDERR_REDIRECT] 
2025-08-15 22:43:04,005 [ERROR] LogOutputStream:75 - [STDERR_REDIRECT] [Fatal Error] :1:1: Premature end of file.
2025-08-15 22:43:04,005 [ERROR] LogOutputStream:75 - [STDERR_REDIRECT] 
2025-08-15 22:43:04,999 [ERROR] LogOutputStream:75 - [STDERR_REDIRECT] [Fatal Error] :1:1: Premature end of file.
2025-08-15 22:43:04,999 [ERROR] LogOutputStream:75 - [STDERR_REDIRECT] 
2025-08-15 22:43:05,984 [ERROR] LogOutputStream:75 - [STDERR_REDIRECT] [Fatal Error] :1:1: Premature end of file.
2025-08-15 22:43:05,984 [ERROR] LogOutputStream:75 - [STDERR_REDIRECT] 
2025-08-15 22:43:07,002 [ERROR] LogOutputStream:75 - [STDERR_REDIRECT] [Fatal Error] :1:1: Premature end of file.
2025-08-15 22:43:07,002 [ERROR] LogOutputStream:75 - [STDERR_REDIRECT] 
2025-08-15 22:43:07,991 [ERROR] LogOutputStream:75 - [STDERR_REDIRECT] [Fatal Error] :1:1: Premature end of file.
2025-08-15 22:43:07,991 [ERROR] LogOutputStream:75 - [STDERR_REDIRECT] 
2025-08-15 22:43:08,983 [ERROR] LogOutputStream:75 - [STDERR_REDIRECT] [Fatal Error] :1:1: Premature end of file.
2025-08-15 22:43:08,983 [ERROR] LogOutputStream:75 - [STDERR_REDIRECT] 
2025-08-15 22:43:09,979 [ERROR] LogOutputStream:75 - [STDERR_REDIRECT] [Fatal Error] :1:1: Premature end of file.
2025-08-15 22:43:09,979 [ERROR] LogOutputStream:75 - [STDERR_REDIRECT] 
2025-08-15 22:43:10,983 [ERROR] LogOutputStream:75 - [STDERR_REDIRECT] [Fatal Error] :1:1: Premature end of file.
2025-08-15 22:43:10,983 [ERROR] LogOutputStream:75 - [STDERR_REDIRECT] 
2025-08-15 22:43:11,974 [ERROR] LogOutputStream:75 - [STDERR_REDIRECT] [Fatal Error] :1:1: Premature end of file.
2025-08-15 22:43:11,974 [ERROR] LogOutputStream:75 - [STDERR_REDIRECT] 
2025-08-15 22:43:12,972 [ERROR] LogOutputStream:75 - [STDERR_REDIRECT] [Fatal Error] :1:1: Premature end of file.
2025-08-15 22:43:12,972 [ERROR] LogOutputStream:75 - [STDERR_REDIRECT] 
2025-08-15 22:43:13,996 [ERROR] LogOutputStream:75 - [STDERR_REDIRECT] [Fatal Error] :1:1: Premature end of file.
2025-08-15 22:43:13,996 [ERROR] LogOutputStream:75 - [STDERR_REDIRECT] 
2025-08-15 22:43:14,982 [ERROR] LogOutputStream:75 - [STDERR_REDIRECT] [Fatal Error] :1:1: Premature end of file.
2025-08-15 22:43:14,982 [ERROR] LogOutputStream:75 - [STDERR_REDIRECT] 
2025-08-15 22:43:15,978 [ERROR] LogOutputStream:75 - [STDERR_REDIRECT] [Fatal Error] :1:1: Premature end of file.
2025-08-15 22:43:15,978 [ERROR] LogOutputStream:75 - [STDERR_REDIRECT] 
2025-08-15 22:43:16,977 [ERROR] LogOutputStream:75 - [STDERR_REDIRECT] [Fatal Error] :1:1: Premature end of file.
2025-08-15 22:43:16,977 [ERROR] LogOutputStream:75 - [STDERR_REDIRECT] 
2025-08-15 22:43:17,982 [ERROR] LogOutputStream:75 - [STDERR_REDIRECT] [Fatal Error] :1:1: Premature end of file.
2025-08-15 22:43:17,982 [ERROR] LogOutputStream:75 - [STDERR_REDIRECT] 
2025-08-15 22:43:18,980 [ERROR] LogOutputStream:75 - [STDERR_REDIRECT] [Fatal Error] :1:1: Premature end of file.
2025-08-15 22:43:18,980 [ERROR] LogOutputStream:75 - [STDERR_REDIRECT] 
2025-08-15 22:43:19,978 [ERROR] LogOutputStream:75 - [STDERR_REDIRECT] [Fatal Error] :1:1: Premature end of file.
2025-08-15 22:43:19,978 [ERROR] LogOutputStream:75 - [STDERR_REDIRECT] 
2025-08-15 22:43:20,982 [ERROR] LogOutputStream:75 - [STDERR_REDIRECT] [Fatal Error] :1:1: Premature end of file.
2025-08-15 22:43:20,982 [ERROR] LogOutputStream:75 - [STDERR_REDIRECT] 
2025-08-15 22:43:21,998 [ERROR] LogOutputStream:75 - [STDERR_REDIRECT] [Fatal Error] :1:1: Premature end of file.
2025-08-15 22:43:21,998 [ERROR] LogOutputStream:75 - [STDERR_REDIRECT] 
2025-08-15 22:43:22,984 [ERROR] LogOutputStream:75 - [STDERR_REDIRECT] [Fatal Error] :1:1: Premature end of file.
2025-08-15 22:43:22,984 [ERROR] LogOutputStream:75 - [STDERR_REDIRECT] 
2025-08-15 22:43:23,979 [ERROR] LogOutputStream:75 - [STDERR_REDIRECT] [Fatal Error] :1:1: Premature end of file.
2025-08-15 22:43:23,979 [ERROR] LogOutputStream:75 - [STDERR_REDIRECT] 
2025-08-15 22:43:24,979 [ERROR] LogOutputStream:75 - [STDERR_REDIRECT] [Fatal Error] :1:1: Premature end of file.
2025-08-15 22:43:24,979 [ERROR] LogOutputStream:75 - [STDERR_REDIRECT] 
2025-08-15 22:43:25,974 [ERROR] LogOutputStream:75 - [STDERR_REDIRECT] [Fatal Error] :1:1: Premature end of file.
2025-08-15 22:43:25,974 [ERROR] LogOutputStream:75 - [STDERR_REDIRECT] 
2025-08-15 22:43:26,983 [ERROR] LogOutputStream:75 - [STDERR_REDIRECT] [Fatal Error] :1:1: Premature end of file.
2025-08-15 22:43:26,983 [ERROR] LogOutputStream:75 - [STDERR_REDIRECT] 
2025-08-15 22:43:27,984 [ERROR] LogOutputStream:75 - [STDERR_REDIRECT] [Fatal Error] :1:1: Premature end of file.
2025-08-15 22:43:27,984 [ERROR] LogOutputStream:75 - [STDERR_REDIRECT] 
2025-08-15 22:43:28,973 [ERROR] LogOutputStream:75 - [STDERR_REDIRECT] [Fatal Error] :1:1: Premature end of file.
2025-08-15 22:43:28,973 [ERROR] LogOutputStream:75 - [STDERR_REDIRECT] 
2025-08-15 22:43:29,981 [ERROR] LogOutputStream:75 - [STDERR_REDIRECT] [Fatal Error] :1:1: Premature end of file.
2025-08-15 22:43:29,981 [ERROR] LogOutputStream:75 - [STDERR_REDIRECT] 
2025-08-15 22:43:30,974 [ERROR] LogOutputStream:75 - [STDERR_REDIRECT] [Fatal Error] :1:1: Premature end of file.
2025-08-15 22:43:30,974 [ERROR] LogOutputStream:75 - [STDERR_REDIRECT] 
2025-08-15 22:43:31,983 [ERROR] LogOutputStream:75 - [STDERR_REDIRECT] [Fatal Error] :1:1: Premature end of file.
2025-08-15 22:43:31,983 [ERROR] LogOutputStream:75 - [STDERR_REDIRECT] 
2025-08-15 22:43:32,974 [ERROR] LogOutputStream:75 - [STDERR_REDIRECT] [Fatal Error] :1:1: Premature end of file.
2025-08-15 22:43:32,974 [ERROR] LogOutputStream:75 - [STDERR_REDIRECT] 
2025-08-15 22:43:33,990 [ERROR] LogOutputStream:75 - [STDERR_REDIRECT] [Fatal Error] :1:1: Premature end of file.
2025-08-15 22:43:33,990 [ERROR] LogOutputStream:75 - [STDERR_REDIRECT] 
2025-08-15 22:43:34,974 [ERROR] LogOutputStream:75 - [STDERR_REDIRECT] [Fatal Error] :1:1: Premature end of file.
2025-08-15 22:43:34,974 [ERROR] LogOutputStream:75 - [STDERR_REDIRECT] 
2025-08-15 22:43:35,985 [ERROR] LogOutputStream:75 - [STDERR_REDIRECT] [Fatal Error] :1:1: Premature end of file.
2025-08-15 22:43:35,985 [ERROR] LogOutputStream:75 - [STDERR_REDIRECT] 
2025-08-15 22:43:36,977 [ERROR] LogOutputStream:75 - [STDERR_REDIRECT] [Fatal Error] :1:1: Premature end of file.
2025-08-15 22:43:36,977 [ERROR] LogOutputStream:75 - [STDERR_REDIRECT] 
2025-08-15 22:43:37,984 [ERROR] LogOutputStream:75 - [STDERR_REDIRECT] [Fatal Error] :1:1: Premature end of file.
2025-08-15 22:43:37,984 [ERROR] LogOutputStream:75 - [STDERR_REDIRECT] 
2025-08-15 22:43:38,977 [ERROR] LogOutputStream:75 - [STDERR_REDIRECT] [Fatal Error] :1:1: Premature end of file.
2025-08-15 22:43:38,977 [ERROR] LogOutputStream:75 - [STDERR_REDIRECT] 
2025-08-15 22:43:39,976 [ERROR] LogOutputStream:75 - [STDERR_REDIRECT] [Fatal Error] :1:1: Premature end of file.
2025-08-15 22:43:39,976 [ERROR] LogOutputStream:75 - [STDERR_REDIRECT] 
2025-08-15 22:43:40,988 [ERROR] LogOutputStream:75 - [STDERR_REDIRECT] [Fatal Error] :1:1: Premature end of file.
2025-08-15 22:43:40,988 [ERROR] LogOutputStream:75 - [STDERR_REDIRECT] 
2025-08-15 22:43:41,975 [ERROR] LogOutputStream:75 - [STDERR_REDIRECT] [Fatal Error] :1:1: Premature end of file.
2025-08-15 22:43:41,975 [ERROR] LogOutputStream:75 - [STDERR_REDIRECT] 
2025-08-15 22:43:42,984 [ERROR] LogOutputStream:75 - [STDERR_REDIRECT] [Fatal Error] :1:1: Premature end of file.
2025-08-15 22:43:42,984 [ERROR] LogOutputStream:75 - [STDERR_REDIRECT] 
2025-08-15 22:43:43,977 [ERROR] LogOutputStream:75 - [STDERR_REDIRECT] [Fatal Error] :1:1: Premature end of file.
2025-08-15 22:43:43,977 [ERROR] LogOutputStream:75 - [STDERR_REDIRECT] 
2025-08-15 22:43:44,976 [ERROR] LogOutputStream:75 - [STDERR_REDIRECT] [Fatal Error] :1:1: Premature end of file.
2025-08-15 22:43:44,976 [ERROR] LogOutputStream:75 - [STDERR_REDIRECT] 
2025-08-15 22:43:45,985 [ERROR] LogOutputStream:75 - [STDERR_REDIRECT] [Fatal Error] :1:1: Premature end of file.
2025-08-15 22:43:45,985 [ERROR] LogOutputStream:75 - [STDERR_REDIRECT] 
2025-08-15 22:43:46,980 [ERROR] LogOutputStream:75 - [STDERR_REDIRECT] [Fatal Error] :1:1: Premature end of file.
2025-08-15 22:43:46,980 [ERROR] LogOutputStream:75 - [STDERR_REDIRECT] 
2025-08-15 22:43:47,982 [ERROR] LogOutputStream:75 - [STDERR_REDIRECT] [Fatal Error] :1:1: Premature end of file.
2025-08-15 22:43:47,982 [ERROR] LogOutputStream:75 - [STDERR_REDIRECT] 
2025-08-15 22:43:48,977 [ERROR] LogOutputStream:75 - [STDERR_REDIRECT] [Fatal Error] :1:1: Premature end of file.
2025-08-15 22:43:48,977 [ERROR] LogOutputStream:75 - [STDERR_REDIRECT] 
2025-08-15 22:43:49,984 [ERROR] LogOutputStream:75 - [STDERR_REDIRECT] [Fatal Error] :1:1: Premature end of file.
2025-08-15 22:43:49,984 [ERROR] LogOutputStream:75 - [STDERR_REDIRECT] 
2025-08-15 22:43:50,991 [ERROR] LogOutputStream:75 - [STDERR_REDIRECT] [Fatal Error] :1:1: Premature end of file.
2025-08-15 22:43:50,991 [ERROR] LogOutputStream:75 - [STDERR_REDIRECT] 
2025-08-15 22:43:51,993 [ERROR] LogOutputStream:75 - [STDERR_REDIRECT] [Fatal Error] :1:1: Premature end of file.
2025-08-15 22:43:51,993 [ERROR] LogOutputStream:75 - [STDERR_REDIRECT] 
2025-08-15 22:43:52,986 [ERROR] LogOutputStream:75 - [STDERR_REDIRECT] [Fatal Error] :1:1: Premature end of file.
2025-08-15 22:43:52,986 [ERROR] LogOutputStream:75 - [STDERR_REDIRECT] 
2025-08-15 22:43:53,973 [ERROR] LogOutputStream:75 - [STDERR_REDIRECT] [Fatal Error] :1:1: Premature end of file.
2025-08-15 22:43:53,973 [ERROR] LogOutputStream:75 - [STDERR_REDIRECT] 
2025-08-15 22:43:54,990 [ERROR] LogOutputStream:75 - [STDERR_REDIRECT] [Fatal Error] :1:1: Premature end of file.
2025-08-15 22:43:54,990 [ERROR] LogOutputStream:75 - [STDERR_REDIRECT] 
2025-08-15 22:43:55,974 [ERROR] LogOutputStream:75 - [STDERR_REDIRECT] [Fatal Error] :1:1: Premature end of file.
2025-08-15 22:43:55,974 [ERROR] LogOutputStream:75 - [STDERR_REDIRECT] 
2025-08-15 22:43:56,991 [ERROR] LogOutputStream:75 - [STDERR_REDIRECT] [Fatal Error] :1:1: Premature end of file.
2025-08-15 22:43:56,991 [ERROR] LogOutputStream:75 - [STDERR_REDIRECT] 
2025-08-15 22:43:57,989 [ERROR] LogOutputStream:75 - [STDERR_REDIRECT] [Fatal Error] :1:1: Premature end of file.
2025-08-15 22:43:57,989 [ERROR] LogOutputStream:75 - [STDERR_REDIRECT] 
2025-08-15 22:43:58,990 [ERROR] LogOutputStream:75 - [STDERR_REDIRECT] [Fatal Error] :1:1: Premature end of file.
2025-08-15 22:43:58,990 [ERROR] LogOutputStream:75 - [STDERR_REDIRECT] 
2025-08-15 22:43:59,992 [ERROR] LogOutputStream:75 - [STDERR_REDIRECT] [Fatal Error] :1:1: Premature end of file.
2025-08-15 22:43:59,992 [ERROR] LogOutputStream:75 - [STDERR_REDIRECT] 
2025-08-15 22:44:00,979 [ERROR] LogOutputStream:75 - [STDERR_REDIRECT] [Fatal Error] :1:1: Premature end of file.
2025-08-15 22:44:00,979 [ERROR] LogOutputStream:75 - [STDERR_REDIRECT] 
2025-08-15 22:44:01,987 [ERROR] LogOutputStream:75 - [STDERR_REDIRECT] [Fatal Error] :1:1: Premature end of file.
2025-08-15 22:44:01,987 [ERROR] LogOutputStream:75 - [STDERR_REDIRECT] 
2025-08-15 22:44:02,982 [ERROR] LogOutputStream:75 - [STDERR_REDIRECT] [Fatal Error] :1:1: Premature end of file.
2025-08-15 22:44:02,982 [ERROR] LogOutputStream:75 - [STDERR_REDIRECT] 
2025-08-15 22:44:03,977 [ERROR] LogOutputStream:75 - [STDERR_REDIRECT] [Fatal Error] :1:1: Premature end of file.
2025-08-15 22:44:03,977 [ERROR] LogOutputStream:75 - [STDERR_REDIRECT] 
2025-08-15 22:44:04,980 [ERROR] LogOutputStream:75 - [STDERR_REDIRECT] [Fatal Error] :1:1: Premature end of file.
2025-08-15 22:44:04,980 [ERROR] LogOutputStream:75 - [STDERR_REDIRECT] 
2025-08-15 22:44:05,989 [ERROR] LogOutputStream:75 - [STDERR_REDIRECT] [Fatal Error] :1:1: Premature end of file.
2025-08-15 22:44:05,989 [ERROR] LogOutputStream:75 - [STDERR_REDIRECT] 
2025-08-15 22:44:06,974 [ERROR] LogOutputStream:75 - [STDERR_REDIRECT] [Fatal Error] :1:1: Premature end of file.
2025-08-15 22:44:06,974 [ERROR] LogOutputStream:75 - [STDERR_REDIRECT] 
2025-08-15 22:44:07,984 [ERROR] LogOutputStream:75 - [STDERR_REDIRECT] [Fatal Error] :1:1: Premature end of file.
2025-08-15 22:44:07,984 [ERROR] LogOutputStream:75 - [STDERR_REDIRECT] 
2025-08-15 22:44:08,979 [ERROR] LogOutputStream:75 - [STDERR_REDIRECT] [Fatal Error] :1:1: Premature end of file.
2025-08-15 22:44:08,979 [ERROR] LogOutputStream:75 - [STDERR_REDIRECT] 
2025-08-15 22:44:09,971 [ERROR] LogOutputStream:75 - [STDERR_REDIRECT] [Fatal Error] :1:1: Premature end of file.
2025-08-15 22:44:09,971 [ERROR] LogOutputStream:75 - [STDERR_REDIRECT] 
2025-08-15 22:44:10,992 [ERROR] LogOutputStream:75 - [STDERR_REDIRECT] [Fatal Error] :1:1: Premature end of file.
2025-08-15 22:44:10,992 [ERROR] LogOutputStream:75 - [STDERR_REDIRECT] 
2025-08-15 22:44:11,976 [ERROR] LogOutputStream:75 - [STDERR_REDIRECT] [Fatal Error] :1:1: Premature end of file.
2025-08-15 22:44:11,976 [ERROR] LogOutputStream:75 - [STDERR_REDIRECT] 
2025-08-15 22:44:12,993 [ERROR] LogOutputStream:75 - [STDERR_REDIRECT] [Fatal Error] :1:1: Premature end of file.
2025-08-15 22:44:12,993 [ERROR] LogOutputStream:75 - [STDERR_REDIRECT] 
2025-08-15 22:44:13,981 [ERROR] LogOutputStream:75 - [STDERR_REDIRECT] [Fatal Error] :1:1: Premature end of file.
2025-08-15 22:44:13,981 [ERROR] LogOutputStream:75 - [STDERR_REDIRECT] 
2025-08-15 22:44:14,978 [ERROR] LogOutputStream:75 - [STDERR_REDIRECT] [Fatal Error] :1:1: Premature end of file.
2025-08-15 22:44:14,978 [ERROR] LogOutputStream:75 - [STDERR_REDIRECT] 
2025-08-15 22:44:15,983 [ERROR] LogOutputStream:75 - [STDERR_REDIRECT] [Fatal Error] :1:1: Premature end of file.
2025-08-15 22:44:15,983 [ERROR] LogOutputStream:75 - [STDERR_REDIRECT] 
2025-08-15 22:44:16,974 [ERROR] LogOutputStream:75 - [STDERR_REDIRECT] [Fatal Error] :1:1: Premature end of file.
2025-08-15 22:44:16,974 [ERROR] LogOutputStream:75 - [STDERR_REDIRECT] 
2025-08-15 22:44:17,987 [ERROR] LogOutputStream:75 - [STDERR_REDIRECT] [Fatal Error] :1:1: Premature end of file.
2025-08-15 22:44:17,987 [ERROR] LogOutputStream:75 - [STDERR_REDIRECT] 
2025-08-15 22:44:18,980 [ERROR] LogOutputStream:75 - [STDERR_REDIRECT] [Fatal Error] :1:1: Premature end of file.
2025-08-15 22:44:18,980 [ERROR] LogOutputStream:75 - [STDERR_REDIRECT] 
2025-08-15 22:44:19,977 [ERROR] LogOutputStream:75 - [STDERR_REDIRECT] [Fatal Error] :1:1: Premature end of file.
2025-08-15 22:44:19,977 [ERROR] LogOutputStream:75 - [STDERR_REDIRECT] 
2025-08-15 22:44:20,990 [ERROR] LogOutputStream:75 - [STDERR_REDIRECT] [Fatal Error] :1:1: Premature end of file.
2025-08-15 22:44:20,990 [ERROR] LogOutputStream:75 - [STDERR_REDIRECT] 
2025-08-15 22:44:21,982 [ERROR] LogOutputStream:75 - [STDERR_REDIRECT] [Fatal Error] :1:1: Premature end of file.
2025-08-15 22:44:21,982 [ERROR] LogOutputStream:75 - [STDERR_REDIRECT] 
2025-08-15 22:44:22,977 [ERROR] LogOutputStream:75 - [STDERR_REDIRECT] [Fatal Error] :1:1: Premature end of file.
2025-08-15 22:44:22,977 [ERROR] LogOutputStream:75 - [STDERR_REDIRECT] 
2025-08-15 22:44:23,971 [ERROR] LogOutputStream:75 - [STDERR_REDIRECT] [Fatal Error] :1:1: Premature end of file.
2025-08-15 22:44:23,971 [ERROR] LogOutputStream:75 - [STDERR_REDIRECT] 
2025-08-15 22:44:24,989 [ERROR] LogOutputStream:75 - [STDERR_REDIRECT] [Fatal Error] :1:1: Premature end of file.
2025-08-15 22:44:24,989 [ERROR] LogOutputStream:75 - [STDERR_REDIRECT] 
2025-08-15 22:44:25,981 [ERROR] LogOutputStream:75 - [STDERR_REDIRECT] [Fatal Error] :1:1: Premature end of file.
2025-08-15 22:44:25,981 [ERROR] LogOutputStream:75 - [STDERR_REDIRECT] 
2025-08-15 22:44:26,991 [ERROR] LogOutputStream:75 - [STDERR_REDIRECT] [Fatal Error] :1:1: Premature end of file.
2025-08-15 22:44:26,991 [ERROR] LogOutputStream:75 - [STDERR_REDIRECT] 
2025-08-15 22:44:27,982 [ERROR] LogOutputStream:75 - [STDERR_REDIRECT] [Fatal Error] :1:1: Premature end of file.
2025-08-15 22:44:27,982 [ERROR] LogOutputStream:75 - [STDERR_REDIRECT] 
2025-08-15 22:44:28,978 [ERROR] LogOutputStream:75 - [STDERR_REDIRECT] [Fatal Error] :1:1: Premature end of file.
2025-08-15 22:44:28,978 [ERROR] LogOutputStream:75 - [STDERR_REDIRECT] 
2025-08-15 22:44:29,992 [ERROR] LogOutputStream:75 - [STDERR_REDIRECT] [Fatal Error] :1:1: Premature end of file.
2025-08-15 22:44:29,992 [ERROR] LogOutputStream:75 - [STDERR_REDIRECT] 
2025-08-15 22:44:30,982 [ERROR] LogOutputStream:75 - [STDERR_REDIRECT] [Fatal Error] :1:1: Premature end of file.
2025-08-15 22:44:30,991 [ERROR] LogOutputStream:75 - [STDERR_REDIRECT] 
2025-08-15 22:44:31,979 [ERROR] LogOutputStream:75 - [STDERR_REDIRECT] [Fatal Error] :1:1: Premature end of file.
2025-08-15 22:44:31,979 [ERROR] LogOutputStream:75 - [STDERR_REDIRECT] 
2025-08-15 22:44:32,973 [ERROR] LogOutputStream:75 - [STDERR_REDIRECT] [Fatal Error] :1:1: Premature end of file.
2025-08-15 22:44:32,973 [ERROR] LogOutputStream:75 - [STDERR_REDIRECT] 
2025-08-15 22:44:33,979 [ERROR] LogOutputStream:75 - [STDERR_REDIRECT] [Fatal Error] :1:1: Premature end of file.
2025-08-15 22:44:33,979 [ERROR] LogOutputStream:75 - [STDERR_REDIRECT] 
2025-08-15 22:44:34,978 [ERROR] LogOutputStream:75 - [STDERR_REDIRECT] [Fatal Error] :1:1: Premature end of file.
2025-08-15 22:44:34,980 [ERROR] LogOutputStream:75 - [STDERR_REDIRECT] 
2025-08-15 22:44:35,989 [ERROR] LogOutputStream:75 - [STDERR_REDIRECT] [Fatal Error] :1:1: Premature end of file.
2025-08-15 22:44:35,989 [ERROR] LogOutputStream:75 - [STDERR_REDIRECT] 
2025-08-15 22:44:36,981 [ERROR] LogOutputStream:75 - [STDERR_REDIRECT] [Fatal Error] :1:1: Premature end of file.
2025-08-15 22:44:36,981 [ERROR] LogOutputStream:75 - [STDERR_REDIRECT] 
2025-08-15 22:44:37,975 [ERROR] LogOutputStream:75 - [STDERR_REDIRECT] [Fatal Error] :1:1: Premature end of file.
2025-08-15 22:44:37,975 [ERROR] LogOutputStream:75 - [STDERR_REDIRECT] 
2025-08-15 22:44:38,985 [ERROR] LogOutputStream:75 - [STDERR_REDIRECT] [Fatal Error] :1:1: Premature end of file.
2025-08-15 22:44:38,985 [ERROR] LogOutputStream:75 - [STDERR_REDIRECT] 
2025-08-15 22:44:39,973 [ERROR] LogOutputStream:75 - [STDERR_REDIRECT] [Fatal Error] :1:1: Premature end of file.
2025-08-15 22:44:39,973 [ERROR] LogOutputStream:75 - [STDERR_REDIRECT] 
2025-08-15 22:44:40,983 [ERROR] LogOutputStream:75 - [STDERR_REDIRECT] [Fatal Error] :1:1: Premature end of file.
2025-08-15 22:44:40,983 [ERROR] LogOutputStream:75 - [STDERR_REDIRECT] 
2025-08-15 22:44:41,977 [ERROR] LogOutputStream:75 - [STDERR_REDIRECT] [Fatal Error] :1:1: Premature end of file.
2025-08-15 22:44:41,977 [ERROR] LogOutputStream:75 - [STDERR_REDIRECT] 
2025-08-15 22:44:42,986 [ERROR] LogOutputStream:75 - [STDERR_REDIRECT] [Fatal Error] :1:1: Premature end of file.
2025-08-15 22:44:42,986 [ERROR] LogOutputStream:75 - [STDERR_REDIRECT] 
2025-08-15 22:44:43,985 [ERROR] LogOutputStream:75 - [STDERR_REDIRECT] [Fatal Error] :1:1: Premature end of file.
2025-08-15 22:44:43,985 [ERROR] LogOutputStream:75 - [STDERR_REDIRECT] 
2025-08-15 22:44:44,973 [ERROR] LogOutputStream:75 - [STDERR_REDIRECT] [Fatal Error] :1:1: Premature end of file.
2025-08-15 22:44:44,973 [ERROR] LogOutputStream:75 - [STDERR_REDIRECT] 
2025-08-15 22:44:45,980 [ERROR] LogOutputStream:75 - [STDERR_REDIRECT] [Fatal Error] :1:1: Premature end of file.
2025-08-15 22:44:45,980 [ERROR] LogOutputStream:75 - [STDERR_REDIRECT] 
2025-08-15 22:44:46,975 [ERROR] LogOutputStream:75 - [STDERR_REDIRECT] [Fatal Error] :1:1: Premature end of file.
2025-08-15 22:44:46,975 [ERROR] LogOutputStream:75 - [STDERR_REDIRECT] 
2025-08-15 22:44:47,985 [ERROR] LogOutputStream:75 - [STDERR_REDIRECT] [Fatal Error] :1:1: Premature end of file.
2025-08-15 22:44:47,985 [ERROR] LogOutputStream:75 - [STDERR_REDIRECT] 
2025-08-15 22:44:48,984 [ERROR] LogOutputStream:75 - [STDERR_REDIRECT] [Fatal Error] :1:1: Premature end of file.
2025-08-15 22:44:48,984 [ERROR] LogOutputStream:75 - [STDERR_REDIRECT] 
2025-08-15 22:44:49,980 [ERROR] LogOutputStream:75 - [STDERR_REDIRECT] [Fatal Error] :1:1: Premature end of file.
2025-08-15 22:44:49,980 [ERROR] LogOutputStream:75 - [STDERR_REDIRECT] 
2025-08-15 22:44:50,983 [ERROR] LogOutputStream:75 - [STDERR_REDIRECT] [Fatal Error] :1:1: Premature end of file.
2025-08-15 22:44:50,983 [ERROR] LogOutputStream:75 - [STDERR_REDIRECT] 
2025-08-15 22:44:51,980 [ERROR] LogOutputStream:75 - [STDERR_REDIRECT] [Fatal Error] :1:1: Premature end of file.
2025-08-15 22:44:51,980 [ERROR] LogOutputStream:75 - [STDERR_REDIRECT] 
2025-08-15 22:44:52,999 [ERROR] LogOutputStream:75 - [STDERR_REDIRECT] [Fatal Error] :1:1: Premature end of file.
2025-08-15 22:44:52,999 [ERROR] LogOutputStream:75 - [STDERR_REDIRECT] 
2025-08-15 22:44:53,980 [ERROR] LogOutputStream:75 - [STDERR_REDIRECT] [Fatal Error] :1:1: Premature end of file.
2025-08-15 22:44:53,980 [ERROR] LogOutputStream:75 - [STDERR_REDIRECT] 
2025-08-15 22:44:54,976 [ERROR] LogOutputStream:75 - [STDERR_REDIRECT] [Fatal Error] :1:1: Premature end of file.
2025-08-15 22:44:54,976 [ERROR] LogOutputStream:75 - [STDERR_REDIRECT] 
2025-08-15 22:44:55,982 [ERROR] LogOutputStream:75 - [STDERR_REDIRECT] [Fatal Error] :1:1: Premature end of file.
2025-08-15 22:44:55,982 [ERROR] LogOutputStream:75 - [STDERR_REDIRECT] 
2025-08-15 22:44:56,979 [ERROR] LogOutputStream:75 - [STDERR_REDIRECT] [Fatal Error] :1:1: Premature end of file.
2025-08-15 22:44:56,979 [ERROR] LogOutputStream:75 - [STDERR_REDIRECT] 
2025-08-15 22:44:57,982 [ERROR] LogOutputStream:75 - [STDERR_REDIRECT] [Fatal Error] :1:1: Premature end of file.
2025-08-15 22:44:57,982 [ERROR] LogOutputStream:75 - [STDERR_REDIRECT] 
2025-08-15 22:44:58,981 [ERROR] LogOutputStream:75 - [STDERR_REDIRECT] [Fatal Error] :1:1: Premature end of file.
2025-08-15 22:44:58,981 [ERROR] LogOutputStream:75 - [STDERR_REDIRECT] 
2025-08-15 22:44:59,984 [ERROR] LogOutputStream:75 - [STDERR_REDIRECT] [Fatal Error] :1:1: Premature end of file.
2025-08-15 22:44:59,984 [ERROR] LogOutputStream:75 - [STDERR_REDIRECT] 
2025-08-15 22:45:00,982 [ERROR] LogOutputStream:75 - [STDERR_REDIRECT] [Fatal Error] :1:1: Premature end of file.
2025-08-15 22:45:00,982 [ERROR] LogOutputStream:75 - [STDERR_REDIRECT] 
2025-08-15 22:45:01,971 [ERROR] LogOutputStream:75 - [STDERR_REDIRECT] [Fatal Error] :1:1: Premature end of file.
2025-08-15 22:45:01,971 [ERROR] LogOutputStream:75 - [STDERR_REDIRECT] 
2025-08-15 22:45:02,980 [ERROR] LogOutputStream:75 - [STDERR_REDIRECT] [Fatal Error] :1:1: Premature end of file.
2025-08-15 22:45:02,980 [ERROR] LogOutputStream:75 - [STDERR_REDIRECT] 
2025-08-15 22:45:03,974 [ERROR] LogOutputStream:75 - [STDERR_REDIRECT] [Fatal Error] :1:1: Premature end of file.
2025-08-15 22:45:03,974 [ERROR] LogOutputStream:75 - [STDERR_REDIRECT] 
2025-08-15 22:45:04,984 [ERROR] LogOutputStream:75 - [STDERR_REDIRECT] [Fatal Error] :1:1: Premature end of file.
2025-08-15 22:45:04,984 [ERROR] LogOutputStream:75 - [STDERR_REDIRECT] 
2025-08-15 22:45:05,979 [ERROR] LogOutputStream:75 - [STDERR_REDIRECT] [Fatal Error] :1:1: Premature end of file.
2025-08-15 22:45:05,979 [ERROR] LogOutputStream:75 - [STDERR_REDIRECT] 
2025-08-15 22:45:06,992 [ERROR] LogOutputStream:75 - [STDERR_REDIRECT] [Fatal Error] :1:1: Premature end of file.
2025-08-15 22:45:06,992 [ERROR] LogOutputStream:75 - [STDERR_REDIRECT] 
2025-08-15 22:45:07,977 [ERROR] LogOutputStream:75 - [STDERR_REDIRECT] [Fatal Error] :1:1: Premature end of file.
2025-08-15 22:45:07,977 [ERROR] LogOutputStream:75 - [STDERR_REDIRECT] 
2025-08-15 22:45:08,971 [ERROR] LogOutputStream:75 - [STDERR_REDIRECT] [Fatal Error] :1:1: Premature end of file.
2025-08-15 22:45:08,971 [ERROR] LogOutputStream:75 - [STDERR_REDIRECT] 
2025-08-15 22:45:09,977 [ERROR] LogOutputStream:75 - [STDERR_REDIRECT] [Fatal Error] :1:1: Premature end of file.
2025-08-15 22:45:09,977 [ERROR] LogOutputStream:75 - [STDERR_REDIRECT] 
2025-08-15 22:45:10,985 [ERROR] LogOutputStream:75 - [STDERR_REDIRECT] [Fatal Error] :1:1: Premature end of file.
2025-08-15 22:45:10,985 [ERROR] LogOutputStream:75 - [STDERR_REDIRECT] 
2025-08-15 22:45:11,980 [ERROR] LogOutputStream:75 - [STDERR_REDIRECT] [Fatal Error] :1:1: Premature end of file.
2025-08-15 22:45:11,980 [ERROR] LogOutputStream:75 - [STDERR_REDIRECT] 
2025-08-15 22:45:12,973 [ERROR] LogOutputStream:75 - [STDERR_REDIRECT] [Fatal Error] :1:1: Premature end of file.
2025-08-15 22:45:12,973 [ERROR] LogOutputStream:75 - [STDERR_REDIRECT] 
2025-08-15 22:45:13,983 [ERROR] LogOutputStream:75 - [STDERR_REDIRECT] [Fatal Error] :1:1: Premature end of file.
2025-08-15 22:45:13,983 [ERROR] LogOutputStream:75 - [STDERR_REDIRECT] 
2025-08-15 22:45:14,980 [ERROR] LogOutputStream:75 - [STDERR_REDIRECT] [Fatal Error] :1:1: Premature end of file.
2025-08-15 22:45:14,980 [ERROR] LogOutputStream:75 - [STDERR_REDIRECT] 
2025-08-15 22:45:15,989 [ERROR] LogOutputStream:75 - [STDERR_REDIRECT] [Fatal Error] :1:1: Premature end of file.
2025-08-15 22:45:15,989 [ERROR] LogOutputStream:75 - [STDERR_REDIRECT] 
2025-08-15 22:45:16,981 [ERROR] LogOutputStream:75 - [STDERR_REDIRECT] [Fatal Error] :1:1: Premature end of file.
2025-08-15 22:45:16,981 [ERROR] LogOutputStream:75 - [STDERR_REDIRECT] 
2025-08-15 22:45:17,974 [ERROR] LogOutputStream:75 - [STDERR_REDIRECT] [Fatal Error] :1:1: Premature end of file.
2025-08-15 22:45:17,974 [ERROR] LogOutputStream:75 - [STDERR_REDIRECT] 
2025-08-15 22:45:18,991 [ERROR] LogOutputStream:75 - [STDERR_REDIRECT] [Fatal Error] :1:1: Premature end of file.
2025-08-15 22:45:18,991 [ERROR] LogOutputStream:75 - [STDERR_REDIRECT] 
2025-08-15 22:45:19,976 [ERROR] LogOutputStream:75 - [STDERR_REDIRECT] [Fatal Error] :1:1: Premature end of file.
2025-08-15 22:45:19,976 [ERROR] LogOutputStream:75 - [STDERR_REDIRECT] 
2025-08-15 22:45:20,993 [ERROR] LogOutputStream:75 - [STDERR_REDIRECT] [Fatal Error] :1:1: Premature end of file.
2025-08-15 22:45:20,993 [ERROR] LogOutputStream:75 - [STDERR_REDIRECT] 
2025-08-15 22:45:21,987 [ERROR] LogOutputStream:75 - [STDERR_REDIRECT] [Fatal Error] :1:1: Premature end of file.
2025-08-15 22:45:21,987 [ERROR] LogOutputStream:75 - [STDERR_REDIRECT] 
2025-08-15 22:45:22,980 [ERROR] LogOutputStream:75 - [STDERR_REDIRECT] [Fatal Error] :1:1: Premature end of file.
2025-08-15 22:45:22,980 [ERROR] LogOutputStream:75 - [STDERR_REDIRECT] 
2025-08-15 22:45:23,984 [ERROR] LogOutputStream:75 - [STDERR_REDIRECT] [Fatal Error] :1:1: Premature end of file.
2025-08-15 22:45:23,984 [ERROR] LogOutputStream:75 - [STDERR_REDIRECT] 
2025-08-15 22:45:24,980 [ERROR] LogOutputStream:75 - [STDERR_REDIRECT] [Fatal Error] :1:1: Premature end of file.
2025-08-15 22:45:24,980 [ERROR] LogOutputStream:75 - [STDERR_REDIRECT] 
2025-08-15 22:45:25,979 [ERROR] LogOutputStream:75 - [STDERR_REDIRECT] [Fatal Error] :1:1: Premature end of file.
2025-08-15 22:45:25,979 [ERROR] LogOutputStream:75 - [STDERR_REDIRECT] 
2025-08-15 22:45:26,985 [ERROR] LogOutputStream:75 - [STDERR_REDIRECT] [Fatal Error] :1:1: Premature end of file.
2025-08-15 22:45:26,985 [ERROR] LogOutputStream:75 - [STDERR_REDIRECT] 
2025-08-15 22:45:27,989 [ERROR] LogOutputStream:75 - [STDERR_REDIRECT] [Fatal Error] :1:1: Premature end of file.
2025-08-15 22:45:27,989 [ERROR] LogOutputStream:75 - [STDERR_REDIRECT] 
2025-08-15 22:45:28,980 [ERROR] LogOutputStream:75 - [STDERR_REDIRECT] [Fatal Error] :1:1: Premature end of file.
2025-08-15 22:45:28,980 [ERROR] LogOutputStream:75 - [STDERR_REDIRECT] 
2025-08-15 22:45:29,971 [ERROR] LogOutputStream:75 - [STDERR_REDIRECT] [Fatal Error] :1:1: Premature end of file.
2025-08-15 22:45:29,971 [ERROR] LogOutputStream:75 - [STDERR_REDIRECT] 
2025-08-15 22:45:30,985 [ERROR] LogOutputStream:75 - [STDERR_REDIRECT] [Fatal Error] :1:1: Premature end of file.
2025-08-15 22:45:30,985 [ERROR] LogOutputStream:75 - [STDERR_REDIRECT] 
2025-08-15 22:45:31,989 [ERROR] LogOutputStream:75 - [STDERR_REDIRECT] [Fatal Error] :1:1: Premature end of file.
2025-08-15 22:45:31,989 [ERROR] LogOutputStream:75 - [STDERR_REDIRECT] 
2025-08-15 22:45:32,978 [ERROR] LogOutputStream:75 - [STDERR_REDIRECT] [Fatal Error] :1:1: Premature end of file.
2025-08-15 22:45:32,978 [ERROR] LogOutputStream:75 - [STDERR_REDIRECT] 
2025-08-15 22:45:33,986 [ERROR] LogOutputStream:75 - [STDERR_REDIRECT] [Fatal Error] :1:1: Premature end of file.
2025-08-15 22:45:33,986 [ERROR] LogOutputStream:75 - [STDERR_REDIRECT] 
2025-08-15 22:45:34,978 [ERROR] LogOutputStream:75 - [STDERR_REDIRECT] [Fatal Error] :1:1: Premature end of file.
2025-08-15 22:45:34,978 [ERROR] LogOutputStream:75 - [STDERR_REDIRECT] 
2025-08-15 22:45:35,994 [ERROR] LogOutputStream:75 - [STDERR_REDIRECT] [Fatal Error] :1:1: Premature end of file.
2025-08-15 22:45:35,994 [ERROR] LogOutputStream:75 - [STDERR_REDIRECT] 
2025-08-15 22:45:36,982 [ERROR] LogOutputStream:75 - [STDERR_REDIRECT] [Fatal Error] :1:1: Premature end of file.
2025-08-15 22:45:36,982 [ERROR] LogOutputStream:75 - [STDERR_REDIRECT] 
2025-08-15 22:45:37,979 [ERROR] LogOutputStream:75 - [STDERR_REDIRECT] [Fatal Error] :1:1: Premature end of file.
2025-08-15 22:45:37,979 [ERROR] LogOutputStream:75 - [STDERR_REDIRECT] 
2025-08-15 22:45:38,987 [ERROR] LogOutputStream:75 - [STDERR_REDIRECT] [Fatal Error] :1:1: Premature end of file.
2025-08-15 22:45:38,987 [ERROR] LogOutputStream:75 - [STDERR_REDIRECT] 
2025-08-15 22:45:39,974 [ERROR] LogOutputStream:75 - [STDERR_REDIRECT] [Fatal Error] :1:1: Premature end of file.
2025-08-15 22:45:39,974 [ERROR] LogOutputStream:75 - [STDERR_REDIRECT] 
2025-08-15 22:45:40,990 [ERROR] LogOutputStream:75 - [STDERR_REDIRECT] [Fatal Error] :1:1: Premature end of file.
2025-08-15 22:45:40,990 [ERROR] LogOutputStream:75 - [STDERR_REDIRECT] 
2025-08-15 22:45:41,974 [ERROR] LogOutputStream:75 - [STDERR_REDIRECT] [Fatal Error] :1:1: Premature end of file.
2025-08-15 22:45:41,974 [ERROR] LogOutputStream:75 - [STDERR_REDIRECT] 
2025-08-15 22:45:42,985 [ERROR] LogOutputStream:75 - [STDERR_REDIRECT] [Fatal Error] :1:1: Premature end of file.
2025-08-15 22:45:42,985 [ERROR] LogOutputStream:75 - [STDERR_REDIRECT] 
2025-08-15 22:45:43,983 [ERROR] LogOutputStream:75 - [STDERR_REDIRECT] [Fatal Error] :1:1: Premature end of file.
2025-08-15 22:45:43,983 [ERROR] LogOutputStream:75 - [STDERR_REDIRECT] 
2025-08-15 22:45:44,972 [ERROR] LogOutputStream:75 - [STDERR_REDIRECT] [Fatal Error] :1:1: Premature end of file.
2025-08-15 22:45:44,972 [ERROR] LogOutputStream:75 - [STDERR_REDIRECT] 
2025-08-15 22:45:45,983 [ERROR] LogOutputStream:75 - [STDERR_REDIRECT] [Fatal Error] :1:1: Premature end of file.
2025-08-15 22:45:45,983 [ERROR] LogOutputStream:75 - [STDERR_REDIRECT] 
2025-08-15 22:45:46,974 [ERROR] LogOutputStream:75 - [STDERR_REDIRECT] [Fatal Error] :1:1: Premature end of file.
2025-08-15 22:45:46,974 [ERROR] LogOutputStream:75 - [STDERR_REDIRECT] 
2025-08-15 22:45:47,984 [ERROR] LogOutputStream:75 - [STDERR_REDIRECT] [Fatal Error] :1:1: Premature end of file.
2025-08-15 22:45:47,984 [ERROR] LogOutputStream:75 - [STDERR_REDIRECT] 
2025-08-15 22:45:48,985 [ERROR] LogOutputStream:75 - [STDERR_REDIRECT] [Fatal Error] :1:1: Premature end of file.
2025-08-15 22:45:48,985 [ERROR] LogOutputStream:75 - [STDERR_REDIRECT] 
2025-08-15 22:45:49,980 [ERROR] LogOutputStream:75 - [STDERR_REDIRECT] [Fatal Error] :1:1: Premature end of file.
2025-08-15 22:45:49,980 [ERROR] LogOutputStream:75 - [STDERR_REDIRECT] 
2025-08-15 22:45:50,984 [ERROR] LogOutputStream:75 - [STDERR_REDIRECT] [Fatal Error] :1:1: Premature end of file.
2025-08-15 22:45:50,984 [ERROR] LogOutputStream:75 - [STDERR_REDIRECT] 
2025-08-15 22:45:51,973 [ERROR] LogOutputStream:75 - [STDERR_REDIRECT] [Fatal Error] :1:1: Premature end of file.
2025-08-15 22:45:51,973 [ERROR] LogOutputStream:75 - [STDERR_REDIRECT] 
2025-08-15 22:45:52,984 [ERROR] LogOutputStream:75 - [STDERR_REDIRECT] [Fatal Error] :1:1: Premature end of file.
2025-08-15 22:45:52,984 [ERROR] LogOutputStream:75 - [STDERR_REDIRECT] 
2025-08-15 22:45:53,984 [ERROR] LogOutputStream:75 - [STDERR_REDIRECT] [Fatal Error] :1:1: Premature end of file.
2025-08-15 22:45:53,984 [ERROR] LogOutputStream:75 - [STDERR_REDIRECT] 
2025-08-15 22:45:54,984 [ERROR] LogOutputStream:75 - [STDERR_REDIRECT] [Fatal Error] :1:1: Premature end of file.
2025-08-15 22:45:54,984 [ERROR] LogOutputStream:75 - [STDERR_REDIRECT] 
2025-08-15 22:45:55,982 [ERROR] LogOutputStream:75 - [STDERR_REDIRECT] [Fatal Error] :1:1: Premature end of file.
2025-08-15 22:45:55,982 [ERROR] LogOutputStream:75 - [STDERR_REDIRECT] 
2025-08-15 22:45:56,996 [ERROR] LogOutputStream:75 - [STDERR_REDIRECT] [Fatal Error] :1:1: Premature end of file.
2025-08-15 22:45:56,996 [ERROR] LogOutputStream:75 - [STDERR_REDIRECT] 
2025-08-15 22:45:57,990 [ERROR] LogOutputStream:75 - [STDERR_REDIRECT] [Fatal Error] :1:1: Premature end of file.
2025-08-15 22:45:57,990 [ERROR] LogOutputStream:75 - [STDERR_REDIRECT] 
2025-08-15 22:45:58,978 [ERROR] LogOutputStream:75 - [STDERR_REDIRECT] [Fatal Error] :1:1: Premature end of file.
2025-08-15 22:45:58,978 [ERROR] LogOutputStream:75 - [STDERR_REDIRECT] 
2025-08-15 22:45:59,978 [ERROR] LogOutputStream:75 - [STDERR_REDIRECT] [Fatal Error] :1:1: Premature end of file.
2025-08-15 22:45:59,978 [ERROR] LogOutputStream:75 - [STDERR_REDIRECT] 
2025-08-15 22:46:00,985 [ERROR] LogOutputStream:75 - [STDERR_REDIRECT] [Fatal Error] :1:1: Premature end of file.
2025-08-15 22:46:00,985 [ERROR] LogOutputStream:75 - [STDERR_REDIRECT] 
2025-08-15 22:46:01,983 [ERROR] LogOutputStream:75 - [STDERR_REDIRECT] [Fatal Error] :1:1: Premature end of file.
2025-08-15 22:46:01,983 [ERROR] LogOutputStream:75 - [STDERR_REDIRECT] 
2025-08-15 22:46:02,973 [ERROR] LogOutputStream:75 - [STDERR_REDIRECT] [Fatal Error] :1:1: Premature end of file.
2025-08-15 22:46:02,973 [ERROR] LogOutputStream:75 - [STDERR_REDIRECT] 
2025-08-15 22:46:03,987 [ERROR] LogOutputStream:75 - [STDERR_REDIRECT] [Fatal Error] :1:1: Premature end of file.
2025-08-15 22:46:03,987 [ERROR] LogOutputStream:75 - [STDERR_REDIRECT] 
2025-08-15 22:46:04,973 [ERROR] LogOutputStream:75 - [STDERR_REDIRECT] [Fatal Error] :1:1: Premature end of file.
2025-08-15 22:46:04,973 [ERROR] LogOutputStream:75 - [STDERR_REDIRECT] 
2025-08-15 22:46:05,983 [ERROR] LogOutputStream:75 - [STDERR_REDIRECT] [Fatal Error] :1:1: Premature end of file.
2025-08-15 22:46:05,983 [ERROR] LogOutputStream:75 - [STDERR_REDIRECT] 
2025-08-15 22:46:06,985 [ERROR] LogOutputStream:75 - [STDERR_REDIRECT] [Fatal Error] :1:1: Premature end of file.
2025-08-15 22:46:06,985 [ERROR] LogOutputStream:75 - [STDERR_REDIRECT] 
2025-08-15 22:46:07,981 [ERROR] LogOutputStream:75 - [STDERR_REDIRECT] [Fatal Error] :1:1: Premature end of file.
2025-08-15 22:46:07,981 [ERROR] LogOutputStream:75 - [STDERR_REDIRECT] 
2025-08-15 22:46:08,984 [ERROR] LogOutputStream:75 - [STDERR_REDIRECT] [Fatal Error] :1:1: Premature end of file.
2025-08-15 22:46:08,984 [ERROR] LogOutputStream:75 - [STDERR_REDIRECT] 
2025-08-15 22:46:09,972 [ERROR] LogOutputStream:75 - [STDERR_REDIRECT] [Fatal Error] :1:1: Premature end of file.
2025-08-15 22:46:09,972 [ERROR] LogOutputStream:75 - [STDERR_REDIRECT] 
2025-08-15 22:46:10,980 [ERROR] LogOutputStream:75 - [STDERR_REDIRECT] [Fatal Error] :1:1: Premature end of file.
2025-08-15 22:46:10,980 [ERROR] LogOutputStream:75 - [STDERR_REDIRECT] 
2025-08-15 22:46:11,973 [ERROR] LogOutputStream:75 - [STDERR_REDIRECT] [Fatal Error] :1:1: Premature end of file.
2025-08-15 22:46:11,973 [ERROR] LogOutputStream:75 - [STDERR_REDIRECT] 
2025-08-15 22:46:12,982 [ERROR] LogOutputStream:75 - [STDERR_REDIRECT] [Fatal Error] :1:1: Premature end of file.
2025-08-15 22:46:12,982 [ERROR] LogOutputStream:75 - [STDERR_REDIRECT] 
2025-08-15 22:46:13,972 [ERROR] LogOutputStream:75 - [STDERR_REDIRECT] [Fatal Error] :1:1: Premature end of file.
2025-08-15 22:46:13,972 [ERROR] LogOutputStream:75 - [STDERR_REDIRECT] 
2025-08-15 22:46:14,975 [ERROR] LogOutputStream:75 - [STDERR_REDIRECT] [Fatal Error] :1:1: Premature end of file.
2025-08-15 22:46:14,975 [ERROR] LogOutputStream:75 - [STDERR_REDIRECT] 
2025-08-15 22:46:15,979 [ERROR] LogOutputStream:75 - [STDERR_REDIRECT] [Fatal Error] :1:1: Premature end of file.
2025-08-15 22:46:15,979 [ERROR] LogOutputStream:75 - [STDERR_REDIRECT] 
2025-08-15 22:46:16,987 [ERROR] LogOutputStream:75 - [STDERR_REDIRECT] [Fatal Error] :1:1: Premature end of file.
2025-08-15 22:46:16,987 [ERROR] LogOutputStream:75 - [STDERR_REDIRECT] 
2025-08-15 22:46:17,977 [ERROR] LogOutputStream:75 - [STDERR_REDIRECT] [Fatal Error] :1:1: Premature end of file.
2025-08-15 22:46:17,977 [ERROR] LogOutputStream:75 - [STDERR_REDIRECT] 
2025-08-15 22:46:18,982 [ERROR] LogOutputStream:75 - [STDERR_REDIRECT] [Fatal Error] :1:1: Premature end of file.
2025-08-15 22:46:18,982 [ERROR] LogOutputStream:75 - [STDERR_REDIRECT] 
2025-08-15 22:46:19,979 [ERROR] LogOutputStream:75 - [STDERR_REDIRECT] [Fatal Error] :1:1: Premature end of file.
2025-08-15 22:46:19,979 [ERROR] LogOutputStream:75 - [STDERR_REDIRECT] 
2025-08-15 22:46:20,978 [ERROR] LogOutputStream:75 - [STDERR_REDIRECT] [Fatal Error] :1:1: Premature end of file.
2025-08-15 22:46:20,978 [ERROR] LogOutputStream:75 - [STDERR_REDIRECT] 
2025-08-15 22:46:21,971 [ERROR] LogOutputStream:75 - [STDERR_REDIRECT] [Fatal Error] :1:1: Premature end of file.
2025-08-15 22:46:21,971 [ERROR] LogOutputStream:75 - [STDERR_REDIRECT] 
2025-08-15 22:46:22,989 [ERROR] LogOutputStream:75 - [STDERR_REDIRECT] [Fatal Error] :1:1: Premature end of file.
2025-08-15 22:46:22,989 [ERROR] LogOutputStream:75 - [STDERR_REDIRECT] 
2025-08-15 22:46:23,975 [ERROR] LogOutputStream:75 - [STDERR_REDIRECT] [Fatal Error] :1:1: Premature end of file.
2025-08-15 22:46:23,975 [ERROR] LogOutputStream:75 - [STDERR_REDIRECT] 
2025-08-15 22:46:24,974 [ERROR] LogOutputStream:75 - [STDERR_REDIRECT] [Fatal Error] :1:1: Premature end of file.
2025-08-15 22:46:24,974 [ERROR] LogOutputStream:75 - [STDERR_REDIRECT] 
2025-08-15 22:46:25,977 [ERROR] LogOutputStream:75 - [STDERR_REDIRECT] [Fatal Error] :1:1: Premature end of file.
2025-08-15 22:46:25,977 [ERROR] LogOutputStream:75 - [STDERR_REDIRECT] 
2025-08-15 22:46:26,976 [ERROR] LogOutputStream:75 - [STDERR_REDIRECT] [Fatal Error] :1:1: Premature end of file.
2025-08-15 22:46:26,976 [ERROR] LogOutputStream:75 - [STDERR_REDIRECT] 
2025-08-15 22:46:27,973 [ERROR] LogOutputStream:75 - [STDERR_REDIRECT] [Fatal Error] :1:1: Premature end of file.
2025-08-15 22:46:27,973 [ERROR] LogOutputStream:75 - [STDERR_REDIRECT] 
2025-08-15 22:46:28,978 [ERROR] LogOutputStream:75 - [STDERR_REDIRECT] [Fatal Error] :1:1: Premature end of file.
2025-08-15 22:46:28,978 [ERROR] LogOutputStream:75 - [STDERR_REDIRECT] 
2025-08-15 22:46:29,980 [ERROR] LogOutputStream:75 - [STDERR_REDIRECT] [Fatal Error] :1:1: Premature end of file.
2025-08-15 22:46:29,980 [ERROR] LogOutputStream:75 - [STDERR_REDIRECT] 
2025-08-15 22:46:30,983 [ERROR] LogOutputStream:75 - [STDERR_REDIRECT] [Fatal Error] :1:1: Premature end of file.
2025-08-15 22:46:30,983 [ERROR] LogOutputStream:75 - [STDERR_REDIRECT] 
2025-08-15 22:46:31,980 [ERROR] LogOutputStream:75 - [STDERR_REDIRECT] [Fatal Error] :1:1: Premature end of file.
2025-08-15 22:46:31,980 [ERROR] LogOutputStream:75 - [STDERR_REDIRECT] 
2025-08-15 22:46:32,992 [ERROR] LogOutputStream:75 - [STDERR_REDIRECT] [Fatal Error] :1:1: Premature end of file.
2025-08-15 22:46:32,992 [ERROR] LogOutputStream:75 - [STDERR_REDIRECT] 
2025-08-15 22:46:33,990 [ERROR] LogOutputStream:75 - [STDERR_REDIRECT] [Fatal Error] :1:1: Premature end of file.
2025-08-15 22:46:33,990 [ERROR] LogOutputStream:75 - [STDERR_REDIRECT] 
2025-08-15 22:46:35,061 [ERROR] LogOutputStream:75 - [STDERR_REDIRECT] [Fatal Error] :1:1: Premature end of file.
2025-08-15 22:46:35,061 [ERROR] LogOutputStream:75 - [STDERR_REDIRECT] 
2025-08-15 22:46:35,989 [ERROR] LogOutputStream:75 - [STDERR_REDIRECT] [Fatal Error] :1:1: Premature end of file.
2025-08-15 22:46:35,989 [ERROR] LogOutputStream:75 - [STDERR_REDIRECT] 
2025-08-15 22:46:36,985 [ERROR] LogOutputStream:75 - [STDERR_REDIRECT] [Fatal Error] :1:1: Premature end of file.
2025-08-15 22:46:36,985 [ERROR] LogOutputStream:75 - [STDERR_REDIRECT] 
2025-08-15 22:46:37,973 [ERROR] LogOutputStream:75 - [STDERR_REDIRECT] [Fatal Error] :1:1: Premature end of file.
2025-08-15 22:46:37,973 [ERROR] LogOutputStream:75 - [STDERR_REDIRECT] 
2025-08-15 22:46:38,993 [ERROR] LogOutputStream:75 - [STDERR_REDIRECT] [Fatal Error] :1:1: Premature end of file.
2025-08-15 22:46:38,993 [ERROR] LogOutputStream:75 - [STDERR_REDIRECT] 
2025-08-15 22:46:39,987 [ERROR] LogOutputStream:75 - [STDERR_REDIRECT] [Fatal Error] :1:1: Premature end of file.
2025-08-15 22:46:39,987 [ERROR] LogOutputStream:75 - [STDERR_REDIRECT] 
2025-08-15 22:46:40,978 [ERROR] LogOutputStream:75 - [STDERR_REDIRECT] [Fatal Error] :1:1: Premature end of file.
2025-08-15 22:46:40,978 [ERROR] LogOutputStream:75 - [STDERR_REDIRECT] 
2025-08-15 22:46:41,977 [ERROR] LogOutputStream:75 - [STDERR_REDIRECT] [Fatal Error] :1:1: Premature end of file.
2025-08-15 22:46:41,977 [ERROR] LogOutputStream:75 - [STDERR_REDIRECT] 
2025-08-15 22:46:42,978 [ERROR] LogOutputStream:75 - [STDERR_REDIRECT] [Fatal Error] :1:1: Premature end of file.
2025-08-15 22:46:42,978 [ERROR] LogOutputStream:75 - [STDERR_REDIRECT] 
2025-08-15 22:46:43,979 [ERROR] LogOutputStream:75 - [STDERR_REDIRECT] [Fatal Error] :1:1: Premature end of file.
2025-08-15 22:46:43,979 [ERROR] LogOutputStream:75 - [STDERR_REDIRECT] 
2025-08-15 22:46:44,977 [ERROR] LogOutputStream:75 - [STDERR_REDIRECT] [Fatal Error] :1:1: Premature end of file.
2025-08-15 22:46:44,977 [ERROR] LogOutputStream:75 - [STDERR_REDIRECT] 
2025-08-15 22:46:45,978 [ERROR] LogOutputStream:75 - [STDERR_REDIRECT] [Fatal Error] :1:1: Premature end of file.
2025-08-15 22:46:45,978 [ERROR] LogOutputStream:75 - [STDERR_REDIRECT] 
2025-08-15 22:46:46,976 [ERROR] LogOutputStream:75 - [STDERR_REDIRECT] [Fatal Error] :1:1: Premature end of file.
2025-08-15 22:46:46,976 [ERROR] LogOutputStream:75 - [STDERR_REDIRECT] 
2025-08-15 22:46:47,978 [ERROR] LogOutputStream:75 - [STDERR_REDIRECT] [Fatal Error] :1:1: Premature end of file.
2025-08-15 22:46:47,978 [ERROR] LogOutputStream:75 - [STDERR_REDIRECT] 
2025-08-15 22:46:48,978 [ERROR] LogOutputStream:75 - [STDERR_REDIRECT] [Fatal Error] :1:1: Premature end of file.
2025-08-15 22:46:48,978 [ERROR] LogOutputStream:75 - [STDERR_REDIRECT] 
2025-08-15 22:46:49,975 [ERROR] LogOutputStream:75 - [STDERR_REDIRECT] [Fatal Error] :1:1: Premature end of file.
2025-08-15 22:46:49,976 [ERROR] LogOutputStream:75 - [STDERR_REDIRECT] 
2025-08-15 22:46:50,979 [ERROR] LogOutputStream:75 - [STDERR_REDIRECT] [Fatal Error] :1:1: Premature end of file.
2025-08-15 22:46:50,980 [ERROR] LogOutputStream:75 - [STDERR_REDIRECT] 
2025-08-15 22:46:51,983 [ERROR] LogOutputStream:75 - [STDERR_REDIRECT] [Fatal Error] :1:1: Premature end of file.
2025-08-15 22:46:51,983 [ERROR] LogOutputStream:75 - [STDERR_REDIRECT] 
2025-08-15 22:46:52,979 [ERROR] LogOutputStream:75 - [STDERR_REDIRECT] [Fatal Error] :1:1: Premature end of file.
2025-08-15 22:46:52,979 [ERROR] LogOutputStream:75 - [STDERR_REDIRECT] 
2025-08-15 22:46:53,979 [ERROR] LogOutputStream:75 - [STDERR_REDIRECT] [Fatal Error] :1:1: Premature end of file.
2025-08-15 22:46:53,979 [ERROR] LogOutputStream:75 - [STDERR_REDIRECT] 
2025-08-15 22:46:54,998 [ERROR] LogOutputStream:75 - [STDERR_REDIRECT] [Fatal Error] :1:1: Premature end of file.
2025-08-15 22:46:54,998 [ERROR] LogOutputStream:75 - [STDERR_REDIRECT] 
2025-08-15 22:46:55,976 [ERROR] LogOutputStream:75 - [STDERR_REDIRECT] [Fatal Error] :1:1: Premature end of file.
2025-08-15 22:46:55,976 [ERROR] LogOutputStream:75 - [STDERR_REDIRECT] 
2025-08-15 22:46:56,974 [ERROR] LogOutputStream:75 - [STDERR_REDIRECT] [Fatal Error] :1:1: Premature end of file.
2025-08-15 22:46:56,974 [ERROR] LogOutputStream:75 - [STDERR_REDIRECT] 
2025-08-15 22:46:57,974 [ERROR] LogOutputStream:75 - [STDERR_REDIRECT] [Fatal Error] :1:1: Premature end of file.
2025-08-15 22:46:57,974 [ERROR] LogOutputStream:75 - [STDERR_REDIRECT] 
2025-08-15 22:46:58,986 [ERROR] LogOutputStream:75 - [STDERR_REDIRECT] [Fatal Error] :1:1: Premature end of file.
2025-08-15 22:46:58,986 [ERROR] LogOutputStream:75 - [STDERR_REDIRECT] 
2025-08-15 22:46:59,991 [ERROR] LogOutputStream:75 - [STDERR_REDIRECT] [Fatal Error] :1:1: Premature end of file.
2025-08-15 22:46:59,991 [ERROR] LogOutputStream:75 - [STDERR_REDIRECT] 
2025-08-15 22:47:00,986 [ERROR] LogOutputStream:75 - [STDERR_REDIRECT] [Fatal Error] :1:1: Premature end of file.
2025-08-15 22:47:00,986 [ERROR] LogOutputStream:75 - [STDERR_REDIRECT] 
2025-08-15 22:47:01,977 [ERROR] LogOutputStream:75 - [STDERR_REDIRECT] [Fatal Error] :1:1: Premature end of file.
2025-08-15 22:47:01,977 [ERROR] LogOutputStream:75 - [STDERR_REDIRECT] 
2025-08-15 22:47:02,979 [ERROR] LogOutputStream:75 - [STDERR_REDIRECT] [Fatal Error] :1:1: Premature end of file.
2025-08-15 22:47:02,979 [ERROR] LogOutputStream:75 - [STDERR_REDIRECT] 
2025-08-15 22:47:03,979 [ERROR] LogOutputStream:75 - [STDERR_REDIRECT] [Fatal Error] :1:1: Premature end of file.
2025-08-15 22:47:03,979 [ERROR] LogOutputStream:75 - [STDERR_REDIRECT] 
2025-08-15 22:47:04,993 [ERROR] LogOutputStream:75 - [STDERR_REDIRECT] [Fatal Error] :1:1: Premature end of file.
2025-08-15 22:47:04,993 [ERROR] LogOutputStream:75 - [STDERR_REDIRECT] 
2025-08-15 22:47:05,997 [ERROR] LogOutputStream:75 - [STDERR_REDIRECT] [Fatal Error] :1:1: Premature end of file.
2025-08-15 22:47:05,997 [ERROR] LogOutputStream:75 - [STDERR_REDIRECT] 
2025-08-15 22:47:06,987 [ERROR] LogOutputStream:75 - [STDERR_REDIRECT] [Fatal Error] :1:1: Premature end of file.
2025-08-15 22:47:06,987 [ERROR] LogOutputStream:75 - [STDERR_REDIRECT] 
2025-08-15 22:47:08,021 [ERROR] LogOutputStream:75 - [STDERR_REDIRECT] [Fatal Error] :1:1: Premature end of file.
2025-08-15 22:47:08,023 [ERROR] LogOutputStream:75 - [STDERR_REDIRECT] 
2025-08-15 22:47:09,054 [ERROR] LogOutputStream:75 - [STDERR_REDIRECT] [Fatal Error] :1:1: Premature end of file.
2025-08-15 22:47:09,054 [ERROR] LogOutputStream:75 - [STDERR_REDIRECT] 
2025-08-15 22:47:10,139 [ERROR] LogOutputStream:75 - [STDERR_REDIRECT] [Fatal Error] :1:1: Premature end of file.
2025-08-15 22:47:10,139 [ERROR] LogOutputStream:75 - [STDERR_REDIRECT] 
2025-08-15 22:47:11,031 [ERROR] LogOutputStream:75 - [STDERR_REDIRECT] [Fatal Error] :1:1: Premature end of file.
2025-08-15 22:47:11,031 [ERROR] LogOutputStream:75 - [STDERR_REDIRECT] 
2025-08-15 22:47:12,021 [ERROR] LogOutputStream:75 - [STDERR_REDIRECT] [Fatal Error] :1:1: Premature end of file.
2025-08-15 22:47:12,021 [ERROR] LogOutputStream:75 - [STDERR_REDIRECT] 
2025-08-15 22:47:13,033 [ERROR] LogOutputStream:75 - [STDERR_REDIRECT] [Fatal Error] :1:1: Premature end of file.
2025-08-15 22:47:13,033 [ERROR] LogOutputStream:75 - [STDERR_REDIRECT] 
2025-08-15 22:47:14,009 [ERROR] LogOutputStream:75 - [STDERR_REDIRECT] [Fatal Error] :1:1: Premature end of file.
2025-08-15 22:47:14,009 [ERROR] LogOutputStream:75 - [STDERR_REDIRECT] 
2025-08-15 22:47:14,989 [ERROR] LogOutputStream:75 - [STDERR_REDIRECT] [Fatal Error] :1:1: Premature end of file.
2025-08-15 22:47:14,989 [ERROR] LogOutputStream:75 - [STDERR_REDIRECT] 
2025-08-15 22:47:15,996 [ERROR] LogOutputStream:75 - [STDERR_REDIRECT] [Fatal Error] :1:1: Premature end of file.
2025-08-15 22:47:15,996 [ERROR] LogOutputStream:75 - [STDERR_REDIRECT] 
2025-08-15 22:47:16,989 [ERROR] LogOutputStream:75 - [STDERR_REDIRECT] [Fatal Error] :1:1: Premature end of file.
2025-08-15 22:47:16,989 [ERROR] LogOutputStream:75 - [STDERR_REDIRECT] 
2025-08-15 22:47:18,002 [ERROR] LogOutputStream:75 - [STDERR_REDIRECT] [Fatal Error] :1:1: Premature end of file.
2025-08-15 22:47:18,002 [ERROR] LogOutputStream:75 - [STDERR_REDIRECT] 
2025-08-15 22:47:18,988 [ERROR] LogOutputStream:75 - [STDERR_REDIRECT] [Fatal Error] :1:1: Premature end of file.
2025-08-15 22:47:18,988 [ERROR] LogOutputStream:75 - [STDERR_REDIRECT] 
2025-08-15 22:47:19,983 [ERROR] LogOutputStream:75 - [STDERR_REDIRECT] [Fatal Error] :1:1: Premature end of file.
2025-08-15 22:47:19,983 [ERROR] LogOutputStream:75 - [STDERR_REDIRECT] 
2025-08-15 22:47:20,986 [ERROR] LogOutputStream:75 - [STDERR_REDIRECT] [Fatal Error] :1:1: Premature end of file.
2025-08-15 22:47:20,986 [ERROR] LogOutputStream:75 - [STDERR_REDIRECT] 
2025-08-15 22:47:21,985 [ERROR] LogOutputStream:75 - [STDERR_REDIRECT] [Fatal Error] :1:1: Premature end of file.
2025-08-15 22:47:21,985 [ERROR] LogOutputStream:75 - [STDERR_REDIRECT] 
2025-08-15 22:47:22,985 [ERROR] LogOutputStream:75 - [STDERR_REDIRECT] [Fatal Error] :1:1: Premature end of file.
2025-08-15 22:47:22,985 [ERROR] LogOutputStream:75 - [STDERR_REDIRECT] 
2025-08-15 22:47:23,988 [ERROR] LogOutputStream:75 - [STDERR_REDIRECT] [Fatal Error] :1:1: Premature end of file.
2025-08-15 22:47:23,988 [ERROR] LogOutputStream:75 - [STDERR_REDIRECT] 
2025-08-15 22:47:25,005 [ERROR] LogOutputStream:75 - [STDERR_REDIRECT] [Fatal Error] :1:1: Premature end of file.
2025-08-15 22:47:25,005 [ERROR] LogOutputStream:75 - [STDERR_REDIRECT] 
2025-08-15 22:47:26,071 [ERROR] LogOutputStream:75 - [STDERR_REDIRECT] [Fatal Error] :1:1: Premature end of file.
2025-08-15 22:47:26,071 [ERROR] LogOutputStream:75 - [STDERR_REDIRECT] 
2025-08-15 22:47:27,073 [ERROR] LogOutputStream:75 - [STDERR_REDIRECT] [Fatal Error] :1:1: Premature end of file.
2025-08-15 22:47:27,073 [ERROR] LogOutputStream:75 - [STDERR_REDIRECT] 
2025-08-15 22:47:27,995 [ERROR] LogOutputStream:75 - [STDERR_REDIRECT] [Fatal Error] :1:1: Premature end of file.
2025-08-15 22:47:27,995 [ERROR] LogOutputStream:75 - [STDERR_REDIRECT] 
2025-08-15 22:47:29,001 [ERROR] LogOutputStream:75 - [STDERR_REDIRECT] [Fatal Error] :1:1: Premature end of file.
2025-08-15 22:47:29,001 [ERROR] LogOutputStream:75 - [STDERR_REDIRECT] 
2025-08-15 22:47:29,994 [ERROR] LogOutputStream:75 - [STDERR_REDIRECT] [Fatal Error] :1:1: Premature end of file.
2025-08-15 22:47:29,994 [ERROR] LogOutputStream:75 - [STDERR_REDIRECT] 
2025-08-15 22:47:30,990 [ERROR] LogOutputStream:75 - [STDERR_REDIRECT] [Fatal Error] :1:1: Premature end of file.
2025-08-15 22:47:30,990 [ERROR] LogOutputStream:75 - [STDERR_REDIRECT] 
2025-08-15 22:47:31,990 [ERROR] LogOutputStream:75 - [STDERR_REDIRECT] [Fatal Error] :1:1: Premature end of file.
2025-08-15 22:47:31,990 [ERROR] LogOutputStream:75 - [STDERR_REDIRECT] 
2025-08-15 22:47:32,981 [ERROR] LogOutputStream:75 - [STDERR_REDIRECT] [Fatal Error] :1:1: Premature end of file.
2025-08-15 22:47:32,981 [ERROR] LogOutputStream:75 - [STDERR_REDIRECT] 
2025-08-15 22:47:33,844 [ERROR] LogOutputStream:75 - [STDERR_REDIRECT] 
