2026-01-06 19:48:34,812 [INFO] Activator:176 - 


2026-01-06 19:48:34,816 [INFO] Activator:177 - !SESSION log4j initialized
2026-01-06 19:48:40,760 [INFO] LogOutputStream:77 - [STDOUT_REDIRECT] 
2026-01-06 19:48:46,626 [INFO] ApplicationProperties:184 - Using Application install path: C:\ST\STM32CubeIDE_1.19.0\STM32CubeIDE\plugins\com.st.stm32cube.common.mx_6.15.0.202507011659
2026-01-06 19:48:46,645 [INFO] DbMcusXml:78 - Set database path to: C:\ST\STM32CubeIDE_1.19.0\STM32CubeIDE\plugins\com.st.stm32cube.common.mx_6.15.0.202507011659\\db\/mcu/
2026-01-06 19:48:46,646 [INFO] ApiDb:274 - Set plugin database path to: C:\ST\STM32CubeIDE_1.19.0\STM32CubeIDE\plugins\com.st.stm32cube.common.mx_6.15.0.202507011659\\db\/plugins/boardmanager/
2026-01-06 19:48:46,646 [WARN] ApiDb:259 - Overriding images path with different value:  => C:\ST\STM32CubeIDE_1.19.0\STM32CubeIDE\plugins\com.st.stm32cube.common.mx_6.15.0.202507011659\\db\/plugins/mcufinder/images/
2026-01-06 19:48:46,656 [INFO] ApiDb:250 - Set database path to: C:\Users\Harshil\.stmcufinder\plugins\mcufinder//mcu/
2026-01-06 19:48:46,658 [INFO] DbMcusAds:125 - Set database path to: C:\Users\Harshil\.stmcufinder\plugins\mcufinder//mcu/
2026-01-06 19:48:46,660 [INFO] CrossReferenceDbSqlite:203 - Set database path to: C:\Users\Harshil\.stmcufinder\plugins\mcufinder//mcu/cs/
2026-01-06 19:48:46,809 [INFO] RulesReader:64 - Compatibility file has been processed (317 Rules)
2026-01-06 19:48:46,908 [INFO] DbMcusXml:78 - Set database path to: C:\ST\STM32CubeIDE_1.19.0\STM32CubeIDE\plugins\com.st.stm32cube.common.mx_6.15.0.202507011659\\db\/mcu/
2026-01-06 19:48:46,908 [INFO] ApiDb:274 - Set plugin database path to: C:\ST\STM32CubeIDE_1.19.0\STM32CubeIDE\plugins\com.st.stm32cube.common.mx_6.15.0.202507011659\\db\/plugins/boardmanager/
2026-01-06 19:48:46,908 [INFO] ApiDb:261 - Set plugin images path to: C:\ST\STM32CubeIDE_1.19.0\STM32CubeIDE\plugins\com.st.stm32cube.common.mx_6.15.0.202507011659\\db\/plugins/mcufinder/images/
2026-01-06 19:48:46,909 [WARN] DbFile:41 - Overriding database path with different value: C:\Users\Harshil\.stmcufinder\plugins\mcufinder/ => C:\Users\Harshil\.stmcufinder\plugins\mcufinder
2026-01-06 19:48:46,909 [INFO] ApiDb:250 - Set database path to: C:\Users\Harshil\.stmcufinder\plugins\mcufinder//mcu/
2026-01-06 19:48:46,909 [WARN] DbFile:41 - Overriding database path with different value: C:\Users\Harshil\.stmcufinder\plugins\mcufinder/ => C:\Users\Harshil\.stmcufinder\plugins\mcufinder
2026-01-06 19:48:46,909 [INFO] DbMcusAds:125 - Set database path to: C:\Users\Harshil\.stmcufinder\plugins\mcufinder//mcu/
2026-01-06 19:48:46,909 [WARN] DbFile:41 - Overriding database path with different value: C:\Users\Harshil\.stmcufinder\plugins\mcufinder/ => C:\Users\Harshil\.stmcufinder\plugins\mcufinder
2026-01-06 19:48:46,909 [WARN] DbFile:41 - Overriding database path with different value: C:\Users\Harshil\.stmcufinder\plugins\mcufinder/ => C:\Users\Harshil\.stmcufinder\plugins\mcufinder
2026-01-06 19:48:46,909 [INFO] CrossReferenceDbSqlite:203 - Set database path to: C:\Users\Harshil\.stmcufinder\plugins\mcufinder//mcu/cs/
2026-01-06 19:48:47,002 [INFO] MainPanel:274 - HeapMemory: 268435456
2026-01-06 19:48:47,134 [INFO] DbMcusXml:78 - Set database path to: C:\ST\STM32CubeIDE_1.19.0\STM32CubeIDE\plugins\com.st.stm32cube.common.mx_6.15.0.202507011659\\db\/mcu/
2026-01-06 19:48:47,135 [INFO] ApiDb:274 - Set plugin database path to: C:\ST\STM32CubeIDE_1.19.0\STM32CubeIDE\plugins\com.st.stm32cube.common.mx_6.15.0.202507011659\\db\/plugins/boardmanager/
2026-01-06 19:48:47,135 [INFO] ApiDb:261 - Set plugin images path to: C:\ST\STM32CubeIDE_1.19.0\STM32CubeIDE\plugins\com.st.stm32cube.common.mx_6.15.0.202507011659\\db\/plugins/mcufinder/images/
2026-01-06 19:48:47,135 [WARN] DbFile:41 - Overriding database path with different value: C:\Users\Harshil\.stmcufinder\plugins\mcufinder/ => C:\Users\Harshil\.stmcufinder\plugins\mcufinder
2026-01-06 19:48:47,135 [INFO] ApiDb:250 - Set database path to: C:\Users\Harshil\.stmcufinder\plugins\mcufinder//mcu/
2026-01-06 19:48:47,135 [WARN] DbFile:41 - Overriding database path with different value: C:\Users\Harshil\.stmcufinder\plugins\mcufinder/ => C:\Users\Harshil\.stmcufinder\plugins\mcufinder
2026-01-06 19:48:47,135 [INFO] DbMcusAds:125 - Set database path to: C:\Users\Harshil\.stmcufinder\plugins\mcufinder//mcu/
2026-01-06 19:48:47,135 [WARN] DbFile:41 - Overriding database path with different value: C:\Users\Harshil\.stmcufinder\plugins\mcufinder/ => C:\Users\Harshil\.stmcufinder\plugins\mcufinder
2026-01-06 19:48:47,135 [WARN] DbFile:41 - Overriding database path with different value: C:\Users\Harshil\.stmcufinder\plugins\mcufinder/ => C:\Users\Harshil\.stmcufinder\plugins\mcufinder
2026-01-06 19:48:47,136 [INFO] CrossReferenceDbSqlite:203 - Set database path to: C:\Users\Harshil\.stmcufinder\plugins\mcufinder//mcu/cs/
2026-01-06 19:48:47,155 [INFO] ApplicationProperties:184 - Using Application install path: C:\ST\STM32CubeIDE_1.19.0\STM32CubeIDE\plugins\com.st.stm32cube.common.mx_6.15.0.202507011659
2026-01-06 19:48:47,156 [INFO] PluginManage:196 - Search for loadable plugins [exclusion list=, ]
2026-01-06 19:48:47,158 [INFO] PluginManage:310 - Check plugin analytics
2026-01-06 19:48:52,261 [INFO] AnalyticsPlugin:253 - Accepted Software Licenses: 
2026-01-06 19:48:52,261 [INFO] AnalyticsPlugin:255 - Accepted CMSIS Pack Licenses: 
2026-01-06 19:48:52,262 [INFO] AnalyticsPlugin:257 - Accepted Firmware Licenses: 
2026-01-06 19:48:52,265 [INFO] PluginManage:359 - Loaded plugin analytics (category:tool,tabindex:-1)
2026-01-06 19:48:52,266 [INFO] PluginManage:310 - Check plugin cadmodel
2026-01-06 19:48:52,273 [INFO] CADModel:105 - Init CAD model plugin
2026-01-06 19:48:52,273 [INFO] PluginManage:359 - Loaded plugin cadmodel (category:power,tabindex:5)
2026-01-06 19:48:52,273 [INFO] PluginManage:310 - Check plugin clock
2026-01-06 19:48:52,283 [INFO] PluginManage:359 - Loaded plugin clock (category:base,tabindex:2)
2026-01-06 19:48:52,283 [INFO] PluginManage:310 - Check plugin ddr
2026-01-06 19:48:52,286 [INFO] PluginManage:359 - Loaded plugin ddr (category:tool,tabindex:6)
2026-01-06 19:48:52,286 [INFO] PluginManage:310 - Check plugin filemanager
2026-01-06 19:48:52,425 [INFO] PluginManage:359 - Loaded plugin filemanager (category:base,tabindex:10)
2026-01-06 19:48:52,425 [INFO] PluginManage:310 - Check plugin ipmanager
2026-01-06 19:48:52,432 [INFO] PluginManage:359 - Loaded plugin ipmanager (category:base,tabindex:5)
2026-01-06 19:48:52,432 [INFO] PluginManage:310 - Check plugin lpbam
2026-01-06 19:48:52,439 [INFO] PluginManage:359 - Loaded plugin lpbam (category:base,tabindex:0)
2026-01-06 19:48:52,439 [INFO] PluginManage:310 - Check plugin memorymap
2026-01-06 19:48:52,451 [INFO] PluginManage:359 - Loaded plugin memorymap (category:base,tabindex:4)
2026-01-06 19:48:52,452 [INFO] PluginManage:310 - Check plugin pinoutandconfiguration
2026-01-06 19:48:52,459 [INFO] PluginManage:359 - Loaded plugin pinoutandconfiguration (category:base,tabindex:1)
2026-01-06 19:48:52,460 [INFO] PluginManage:310 - Check plugin pinoutconfig
2026-01-06 19:48:52,539 [WARN] SupportedApi:132 - Cannot load RTOS API schema: s4s-elt-must-match.1: The content of 'definitions' must match (annotation?, (simpleType | complexType)?, (unique | key | keyref)*)). A problem was found starting at: attribute.
2026-01-06 19:48:52,664 [INFO] PluginManage:359 - Loaded plugin pinoutconfig (category:base,tabindex:0)
2026-01-06 19:48:52,664 [INFO] PluginManage:310 - Check plugin power
2026-01-06 19:48:52,678 [INFO] PluginManage:359 - Loaded plugin power (category:power,tabindex:4)
2026-01-06 19:48:52,679 [INFO] PluginManage:310 - Check plugin projectmanager
2026-01-06 19:48:52,696 [INFO] PluginManage:359 - Loaded plugin projectmanager (category:projectmanager,tabindex:4)
2026-01-06 19:48:52,696 [INFO] PluginManage:310 - Check plugin rif
2026-01-06 19:48:52,707 [INFO] PluginManage:359 - Loaded plugin rif (category:base,tabindex:3)
2026-01-06 19:48:52,707 [INFO] PluginManage:310 - Check plugin thirdparty
2026-01-06 19:48:52,848 [INFO] PluginManage:359 - Loaded plugin thirdparty (category:base,tabindex:-1)
2026-01-06 19:48:52,849 [INFO] PluginManage:310 - Check plugin tools
2026-01-06 19:48:52,848 [WARN] IntegrityCheckThread:84 - waiting for thirdparty lock release [integrity check]
2026-01-06 19:48:52,849 [INFO] IntegrityCheckThread:86 - entering critical section [integrity check]
2026-01-06 19:48:52,849 [INFO] ThirdPartyUpdaterWithRetryManager:70 - Updater plugin not ready yet. [1/15]
2026-01-06 19:48:52,853 [INFO] PluginManage:359 - Loaded plugin tools (category:base,tabindex:7)
2026-01-06 19:48:52,853 [INFO] PluginManage:310 - Check plugin tutovideos
2026-01-06 19:48:53,057 [INFO] PluginManage:359 - Loaded plugin tutovideos (category:base,tabindex:-1)
2026-01-06 19:48:53,057 [INFO] PluginManage:310 - Check plugin updater
2026-01-06 19:48:53,082 [INFO] PluginManage:359 - Loaded plugin updater (category:base,tabindex:12)
2026-01-06 19:48:53,082 [INFO] PluginManage:310 - Check plugin userauth
2026-01-06 19:48:53,086 [INFO] UserAuth:118 - Init User Auth plugin
2026-01-06 19:48:53,088 [INFO] PluginManage:359 - Loaded plugin userauth (category:base,tabindex:14)
2026-01-06 19:48:53,088 [INFO] PluginManage:283 - PluginManage : Loaded plugins [18]
2026-01-06 19:48:53,295 [INFO] PinOutPanel:1589 - setPackage(No Configuration,No Configuration)
2026-01-06 19:48:53,372 [INFO] CADModel:165 - CPN selected for project level
2026-01-06 19:48:53,372 [INFO] CADModel:114 - Register for checkConnection events
2026-01-06 19:48:53,389 [INFO] IPUIPlugin:80 - create IPUIPlugin
2026-01-06 19:48:53,389 [INFO] PluginManager:220 - loadIPPluginJar : add adc
2026-01-06 19:48:53,391 [INFO] IPUIPlugin:80 - create IPUIPlugin
2026-01-06 19:48:53,391 [INFO] PluginManager:220 - loadIPPluginJar : add aes
2026-01-06 19:48:53,394 [INFO] IPUIPlugin:80 - create IPUIPlugin
2026-01-06 19:48:53,394 [INFO] PluginManager:220 - loadIPPluginJar : add can
2026-01-06 19:48:53,396 [INFO] IPUIPlugin:80 - create IPUIPlugin
2026-01-06 19:48:53,397 [INFO] PluginManager:220 - loadIPPluginJar : add comp
2026-01-06 19:48:53,400 [INFO] IPUIPlugin:80 - create IPUIPlugin
2026-01-06 19:48:53,400 [INFO] PluginManager:220 - loadIPPluginJar : add cryp
2026-01-06 19:48:53,404 [INFO] IPUIPlugin:80 - create IPUIPlugin
2026-01-06 19:48:53,404 [INFO] PluginManager:220 - loadIPPluginJar : add ddr_ctrl_phy
2026-01-06 19:48:53,407 [INFO] IPUIPlugin:80 - create IPUIPlugin
2026-01-06 19:48:53,407 [INFO] PluginManager:220 - loadIPPluginJar : add dfsdm
2026-01-06 19:48:53,412 [INFO] IPUIPlugin:80 - create IPUIPlugin
2026-01-06 19:48:53,412 [INFO] PluginManager:220 - loadIPPluginJar : add dma
2026-01-06 19:48:53,415 [INFO] IPUIPlugin:80 - create IPUIPlugin
2026-01-06 19:48:53,415 [INFO] PluginManager:220 - loadIPPluginJar : add dma3
2026-01-06 19:48:53,418 [INFO] IPUIPlugin:80 - create IPUIPlugin
2026-01-06 19:48:53,418 [INFO] PluginManager:220 - loadIPPluginJar : add extmemmanager
2026-01-06 19:48:53,420 [INFO] IPUIPlugin:80 - create IPUIPlugin
2026-01-06 19:48:53,420 [INFO] PluginManager:220 - loadIPPluginJar : add fatfs
2026-01-06 19:48:53,424 [INFO] IPUIPlugin:80 - create IPUIPlugin
2026-01-06 19:48:53,424 [INFO] PluginManager:220 - loadIPPluginJar : add fmc
2026-01-06 19:48:53,430 [INFO] IPUIPlugin:80 - create IPUIPlugin
2026-01-06 19:48:53,430 [INFO] PluginManager:220 - loadIPPluginJar : add freertos
2026-01-06 19:48:53,433 [INFO] IPUIPlugin:80 - create IPUIPlugin
2026-01-06 19:48:53,433 [INFO] PluginManager:220 - loadIPPluginJar : add genericplugin
2026-01-06 19:48:53,435 [INFO] IPUIPlugin:80 - create IPUIPlugin
2026-01-06 19:48:53,435 [INFO] PluginManager:220 - loadIPPluginJar : add gfxmmu
2026-01-06 19:48:53,440 [INFO] IPUIPlugin:80 - create IPUIPlugin
2026-01-06 19:48:53,440 [INFO] PluginManager:220 - loadIPPluginJar : add gic
2026-01-06 19:48:53,443 [INFO] IPUIPlugin:80 - create IPUIPlugin
2026-01-06 19:48:53,444 [INFO] PluginManager:220 - loadIPPluginJar : add gpio
2026-01-06 19:48:53,446 [INFO] IPUIPlugin:80 - create IPUIPlugin
2026-01-06 19:48:53,447 [INFO] PluginManager:220 - loadIPPluginJar : add gtzc
2026-01-06 19:48:53,449 [INFO] IPUIPlugin:80 - create IPUIPlugin
2026-01-06 19:48:53,449 [INFO] PluginManager:220 - loadIPPluginJar : add hash
2026-01-06 19:48:53,452 [INFO] IPUIPlugin:80 - create IPUIPlugin
2026-01-06 19:48:53,452 [INFO] PluginManager:220 - loadIPPluginJar : add i2c
2026-01-06 19:48:53,454 [INFO] IPUIPlugin:80 - create IPUIPlugin
2026-01-06 19:48:53,454 [INFO] PluginManager:220 - loadIPPluginJar : add i2s
2026-01-06 19:48:53,457 [INFO] IPUIPlugin:80 - create IPUIPlugin
2026-01-06 19:48:53,457 [INFO] PluginManager:220 - loadIPPluginJar : add i3c
2026-01-06 19:48:53,460 [INFO] IPUIPlugin:80 - create IPUIPlugin
2026-01-06 19:48:53,460 [INFO] PluginManager:220 - loadIPPluginJar : add ipddr
2026-01-06 19:48:53,466 [INFO] IPUIPlugin:80 - create IPUIPlugin
2026-01-06 19:48:53,466 [INFO] PluginManager:220 - loadIPPluginJar : add linkedlist
2026-01-06 19:48:53,469 [INFO] IPUIPlugin:80 - create IPUIPlugin
2026-01-06 19:48:53,469 [INFO] PluginManager:220 - loadIPPluginJar : add lorawan
2026-01-06 19:48:53,470 [INFO] IPUIPlugin:80 - create IPUIPlugin
2026-01-06 19:48:53,471 [INFO] PluginManager:220 - loadIPPluginJar : add ltdc
2026-01-06 19:48:53,476 [INFO] IPUIPlugin:80 - create IPUIPlugin
2026-01-06 19:48:53,476 [INFO] PluginManager:220 - loadIPPluginJar : add mdma
2026-01-06 19:48:53,480 [INFO] IPUIPlugin:80 - create IPUIPlugin
2026-01-06 19:48:53,480 [INFO] PluginManager:220 - loadIPPluginJar : add nvic
2026-01-06 19:48:53,484 [INFO] IPUIPlugin:80 - create IPUIPlugin
2026-01-06 19:48:53,484 [INFO] PluginManager:220 - loadIPPluginJar : add opamp
2026-01-06 19:48:53,488 [INFO] IPUIPlugin:80 - create IPUIPlugin
2026-01-06 19:48:53,488 [INFO] PluginManager:220 - loadIPPluginJar : add openamp
2026-01-06 19:48:53,491 [INFO] IPUIPlugin:80 - create IPUIPlugin
2026-01-06 19:48:53,491 [INFO] PluginManager:220 - loadIPPluginJar : add pdm2pcm
2026-01-06 19:48:53,498 [INFO] IPUIPlugin:80 - create IPUIPlugin
2026-01-06 19:48:53,500 [INFO] PluginManager:220 - loadIPPluginJar : add plateformsettings
2026-01-06 19:48:53,501 [INFO] IPUIPlugin:80 - create IPUIPlugin
2026-01-06 19:48:53,502 [INFO] PluginManager:220 - loadIPPluginJar : add quadspi
2026-01-06 19:48:53,504 [INFO] IPUIPlugin:80 - create IPUIPlugin
2026-01-06 19:48:53,504 [INFO] PluginManager:220 - loadIPPluginJar : add radio
2026-01-06 19:48:53,508 [INFO] IPUIPlugin:80 - create IPUIPlugin
2026-01-06 19:48:53,508 [INFO] PluginManager:220 - loadIPPluginJar : add resmgrutility
2026-01-06 19:48:53,511 [INFO] IPUIPlugin:80 - create IPUIPlugin
2026-01-06 19:48:53,512 [INFO] PluginManager:220 - loadIPPluginJar : add sai
2026-01-06 19:48:53,514 [INFO] IPUIPlugin:80 - create IPUIPlugin
2026-01-06 19:48:53,514 [INFO] PluginManager:220 - loadIPPluginJar : add spi
2026-01-06 19:48:53,520 [INFO] IPUIPlugin:80 - create IPUIPlugin
2026-01-06 19:48:53,520 [INFO] PluginManager:220 - loadIPPluginJar : add stm32_wpan
2026-01-06 19:48:53,521 [INFO] IPUIPlugin:80 - create IPUIPlugin
2026-01-06 19:48:53,522 [INFO] PluginManager:220 - loadIPPluginJar : add tim
2026-01-06 19:48:53,524 [INFO] IPUIPlugin:80 - create IPUIPlugin
2026-01-06 19:48:53,524 [INFO] PluginManager:220 - loadIPPluginJar : add touchsensing
2026-01-06 19:48:53,526 [INFO] IPUIPlugin:80 - create IPUIPlugin
2026-01-06 19:48:53,526 [INFO] PluginManager:220 - loadIPPluginJar : add tracer_emb
2026-01-06 19:48:53,528 [INFO] IPUIPlugin:80 - create IPUIPlugin
2026-01-06 19:48:53,528 [INFO] PluginManager:220 - loadIPPluginJar : add ts
2026-01-06 19:48:53,529 [INFO] IPUIPlugin:80 - create IPUIPlugin
2026-01-06 19:48:53,529 [INFO] PluginManager:220 - loadIPPluginJar : add tsc
2026-01-06 19:48:53,532 [INFO] IPUIPlugin:80 - create IPUIPlugin
2026-01-06 19:48:53,532 [INFO] PluginManager:220 - loadIPPluginJar : add ucpd
2026-01-06 19:48:53,534 [INFO] IPUIPlugin:80 - create IPUIPlugin
2026-01-06 19:48:53,534 [INFO] PluginManager:220 - loadIPPluginJar : add usart
2026-01-06 19:48:53,536 [INFO] IPUIPlugin:80 - create IPUIPlugin
2026-01-06 19:48:53,537 [INFO] PluginManager:220 - loadIPPluginJar : add usbx
2026-01-06 19:48:53,653 [FATAL] Updater:351 - Updater called before beeing initialized
2026-01-06 19:48:53,680 [INFO] RulesReader:64 - Compatibility file has been processed (317 Rules)
2026-01-06 19:48:53,689 [INFO] RulesReader:64 - Compatibility file has been processed (317 Rules)
2026-01-06 19:48:53,697 [INFO] CADModel:165 - CPN selected for project level
2026-01-06 19:48:53,697 [INFO] CADModel:114 - Register for checkConnection events
2026-01-06 19:48:53,697 [FATAL] Updater:351 - Updater called before beeing initialized
2026-01-06 19:48:53,698 [ERROR] CADModel:125 - Updater not yet initialized, retry later 
2026-01-06 19:48:53,839 [FATAL] Updater:351 - Updater called before beeing initialized
2026-01-06 19:48:53,841 [INFO] CADModel:165 - CPN selected for project level
2026-01-06 19:48:53,841 [INFO] CADModel:114 - Register for checkConnection events
2026-01-06 19:48:53,841 [FATAL] Updater:351 - Updater called before beeing initialized
2026-01-06 19:48:53,841 [ERROR] CADModel:125 - Updater not yet initialized, retry later 
2026-01-06 19:48:53,843 [FATAL] Updater:351 - Updater called before beeing initialized
2026-01-06 19:48:53,932 [FATAL] Updater:351 - Updater called before beeing initialized
2026-01-06 19:48:53,936 [INFO] DbMcusAds:53 - JSON generation date=Tue Jul 08 13:44:23 IST 2025 (1751962463582)
2026-01-06 19:48:53,936 [FATAL] Updater:351 - Updater called before beeing initialized
2026-01-06 19:48:53,973 [WARN] DetailPanel:346 - Failed to get advertising image, set to default
2026-01-06 19:48:54,043 [FATAL] Updater:351 - Updater called before beeing initialized
2026-01-06 19:48:54,045 [FATAL] Updater:351 - Updater called before beeing initialized
2026-01-06 19:48:54,045 [FATAL] Updater:351 - Updater called before beeing initialized
2026-01-06 19:48:54,045 [WARN] DetailPanel:346 - Failed to get advertising image, set to default
2026-01-06 19:48:54,045 [FATAL] Updater:351 - Updater called before beeing initialized
2026-01-06 19:48:54,086 [ERROR] Updater:1198 - MainUpdater not yet initialized. External WinMGr cannot be set.
2026-01-06 19:48:54,088 [INFO] Updater:1134 - Updater Version found : 6.15.0
2026-01-06 19:48:54,103 [INFO] ApplicationProperties:184 - Using Application install path: C:\ST\STM32CubeIDE_1.19.0\STM32CubeIDE\plugins\com.st.stm32cube.common.mx_6.15.0.202507011659
2026-01-06 19:48:55,675 [ERROR] LogOutputStream:75 - [STDERR_REDIRECT] Jan 06, 2026 7:48:55 PM java.util.prefs.WindowsPreferences <init>
2026-01-06 19:48:55,676 [ERROR] LogOutputStream:75 - [STDERR_REDIRECT] WARNING: Could not open/create prefs root node Software\JavaSoft\Prefs at root 0xffffffff80000002. Windows RegCreateKeyEx(...) returned error code 5.
2026-01-06 19:48:55,677 [ERROR] LogOutputStream:75 - [STDERR_REDIRECT] 
2026-01-06 19:48:55,852 [INFO] ThirdPartyUpdaterWithRetryManager:70 - Updater plugin not ready yet. [2/15]
2026-01-06 19:48:56,168 [INFO] MainUpdater:2872 - connection check result : 10
2026-01-06 19:48:56,168 [INFO] MainUpdater:3604 - Updater definition file requires update
2026-01-06 19:48:56,169 [INFO] MainUpdater:289 - Updater Check For Update Now.
2026-01-06 19:48:56,169 [INFO] MicroXplorer:498 - Change Database Version : DB.6.0.150
2026-01-06 19:48:56,176 [INFO] McuFinderGlobals:63 - Set McuFinder mode to 2 (CubeIDE integrated)
2026-01-06 19:48:56,176 [INFO] UserAuth:171 - activating auth plugin
2026-01-06 19:48:56,178 [INFO] UserAuth:487 - Internet connection configuration mode: 1
2026-01-06 19:48:56,202 [INFO] JxBrowserEngine:152 - Initiate JxBrowser Engine with user profile folder
2026-01-06 19:48:56,337 [INFO] ServerAccessManage:452 - Complete download http(s) 200
2026-01-06 19:48:56,338 [INFO] ServerAccessManage:509 - Download File updaters.zip
2026-01-06 19:48:56,577 [INFO] FileExtend:248 - Unzip File : updaters.zip
2026-01-06 19:48:56,577 [INFO] FileExtend:263 - Standard Zip Deflate
2026-01-06 19:48:57,038 [INFO] ServerAccessManage:452 - Complete download http(s) 200
2026-01-06 19:48:57,038 [INFO] ServerAccessManage:509 - Download File PacksControlFlags.xml
2026-01-06 19:48:57,329 [INFO] ServerAccessManage:452 - Complete download http(s) 200
2026-01-06 19:48:57,329 [INFO] ServerAccessManage:509 - Download File cubemx.pidx
2026-01-06 19:48:57,852 [INFO] WebApp:169 - Instantiating new browser for Auth
2026-01-06 19:48:58,393 [INFO] ServerAccessManage:452 - Complete download http(s) 200
2026-01-06 19:48:58,393 [INFO] ServerAccessManage:509 - Download File STMicroelectronics.FP-SNS-MOTENV1.pdsc
2026-01-06 19:48:58,702 [INFO] WebApp:463 - Apply proxy settings
2026-01-06 19:48:58,703 [INFO] WebApp:548 - Chromium requires no authentication
2026-01-06 19:48:58,713 [INFO] WebApp:491 - Direct internet connection detected
2026-01-06 19:48:58,750 [INFO] WebApp:900 - Register for checkConnection events
2026-01-06 19:48:58,750 [INFO] WebApp:463 - Apply proxy settings
2026-01-06 19:48:58,750 [INFO] WebApp:548 - Chromium requires no authentication
2026-01-06 19:48:58,750 [INFO] WebApp:491 - Direct internet connection detected
2026-01-06 19:48:58,853 [WARN] MainUpdater:1193 - Updater busy. Cannot search thirdparties
2026-01-06 19:48:58,853 [INFO] ThirdPartyUpdaterWithRetryManager:96 - Updater plugin is busy. [1/15]
2026-01-06 19:48:58,926 [INFO] WebApp:225 - Starting web application
2026-01-06 19:48:58,926 [INFO] WebApp:593 - Web application path used C:\ST\STM32CubeIDE_1.19.0\STM32CubeIDE\plugins\com.st.stm32cube.common.mx_6.15.0.202507011659\db\plugins\mcufinder\reactClient1\index.html
2026-01-06 19:48:59,404 [ERROR] LogOutputStream:75 - [STDERR_REDIRECT] [Fatal Error] :1:1: Premature end of file.
2026-01-06 19:48:59,404 [ERROR] LogOutputStream:75 - [STDERR_REDIRECT] 
2026-01-06 19:48:59,445 [INFO] WebApp:191 - Connection restablished
2026-01-06 19:49:00,246 [ERROR] LogOutputStream:75 - [STDERR_REDIRECT] [Fatal Error] :1:1: Premature end of file.
2026-01-06 19:49:00,247 [ERROR] LogOutputStream:75 - [STDERR_REDIRECT] 
2026-01-06 19:49:01,156 [ERROR] LogOutputStream:75 - [STDERR_REDIRECT] [Fatal Error] :1:1: Premature end of file.
2026-01-06 19:49:01,157 [ERROR] LogOutputStream:75 - [STDERR_REDIRECT] 
2026-01-06 19:49:01,422 [INFO] ServerAccessManage:452 - Complete download http(s) 200
2026-01-06 19:49:01,423 [INFO] ServerAccessManage:509 - Download File STMicroelectronics.X-CUBE-BLE1.pdsc
2026-01-06 19:49:01,854 [WARN] MainUpdater:1193 - Updater busy. Cannot search thirdparties
2026-01-06 19:49:01,854 [INFO] ThirdPartyUpdaterWithRetryManager:96 - Updater plugin is busy. [2/15]
2026-01-06 19:49:02,159 [ERROR] LogOutputStream:75 - [STDERR_REDIRECT] [Fatal Error] :1:1: Premature end of file.
2026-01-06 19:49:02,159 [ERROR] LogOutputStream:75 - [STDERR_REDIRECT] 
2026-01-06 19:49:03,154 [ERROR] LogOutputStream:75 - [STDERR_REDIRECT] [Fatal Error] :1:1: Premature end of file.
2026-01-06 19:49:03,154 [ERROR] LogOutputStream:75 - [STDERR_REDIRECT] 
2026-01-06 19:49:04,152 [ERROR] LogOutputStream:75 - [STDERR_REDIRECT] [Fatal Error] :1:1: Premature end of file.
2026-01-06 19:49:04,153 [ERROR] LogOutputStream:75 - [STDERR_REDIRECT] 
2026-01-06 19:49:04,855 [WARN] MainUpdater:1193 - Updater busy. Cannot search thirdparties
2026-01-06 19:49:04,855 [INFO] ThirdPartyUpdaterWithRetryManager:96 - Updater plugin is busy. [3/15]
2026-01-06 19:49:05,155 [ERROR] LogOutputStream:75 - [STDERR_REDIRECT] [Fatal Error] :1:1: Premature end of file.
2026-01-06 19:49:05,155 [ERROR] LogOutputStream:75 - [STDERR_REDIRECT] 
2026-01-06 19:49:06,154 [ERROR] LogOutputStream:75 - [STDERR_REDIRECT] [Fatal Error] :1:1: Premature end of file.
2026-01-06 19:49:06,154 [ERROR] LogOutputStream:75 - [STDERR_REDIRECT] 
2026-01-06 19:49:07,155 [ERROR] LogOutputStream:75 - [STDERR_REDIRECT] [Fatal Error] :1:1: Premature end of file.
2026-01-06 19:49:07,155 [ERROR] LogOutputStream:75 - [STDERR_REDIRECT] 
2026-01-06 19:49:07,856 [WARN] MainUpdater:1193 - Updater busy. Cannot search thirdparties
2026-01-06 19:49:07,856 [INFO] ThirdPartyUpdaterWithRetryManager:96 - Updater plugin is busy. [4/15]
2026-01-06 19:49:08,153 [ERROR] LogOutputStream:75 - [STDERR_REDIRECT] [Fatal Error] :1:1: Premature end of file.
2026-01-06 19:49:08,153 [ERROR] LogOutputStream:75 - [STDERR_REDIRECT] 
2026-01-06 19:49:09,159 [ERROR] LogOutputStream:75 - [STDERR_REDIRECT] [Fatal Error] :1:1: Premature end of file.
2026-01-06 19:49:09,159 [ERROR] LogOutputStream:75 - [STDERR_REDIRECT] 
2026-01-06 19:49:09,751 [ERROR] ServerAccessManage:1212 - Problem, file not found on Server
2026-01-06 19:49:10,154 [ERROR] LogOutputStream:75 - [STDERR_REDIRECT] [Fatal Error] :1:1: Premature end of file.
2026-01-06 19:49:10,154 [ERROR] LogOutputStream:75 - [STDERR_REDIRECT] 
2026-01-06 19:49:10,411 [INFO] ServerAccessManage:452 - Complete download http(s) 200
2026-01-06 19:49:10,411 [INFO] ServerAccessManage:509 - Download File STMicroelectronics.X-CUBE-BLE2.pdsc
2026-01-06 19:49:10,858 [WARN] MainUpdater:1193 - Updater busy. Cannot search thirdparties
2026-01-06 19:49:10,858 [INFO] ThirdPartyUpdaterWithRetryManager:96 - Updater plugin is busy. [5/15]
2026-01-06 19:49:11,153 [ERROR] LogOutputStream:75 - [STDERR_REDIRECT] [Fatal Error] :1:1: Premature end of file.
2026-01-06 19:49:11,153 [ERROR] LogOutputStream:75 - [STDERR_REDIRECT] 
2026-01-06 19:49:12,152 [ERROR] LogOutputStream:75 - [STDERR_REDIRECT] [Fatal Error] :1:1: Premature end of file.
2026-01-06 19:49:12,152 [ERROR] LogOutputStream:75 - [STDERR_REDIRECT] 
2026-01-06 19:49:13,153 [ERROR] LogOutputStream:75 - [STDERR_REDIRECT] [Fatal Error] :1:1: Premature end of file.
2026-01-06 19:49:13,153 [ERROR] LogOutputStream:75 - [STDERR_REDIRECT] 
2026-01-06 19:49:13,861 [WARN] MainUpdater:1193 - Updater busy. Cannot search thirdparties
2026-01-06 19:49:13,861 [INFO] ThirdPartyUpdaterWithRetryManager:96 - Updater plugin is busy. [6/15]
2026-01-06 19:49:14,152 [ERROR] LogOutputStream:75 - [STDERR_REDIRECT] [Fatal Error] :1:1: Premature end of file.
2026-01-06 19:49:14,153 [ERROR] LogOutputStream:75 - [STDERR_REDIRECT] 
2026-01-06 19:49:15,153 [ERROR] LogOutputStream:75 - [STDERR_REDIRECT] [Fatal Error] :1:1: Premature end of file.
2026-01-06 19:49:15,153 [ERROR] LogOutputStream:75 - [STDERR_REDIRECT] 
2026-01-06 19:49:15,272 [INFO] ServerAccessManage:452 - Complete download http(s) 200
2026-01-06 19:49:15,272 [INFO] ServerAccessManage:509 - Download File STMicroelectronics.X-CUBE-BLEMGR.pdsc
2026-01-06 19:49:16,154 [ERROR] LogOutputStream:75 - [STDERR_REDIRECT] [Fatal Error] :1:1: Premature end of file.
2026-01-06 19:49:16,154 [ERROR] LogOutputStream:75 - [STDERR_REDIRECT] 
2026-01-06 19:49:16,760 [ERROR] ServerAccessManage:1212 - Problem, file not found on Server
2026-01-06 19:49:16,862 [WARN] MainUpdater:1193 - Updater busy. Cannot search thirdparties
2026-01-06 19:49:16,862 [INFO] ThirdPartyUpdaterWithRetryManager:96 - Updater plugin is busy. [7/15]
2026-01-06 19:49:17,152 [ERROR] LogOutputStream:75 - [STDERR_REDIRECT] [Fatal Error] :1:1: Premature end of file.
2026-01-06 19:49:17,152 [ERROR] LogOutputStream:75 - [STDERR_REDIRECT] 
2026-01-06 19:49:18,153 [ERROR] LogOutputStream:75 - [STDERR_REDIRECT] [Fatal Error] :1:1: Premature end of file.
2026-01-06 19:49:18,153 [ERROR] LogOutputStream:75 - [STDERR_REDIRECT] 
2026-01-06 19:49:19,153 [ERROR] LogOutputStream:75 - [STDERR_REDIRECT] [Fatal Error] :1:1: Premature end of file.
2026-01-06 19:49:19,154 [ERROR] LogOutputStream:75 - [STDERR_REDIRECT] 
2026-01-06 19:49:19,863 [WARN] MainUpdater:1193 - Updater busy. Cannot search thirdparties
2026-01-06 19:49:19,863 [INFO] ThirdPartyUpdaterWithRetryManager:96 - Updater plugin is busy. [8/15]
2026-01-06 19:49:20,153 [ERROR] LogOutputStream:75 - [STDERR_REDIRECT] [Fatal Error] :1:1: Premature end of file.
2026-01-06 19:49:20,153 [ERROR] LogOutputStream:75 - [STDERR_REDIRECT] 
2026-01-06 19:49:20,706 [INFO] ServerAccessManage:452 - Complete download http(s) 200
2026-01-06 19:49:20,706 [INFO] ServerAccessManage:509 - Download File STMicroelectronics.X-CUBE-DISPLAY.pdsc
2026-01-06 19:49:21,153 [ERROR] LogOutputStream:75 - [STDERR_REDIRECT] [Fatal Error] :1:1: Premature end of file.
2026-01-06 19:49:21,153 [ERROR] LogOutputStream:75 - [STDERR_REDIRECT] 
2026-01-06 19:49:22,155 [ERROR] LogOutputStream:75 - [STDERR_REDIRECT] [Fatal Error] :1:1: Premature end of file.
2026-01-06 19:49:22,155 [ERROR] LogOutputStream:75 - [STDERR_REDIRECT] 
2026-01-06 19:49:22,865 [WARN] MainUpdater:1193 - Updater busy. Cannot search thirdparties
2026-01-06 19:49:22,865 [INFO] ThirdPartyUpdaterWithRetryManager:96 - Updater plugin is busy. [9/15]
2026-01-06 19:49:23,153 [ERROR] LogOutputStream:75 - [STDERR_REDIRECT] [Fatal Error] :1:1: Premature end of file.
2026-01-06 19:49:23,153 [ERROR] LogOutputStream:75 - [STDERR_REDIRECT] 
2026-01-06 19:49:24,152 [ERROR] LogOutputStream:75 - [STDERR_REDIRECT] [Fatal Error] :1:1: Premature end of file.
2026-01-06 19:49:24,153 [ERROR] LogOutputStream:75 - [STDERR_REDIRECT] 
2026-01-06 19:49:24,334 [INFO] ServerAccessManage:452 - Complete download http(s) 200
2026-01-06 19:49:24,334 [INFO] ServerAccessManage:509 - Download File STMicroelectronics.X-CUBE-DPOWER.pdsc
2026-01-06 19:49:25,159 [ERROR] LogOutputStream:75 - [STDERR_REDIRECT] [Fatal Error] :1:1: Premature end of file.
2026-01-06 19:49:25,159 [ERROR] LogOutputStream:75 - [STDERR_REDIRECT] 
2026-01-06 19:49:25,799 [ERROR] ServerAccessManage:1212 - Problem, file not found on Server
2026-01-06 19:49:25,866 [WARN] MainUpdater:1193 - Updater busy. Cannot search thirdparties
2026-01-06 19:49:25,866 [INFO] ThirdPartyUpdaterWithRetryManager:96 - Updater plugin is busy. [10/15]
2026-01-06 19:49:26,154 [ERROR] LogOutputStream:75 - [STDERR_REDIRECT] [Fatal Error] :1:1: Premature end of file.
2026-01-06 19:49:26,155 [ERROR] LogOutputStream:75 - [STDERR_REDIRECT] 
2026-01-06 19:49:26,371 [ERROR] ServerAccessManage:1212 - Problem, file not found on Server
2026-01-06 19:49:26,975 [ERROR] ServerAccessManage:1212 - Problem, file not found on Server
2026-01-06 19:49:27,153 [ERROR] LogOutputStream:75 - [STDERR_REDIRECT] [Fatal Error] :1:1: Premature end of file.
2026-01-06 19:49:27,153 [ERROR] LogOutputStream:75 - [STDERR_REDIRECT] 
2026-01-06 19:49:27,584 [ERROR] ServerAccessManage:1212 - Problem, file not found on Server
2026-01-06 19:49:28,151 [ERROR] LogOutputStream:75 - [STDERR_REDIRECT] [Fatal Error] :1:1: Premature end of file.
2026-01-06 19:49:28,152 [ERROR] LogOutputStream:75 - [STDERR_REDIRECT] 
2026-01-06 19:49:28,185 [ERROR] ServerAccessManage:1212 - Problem, file not found on Server
2026-01-06 19:49:28,814 [ERROR] ServerAccessManage:1212 - Problem, file not found on Server
2026-01-06 19:49:28,868 [WARN] MainUpdater:1193 - Updater busy. Cannot search thirdparties
2026-01-06 19:49:28,868 [INFO] ThirdPartyUpdaterWithRetryManager:96 - Updater plugin is busy. [11/15]
2026-01-06 19:49:29,151 [ERROR] LogOutputStream:75 - [STDERR_REDIRECT] [Fatal Error] :1:1: Premature end of file.
2026-01-06 19:49:29,151 [ERROR] LogOutputStream:75 - [STDERR_REDIRECT] 
2026-01-06 19:49:29,396 [ERROR] ServerAccessManage:1212 - Problem, file not found on Server
2026-01-06 19:49:29,979 [ERROR] ServerAccessManage:1212 - Problem, file not found on Server
2026-01-06 19:49:30,157 [ERROR] LogOutputStream:75 - [STDERR_REDIRECT] [Fatal Error] :1:1: Premature end of file.
2026-01-06 19:49:30,157 [ERROR] LogOutputStream:75 - [STDERR_REDIRECT] 
2026-01-06 19:49:30,565 [ERROR] ServerAccessManage:1212 - Problem, file not found on Server
2026-01-06 19:49:31,131 [ERROR] ServerAccessManage:1212 - Problem, file not found on Server
2026-01-06 19:49:31,152 [ERROR] LogOutputStream:75 - [STDERR_REDIRECT] [Fatal Error] :1:1: Premature end of file.
2026-01-06 19:49:31,153 [ERROR] LogOutputStream:75 - [STDERR_REDIRECT] 
2026-01-06 19:49:31,712 [ERROR] ServerAccessManage:1212 - Problem, file not found on Server
2026-01-06 19:49:31,869 [WARN] MainUpdater:1193 - Updater busy. Cannot search thirdparties
2026-01-06 19:49:31,869 [INFO] ThirdPartyUpdaterWithRetryManager:96 - Updater plugin is busy. [12/15]
2026-01-06 19:49:32,021 [INFO] ServerAccessManage:452 - Complete download http(s) 200
2026-01-06 19:49:32,022 [INFO] ServerAccessManage:509 - Download File STMicroelectronics.X-CUBE-EEPRMA1.pdsc
2026-01-06 19:49:32,151 [ERROR] LogOutputStream:75 - [STDERR_REDIRECT] [Fatal Error] :1:1: Premature end of file.
2026-01-06 19:49:32,152 [ERROR] LogOutputStream:75 - [STDERR_REDIRECT] 
2026-01-06 19:49:33,153 [ERROR] LogOutputStream:75 - [STDERR_REDIRECT] [Fatal Error] :1:1: Premature end of file.
2026-01-06 19:49:33,153 [ERROR] LogOutputStream:75 - [STDERR_REDIRECT] 
2026-01-06 19:49:33,519 [ERROR] ServerAccessManage:1212 - Problem, file not found on Server
2026-01-06 19:49:34,152 [ERROR] LogOutputStream:75 - [STDERR_REDIRECT] [Fatal Error] :1:1: Premature end of file.
2026-01-06 19:49:34,152 [ERROR] LogOutputStream:75 - [STDERR_REDIRECT] 
2026-01-06 19:49:34,869 [WARN] MainUpdater:1193 - Updater busy. Cannot search thirdparties
2026-01-06 19:49:34,869 [INFO] ThirdPartyUpdaterWithRetryManager:96 - Updater plugin is busy. [13/15]
2026-01-06 19:49:35,150 [ERROR] LogOutputStream:75 - [STDERR_REDIRECT] [Fatal Error] :1:1: Premature end of file.
2026-01-06 19:49:35,150 [ERROR] LogOutputStream:75 - [STDERR_REDIRECT] 
2026-01-06 19:49:35,316 [ERROR] ServerAccessManage:1212 - Problem, file not found on Server
2026-01-06 19:49:36,155 [ERROR] LogOutputStream:75 - [STDERR_REDIRECT] [Fatal Error] :1:1: Premature end of file.
2026-01-06 19:49:36,155 [ERROR] LogOutputStream:75 - [STDERR_REDIRECT] 
2026-01-06 19:49:36,818 [INFO] ServerAccessManage:452 - Complete download http(s) 200
2026-01-06 19:49:36,818 [INFO] ServerAccessManage:509 - Download File STMicroelectronics.X-CUBE-FREERTOS.pdsc
2026-01-06 19:49:37,154 [ERROR] LogOutputStream:75 - [STDERR_REDIRECT] [Fatal Error] :1:1: Premature end of file.
2026-01-06 19:49:37,154 [ERROR] LogOutputStream:75 - [STDERR_REDIRECT] 
2026-01-06 19:49:37,870 [WARN] MainUpdater:1193 - Updater busy. Cannot search thirdparties
2026-01-06 19:49:37,870 [INFO] ThirdPartyUpdaterWithRetryManager:96 - Updater plugin is busy. [14/15]
2026-01-06 19:49:38,157 [ERROR] LogOutputStream:75 - [STDERR_REDIRECT] [Fatal Error] :1:1: Premature end of file.
2026-01-06 19:49:38,157 [ERROR] LogOutputStream:75 - [STDERR_REDIRECT] 
2026-01-06 19:49:39,153 [ERROR] LogOutputStream:75 - [STDERR_REDIRECT] [Fatal Error] :1:1: Premature end of file.
2026-01-06 19:49:39,153 [ERROR] LogOutputStream:75 - [STDERR_REDIRECT] 
2026-01-06 19:49:40,155 [ERROR] LogOutputStream:75 - [STDERR_REDIRECT] [Fatal Error] :1:1: Premature end of file.
2026-01-06 19:49:40,155 [ERROR] LogOutputStream:75 - [STDERR_REDIRECT] 
2026-01-06 19:49:40,634 [INFO] ServerAccessManage:452 - Complete download http(s) 200
2026-01-06 19:49:40,634 [INFO] ServerAccessManage:509 - Download File STMicroelectronics.X-CUBE-GNSS1.pdsc
2026-01-06 19:49:40,871 [WARN] MainUpdater:1193 - Updater busy. Cannot search thirdparties
2026-01-06 19:49:40,871 [INFO] ThirdPartyUpdaterWithRetryManager:96 - Updater plugin is busy. [15/15]
2026-01-06 19:49:40,872 [ERROR] IntegrityCheckThread:130 - Cannot retrieve database content from updater: error -1
2026-01-06 19:49:40,872 [INFO] ThirdParty:978 - Integrity check success = false
2026-01-06 19:49:40,872 [INFO] IntegrityCheckThread:100 - exiting critical section [integrity check]
2026-01-06 19:49:40,872 [INFO] IntegrityCheckThread:103 - End integrity checks thread
2026-01-06 19:49:41,153 [ERROR] LogOutputStream:75 - [STDERR_REDIRECT] [Fatal Error] :1:1: Premature end of file.
2026-01-06 19:49:41,153 [ERROR] LogOutputStream:75 - [STDERR_REDIRECT] 
2026-01-06 19:49:42,150 [ERROR] LogOutputStream:75 - [STDERR_REDIRECT] [Fatal Error] :1:1: Premature end of file.
2026-01-06 19:49:42,150 [ERROR] LogOutputStream:75 - [STDERR_REDIRECT] 
2026-01-06 19:49:43,152 [ERROR] LogOutputStream:75 - [STDERR_REDIRECT] [Fatal Error] :1:1: Premature end of file.
2026-01-06 19:49:43,152 [ERROR] LogOutputStream:75 - [STDERR_REDIRECT] 
2026-01-06 19:49:44,166 [ERROR] LogOutputStream:75 - [STDERR_REDIRECT] [Fatal Error] :1:1: Premature end of file.
2026-01-06 19:49:44,166 [ERROR] LogOutputStream:75 - [STDERR_REDIRECT] 
2026-01-06 19:49:45,154 [ERROR] LogOutputStream:75 - [STDERR_REDIRECT] [Fatal Error] :1:1: Premature end of file.
2026-01-06 19:49:45,154 [ERROR] LogOutputStream:75 - [STDERR_REDIRECT] 
2026-01-06 19:49:46,152 [ERROR] LogOutputStream:75 - [STDERR_REDIRECT] [Fatal Error] :1:1: Premature end of file.
2026-01-06 19:49:46,152 [ERROR] LogOutputStream:75 - [STDERR_REDIRECT] 
2026-01-06 19:49:46,378 [INFO] WebApp:194 - Connection lost
2026-01-06 19:49:46,701 [INFO] WebApp:191 - Connection restablished
2026-01-06 19:49:47,163 [ERROR] LogOutputStream:75 - [STDERR_REDIRECT] [Fatal Error] :1:1: Premature end of file.
2026-01-06 19:49:47,163 [ERROR] LogOutputStream:75 - [STDERR_REDIRECT] 
2026-01-06 19:49:47,507 [ERROR] ServerAccessManage:1212 - Problem, file not found on Server
2026-01-06 19:49:48,111 [ERROR] ServerAccessManage:1212 - Problem, file not found on Server
2026-01-06 19:49:48,153 [ERROR] LogOutputStream:75 - [STDERR_REDIRECT] [Fatal Error] :1:1: Premature end of file.
2026-01-06 19:49:48,153 [ERROR] LogOutputStream:75 - [STDERR_REDIRECT] 
2026-01-06 19:49:48,699 [ERROR] ServerAccessManage:1212 - Problem, file not found on Server
2026-01-06 19:49:49,155 [ERROR] LogOutputStream:75 - [STDERR_REDIRECT] [Fatal Error] :1:1: Premature end of file.
2026-01-06 19:49:49,155 [ERROR] LogOutputStream:75 - [STDERR_REDIRECT] 
2026-01-06 19:49:49,309 [ERROR] ServerAccessManage:1212 - Problem, file not found on Server
2026-01-06 19:49:49,899 [ERROR] ServerAccessManage:1212 - Problem, file not found on Server
2026-01-06 19:49:50,156 [ERROR] LogOutputStream:75 - [STDERR_REDIRECT] [Fatal Error] :1:1: Premature end of file.
2026-01-06 19:49:50,156 [ERROR] LogOutputStream:75 - [STDERR_REDIRECT] 
2026-01-06 19:49:50,466 [ERROR] ServerAccessManage:1212 - Problem, file not found on Server
2026-01-06 19:49:51,037 [INFO] ServerAccessManage:452 - Complete download http(s) 200
2026-01-06 19:49:51,037 [INFO] ServerAccessManage:509 - Download File STMicroelectronics.X-CUBE-ISPU.pdsc
2026-01-06 19:49:51,159 [ERROR] LogOutputStream:75 - [STDERR_REDIRECT] [Fatal Error] :1:1: Premature end of file.
2026-01-06 19:49:51,159 [ERROR] LogOutputStream:75 - [STDERR_REDIRECT] 
2026-01-06 19:49:52,153 [ERROR] LogOutputStream:75 - [STDERR_REDIRECT] [Fatal Error] :1:1: Premature end of file.
2026-01-06 19:49:52,153 [ERROR] LogOutputStream:75 - [STDERR_REDIRECT] 
2026-01-06 19:49:53,154 [ERROR] LogOutputStream:75 - [STDERR_REDIRECT] [Fatal Error] :1:1: Premature end of file.
2026-01-06 19:49:53,154 [ERROR] LogOutputStream:75 - [STDERR_REDIRECT] 
2026-01-06 19:49:53,424 [INFO] ServerAccessManage:452 - Complete download http(s) 200
2026-01-06 19:49:53,424 [INFO] ServerAccessManage:509 - Download File STMicroelectronics.X-CUBE-IPS.pdsc
2026-01-06 19:49:54,156 [ERROR] LogOutputStream:75 - [STDERR_REDIRECT] [Fatal Error] :1:1: Premature end of file.
2026-01-06 19:49:54,156 [ERROR] LogOutputStream:75 - [STDERR_REDIRECT] 
2026-01-06 19:49:55,158 [ERROR] LogOutputStream:75 - [STDERR_REDIRECT] [Fatal Error] :1:1: Premature end of file.
2026-01-06 19:49:55,158 [ERROR] LogOutputStream:75 - [STDERR_REDIRECT] 
2026-01-06 19:49:55,861 [INFO] ServerAccessManage:452 - Complete download http(s) 200
2026-01-06 19:49:55,861 [INFO] ServerAccessManage:509 - Download File STMicroelectronics.X-CUBE-MEMS1.pdsc
2026-01-06 19:49:56,201 [ERROR] LogOutputStream:75 - [STDERR_REDIRECT] [Fatal Error] :1:1: Premature end of file.
2026-01-06 19:49:56,201 [ERROR] LogOutputStream:75 - [STDERR_REDIRECT] 
2026-01-06 19:49:57,230 [ERROR] LogOutputStream:75 - [STDERR_REDIRECT] [Fatal Error] :1:1: Premature end of file.
2026-01-06 19:49:57,230 [ERROR] LogOutputStream:75 - [STDERR_REDIRECT] 
2026-01-06 19:49:58,177 [ERROR] LogOutputStream:75 - [STDERR_REDIRECT] [Fatal Error] :1:1: Premature end of file.
2026-01-06 19:49:58,177 [ERROR] LogOutputStream:75 - [STDERR_REDIRECT] 
2026-01-06 19:49:59,168 [ERROR] LogOutputStream:75 - [STDERR_REDIRECT] [Fatal Error] :1:1: Premature end of file.
2026-01-06 19:49:59,170 [ERROR] LogOutputStream:75 - [STDERR_REDIRECT] 
2026-01-06 19:50:00,162 [ERROR] LogOutputStream:75 - [STDERR_REDIRECT] [Fatal Error] :1:1: Premature end of file.
2026-01-06 19:50:00,166 [ERROR] LogOutputStream:75 - [STDERR_REDIRECT] 
2026-01-06 19:50:01,179 [ERROR] LogOutputStream:75 - [STDERR_REDIRECT] [Fatal Error] :1:1: Premature end of file.
2026-01-06 19:50:01,179 [ERROR] LogOutputStream:75 - [STDERR_REDIRECT] 
2026-01-06 19:50:02,175 [ERROR] LogOutputStream:75 - [STDERR_REDIRECT] [Fatal Error] :1:1: Premature end of file.
2026-01-06 19:50:02,175 [ERROR] LogOutputStream:75 - [STDERR_REDIRECT] 
2026-01-06 19:50:03,155 [ERROR] LogOutputStream:75 - [STDERR_REDIRECT] [Fatal Error] :1:1: Premature end of file.
2026-01-06 19:50:03,155 [ERROR] LogOutputStream:75 - [STDERR_REDIRECT] 
2026-01-06 19:50:04,231 [ERROR] LogOutputStream:75 - [STDERR_REDIRECT] [Fatal Error] :1:1: Premature end of file.
2026-01-06 19:50:04,232 [ERROR] LogOutputStream:75 - [STDERR_REDIRECT] 
2026-01-06 19:50:05,173 [ERROR] LogOutputStream:75 - [STDERR_REDIRECT] [Fatal Error] :1:1: Premature end of file.
2026-01-06 19:50:05,173 [ERROR] LogOutputStream:75 - [STDERR_REDIRECT] 
2026-01-06 19:50:06,154 [ERROR] LogOutputStream:75 - [STDERR_REDIRECT] [Fatal Error] :1:1: Premature end of file.
2026-01-06 19:50:06,154 [ERROR] LogOutputStream:75 - [STDERR_REDIRECT] 
2026-01-06 19:50:07,176 [ERROR] LogOutputStream:75 - [STDERR_REDIRECT] [Fatal Error] :1:1: Premature end of file.
2026-01-06 19:50:07,177 [ERROR] LogOutputStream:75 - [STDERR_REDIRECT] 
2026-01-06 19:50:08,203 [ERROR] LogOutputStream:75 - [STDERR_REDIRECT] [Fatal Error] :1:1: Premature end of file.
2026-01-06 19:50:08,203 [ERROR] LogOutputStream:75 - [STDERR_REDIRECT] 
2026-01-06 19:50:09,163 [ERROR] LogOutputStream:75 - [STDERR_REDIRECT] [Fatal Error] :1:1: Premature end of file.
2026-01-06 19:50:09,164 [ERROR] LogOutputStream:75 - [STDERR_REDIRECT] 
2026-01-06 19:50:10,171 [ERROR] LogOutputStream:75 - [STDERR_REDIRECT] [Fatal Error] :1:1: Premature end of file.
2026-01-06 19:50:10,171 [ERROR] LogOutputStream:75 - [STDERR_REDIRECT] 
2026-01-06 19:50:11,158 [ERROR] LogOutputStream:75 - [STDERR_REDIRECT] [Fatal Error] :1:1: Premature end of file.
2026-01-06 19:50:11,158 [ERROR] LogOutputStream:75 - [STDERR_REDIRECT] 
2026-01-06 19:50:12,153 [ERROR] LogOutputStream:75 - [STDERR_REDIRECT] [Fatal Error] :1:1: Premature end of file.
2026-01-06 19:50:12,153 [ERROR] LogOutputStream:75 - [STDERR_REDIRECT] 
2026-01-06 19:50:13,164 [ERROR] LogOutputStream:75 - [STDERR_REDIRECT] [Fatal Error] :1:1: Premature end of file.
2026-01-06 19:50:13,165 [ERROR] LogOutputStream:75 - [STDERR_REDIRECT] 
2026-01-06 19:50:14,156 [ERROR] LogOutputStream:75 - [STDERR_REDIRECT] [Fatal Error] :1:1: Premature end of file.
2026-01-06 19:50:14,156 [ERROR] LogOutputStream:75 - [STDERR_REDIRECT] 
2026-01-06 19:50:15,178 [ERROR] LogOutputStream:75 - [STDERR_REDIRECT] [Fatal Error] :1:1: Premature end of file.
2026-01-06 19:50:15,178 [ERROR] LogOutputStream:75 - [STDERR_REDIRECT] 
2026-01-06 19:50:16,151 [ERROR] LogOutputStream:75 - [STDERR_REDIRECT] [Fatal Error] :1:1: Premature end of file.
2026-01-06 19:50:16,151 [ERROR] LogOutputStream:75 - [STDERR_REDIRECT] 
2026-01-06 19:50:16,281 [INFO] ServerAccessManage:452 - Complete download http(s) 200
2026-01-06 19:50:16,281 [INFO] ServerAccessManage:509 - Download File STMicroelectronics.X-CUBE-NFC4.pdsc
2026-01-06 19:50:17,150 [ERROR] LogOutputStream:75 - [STDERR_REDIRECT] [Fatal Error] :1:1: Premature end of file.
2026-01-06 19:50:17,150 [ERROR] LogOutputStream:75 - [STDERR_REDIRECT] 
2026-01-06 19:50:18,161 [ERROR] LogOutputStream:75 - [STDERR_REDIRECT] [Fatal Error] :1:1: Premature end of file.
2026-01-06 19:50:18,161 [ERROR] LogOutputStream:75 - [STDERR_REDIRECT] 
2026-01-06 19:50:19,150 [ERROR] LogOutputStream:75 - [STDERR_REDIRECT] [Fatal Error] :1:1: Premature end of file.
2026-01-06 19:50:19,150 [ERROR] LogOutputStream:75 - [STDERR_REDIRECT] 
2026-01-06 19:50:20,173 [ERROR] LogOutputStream:75 - [STDERR_REDIRECT] [Fatal Error] :1:1: Premature end of file.
2026-01-06 19:50:20,174 [ERROR] LogOutputStream:75 - [STDERR_REDIRECT] 
2026-01-06 19:50:21,172 [ERROR] LogOutputStream:75 - [STDERR_REDIRECT] [Fatal Error] :1:1: Premature end of file.
2026-01-06 19:50:21,172 [ERROR] LogOutputStream:75 - [STDERR_REDIRECT] 
2026-01-06 19:50:22,165 [ERROR] LogOutputStream:75 - [STDERR_REDIRECT] [Fatal Error] :1:1: Premature end of file.
2026-01-06 19:50:22,165 [ERROR] LogOutputStream:75 - [STDERR_REDIRECT] 
2026-01-06 19:50:23,171 [ERROR] LogOutputStream:75 - [STDERR_REDIRECT] [Fatal Error] :1:1: Premature end of file.
2026-01-06 19:50:23,171 [ERROR] LogOutputStream:75 - [STDERR_REDIRECT] 
2026-01-06 19:50:24,171 [ERROR] LogOutputStream:75 - [STDERR_REDIRECT] [Fatal Error] :1:1: Premature end of file.
2026-01-06 19:50:24,171 [ERROR] LogOutputStream:75 - [STDERR_REDIRECT] 
2026-01-06 19:50:25,174 [ERROR] LogOutputStream:75 - [STDERR_REDIRECT] [Fatal Error] :1:1: Premature end of file.
2026-01-06 19:50:25,174 [ERROR] LogOutputStream:75 - [STDERR_REDIRECT] 
2026-01-06 19:50:25,507 [INFO] ServerAccessManage:452 - Complete download http(s) 200
2026-01-06 19:50:25,507 [INFO] ServerAccessManage:509 - Download File STMicroelectronics.X-CUBE-NFC6.pdsc
2026-01-06 19:50:26,160 [ERROR] LogOutputStream:75 - [STDERR_REDIRECT] [Fatal Error] :1:1: Premature end of file.
2026-01-06 19:50:26,160 [ERROR] LogOutputStream:75 - [STDERR_REDIRECT] 
2026-01-06 19:50:27,167 [ERROR] LogOutputStream:75 - [STDERR_REDIRECT] [Fatal Error] :1:1: Premature end of file.
2026-01-06 19:50:27,167 [ERROR] LogOutputStream:75 - [STDERR_REDIRECT] 
2026-01-06 19:50:27,794 [INFO] ServerAccessManage:452 - Complete download http(s) 200
2026-01-06 19:50:27,794 [INFO] ServerAccessManage:509 - Download File STMicroelectronics.X-CUBE-NFC7.pdsc
2026-01-06 19:50:28,170 [ERROR] LogOutputStream:75 - [STDERR_REDIRECT] [Fatal Error] :1:1: Premature end of file.
2026-01-06 19:50:28,170 [ERROR] LogOutputStream:75 - [STDERR_REDIRECT] 
2026-01-06 19:50:29,166 [ERROR] LogOutputStream:75 - [STDERR_REDIRECT] [Fatal Error] :1:1: Premature end of file.
2026-01-06 19:50:29,166 [ERROR] LogOutputStream:75 - [STDERR_REDIRECT] 
2026-01-06 19:50:30,157 [ERROR] LogOutputStream:75 - [STDERR_REDIRECT] [Fatal Error] :1:1: Premature end of file.
2026-01-06 19:50:30,158 [ERROR] LogOutputStream:75 - [STDERR_REDIRECT] 
2026-01-06 19:50:31,003 [INFO] ServerAccessManage:452 - Complete download http(s) 200
2026-01-06 19:50:31,003 [INFO] ServerAccessManage:509 - Download File STMicroelectronics.X-CUBE-NFC9.pdsc
2026-01-06 19:50:31,156 [ERROR] LogOutputStream:75 - [STDERR_REDIRECT] [Fatal Error] :1:1: Premature end of file.
2026-01-06 19:50:31,156 [ERROR] LogOutputStream:75 - [STDERR_REDIRECT] 
2026-01-06 19:50:32,158 [ERROR] LogOutputStream:75 - [STDERR_REDIRECT] [Fatal Error] :1:1: Premature end of file.
2026-01-06 19:50:32,158 [ERROR] LogOutputStream:75 - [STDERR_REDIRECT] 
2026-01-06 19:50:32,241 [INFO] ServerAccessManage:452 - Complete download http(s) 200
2026-01-06 19:50:32,241 [INFO] ServerAccessManage:509 - Download File STMicroelectronics.X-CUBE-NFC10.pdsc
2026-01-06 19:50:33,151 [ERROR] LogOutputStream:75 - [STDERR_REDIRECT] [Fatal Error] :1:1: Premature end of file.
2026-01-06 19:50:33,151 [ERROR] LogOutputStream:75 - [STDERR_REDIRECT] 
2026-01-06 19:50:33,671 [INFO] ServerAccessManage:452 - Complete download http(s) 200
2026-01-06 19:50:33,671 [INFO] ServerAccessManage:509 - Download File STMicroelectronics.X-CUBE-NFC12.pdsc
2026-01-06 19:50:34,154 [ERROR] LogOutputStream:75 - [STDERR_REDIRECT] [Fatal Error] :1:1: Premature end of file.
2026-01-06 19:50:34,154 [ERROR] LogOutputStream:75 - [STDERR_REDIRECT] 
2026-01-06 19:50:35,154 [ERROR] LogOutputStream:75 - [STDERR_REDIRECT] [Fatal Error] :1:1: Premature end of file.
2026-01-06 19:50:35,154 [ERROR] LogOutputStream:75 - [STDERR_REDIRECT] 
2026-01-06 19:50:35,259 [INFO] ServerAccessManage:452 - Complete download http(s) 200
2026-01-06 19:50:35,259 [INFO] ServerAccessManage:509 - Download File STMicroelectronics.X-CUBE-SFXS2LP1.pdsc
2026-01-06 19:50:36,158 [ERROR] LogOutputStream:75 - [STDERR_REDIRECT] [Fatal Error] :1:1: Premature end of file.
2026-01-06 19:50:36,158 [ERROR] LogOutputStream:75 - [STDERR_REDIRECT] 
2026-01-06 19:50:37,158 [ERROR] LogOutputStream:75 - [STDERR_REDIRECT] [Fatal Error] :1:1: Premature end of file.
2026-01-06 19:50:37,159 [ERROR] LogOutputStream:75 - [STDERR_REDIRECT] 
2026-01-06 19:50:38,155 [ERROR] LogOutputStream:75 - [STDERR_REDIRECT] [Fatal Error] :1:1: Premature end of file.
2026-01-06 19:50:38,155 [ERROR] LogOutputStream:75 - [STDERR_REDIRECT] 
2026-01-06 19:50:38,980 [INFO] ServerAccessManage:452 - Complete download http(s) 200
2026-01-06 19:50:38,980 [INFO] ServerAccessManage:509 - Download File STMicroelectronics.X-CUBE-SUBG2.pdsc
2026-01-06 19:50:39,158 [ERROR] LogOutputStream:75 - [STDERR_REDIRECT] [Fatal Error] :1:1: Premature end of file.
2026-01-06 19:50:39,158 [ERROR] LogOutputStream:75 - [STDERR_REDIRECT] 
2026-01-06 19:50:40,175 [ERROR] LogOutputStream:75 - [STDERR_REDIRECT] [Fatal Error] :1:1: Premature end of file.
2026-01-06 19:50:40,175 [ERROR] LogOutputStream:75 - [STDERR_REDIRECT] 
2026-01-06 19:50:41,167 [ERROR] LogOutputStream:75 - [STDERR_REDIRECT] [Fatal Error] :1:1: Premature end of file.
2026-01-06 19:50:41,167 [ERROR] LogOutputStream:75 - [STDERR_REDIRECT] 
2026-01-06 19:50:42,160 [ERROR] LogOutputStream:75 - [STDERR_REDIRECT] [Fatal Error] :1:1: Premature end of file.
2026-01-06 19:50:42,160 [ERROR] LogOutputStream:75 - [STDERR_REDIRECT] 
2026-01-06 19:50:43,160 [ERROR] LogOutputStream:75 - [STDERR_REDIRECT] [Fatal Error] :1:1: Premature end of file.
2026-01-06 19:50:43,160 [ERROR] LogOutputStream:75 - [STDERR_REDIRECT] 
2026-01-06 19:50:44,157 [ERROR] LogOutputStream:75 - [STDERR_REDIRECT] [Fatal Error] :1:1: Premature end of file.
2026-01-06 19:50:44,157 [ERROR] LogOutputStream:75 - [STDERR_REDIRECT] 
2026-01-06 19:50:45,144 [ERROR] LogOutputStream:75 - [STDERR_REDIRECT] [Fatal Error] :1:1: Premature end of file.
2026-01-06 19:50:45,144 [ERROR] LogOutputStream:75 - [STDERR_REDIRECT] 
2026-01-06 19:50:46,157 [ERROR] LogOutputStream:75 - [STDERR_REDIRECT] [Fatal Error] :1:1: Premature end of file.
2026-01-06 19:50:46,157 [ERROR] LogOutputStream:75 - [STDERR_REDIRECT] 
2026-01-06 19:50:46,668 [INFO] ServerAccessManage:452 - Complete download http(s) 200
2026-01-06 19:50:46,668 [INFO] ServerAccessManage:509 - Download File STMicroelectronics.X-CUBE-SMBUS.pdsc
2026-01-06 19:50:47,161 [ERROR] LogOutputStream:75 - [STDERR_REDIRECT] [Fatal Error] :1:1: Premature end of file.
2026-01-06 19:50:47,161 [ERROR] LogOutputStream:75 - [STDERR_REDIRECT] 
2026-01-06 19:50:47,694 [ERROR] ServerAccessManage:1212 - Problem, file not found on Server
2026-01-06 19:50:48,159 [ERROR] LogOutputStream:75 - [STDERR_REDIRECT] [Fatal Error] :1:1: Premature end of file.
2026-01-06 19:50:48,159 [ERROR] LogOutputStream:75 - [STDERR_REDIRECT] 
2026-01-06 19:50:48,382 [INFO] ServerAccessManage:452 - Complete download http(s) 200
2026-01-06 19:50:48,382 [INFO] ServerAccessManage:509 - Download File STMicroelectronics.X-CUBE-ST60.pdsc
2026-01-06 19:50:49,159 [ERROR] LogOutputStream:75 - [STDERR_REDIRECT] [Fatal Error] :1:1: Premature end of file.
2026-01-06 19:50:49,159 [ERROR] LogOutputStream:75 - [STDERR_REDIRECT] 
2026-01-06 19:50:50,169 [ERROR] LogOutputStream:75 - [STDERR_REDIRECT] [Fatal Error] :1:1: Premature end of file.
2026-01-06 19:50:50,169 [ERROR] LogOutputStream:75 - [STDERR_REDIRECT] 
2026-01-06 19:50:50,195 [INFO] ServerAccessManage:452 - Complete download http(s) 200
2026-01-06 19:50:50,195 [INFO] ServerAccessManage:509 - Download File STMicroelectronics.X-CUBE-ST67W61.pdsc
2026-01-06 19:50:51,151 [ERROR] LogOutputStream:75 - [STDERR_REDIRECT] [Fatal Error] :1:1: Premature end of file.
2026-01-06 19:50:51,151 [ERROR] LogOutputStream:75 - [STDERR_REDIRECT] 
2026-01-06 19:50:51,421 [INFO] ServerAccessManage:452 - Complete download http(s) 200
2026-01-06 19:50:51,421 [INFO] ServerAccessManage:509 - Download File STMicroelectronics.X-CUBE-STSE01.pdsc
2026-01-06 19:50:52,164 [ERROR] LogOutputStream:75 - [STDERR_REDIRECT] [Fatal Error] :1:1: Premature end of file.
2026-01-06 19:50:52,165 [ERROR] LogOutputStream:75 - [STDERR_REDIRECT] 
2026-01-06 19:50:53,127 [INFO] ServerAccessManage:452 - Complete download http(s) 200
2026-01-06 19:50:53,127 [INFO] ServerAccessManage:509 - Download File STMicroelectronics.X-CUBE-PM33A1.pdsc
2026-01-06 19:50:53,151 [ERROR] LogOutputStream:75 - [STDERR_REDIRECT] [Fatal Error] :1:1: Premature end of file.
2026-01-06 19:50:53,151 [ERROR] LogOutputStream:75 - [STDERR_REDIRECT] 
2026-01-06 19:50:54,160 [ERROR] LogOutputStream:75 - [STDERR_REDIRECT] [Fatal Error] :1:1: Premature end of file.
2026-01-06 19:50:54,160 [ERROR] LogOutputStream:75 - [STDERR_REDIRECT] 
2026-01-06 19:50:54,576 [INFO] ServerAccessManage:452 - Complete download http(s) 200
2026-01-06 19:50:54,576 [INFO] ServerAccessManage:509 - Download File STMicroelectronics.X-CUBE-TCPP.pdsc
2026-01-06 19:50:55,152 [ERROR] LogOutputStream:75 - [STDERR_REDIRECT] [Fatal Error] :1:1: Premature end of file.
2026-01-06 19:50:55,152 [ERROR] LogOutputStream:75 - [STDERR_REDIRECT] 
2026-01-06 19:50:56,159 [ERROR] LogOutputStream:75 - [STDERR_REDIRECT] [Fatal Error] :1:1: Premature end of file.
2026-01-06 19:50:56,159 [ERROR] LogOutputStream:75 - [STDERR_REDIRECT] 
2026-01-06 19:50:56,450 [INFO] ServerAccessManage:452 - Complete download http(s) 200
2026-01-06 19:50:56,450 [INFO] ServerAccessManage:509 - Download File STMicroelectronics.X-CUBE-TOF1.pdsc
2026-01-06 19:50:57,182 [ERROR] LogOutputStream:75 - [STDERR_REDIRECT] [Fatal Error] :1:1: Premature end of file.
2026-01-06 19:50:57,182 [ERROR] LogOutputStream:75 - [STDERR_REDIRECT] 
2026-01-06 19:50:58,170 [ERROR] LogOutputStream:75 - [STDERR_REDIRECT] [Fatal Error] :1:1: Premature end of file.
2026-01-06 19:50:58,170 [ERROR] LogOutputStream:75 - [STDERR_REDIRECT] 
2026-01-06 19:50:59,163 [ERROR] LogOutputStream:75 - [STDERR_REDIRECT] [Fatal Error] :1:1: Premature end of file.
2026-01-06 19:50:59,163 [ERROR] LogOutputStream:75 - [STDERR_REDIRECT] 
2026-01-06 19:51:00,159 [ERROR] LogOutputStream:75 - [STDERR_REDIRECT] [Fatal Error] :1:1: Premature end of file.
2026-01-06 19:51:00,159 [ERROR] LogOutputStream:75 - [STDERR_REDIRECT] 
2026-01-06 19:51:01,165 [ERROR] LogOutputStream:75 - [STDERR_REDIRECT] [Fatal Error] :1:1: Premature end of file.
2026-01-06 19:51:01,166 [ERROR] LogOutputStream:75 - [STDERR_REDIRECT] 
2026-01-06 19:51:02,154 [ERROR] LogOutputStream:75 - [STDERR_REDIRECT] [Fatal Error] :1:1: Premature end of file.
2026-01-06 19:51:02,154 [ERROR] LogOutputStream:75 - [STDERR_REDIRECT] 
2026-01-06 19:51:02,822 [ERROR] ServerAccessManage:1212 - Problem, file not found on Server
2026-01-06 19:51:03,152 [ERROR] LogOutputStream:75 - [STDERR_REDIRECT] [Fatal Error] :1:1: Premature end of file.
2026-01-06 19:51:03,152 [ERROR] LogOutputStream:75 - [STDERR_REDIRECT] 
2026-01-06 19:51:03,701 [INFO] ServerAccessManage:452 - Complete download http(s) 200
2026-01-06 19:51:03,701 [INFO] ServerAccessManage:509 - Download File STMicroelectronics.X-CUBE-TOUCHGFX.pdsc
2026-01-06 19:51:04,154 [ERROR] LogOutputStream:75 - [STDERR_REDIRECT] [Fatal Error] :1:1: Premature end of file.
2026-01-06 19:51:04,154 [ERROR] LogOutputStream:75 - [STDERR_REDIRECT] 
2026-01-06 19:51:05,158 [ERROR] LogOutputStream:75 - [STDERR_REDIRECT] [Fatal Error] :1:1: Premature end of file.
2026-01-06 19:51:05,158 [ERROR] LogOutputStream:75 - [STDERR_REDIRECT] 
2026-01-06 19:51:06,159 [ERROR] LogOutputStream:75 - [STDERR_REDIRECT] [Fatal Error] :1:1: Premature end of file.
2026-01-06 19:51:06,159 [ERROR] LogOutputStream:75 - [STDERR_REDIRECT] 
2026-01-06 19:51:07,162 [ERROR] LogOutputStream:75 - [STDERR_REDIRECT] [Fatal Error] :1:1: Premature end of file.
2026-01-06 19:51:07,162 [ERROR] LogOutputStream:75 - [STDERR_REDIRECT] 
2026-01-06 19:51:08,153 [ERROR] LogOutputStream:75 - [STDERR_REDIRECT] [Fatal Error] :1:1: Premature end of file.
2026-01-06 19:51:08,153 [ERROR] LogOutputStream:75 - [STDERR_REDIRECT] 
2026-01-06 19:51:09,159 [ERROR] LogOutputStream:75 - [STDERR_REDIRECT] [Fatal Error] :1:1: Premature end of file.
2026-01-06 19:51:09,159 [ERROR] LogOutputStream:75 - [STDERR_REDIRECT] 
2026-01-06 19:51:10,157 [ERROR] LogOutputStream:75 - [STDERR_REDIRECT] [Fatal Error] :1:1: Premature end of file.
2026-01-06 19:51:10,157 [ERROR] LogOutputStream:75 - [STDERR_REDIRECT] 
2026-01-06 19:51:11,149 [ERROR] LogOutputStream:75 - [STDERR_REDIRECT] [Fatal Error] :1:1: Premature end of file.
2026-01-06 19:51:11,149 [ERROR] LogOutputStream:75 - [STDERR_REDIRECT] 
2026-01-06 19:51:12,162 [ERROR] LogOutputStream:75 - [STDERR_REDIRECT] [Fatal Error] :1:1: Premature end of file.
2026-01-06 19:51:12,162 [ERROR] LogOutputStream:75 - [STDERR_REDIRECT] 
2026-01-06 19:51:13,156 [ERROR] LogOutputStream:75 - [STDERR_REDIRECT] [Fatal Error] :1:1: Premature end of file.
2026-01-06 19:51:13,156 [ERROR] LogOutputStream:75 - [STDERR_REDIRECT] 
2026-01-06 19:51:14,162 [ERROR] LogOutputStream:75 - [STDERR_REDIRECT] [Fatal Error] :1:1: Premature end of file.
2026-01-06 19:51:14,162 [ERROR] LogOutputStream:75 - [STDERR_REDIRECT] 
2026-01-06 19:51:15,160 [ERROR] LogOutputStream:75 - [STDERR_REDIRECT] [Fatal Error] :1:1: Premature end of file.
2026-01-06 19:51:15,160 [ERROR] LogOutputStream:75 - [STDERR_REDIRECT] 
2026-01-06 19:51:16,168 [ERROR] LogOutputStream:75 - [STDERR_REDIRECT] [Fatal Error] :1:1: Premature end of file.
2026-01-06 19:51:16,168 [ERROR] LogOutputStream:75 - [STDERR_REDIRECT] 
2026-01-06 19:51:17,154 [ERROR] LogOutputStream:75 - [STDERR_REDIRECT] [Fatal Error] :1:1: Premature end of file.
2026-01-06 19:51:17,154 [ERROR] LogOutputStream:75 - [STDERR_REDIRECT] 
2026-01-06 19:51:17,865 [INFO] ServerAccessManage:452 - Complete download http(s) 200
2026-01-06 19:51:17,865 [INFO] ServerAccessManage:509 - Download File STMicroelectronics.X-CUBE-ALGOBUILD.pdsc
2026-01-06 19:51:18,152 [ERROR] LogOutputStream:75 - [STDERR_REDIRECT] [Fatal Error] :1:1: Premature end of file.
2026-01-06 19:51:18,153 [ERROR] LogOutputStream:75 - [STDERR_REDIRECT] 
2026-01-06 19:51:19,153 [ERROR] LogOutputStream:75 - [STDERR_REDIRECT] [Fatal Error] :1:1: Premature end of file.
2026-01-06 19:51:19,153 [ERROR] LogOutputStream:75 - [STDERR_REDIRECT] 
2026-01-06 19:51:20,152 [ERROR] LogOutputStream:75 - [STDERR_REDIRECT] [Fatal Error] :1:1: Premature end of file.
2026-01-06 19:51:20,153 [ERROR] LogOutputStream:75 - [STDERR_REDIRECT] 
2026-01-06 19:51:21,130 [INFO] ServerAccessManage:452 - Complete download http(s) 200
2026-01-06 19:51:21,130 [INFO] ServerAccessManage:509 - Download File STMicroelectronics.X-CUBE-AZRTOS-H7.pdsc
2026-01-06 19:51:21,155 [ERROR] LogOutputStream:75 - [STDERR_REDIRECT] [Fatal Error] :1:1: Premature end of file.
2026-01-06 19:51:21,155 [ERROR] LogOutputStream:75 - [STDERR_REDIRECT] 
2026-01-06 19:51:22,154 [ERROR] LogOutputStream:75 - [STDERR_REDIRECT] [Fatal Error] :1:1: Premature end of file.
2026-01-06 19:51:22,154 [ERROR] LogOutputStream:75 - [STDERR_REDIRECT] 
2026-01-06 19:51:23,152 [ERROR] LogOutputStream:75 - [STDERR_REDIRECT] [Fatal Error] :1:1: Premature end of file.
2026-01-06 19:51:23,152 [ERROR] LogOutputStream:75 - [STDERR_REDIRECT] 
2026-01-06 19:51:24,154 [ERROR] LogOutputStream:75 - [STDERR_REDIRECT] [Fatal Error] :1:1: Premature end of file.
2026-01-06 19:51:24,154 [ERROR] LogOutputStream:75 - [STDERR_REDIRECT] 
2026-01-06 19:51:25,155 [ERROR] LogOutputStream:75 - [STDERR_REDIRECT] [Fatal Error] :1:1: Premature end of file.
2026-01-06 19:51:25,155 [ERROR] LogOutputStream:75 - [STDERR_REDIRECT] 
2026-01-06 19:51:26,157 [ERROR] LogOutputStream:75 - [STDERR_REDIRECT] [Fatal Error] :1:1: Premature end of file.
2026-01-06 19:51:26,157 [ERROR] LogOutputStream:75 - [STDERR_REDIRECT] 
2026-01-06 19:51:26,846 [INFO] ServerAccessManage:452 - Complete download http(s) 200
2026-01-06 19:51:26,847 [INFO] ServerAccessManage:509 - Download File STMicroelectronics.X-CUBE-AZRTOS-H7RS.pdsc
2026-01-06 19:51:27,154 [ERROR] LogOutputStream:75 - [STDERR_REDIRECT] [Fatal Error] :1:1: Premature end of file.
2026-01-06 19:51:27,154 [ERROR] LogOutputStream:75 - [STDERR_REDIRECT] 
2026-01-06 19:51:28,153 [ERROR] LogOutputStream:75 - [STDERR_REDIRECT] [Fatal Error] :1:1: Premature end of file.
2026-01-06 19:51:28,155 [ERROR] LogOutputStream:75 - [STDERR_REDIRECT] 
2026-01-06 19:51:29,156 [ERROR] LogOutputStream:75 - [STDERR_REDIRECT] [Fatal Error] :1:1: Premature end of file.
2026-01-06 19:51:29,156 [ERROR] LogOutputStream:75 - [STDERR_REDIRECT] 
2026-01-06 19:51:29,292 [INFO] ServerAccessManage:452 - Complete download http(s) 200
2026-01-06 19:51:29,292 [INFO] ServerAccessManage:509 - Download File STMicroelectronics.X-CUBE-AZRTOS-F4.pdsc
2026-01-06 19:51:30,154 [ERROR] LogOutputStream:75 - [STDERR_REDIRECT] [Fatal Error] :1:1: Premature end of file.
2026-01-06 19:51:30,154 [ERROR] LogOutputStream:75 - [STDERR_REDIRECT] 
2026-01-06 19:51:31,155 [INFO] ServerAccessManage:452 - Complete download http(s) 200
2026-01-06 19:51:31,155 [INFO] ServerAccessManage:509 - Download File STMicroelectronics.X-CUBE-AZRTOS-F7.pdsc
2026-01-06 19:51:31,160 [ERROR] LogOutputStream:75 - [STDERR_REDIRECT] [Fatal Error] :1:1: Premature end of file.
2026-01-06 19:51:31,160 [ERROR] LogOutputStream:75 - [STDERR_REDIRECT] 
2026-01-06 19:51:32,169 [ERROR] LogOutputStream:75 - [STDERR_REDIRECT] [Fatal Error] :1:1: Premature end of file.
2026-01-06 19:51:32,169 [ERROR] LogOutputStream:75 - [STDERR_REDIRECT] 
2026-01-06 19:51:33,063 [INFO] ServerAccessManage:452 - Complete download http(s) 200
2026-01-06 19:51:33,063 [INFO] ServerAccessManage:509 - Download File STMicroelectronics.X-CUBE-AZRTOS-L4.pdsc
2026-01-06 19:51:33,170 [ERROR] LogOutputStream:75 - [STDERR_REDIRECT] [Fatal Error] :1:1: Premature end of file.
2026-01-06 19:51:33,170 [ERROR] LogOutputStream:75 - [STDERR_REDIRECT] 
2026-01-06 19:51:34,162 [ERROR] LogOutputStream:75 - [STDERR_REDIRECT] [Fatal Error] :1:1: Premature end of file.
2026-01-06 19:51:34,162 [ERROR] LogOutputStream:75 - [STDERR_REDIRECT] 
2026-01-06 19:51:34,792 [INFO] ServerAccessManage:452 - Complete download http(s) 200
2026-01-06 19:51:34,795 [INFO] ServerAccessManage:509 - Download File STMicroelectronics.X-CUBE-AZRTOS-L5.pdsc
2026-01-06 19:51:35,171 [ERROR] LogOutputStream:75 - [STDERR_REDIRECT] [Fatal Error] :1:1: Premature end of file.
2026-01-06 19:51:35,171 [ERROR] LogOutputStream:75 - [STDERR_REDIRECT] 
2026-01-06 19:51:36,158 [ERROR] LogOutputStream:75 - [STDERR_REDIRECT] [Fatal Error] :1:1: Premature end of file.
2026-01-06 19:51:36,158 [ERROR] LogOutputStream:75 - [STDERR_REDIRECT] 
2026-01-06 19:51:37,157 [ERROR] LogOutputStream:75 - [STDERR_REDIRECT] [Fatal Error] :1:1: Premature end of file.
2026-01-06 19:51:37,157 [ERROR] LogOutputStream:75 - [STDERR_REDIRECT] 
2026-01-06 19:51:37,197 [INFO] ServerAccessManage:452 - Complete download http(s) 200
2026-01-06 19:51:37,197 [INFO] ServerAccessManage:509 - Download File STMicroelectronics.X-CUBE-AZRTOS-G0.pdsc
2026-01-06 19:51:38,158 [ERROR] LogOutputStream:75 - [STDERR_REDIRECT] [Fatal Error] :1:1: Premature end of file.
2026-01-06 19:51:38,158 [ERROR] LogOutputStream:75 - [STDERR_REDIRECT] 
2026-01-06 19:51:39,062 [INFO] ServerAccessManage:452 - Complete download http(s) 200
2026-01-06 19:51:39,078 [INFO] ServerAccessManage:509 - Download File STMicroelectronics.X-CUBE-AZRTOS-G4.pdsc
2026-01-06 19:51:39,167 [ERROR] LogOutputStream:75 - [STDERR_REDIRECT] [Fatal Error] :1:1: Premature end of file.
2026-01-06 19:51:39,167 [ERROR] LogOutputStream:75 - [STDERR_REDIRECT] 
2026-01-06 19:51:40,173 [ERROR] LogOutputStream:75 - [STDERR_REDIRECT] [Fatal Error] :1:1: Premature end of file.
2026-01-06 19:51:40,173 [ERROR] LogOutputStream:75 - [STDERR_REDIRECT] 
2026-01-06 19:51:40,898 [INFO] ServerAccessManage:452 - Complete download http(s) 200
2026-01-06 19:51:40,899 [INFO] ServerAccessManage:509 - Download File STMicroelectronics.X-CUBE-AZRTOS-WB.pdsc
2026-01-06 19:51:41,169 [ERROR] LogOutputStream:75 - [STDERR_REDIRECT] [Fatal Error] :1:1: Premature end of file.
2026-01-06 19:51:41,169 [ERROR] LogOutputStream:75 - [STDERR_REDIRECT] 
2026-01-06 19:51:42,167 [ERROR] LogOutputStream:75 - [STDERR_REDIRECT] [Fatal Error] :1:1: Premature end of file.
2026-01-06 19:51:42,167 [ERROR] LogOutputStream:75 - [STDERR_REDIRECT] 
2026-01-06 19:51:42,691 [INFO] ServerAccessManage:452 - Complete download http(s) 200
2026-01-06 19:51:42,691 [INFO] ServerAccessManage:509 - Download File STMicroelectronics.X-CUBE-AZRTOS-WL.pdsc
2026-01-06 19:51:43,167 [ERROR] LogOutputStream:75 - [STDERR_REDIRECT] [Fatal Error] :1:1: Premature end of file.
2026-01-06 19:51:43,168 [ERROR] LogOutputStream:75 - [STDERR_REDIRECT] 
2026-01-06 19:51:44,223 [INFO] ServerAccessManage:452 - Complete download http(s) 200
2026-01-06 19:51:44,223 [INFO] ServerAccessManage:509 - Download File STMicroelectronics.X-CUBE-WB05N.pdsc
2026-01-06 19:51:44,303 [ERROR] LogOutputStream:75 - [STDERR_REDIRECT] [Fatal Error] :1:1: Premature end of file.
2026-01-06 19:51:44,303 [ERROR] LogOutputStream:75 - [STDERR_REDIRECT] 
2026-01-06 19:51:45,310 [ERROR] LogOutputStream:75 - [STDERR_REDIRECT] [Fatal Error] :1:1: Premature end of file.
2026-01-06 19:51:45,310 [ERROR] LogOutputStream:75 - [STDERR_REDIRECT] 
2026-01-06 19:51:46,173 [ERROR] LogOutputStream:75 - [STDERR_REDIRECT] [Fatal Error] :1:1: Premature end of file.
2026-01-06 19:51:46,173 [ERROR] LogOutputStream:75 - [STDERR_REDIRECT] 
2026-01-06 19:51:46,566 [INFO] ServerAccessManage:452 - Complete download http(s) 200
2026-01-06 19:51:46,566 [INFO] ServerAccessManage:509 - Download File wolfSSL.I-CUBE-wolfSSL.pdsc
2026-01-06 19:51:47,163 [ERROR] LogOutputStream:75 - [STDERR_REDIRECT] [Fatal Error] :1:1: Premature end of file.
2026-01-06 19:51:47,165 [ERROR] LogOutputStream:75 - [STDERR_REDIRECT] 
2026-01-06 19:51:48,163 [ERROR] LogOutputStream:75 - [STDERR_REDIRECT] [Fatal Error] :1:1: Premature end of file.
2026-01-06 19:51:48,163 [ERROR] LogOutputStream:75 - [STDERR_REDIRECT] 
2026-01-06 19:51:49,165 [ERROR] LogOutputStream:75 - [STDERR_REDIRECT] [Fatal Error] :1:1: Premature end of file.
2026-01-06 19:51:49,165 [ERROR] LogOutputStream:75 - [STDERR_REDIRECT] 
2026-01-06 19:51:50,170 [ERROR] LogOutputStream:75 - [STDERR_REDIRECT] [Fatal Error] :1:1: Premature end of file.
2026-01-06 19:51:50,170 [ERROR] LogOutputStream:75 - [STDERR_REDIRECT] 
2026-01-06 19:51:51,163 [ERROR] LogOutputStream:75 - [STDERR_REDIRECT] [Fatal Error] :1:1: Premature end of file.
2026-01-06 19:51:51,163 [ERROR] LogOutputStream:75 - [STDERR_REDIRECT] 
2026-01-06 19:51:52,166 [ERROR] LogOutputStream:75 - [STDERR_REDIRECT] [Fatal Error] :1:1: Premature end of file.
2026-01-06 19:51:52,166 [ERROR] LogOutputStream:75 - [STDERR_REDIRECT] 
2026-01-06 19:51:53,172 [ERROR] LogOutputStream:75 - [STDERR_REDIRECT] [Fatal Error] :1:1: Premature end of file.
2026-01-06 19:51:53,172 [ERROR] LogOutputStream:75 - [STDERR_REDIRECT] 
2026-01-06 19:51:54,172 [ERROR] LogOutputStream:75 - [STDERR_REDIRECT] [Fatal Error] :1:1: Premature end of file.
2026-01-06 19:51:54,172 [ERROR] LogOutputStream:75 - [STDERR_REDIRECT] 
2026-01-06 19:51:55,164 [ERROR] LogOutputStream:75 - [STDERR_REDIRECT] [Fatal Error] :1:1: Premature end of file.
2026-01-06 19:51:55,165 [ERROR] LogOutputStream:75 - [STDERR_REDIRECT] 
2026-01-06 19:51:56,196 [ERROR] LogOutputStream:75 - [STDERR_REDIRECT] [Fatal Error] :1:1: Premature end of file.
2026-01-06 19:51:56,196 [ERROR] LogOutputStream:75 - [STDERR_REDIRECT] 
2026-01-06 19:51:57,173 [ERROR] LogOutputStream:75 - [STDERR_REDIRECT] [Fatal Error] :1:1: Premature end of file.
2026-01-06 19:51:57,174 [ERROR] LogOutputStream:75 - [STDERR_REDIRECT] 
2026-01-06 19:51:58,171 [ERROR] LogOutputStream:75 - [STDERR_REDIRECT] [Fatal Error] :1:1: Premature end of file.
2026-01-06 19:51:58,172 [ERROR] LogOutputStream:75 - [STDERR_REDIRECT] 
2026-01-06 19:51:59,158 [ERROR] LogOutputStream:75 - [STDERR_REDIRECT] [Fatal Error] :1:1: Premature end of file.
2026-01-06 19:51:59,158 [ERROR] LogOutputStream:75 - [STDERR_REDIRECT] 
2026-01-06 19:52:00,173 [ERROR] LogOutputStream:75 - [STDERR_REDIRECT] [Fatal Error] :1:1: Premature end of file.
2026-01-06 19:52:00,173 [ERROR] LogOutputStream:75 - [STDERR_REDIRECT] 
2026-01-06 19:52:01,151 [ERROR] LogOutputStream:75 - [STDERR_REDIRECT] [Fatal Error] :1:1: Premature end of file.
2026-01-06 19:52:01,151 [ERROR] LogOutputStream:75 - [STDERR_REDIRECT] 
2026-01-06 19:52:02,160 [ERROR] LogOutputStream:75 - [STDERR_REDIRECT] [Fatal Error] :1:1: Premature end of file.
2026-01-06 19:52:02,160 [ERROR] LogOutputStream:75 - [STDERR_REDIRECT] 
2026-01-06 19:52:03,107 [ERROR] ServerAccessManage:1212 - Problem, file not found on Server
2026-01-06 19:52:03,162 [ERROR] LogOutputStream:75 - [STDERR_REDIRECT] [Fatal Error] :1:1: Premature end of file.
2026-01-06 19:52:03,163 [ERROR] LogOutputStream:75 - [STDERR_REDIRECT] 
2026-01-06 19:52:04,195 [ERROR] LogOutputStream:75 - [STDERR_REDIRECT] [Fatal Error] :1:1: Premature end of file.
2026-01-06 19:52:04,196 [ERROR] LogOutputStream:75 - [STDERR_REDIRECT] 
2026-01-06 19:52:04,639 [ERROR] ServerAccessManage:1212 - Problem, file not found on Server
2026-01-06 19:52:05,175 [ERROR] LogOutputStream:75 - [STDERR_REDIRECT] [Fatal Error] :1:1: Premature end of file.
2026-01-06 19:52:05,176 [ERROR] LogOutputStream:75 - [STDERR_REDIRECT] 
2026-01-06 19:52:06,170 [ERROR] ServerAccessManage:1212 - Problem, file not found on Server
2026-01-06 19:52:06,173 [ERROR] LogOutputStream:75 - [STDERR_REDIRECT] [Fatal Error] :1:1: Premature end of file.
2026-01-06 19:52:06,173 [ERROR] LogOutputStream:75 - [STDERR_REDIRECT] 
2026-01-06 19:52:06,520 [INFO] ServerAccessManage:452 - Complete download http(s) 200
2026-01-06 19:52:06,520 [INFO] ServerAccessManage:509 - Download File wolfSSL.I-CUBE-wolfMQTT.pdsc
2026-01-06 19:52:07,161 [ERROR] LogOutputStream:75 - [STDERR_REDIRECT] [Fatal Error] :1:1: Premature end of file.
2026-01-06 19:52:07,161 [ERROR] LogOutputStream:75 - [STDERR_REDIRECT] 
2026-01-06 19:52:08,170 [ERROR] LogOutputStream:75 - [STDERR_REDIRECT] [Fatal Error] :1:1: Premature end of file.
2026-01-06 19:52:08,170 [ERROR] LogOutputStream:75 - [STDERR_REDIRECT] 
2026-01-06 19:52:08,832 [ERROR] ServerAccessManage:1212 - Problem, file not found on Server
2026-01-06 19:52:09,163 [ERROR] LogOutputStream:75 - [STDERR_REDIRECT] [Fatal Error] :1:1: Premature end of file.
2026-01-06 19:52:09,163 [ERROR] LogOutputStream:75 - [STDERR_REDIRECT] 
2026-01-06 19:52:09,194 [INFO] ServerAccessManage:452 - Complete download http(s) 200
2026-01-06 19:52:09,195 [INFO] ServerAccessManage:509 - Download File wolfSSL.I-CUBE-wolfTPM.pdsc
2026-01-06 19:52:10,169 [ERROR] LogOutputStream:75 - [STDERR_REDIRECT] [Fatal Error] :1:1: Premature end of file.
2026-01-06 19:52:10,169 [ERROR] LogOutputStream:75 - [STDERR_REDIRECT] 
2026-01-06 19:52:11,163 [ERROR] LogOutputStream:75 - [STDERR_REDIRECT] [Fatal Error] :1:1: Premature end of file.
2026-01-06 19:52:11,163 [ERROR] LogOutputStream:75 - [STDERR_REDIRECT] 
2026-01-06 19:52:12,156 [ERROR] LogOutputStream:75 - [STDERR_REDIRECT] [Fatal Error] :1:1: Premature end of file.
2026-01-06 19:52:12,156 [ERROR] LogOutputStream:75 - [STDERR_REDIRECT] 
2026-01-06 19:52:12,442 [INFO] ServerAccessManage:452 - Complete download http(s) 200
2026-01-06 19:52:12,442 [INFO] ServerAccessManage:509 - Download File wolfSSL.I-CUBE-wolfSSH.pdsc
2026-01-06 19:52:13,163 [ERROR] LogOutputStream:75 - [STDERR_REDIRECT] [Fatal Error] :1:1: Premature end of file.
2026-01-06 19:52:13,163 [ERROR] LogOutputStream:75 - [STDERR_REDIRECT] 
2026-01-06 19:52:14,152 [ERROR] LogOutputStream:75 - [STDERR_REDIRECT] [Fatal Error] :1:1: Premature end of file.
2026-01-06 19:52:14,152 [ERROR] LogOutputStream:75 - [STDERR_REDIRECT] 
2026-01-06 19:52:15,160 [ERROR] LogOutputStream:75 - [STDERR_REDIRECT] [Fatal Error] :1:1: Premature end of file.
2026-01-06 19:52:15,161 [ERROR] LogOutputStream:75 - [STDERR_REDIRECT] 
2026-01-06 19:52:16,153 [ERROR] LogOutputStream:75 - [STDERR_REDIRECT] [Fatal Error] :1:1: Premature end of file.
2026-01-06 19:52:16,153 [ERROR] LogOutputStream:75 - [STDERR_REDIRECT] 
2026-01-06 19:52:17,158 [ERROR] LogOutputStream:75 - [STDERR_REDIRECT] [Fatal Error] :1:1: Premature end of file.
2026-01-06 19:52:17,159 [ERROR] LogOutputStream:75 - [STDERR_REDIRECT] 
2026-01-06 19:52:17,927 [INFO] ServerAccessManage:452 - Complete download http(s) 200
2026-01-06 19:52:17,928 [INFO] ServerAccessManage:509 - Download File RealThread.X-CUBE-RT-Thread_Nano.pdsc
2026-01-06 19:52:18,170 [ERROR] LogOutputStream:75 - [STDERR_REDIRECT] [Fatal Error] :1:1: Premature end of file.
2026-01-06 19:52:18,170 [ERROR] LogOutputStream:75 - [STDERR_REDIRECT] 
2026-01-06 19:52:19,163 [ERROR] LogOutputStream:75 - [STDERR_REDIRECT] [Fatal Error] :1:1: Premature end of file.
2026-01-06 19:52:19,168 [ERROR] LogOutputStream:75 - [STDERR_REDIRECT] 
2026-01-06 19:52:19,694 [INFO] ServerAccessManage:452 - Complete download http(s) 200
2026-01-06 19:52:19,694 [INFO] ServerAccessManage:509 - Download File SEGGER.I-CUBE-embOS.pdsc
2026-01-06 19:52:20,149 [ERROR] LogOutputStream:75 - [STDERR_REDIRECT] [Fatal Error] :1:1: Premature end of file.
2026-01-06 19:52:20,149 [ERROR] LogOutputStream:75 - [STDERR_REDIRECT] 
2026-01-06 19:52:21,151 [ERROR] LogOutputStream:75 - [STDERR_REDIRECT] [Fatal Error] :1:1: Premature end of file.
2026-01-06 19:52:21,151 [ERROR] LogOutputStream:75 - [STDERR_REDIRECT] 
2026-01-06 19:52:22,149 [ERROR] LogOutputStream:75 - [STDERR_REDIRECT] [Fatal Error] :1:1: Premature end of file.
2026-01-06 19:52:22,149 [ERROR] LogOutputStream:75 - [STDERR_REDIRECT] 
2026-01-06 19:52:23,157 [ERROR] LogOutputStream:75 - [STDERR_REDIRECT] [Fatal Error] :1:1: Premature end of file.
2026-01-06 19:52:23,158 [ERROR] LogOutputStream:75 - [STDERR_REDIRECT] 
2026-01-06 19:52:24,152 [ERROR] LogOutputStream:75 - [STDERR_REDIRECT] [Fatal Error] :1:1: Premature end of file.
2026-01-06 19:52:24,152 [ERROR] LogOutputStream:75 - [STDERR_REDIRECT] 
2026-01-06 19:52:24,682 [INFO] ServerAccessManage:452 - Complete download http(s) 200
2026-01-06 19:52:24,682 [INFO] ServerAccessManage:509 - Download File emotas.I-CUBE-CANOPEN.pdsc
2026-01-06 19:52:25,153 [ERROR] LogOutputStream:75 - [STDERR_REDIRECT] [Fatal Error] :1:1: Premature end of file.
2026-01-06 19:52:25,153 [ERROR] LogOutputStream:75 - [STDERR_REDIRECT] 
2026-01-06 19:52:26,170 [ERROR] LogOutputStream:75 - [STDERR_REDIRECT] [Fatal Error] :1:1: Premature end of file.
2026-01-06 19:52:26,170 [ERROR] LogOutputStream:75 - [STDERR_REDIRECT] 
2026-01-06 19:52:27,151 [ERROR] LogOutputStream:75 - [STDERR_REDIRECT] [Fatal Error] :1:1: Premature end of file.
2026-01-06 19:52:27,151 [ERROR] LogOutputStream:75 - [STDERR_REDIRECT] 
2026-01-06 19:52:27,706 [INFO] ServerAccessManage:452 - Complete download http(s) 200
2026-01-06 19:52:27,706 [INFO] ServerAccessManage:509 - Download File WES.I-CUBE-Cesium.pdsc
2026-01-06 19:52:28,160 [ERROR] LogOutputStream:75 - [STDERR_REDIRECT] [Fatal Error] :1:1: Premature end of file.
2026-01-06 19:52:28,160 [ERROR] LogOutputStream:75 - [STDERR_REDIRECT] 
2026-01-06 19:52:29,113 [ERROR] ServerAccessManage:1212 - Problem, file not found on Server
2026-01-06 19:52:29,154 [ERROR] LogOutputStream:75 - [STDERR_REDIRECT] [Fatal Error] :1:1: Premature end of file.
2026-01-06 19:52:29,154 [ERROR] LogOutputStream:75 - [STDERR_REDIRECT] 
2026-01-06 19:52:29,564 [ERROR] ServerAccessManage:1212 - Problem, file not found on Server
2026-01-06 19:52:30,158 [ERROR] LogOutputStream:75 - [STDERR_REDIRECT] [Fatal Error] :1:1: Premature end of file.
2026-01-06 19:52:30,158 [ERROR] LogOutputStream:75 - [STDERR_REDIRECT] 
2026-01-06 19:52:31,149 [ERROR] LogOutputStream:75 - [STDERR_REDIRECT] [Fatal Error] :1:1: Premature end of file.
2026-01-06 19:52:31,149 [ERROR] LogOutputStream:75 - [STDERR_REDIRECT] 
2026-01-06 19:52:32,164 [ERROR] LogOutputStream:75 - [STDERR_REDIRECT] [Fatal Error] :1:1: Premature end of file.
2026-01-06 19:52:32,165 [ERROR] LogOutputStream:75 - [STDERR_REDIRECT] 
2026-01-06 19:52:33,161 [ERROR] LogOutputStream:75 - [STDERR_REDIRECT] [Fatal Error] :1:1: Premature end of file.
2026-01-06 19:52:33,161 [ERROR] LogOutputStream:75 - [STDERR_REDIRECT] 
2026-01-06 19:52:34,162 [ERROR] LogOutputStream:75 - [STDERR_REDIRECT] [Fatal Error] :1:1: Premature end of file.
2026-01-06 19:52:34,162 [ERROR] LogOutputStream:75 - [STDERR_REDIRECT] 
2026-01-06 19:52:35,150 [ERROR] LogOutputStream:75 - [STDERR_REDIRECT] [Fatal Error] :1:1: Premature end of file.
2026-01-06 19:52:35,150 [ERROR] LogOutputStream:75 - [STDERR_REDIRECT] 
2026-01-06 19:52:36,163 [ERROR] LogOutputStream:75 - [STDERR_REDIRECT] [Fatal Error] :1:1: Premature end of file.
2026-01-06 19:52:36,163 [ERROR] LogOutputStream:75 - [STDERR_REDIRECT] 
2026-01-06 19:52:37,152 [ERROR] LogOutputStream:75 - [STDERR_REDIRECT] [Fatal Error] :1:1: Premature end of file.
2026-01-06 19:52:37,152 [ERROR] LogOutputStream:75 - [STDERR_REDIRECT] 
2026-01-06 19:52:38,149 [ERROR] LogOutputStream:75 - [STDERR_REDIRECT] [Fatal Error] :1:1: Premature end of file.
2026-01-06 19:52:38,149 [ERROR] LogOutputStream:75 - [STDERR_REDIRECT] 
2026-01-06 19:52:39,155 [ERROR] LogOutputStream:75 - [STDERR_REDIRECT] [Fatal Error] :1:1: Premature end of file.
2026-01-06 19:52:39,155 [ERROR] LogOutputStream:75 - [STDERR_REDIRECT] 
2026-01-06 19:52:40,156 [ERROR] LogOutputStream:75 - [STDERR_REDIRECT] [Fatal Error] :1:1: Premature end of file.
2026-01-06 19:52:40,156 [ERROR] LogOutputStream:75 - [STDERR_REDIRECT] 
2026-01-06 19:52:41,152 [ERROR] LogOutputStream:75 - [STDERR_REDIRECT] [Fatal Error] :1:1: Premature end of file.
2026-01-06 19:52:41,152 [ERROR] LogOutputStream:75 - [STDERR_REDIRECT] 
2026-01-06 19:52:42,150 [ERROR] LogOutputStream:75 - [STDERR_REDIRECT] [Fatal Error] :1:1: Premature end of file.
2026-01-06 19:52:42,150 [ERROR] LogOutputStream:75 - [STDERR_REDIRECT] 
2026-01-06 19:52:43,164 [ERROR] LogOutputStream:75 - [STDERR_REDIRECT] [Fatal Error] :1:1: Premature end of file.
2026-01-06 19:52:43,164 [ERROR] LogOutputStream:75 - [STDERR_REDIRECT] 
2026-01-06 19:52:44,149 [ERROR] LogOutputStream:75 - [STDERR_REDIRECT] [Fatal Error] :1:1: Premature end of file.
2026-01-06 19:52:44,149 [ERROR] LogOutputStream:75 - [STDERR_REDIRECT] 
2026-01-06 19:52:44,432 [INFO] ServerAccessManage:452 - Complete download http(s) 200
2026-01-06 19:52:44,432 [INFO] ServerAccessManage:509 - Download File ITTIA_DB.I-CUBE-ITTIADB.pdsc
2026-01-06 19:52:45,166 [ERROR] LogOutputStream:75 - [STDERR_REDIRECT] [Fatal Error] :1:1: Premature end of file.
2026-01-06 19:52:45,166 [ERROR] LogOutputStream:75 - [STDERR_REDIRECT] 
2026-01-06 19:52:46,159 [ERROR] LogOutputStream:75 - [STDERR_REDIRECT] [Fatal Error] :1:1: Premature end of file.
2026-01-06 19:52:46,159 [ERROR] LogOutputStream:75 - [STDERR_REDIRECT] 
2026-01-06 19:52:47,161 [ERROR] LogOutputStream:75 - [STDERR_REDIRECT] [Fatal Error] :1:1: Premature end of file.
2026-01-06 19:52:47,161 [ERROR] LogOutputStream:75 - [STDERR_REDIRECT] 
2026-01-06 19:52:48,160 [ERROR] LogOutputStream:75 - [STDERR_REDIRECT] [Fatal Error] :1:1: Premature end of file.
2026-01-06 19:52:48,160 [ERROR] LogOutputStream:75 - [STDERR_REDIRECT] 
2026-01-06 19:52:49,155 [ERROR] LogOutputStream:75 - [STDERR_REDIRECT] [Fatal Error] :1:1: Premature end of file.
2026-01-06 19:52:49,155 [ERROR] LogOutputStream:75 - [STDERR_REDIRECT] 
2026-01-06 19:52:50,162 [ERROR] LogOutputStream:75 - [STDERR_REDIRECT] [Fatal Error] :1:1: Premature end of file.
2026-01-06 19:52:50,162 [ERROR] LogOutputStream:75 - [STDERR_REDIRECT] 
2026-01-06 19:52:51,156 [ERROR] LogOutputStream:75 - [STDERR_REDIRECT] [Fatal Error] :1:1: Premature end of file.
2026-01-06 19:52:51,156 [ERROR] LogOutputStream:75 - [STDERR_REDIRECT] 
2026-01-06 19:52:52,152 [ERROR] LogOutputStream:75 - [STDERR_REDIRECT] [Fatal Error] :1:1: Premature end of file.
2026-01-06 19:52:52,152 [ERROR] LogOutputStream:75 - [STDERR_REDIRECT] 
2026-01-06 19:52:53,155 [ERROR] LogOutputStream:75 - [STDERR_REDIRECT] [Fatal Error] :1:1: Premature end of file.
2026-01-06 19:52:53,156 [ERROR] LogOutputStream:75 - [STDERR_REDIRECT] 
2026-01-06 19:52:54,153 [ERROR] LogOutputStream:75 - [STDERR_REDIRECT] [Fatal Error] :1:1: Premature end of file.
2026-01-06 19:52:54,153 [ERROR] LogOutputStream:75 - [STDERR_REDIRECT] 
2026-01-06 19:52:55,153 [ERROR] LogOutputStream:75 - [STDERR_REDIRECT] [Fatal Error] :1:1: Premature end of file.
2026-01-06 19:52:55,154 [ERROR] LogOutputStream:75 - [STDERR_REDIRECT] 
2026-01-06 19:52:56,154 [ERROR] LogOutputStream:75 - [STDERR_REDIRECT] [Fatal Error] :1:1: Premature end of file.
2026-01-06 19:52:56,154 [ERROR] LogOutputStream:75 - [STDERR_REDIRECT] 
2026-01-06 19:52:57,155 [ERROR] LogOutputStream:75 - [STDERR_REDIRECT] [Fatal Error] :1:1: Premature end of file.
2026-01-06 19:52:57,155 [ERROR] LogOutputStream:75 - [STDERR_REDIRECT] 
2026-01-06 19:52:58,156 [ERROR] LogOutputStream:75 - [STDERR_REDIRECT] [Fatal Error] :1:1: Premature end of file.
2026-01-06 19:52:58,157 [ERROR] LogOutputStream:75 - [STDERR_REDIRECT] 
2026-01-06 19:52:59,147 [ERROR] LogOutputStream:75 - [STDERR_REDIRECT] [Fatal Error] :1:1: Premature end of file.
2026-01-06 19:52:59,147 [ERROR] LogOutputStream:75 - [STDERR_REDIRECT] 
2026-01-06 19:53:00,155 [ERROR] LogOutputStream:75 - [STDERR_REDIRECT] [Fatal Error] :1:1: Premature end of file.
2026-01-06 19:53:00,155 [ERROR] LogOutputStream:75 - [STDERR_REDIRECT] 
2026-01-06 19:53:01,170 [ERROR] LogOutputStream:75 - [STDERR_REDIRECT] [Fatal Error] :1:1: Premature end of file.
2026-01-06 19:53:01,170 [ERROR] LogOutputStream:75 - [STDERR_REDIRECT] 
2026-01-06 19:53:02,148 [ERROR] LogOutputStream:75 - [STDERR_REDIRECT] [Fatal Error] :1:1: Premature end of file.
2026-01-06 19:53:02,148 [ERROR] LogOutputStream:75 - [STDERR_REDIRECT] 
2026-01-06 19:53:03,159 [ERROR] LogOutputStream:75 - [STDERR_REDIRECT] [Fatal Error] :1:1: Premature end of file.
2026-01-06 19:53:03,159 [ERROR] LogOutputStream:75 - [STDERR_REDIRECT] 
2026-01-06 19:53:04,153 [ERROR] LogOutputStream:75 - [STDERR_REDIRECT] [Fatal Error] :1:1: Premature end of file.
2026-01-06 19:53:04,153 [ERROR] LogOutputStream:75 - [STDERR_REDIRECT] 
2026-01-06 19:53:05,152 [ERROR] LogOutputStream:75 - [STDERR_REDIRECT] [Fatal Error] :1:1: Premature end of file.
2026-01-06 19:53:05,152 [ERROR] LogOutputStream:75 - [STDERR_REDIRECT] 
2026-01-06 19:53:06,159 [ERROR] LogOutputStream:75 - [STDERR_REDIRECT] [Fatal Error] :1:1: Premature end of file.
2026-01-06 19:53:06,159 [ERROR] LogOutputStream:75 - [STDERR_REDIRECT] 
2026-01-06 19:53:07,156 [ERROR] LogOutputStream:75 - [STDERR_REDIRECT] [Fatal Error] :1:1: Premature end of file.
2026-01-06 19:53:07,156 [ERROR] LogOutputStream:75 - [STDERR_REDIRECT] 
2026-01-06 19:53:08,175 [ERROR] LogOutputStream:75 - [STDERR_REDIRECT] [Fatal Error] :1:1: Premature end of file.
2026-01-06 19:53:08,177 [ERROR] LogOutputStream:75 - [STDERR_REDIRECT] 
2026-01-06 19:53:09,147 [ERROR] LogOutputStream:75 - [STDERR_REDIRECT] [Fatal Error] :1:1: Premature end of file.
2026-01-06 19:53:09,147 [ERROR] LogOutputStream:75 - [STDERR_REDIRECT] 
2026-01-06 19:53:09,844 [INFO] ServerAccessManage:452 - Complete download http(s) 200
2026-01-06 19:53:09,844 [INFO] ServerAccessManage:509 - Download File Infineon.AIROC-Wi-Fi-Bluetooth-STM32.pdsc
2026-01-06 19:53:10,159 [ERROR] LogOutputStream:75 - [STDERR_REDIRECT] [Fatal Error] :1:1: Premature end of file.
2026-01-06 19:53:10,159 [ERROR] LogOutputStream:75 - [STDERR_REDIRECT] 
2026-01-06 19:53:11,177 [ERROR] LogOutputStream:75 - [STDERR_REDIRECT] [Fatal Error] :1:1: Premature end of file.
2026-01-06 19:53:11,177 [ERROR] LogOutputStream:75 - [STDERR_REDIRECT] 
2026-01-06 19:53:12,161 [ERROR] LogOutputStream:75 - [STDERR_REDIRECT] [Fatal Error] :1:1: Premature end of file.
2026-01-06 19:53:12,161 [ERROR] LogOutputStream:75 - [STDERR_REDIRECT] 
2026-01-06 19:53:13,165 [ERROR] LogOutputStream:75 - [STDERR_REDIRECT] [Fatal Error] :1:1: Premature end of file.
2026-01-06 19:53:13,167 [ERROR] LogOutputStream:75 - [STDERR_REDIRECT] 
2026-01-06 19:53:14,151 [ERROR] LogOutputStream:75 - [STDERR_REDIRECT] [Fatal Error] :1:1: Premature end of file.
2026-01-06 19:53:14,151 [ERROR] LogOutputStream:75 - [STDERR_REDIRECT] 
2026-01-06 19:53:15,150 [ERROR] LogOutputStream:75 - [STDERR_REDIRECT] [Fatal Error] :1:1: Premature end of file.
2026-01-06 19:53:15,150 [ERROR] LogOutputStream:75 - [STDERR_REDIRECT] 
2026-01-06 19:53:16,163 [ERROR] LogOutputStream:75 - [STDERR_REDIRECT] [Fatal Error] :1:1: Premature end of file.
2026-01-06 19:53:16,163 [ERROR] LogOutputStream:75 - [STDERR_REDIRECT] 
2026-01-06 19:53:17,167 [ERROR] LogOutputStream:75 - [STDERR_REDIRECT] [Fatal Error] :1:1: Premature end of file.
2026-01-06 19:53:17,167 [ERROR] LogOutputStream:75 - [STDERR_REDIRECT] 
2026-01-06 19:53:18,147 [ERROR] LogOutputStream:75 - [STDERR_REDIRECT] [Fatal Error] :1:1: Premature end of file.
2026-01-06 19:53:18,147 [ERROR] LogOutputStream:75 - [STDERR_REDIRECT] 
2026-01-06 19:53:19,161 [ERROR] LogOutputStream:75 - [STDERR_REDIRECT] [Fatal Error] :1:1: Premature end of file.
2026-01-06 19:53:19,161 [ERROR] LogOutputStream:75 - [STDERR_REDIRECT] 
2026-01-06 19:53:20,505 [ERROR] LogOutputStream:75 - [STDERR_REDIRECT] [Fatal Error] :1:1: Premature end of file.
2026-01-06 19:53:20,505 [ERROR] LogOutputStream:75 - [STDERR_REDIRECT] 
2026-01-06 19:53:21,161 [ERROR] LogOutputStream:75 - [STDERR_REDIRECT] [Fatal Error] :1:1: Premature end of file.
2026-01-06 19:53:21,162 [ERROR] LogOutputStream:75 - [STDERR_REDIRECT] 
2026-01-06 19:53:21,440 [INFO] ServerAccessManage:452 - Complete download http(s) 200
2026-01-06 19:53:21,440 [INFO] ServerAccessManage:509 - Download File Cesanta.I-CUBE-Mongoose.pdsc
2026-01-06 19:53:22,158 [ERROR] LogOutputStream:75 - [STDERR_REDIRECT] [Fatal Error] :1:1: Premature end of file.
2026-01-06 19:53:22,158 [ERROR] LogOutputStream:75 - [STDERR_REDIRECT] 
2026-01-06 19:53:23,158 [ERROR] LogOutputStream:75 - [STDERR_REDIRECT] [Fatal Error] :1:1: Premature end of file.
2026-01-06 19:53:23,158 [ERROR] LogOutputStream:75 - [STDERR_REDIRECT] 
2026-01-06 19:53:24,167 [ERROR] LogOutputStream:75 - [STDERR_REDIRECT] [Fatal Error] :1:1: Premature end of file.
2026-01-06 19:53:24,167 [ERROR] LogOutputStream:75 - [STDERR_REDIRECT] 
2026-01-06 19:53:25,164 [ERROR] LogOutputStream:75 - [STDERR_REDIRECT] [Fatal Error] :1:1: Premature end of file.
2026-01-06 19:53:25,164 [ERROR] LogOutputStream:75 - [STDERR_REDIRECT] 
2026-01-06 19:53:26,218 [ERROR] LogOutputStream:75 - [STDERR_REDIRECT] [Fatal Error] :1:1: Premature end of file.
2026-01-06 19:53:26,218 [ERROR] LogOutputStream:75 - [STDERR_REDIRECT] 
2026-01-06 19:53:26,636 [INFO] ServerAccessManage:452 - Complete download http(s) 200
2026-01-06 19:53:26,636 [INFO] ServerAccessManage:509 - Download File EmbeddedOffice.I-CUBE-FS-RTOS.pdsc
2026-01-06 19:53:27,173 [ERROR] LogOutputStream:75 - [STDERR_REDIRECT] [Fatal Error] :1:1: Premature end of file.
2026-01-06 19:53:27,173 [ERROR] LogOutputStream:75 - [STDERR_REDIRECT] 
2026-01-06 19:53:28,163 [ERROR] LogOutputStream:75 - [STDERR_REDIRECT] [Fatal Error] :1:1: Premature end of file.
2026-01-06 19:53:28,163 [ERROR] LogOutputStream:75 - [STDERR_REDIRECT] 
2026-01-06 19:53:28,913 [INFO] ServerAccessManage:452 - Complete download http(s) 200
2026-01-06 19:53:28,913 [INFO] ServerAccessManage:509 - Download File quantropi.X-CUBE-qispace-sdk-base.pdsc
2026-01-06 19:53:29,160 [ERROR] LogOutputStream:75 - [STDERR_REDIRECT] [Fatal Error] :1:1: Premature end of file.
2026-01-06 19:53:29,160 [ERROR] LogOutputStream:75 - [STDERR_REDIRECT] 
2026-01-06 19:53:30,158 [ERROR] LogOutputStream:75 - [STDERR_REDIRECT] [Fatal Error] :1:1: Premature end of file.
2026-01-06 19:53:30,158 [ERROR] LogOutputStream:75 - [STDERR_REDIRECT] 
2026-01-06 19:53:31,157 [ERROR] LogOutputStream:75 - [STDERR_REDIRECT] [Fatal Error] :1:1: Premature end of file.
2026-01-06 19:53:31,157 [ERROR] LogOutputStream:75 - [STDERR_REDIRECT] 
2026-01-06 19:53:32,156 [ERROR] LogOutputStream:75 - [STDERR_REDIRECT] [Fatal Error] :1:1: Premature end of file.
2026-01-06 19:53:32,156 [ERROR] LogOutputStream:75 - [STDERR_REDIRECT] 
2026-01-06 19:53:33,155 [ERROR] LogOutputStream:75 - [STDERR_REDIRECT] [Fatal Error] :1:1: Premature end of file.
2026-01-06 19:53:33,155 [ERROR] LogOutputStream:75 - [STDERR_REDIRECT] 
2026-01-06 19:53:33,641 [INFO] ServerAccessManage:452 - Complete download http(s) 200
2026-01-06 19:53:33,641 [INFO] ServerAccessManage:509 - Download File Avnet-IOTCONNECT.X-CUBE-iotc-st67-sdk.pdsc
2026-01-06 19:53:33,818 [WARN] PackLoader:240 - Cannot read IP mode file for STMicroelectronics.FP-SNS-MOTENV1.5.1.0
2026-01-06 19:53:33,834 [WARN] PackLoader:240 - Cannot read IP mode file for STMicroelectronics.X-CUBE-BLE1.7.1.0
2026-01-06 19:53:33,840 [WARN] PackLoader:240 - Cannot read IP mode file for STMicroelectronics.X-CUBE-BLE2.3.3.0
2026-01-06 19:53:33,852 [WARN] PackLoader:240 - Cannot read IP mode file for STMicroelectronics.X-CUBE-BLEMGR.4.1.0
2026-01-06 19:53:33,873 [WARN] PackLoader:240 - Cannot read IP mode file for STMicroelectronics.X-CUBE-DISPLAY.3.0.0
2026-01-06 19:53:33,890 [WARN] PackLoader:240 - Cannot read IP mode file for STMicroelectronics.X-CUBE-DPower.1.3.0
2026-01-06 19:53:33,897 [WARN] PackLoader:240 - Cannot read IP mode file for STMicroelectronics.X-CUBE-EEPRMA1.5.2.0
2026-01-06 19:53:33,907 [WARN] PackLoader:240 - Cannot read IP mode file for STMicroelectronics.X-CUBE-FREERTOS.1.4.0
2026-01-06 19:53:33,913 [WARN] PackLoader:240 - Cannot read IP mode file for STMicroelectronics.X-CUBE-GNSS1.7.1.0
2026-01-06 19:53:33,917 [WARN] PackLoader:240 - Cannot read IP mode file for STMicroelectronics.X-CUBE-ISPU.2.1.0
2026-01-06 19:53:33,937 [WARN] PackLoader:240 - Cannot read IP mode file for STMicroelectronics.X-CUBE-IPS.3.2.0
2026-01-06 19:53:33,966 [INFO] CheckServerUpdateThread:120 - End of CheckServer Thread
2026-01-06 19:53:34,036 [WARN] PackLoader:240 - Cannot read IP mode file for STMicroelectronics.X-CUBE-MEMS1.12.0.0
2026-01-06 19:53:34,135 [WARN] PackLoader:240 - Cannot read IP mode file for STMicroelectronics.X-CUBE-NFC4.3.0.0
2026-01-06 19:53:34,146 [WARN] PackLoader:240 - Cannot read IP mode file for STMicroelectronics.X-CUBE-NFC6.3.1.0
2026-01-06 19:53:34,154 [WARN] PackLoader:240 - Cannot read IP mode file for STMicroelectronics.X-CUBE-NFC7.2.0.0
2026-01-06 19:53:34,161 [ERROR] LogOutputStream:75 - [STDERR_REDIRECT] [Fatal Error] :1:1: Premature end of file.
2026-01-06 19:53:34,161 [ERROR] LogOutputStream:75 - [STDERR_REDIRECT] 
2026-01-06 19:53:34,162 [WARN] PackLoader:240 - Cannot read IP mode file for STMicroelectronics.X-CUBE-NFC9.1.0.0
2026-01-06 19:53:34,168 [WARN] PackLoader:240 - Cannot read IP mode file for STMicroelectronics.X-CUBE-NFC10.1.0.0
2026-01-06 19:53:34,178 [WARN] PackLoader:240 - Cannot read IP mode file for STMicroelectronics.X-CUBE-NFC12.1.0.0
2026-01-06 19:53:34,189 [WARN] PackLoader:240 - Cannot read IP mode file for STMicroelectronics.X-CUBE-SFXS2LP1.4.0.0
2026-01-06 19:53:34,200 [WARN] PackLoader:240 - Cannot read IP mode file for STMicroelectronics.X-CUBE-SUBG2.5.0.0
2026-01-06 19:53:34,211 [WARN] PackLoader:240 - Cannot read IP mode file for STMicroelectronics.X-CUBE-SMBUS.2.1.0
2026-01-06 19:53:34,215 [WARN] PackLoader:240 - Cannot read IP mode file for STMicroelectronics.X-CUBE-ST60.1.1.0
2026-01-06 19:53:34,223 [WARN] PackLoader:240 - Cannot read IP mode file for STMicroelectronics.X-CUBE-ST67W61.1.1.0
2026-01-06 19:53:34,252 [WARN] PackLoader:240 - Cannot read IP mode file for STMicroelectronics.X-CUBE-STSE01.1.0.0
2026-01-06 19:53:34,262 [WARN] PackLoader:240 - Cannot read IP mode file for STMicroelectronics.X-CUBE-PM33A1.1.0.0
2026-01-06 19:53:34,271 [WARN] PackLoader:240 - Cannot read IP mode file for STMicroelectronics.X-CUBE-TCPP.4.2.0
2026-01-06 19:53:34,284 [WARN] PackLoader:240 - Cannot read IP mode file for STMicroelectronics.X-CUBE-TOF1.3.4.3
2026-01-06 19:53:34,320 [WARN] PackLoader:240 - Cannot read IP mode file for STMicroelectronics.X-CUBE-TOUCHGFX.4.26.0
2026-01-06 19:53:34,327 [WARN] PackLoader:240 - Cannot read IP mode file for STMicroelectronics.X-CUBE-ALGOBUILD.1.4.0
2026-01-06 19:53:34,370 [WARN] PackLoader:240 - Cannot read IP mode file for STMicroelectronics.X-CUBE-AZRTOS-H7.3.4.0
2026-01-06 19:53:34,407 [WARN] PackLoader:240 - Cannot read IP mode file for STMicroelectronics.X-CUBE-AZRTOS-H7RS.1.2.0
2026-01-06 19:53:34,429 [WARN] PackLoader:240 - Cannot read IP mode file for STMicroelectronics.X-CUBE-AZRTOS-F4.1.1.0
2026-01-06 19:53:34,455 [WARN] PackLoader:240 - Cannot read IP mode file for STMicroelectronics.X-CUBE-AZRTOS-F7.1.1.0
2026-01-06 19:53:34,486 [WARN] ConditionMgr:438 - getConditionDescription Invalid condition id : LAN8742 Phy interface Condition cause : null
2026-01-06 19:53:34,486 [WARN] PackLoader:240 - Cannot read IP mode file for STMicroelectronics.X-CUBE-AZRTOS-L4.2.0.0
2026-01-06 19:53:34,486 [WARN] ConditionMgr:1044 - genDependencies : Invalid condition id : LAN8742 Phy interface Condition cause : null
2026-01-06 19:53:34,486 [WARN] ConditionMgr:1044 - genDependencies : Invalid condition id : LAN8742 Phy interface Condition cause : null
2026-01-06 19:53:34,486 [WARN] ConditionMgr:1044 - genDependencies : Invalid condition id : LAN8742 Phy interface Condition cause : null
2026-01-06 19:53:34,508 [WARN] PackLoader:240 - Cannot read IP mode file for STMicroelectronics.X-CUBE-AZRTOS-L5.2.0.0
2026-01-06 19:53:34,587 [WARN] PackLoader:240 - Cannot read IP mode file for STMicroelectronics.X-CUBE-AZRTOS-G0.1.1.0
2026-01-06 19:53:34,619 [WARN] PackLoader:240 - Cannot read IP mode file for STMicroelectronics.X-CUBE-AZRTOS-G4.2.0.0
2026-01-06 19:53:34,636 [WARN] ConditionMgr:438 - getConditionDescription Invalid condition id : UX DEVICE CLASS RTOS Condition cause : null
2026-01-06 19:53:34,636 [WARN] ConditionMgr:438 - getConditionDescription Invalid condition id : UX DEVICE CLASS RTOS Condition cause : null
2026-01-06 19:53:34,638 [WARN] PackLoader:240 - Cannot read IP mode file for STMicroelectronics.X-CUBE-AZRTOS-WB.2.0.0
2026-01-06 19:53:34,639 [WARN] ConditionMgr:1044 - genDependencies : Invalid condition id : UX DEVICE CLASS RTOS Condition cause : null
2026-01-06 19:53:34,639 [WARN] ConditionMgr:1044 - genDependencies : Invalid condition id : UX DEVICE CLASS RTOS Condition cause : null
2026-01-06 19:53:34,639 [WARN] ConditionMgr:1044 - genDependencies : Invalid condition id : UX DEVICE CLASS RTOS Condition cause : null
2026-01-06 19:53:34,639 [WARN] ConditionMgr:1044 - genDependencies : Invalid condition id : UX DEVICE CLASS RTOS Condition cause : null
2026-01-06 19:53:34,639 [WARN] ConditionMgr:1044 - genDependencies : Invalid condition id : UX DEVICE CLASS RTOS Condition cause : null
2026-01-06 19:53:34,646 [INFO] LogOutputStream:77 - [STDOUT_REDIRECT] 1 : Invalid condition id : UX_CORESTACK_Condition cause : null
2026-01-06 19:53:34,646 [INFO] LogOutputStream:77 - [STDOUT_REDIRECT] 1 : Invalid condition id : UX_CORESTACK_Condition cause : null
2026-01-06 19:53:34,649 [INFO] LogOutputStream:77 - [STDOUT_REDIRECT] 1 : Invalid condition id : UX_CORESTACK_Condition cause : null
2026-01-06 19:53:34,651 [INFO] LogOutputStream:77 - [STDOUT_REDIRECT] 1 : Invalid condition id : UX_CORESTACK_Condition cause : null
2026-01-06 19:53:34,652 [INFO] LogOutputStream:77 - [STDOUT_REDIRECT] 1 : Invalid condition id : UX_CORESTACK_Condition cause : null
2026-01-06 19:53:34,655 [WARN] PackLoader:240 - Cannot read IP mode file for STMicroelectronics.X-CUBE-AZRTOS-WL.2.0.0
2026-01-06 19:53:34,660 [WARN] PackLoader:240 - Cannot read IP mode file for STMicroelectronics.X-CUBE-WB05N.2.0.0
2026-01-06 19:53:34,667 [WARN] PackLoader:240 - Cannot read IP mode file for wolfSSL.I-CUBE-wolfSSL.5.8.4
2026-01-06 19:53:34,671 [WARN] PackLoader:240 - Cannot read IP mode file for wolfSSL.I-CUBE-wolfMQTT.1.19.2
2026-01-06 19:53:34,673 [WARN] PackLoader:240 - Cannot read IP mode file for wolfSSL.I-CUBE-wolfTPM.3.8.0
2026-01-06 19:53:34,678 [WARN] PackLoader:240 - Cannot read IP mode file for wolfSSL.I-CUBE-wolfSSH.1.4.20
2026-01-06 19:53:34,684 [WARN] PackLoader:240 - Cannot read IP mode file for RealThread.X-CUBE-RT-Thread_Nano.4.1.1
2026-01-06 19:53:34,715 [WARN] PackLoader:240 - Cannot read IP mode file for SEGGER.I-CUBE-embOS.1.3.1
2026-01-06 19:53:34,756 [WARN] PackLoader:240 - Cannot read IP mode file for emotas.I-CUBE-CANOPEN.1.3.0
2026-01-06 19:53:34,766 [WARN] PackLoader:240 - Cannot read IP mode file for WES.I-CUBE-Cesium.1.4.0
2026-01-06 19:53:34,769 [WARN] PackLoader:240 - Cannot read IP mode file for ITTIA_DB.I-CUBE-ITTIADB.8.9.0
2026-01-06 19:53:34,784 [WARN] PackLoader:240 - Cannot read IP mode file for Infineon.AIROC-Wi-Fi-Bluetooth-STM32.1.8.0
2026-01-06 19:53:34,793 [WARN] PackLoader:240 - Cannot read IP mode file for Cesanta.I-CUBE-Mongoose.7.20.0
2026-01-06 19:53:34,804 [WARN] PackLoader:240 - Cannot read IP mode file for EmbeddedOffice.I-CUBE-FS-RTOS.1.0.1
2026-01-06 19:53:34,809 [WARN] ConditionMgr:438 - getConditionDescription Invalid condition id : Cortex-A Device cause : null
2026-01-06 19:53:34,819 [WARN] ConditionMgr:1044 - genDependencies : Invalid condition id : Cortex-A Device cause : null
2026-01-06 19:53:34,819 [WARN] ConditionMgr:1044 - genDependencies : Invalid condition id : Cortex-A Device cause : null
2026-01-06 19:53:34,819 [WARN] ConditionMgr:1044 - genDependencies : Invalid condition id : Cortex-A Device cause : null
2026-01-06 19:53:34,833 [INFO] PopulateThirdPartyThread:66 - Ending populate Thread
2026-01-06 19:53:34,835 [INFO] ThirdParty:1030 - CMSIS Pack Vendor :STMicroelectronics X-CUBE-PM33A1 1.0.0
2026-01-06 19:53:34,835 [INFO] ThirdParty:1030 - CMSIS Pack Vendor :STMicroelectronics X-CUBE-NFC9 1.0.0
2026-01-06 19:53:34,835 [INFO] ThirdParty:1030 - CMSIS Pack Vendor :STMicroelectronics X-CUBE-AZRTOS-F4 1.1.0
2026-01-06 19:53:34,835 [INFO] ThirdParty:1030 - CMSIS Pack Vendor :STMicroelectronics X-CUBE-BLE1 7.1.0
2026-01-06 19:53:34,835 [INFO] ThirdParty:1030 - CMSIS Pack Vendor :STMicroelectronics X-CUBE-SMBUS 2.1.0
2026-01-06 19:53:34,835 [INFO] ThirdParty:1030 - CMSIS Pack Vendor :wolfSSL I-CUBE-wolfMQTT 1.19.2
2026-01-06 19:53:34,835 [INFO] ThirdParty:1030 - CMSIS Pack Vendor :STMicroelectronics X-CUBE-ISPU 2.1.0
2026-01-06 19:53:34,835 [INFO] ThirdParty:1030 - CMSIS Pack Vendor :STMicroelectronics X-CUBE-FREERTOS 1.4.0
2026-01-06 19:53:34,835 [INFO] ThirdParty:1030 - CMSIS Pack Vendor :STMicroelectronics X-CUBE-BLEMGR 4.1.0
2026-01-06 19:53:34,835 [INFO] ThirdParty:1030 - CMSIS Pack Vendor :STMicroelectronics X-CUBE-EEPRMA1 5.2.0
2026-01-06 19:53:34,835 [INFO] ThirdParty:1030 - CMSIS Pack Vendor :STMicroelectronics X-CUBE-IPS 3.2.0
2026-01-06 19:53:34,835 [INFO] ThirdParty:1030 - CMSIS Pack Vendor :STMicroelectronics X-CUBE-AZRTOS-WB 2.0.0
2026-01-06 19:53:34,835 [INFO] ThirdParty:1030 - CMSIS Pack Vendor :wolfSSL I-CUBE-wolfSSL 5.8.4
2026-01-06 19:53:34,835 [INFO] ThirdParty:1030 - CMSIS Pack Vendor :Cesanta I-CUBE-Mongoose 7.20.0
2026-01-06 19:53:34,835 [INFO] ThirdParty:1030 - CMSIS Pack Vendor :STMicroelectronics X-CUBE-NFC12 1.0.0
2026-01-06 19:53:34,835 [INFO] ThirdParty:1030 - CMSIS Pack Vendor :STMicroelectronics X-CUBE-AZRTOS-F7 1.1.0
2026-01-06 19:53:34,835 [INFO] ThirdParty:1030 - CMSIS Pack Vendor :STMicroelectronics X-CUBE-AZRTOS-L5 2.0.0
2026-01-06 19:53:34,835 [INFO] ThirdParty:1030 - CMSIS Pack Vendor :STMicroelectronics X-CUBE-NFC6 3.1.0
2026-01-06 19:53:34,835 [INFO] ThirdParty:1030 - CMSIS Pack Vendor :STMicroelectronics X-CUBE-ST67W61 1.1.0
2026-01-06 19:53:34,835 [INFO] ThirdParty:1030 - CMSIS Pack Vendor :quantropi X-CUBE-qispace-sdk-base 2.1.0
2026-01-06 19:53:34,835 [INFO] ThirdParty:1030 - CMSIS Pack Vendor :STMicroelectronics X-CUBE-MEMS1 12.0.0
2026-01-06 19:53:34,835 [INFO] ThirdParty:1030 - CMSIS Pack Vendor :STMicroelectronics FP-SNS-MOTENV1 5.1.0
2026-01-06 19:53:34,835 [INFO] ThirdParty:1030 - CMSIS Pack Vendor :STMicroelectronics X-CUBE-AZRTOS-G0 1.1.0
2026-01-06 19:53:34,835 [INFO] ThirdParty:1030 - CMSIS Pack Vendor :STMicroelectronics X-CUBE-NFC4 3.0.0
2026-01-06 19:53:34,835 [INFO] ThirdParty:1030 - CMSIS Pack Vendor :STMicroelectronics X-CUBE-SUBG2 5.0.0
2026-01-06 19:53:34,835 [INFO] ThirdParty:1030 - CMSIS Pack Vendor :EmbeddedOffice I-CUBE-FS-RTOS 1.0.1
2026-01-06 19:53:34,835 [INFO] ThirdParty:1030 - CMSIS Pack Vendor :WES I-CUBE-Cesium 1.4.0
2026-01-06 19:53:34,835 [INFO] ThirdParty:1030 - CMSIS Pack Vendor :STMicroelectronics X-CUBE-AZRTOS-G4 2.0.0
2026-01-06 19:53:34,835 [INFO] ThirdParty:1030 - CMSIS Pack Vendor :STMicroelectronics X-CUBE-WB05N 2.0.0
2026-01-06 19:53:34,835 [INFO] ThirdParty:1030 - CMSIS Pack Vendor :wolfSSL I-CUBE-wolfTPM 3.8.0
2026-01-06 19:53:34,835 [INFO] ThirdParty:1030 - CMSIS Pack Vendor :STMicroelectronics X-CUBE-AZRTOS-H7 3.4.0
2026-01-06 19:53:34,835 [INFO] ThirdParty:1030 - CMSIS Pack Vendor :STMicroelectronics X-CUBE-DISPLAY 3.0.0
2026-01-06 19:53:34,835 [INFO] ThirdParty:1030 - CMSIS Pack Vendor :wolfSSL I-CUBE-wolfSSH 1.4.20
2026-01-06 19:53:34,835 [INFO] ThirdParty:1030 - CMSIS Pack Vendor :STMicroelectronics X-CUBE-NFC7 2.0.0
2026-01-06 19:53:34,835 [INFO] ThirdParty:1030 - CMSIS Pack Vendor :STMicroelectronics X-CUBE-TCPP 4.2.0
2026-01-06 19:53:34,835 [INFO] ThirdParty:1030 - CMSIS Pack Vendor :RealThread X-CUBE-RT-Thread_Nano 4.1.1
2026-01-06 19:53:34,835 [INFO] ThirdParty:1030 - CMSIS Pack Vendor :STMicroelectronics X-CUBE-NFC10 1.0.0
2026-01-06 19:53:34,835 [INFO] ThirdParty:1030 - CMSIS Pack Vendor :STMicroelectronics X-CUBE-ST60 1.1.0
2026-01-06 19:53:34,835 [INFO] ThirdParty:1030 - CMSIS Pack Vendor :emotas I-CUBE-CANOPEN 1.3.0
2026-01-06 19:53:34,835 [INFO] ThirdParty:1030 - CMSIS Pack Vendor :STMicroelectronics X-CUBE-GNSS1 7.1.0
2026-01-06 19:53:34,835 [INFO] ThirdParty:1030 - CMSIS Pack Vendor :ITTIA_DB I-CUBE-ITTIADB 8.9.0
2026-01-06 19:53:34,835 [INFO] ThirdParty:1030 - CMSIS Pack Vendor :STMicroelectronics X-CUBE-TOUCHGFX 4.26.0
2026-01-06 19:53:34,835 [INFO] ThirdParty:1030 - CMSIS Pack Vendor :STMicroelectronics X-CUBE-STSE01 1.0.0
2026-01-06 19:53:34,835 [INFO] ThirdParty:1030 - CMSIS Pack Vendor :STMicroelectronics X-CUBE-AZRTOS-WL 2.0.0
2026-01-06 19:53:34,835 [INFO] ThirdParty:1030 - CMSIS Pack Vendor :SEGGER I-CUBE-embOS 1.3.1
2026-01-06 19:53:34,835 [INFO] ThirdParty:1030 - CMSIS Pack Vendor :STMicroelectronics X-CUBE-DPower 1.3.0
2026-01-06 19:53:34,835 [INFO] ThirdParty:1030 - CMSIS Pack Vendor :STMicroelectronics X-CUBE-ALGOBUILD 1.4.0
2026-01-06 19:53:34,835 [INFO] ThirdParty:1030 - CMSIS Pack Vendor :STMicroelectronics X-CUBE-AZRTOS-H7RS 1.2.0
2026-01-06 19:53:34,835 [INFO] ThirdParty:1030 - CMSIS Pack Vendor :STMicroelectronics X-CUBE-AZRTOS-L4 2.0.0
2026-01-06 19:53:34,835 [INFO] ThirdParty:1030 - CMSIS Pack Vendor :STMicroelectronics X-CUBE-SFXS2LP1 4.0.0
2026-01-06 19:53:34,835 [INFO] ThirdParty:1030 - CMSIS Pack Vendor :STMicroelectronics X-CUBE-BLE2 3.3.0
2026-01-06 19:53:34,835 [INFO] ThirdParty:1030 - CMSIS Pack Vendor :Avnet-IOTCONNECT X-CUBE-iotc-st67-sdk 1.0.0
2026-01-06 19:53:34,835 [INFO] ThirdParty:1030 - CMSIS Pack Vendor :STMicroelectronics X-CUBE-TOF1 3.4.3
2026-01-06 19:53:34,835 [INFO] ThirdParty:1030 - CMSIS Pack Vendor :Infineon AIROC-Wi-Fi-Bluetooth-STM32 1.8.0
2026-01-06 19:53:34,840 [INFO] LoadServerUpdatesThread:375 - End of LoadServerUpdate Thread
2026-01-06 19:53:35,157 [ERROR] LogOutputStream:75 - [STDERR_REDIRECT] [Fatal Error] :1:1: Premature end of file.
2026-01-06 19:53:35,157 [ERROR] LogOutputStream:75 - [STDERR_REDIRECT] 
2026-01-06 19:53:36,159 [ERROR] LogOutputStream:75 - [STDERR_REDIRECT] [Fatal Error] :1:1: Premature end of file.
2026-01-06 19:53:36,159 [ERROR] LogOutputStream:75 - [STDERR_REDIRECT] 
2026-01-06 19:53:37,156 [ERROR] LogOutputStream:75 - [STDERR_REDIRECT] [Fatal Error] :1:1: Premature end of file.
2026-01-06 19:53:37,156 [ERROR] LogOutputStream:75 - [STDERR_REDIRECT] 
2026-01-06 19:53:38,162 [ERROR] LogOutputStream:75 - [STDERR_REDIRECT] [Fatal Error] :1:1: Premature end of file.
2026-01-06 19:53:38,162 [ERROR] LogOutputStream:75 - [STDERR_REDIRECT] 
2026-01-06 19:53:39,152 [ERROR] LogOutputStream:75 - [STDERR_REDIRECT] [Fatal Error] :1:1: Premature end of file.
2026-01-06 19:53:39,152 [ERROR] LogOutputStream:75 - [STDERR_REDIRECT] 
2026-01-06 19:53:40,172 [ERROR] LogOutputStream:75 - [STDERR_REDIRECT] [Fatal Error] :1:1: Premature end of file.
2026-01-06 19:53:40,172 [ERROR] LogOutputStream:75 - [STDERR_REDIRECT] 
2026-01-06 19:53:41,158 [ERROR] LogOutputStream:75 - [STDERR_REDIRECT] [Fatal Error] :1:1: Premature end of file.
2026-01-06 19:53:41,158 [ERROR] LogOutputStream:75 - [STDERR_REDIRECT] 
2026-01-06 19:53:42,157 [ERROR] LogOutputStream:75 - [STDERR_REDIRECT] [Fatal Error] :1:1: Premature end of file.
2026-01-06 19:53:42,157 [ERROR] LogOutputStream:75 - [STDERR_REDIRECT] 
2026-01-06 19:53:43,156 [ERROR] LogOutputStream:75 - [STDERR_REDIRECT] [Fatal Error] :1:1: Premature end of file.
2026-01-06 19:53:43,156 [ERROR] LogOutputStream:75 - [STDERR_REDIRECT] 
2026-01-06 19:53:44,155 [ERROR] LogOutputStream:75 - [STDERR_REDIRECT] [Fatal Error] :1:1: Premature end of file.
2026-01-06 19:53:44,155 [ERROR] LogOutputStream:75 - [STDERR_REDIRECT] 
2026-01-06 19:53:45,163 [ERROR] LogOutputStream:75 - [STDERR_REDIRECT] [Fatal Error] :1:1: Premature end of file.
2026-01-06 19:53:45,163 [ERROR] LogOutputStream:75 - [STDERR_REDIRECT] 
2026-01-06 19:53:46,154 [ERROR] LogOutputStream:75 - [STDERR_REDIRECT] [Fatal Error] :1:1: Premature end of file.
2026-01-06 19:53:46,154 [ERROR] LogOutputStream:75 - [STDERR_REDIRECT] 
2026-01-06 19:53:47,154 [ERROR] LogOutputStream:75 - [STDERR_REDIRECT] [Fatal Error] :1:1: Premature end of file.
2026-01-06 19:53:47,154 [ERROR] LogOutputStream:75 - [STDERR_REDIRECT] 
2026-01-06 19:53:48,151 [ERROR] LogOutputStream:75 - [STDERR_REDIRECT] [Fatal Error] :1:1: Premature end of file.
2026-01-06 19:53:48,151 [ERROR] LogOutputStream:75 - [STDERR_REDIRECT] 
2026-01-06 19:53:49,155 [ERROR] LogOutputStream:75 - [STDERR_REDIRECT] [Fatal Error] :1:1: Premature end of file.
2026-01-06 19:53:49,155 [ERROR] LogOutputStream:75 - [STDERR_REDIRECT] 
2026-01-06 19:53:50,150 [ERROR] LogOutputStream:75 - [STDERR_REDIRECT] [Fatal Error] :1:1: Premature end of file.
2026-01-06 19:53:50,150 [ERROR] LogOutputStream:75 - [STDERR_REDIRECT] 
2026-01-06 19:53:51,155 [ERROR] LogOutputStream:75 - [STDERR_REDIRECT] [Fatal Error] :1:1: Premature end of file.
2026-01-06 19:53:51,155 [ERROR] LogOutputStream:75 - [STDERR_REDIRECT] 
2026-01-06 19:53:52,149 [ERROR] LogOutputStream:75 - [STDERR_REDIRECT] [Fatal Error] :1:1: Premature end of file.
2026-01-06 19:53:52,149 [ERROR] LogOutputStream:75 - [STDERR_REDIRECT] 
2026-01-06 19:53:53,160 [ERROR] LogOutputStream:75 - [STDERR_REDIRECT] [Fatal Error] :1:1: Premature end of file.
2026-01-06 19:53:53,160 [ERROR] LogOutputStream:75 - [STDERR_REDIRECT] 
2026-01-06 19:53:54,165 [ERROR] LogOutputStream:75 - [STDERR_REDIRECT] [Fatal Error] :1:1: Premature end of file.
2026-01-06 19:53:54,165 [ERROR] LogOutputStream:75 - [STDERR_REDIRECT] 
2026-01-06 19:53:55,166 [ERROR] LogOutputStream:75 - [STDERR_REDIRECT] [Fatal Error] :1:1: Premature end of file.
2026-01-06 19:53:55,166 [ERROR] LogOutputStream:75 - [STDERR_REDIRECT] 
2026-01-06 19:53:56,158 [ERROR] LogOutputStream:75 - [STDERR_REDIRECT] [Fatal Error] :1:1: Premature end of file.
2026-01-06 19:53:56,158 [ERROR] LogOutputStream:75 - [STDERR_REDIRECT] 
2026-01-06 19:53:57,164 [ERROR] LogOutputStream:75 - [STDERR_REDIRECT] [Fatal Error] :1:1: Premature end of file.
2026-01-06 19:53:57,165 [ERROR] LogOutputStream:75 - [STDERR_REDIRECT] 
2026-01-06 19:53:58,161 [ERROR] LogOutputStream:75 - [STDERR_REDIRECT] [Fatal Error] :1:1: Premature end of file.
2026-01-06 19:53:58,161 [ERROR] LogOutputStream:75 - [STDERR_REDIRECT] 
2026-01-06 19:53:59,151 [ERROR] LogOutputStream:75 - [STDERR_REDIRECT] [Fatal Error] :1:1: Premature end of file.
2026-01-06 19:53:59,151 [ERROR] LogOutputStream:75 - [STDERR_REDIRECT] 
2026-01-06 19:54:00,166 [ERROR] LogOutputStream:75 - [STDERR_REDIRECT] [Fatal Error] :1:1: Premature end of file.
2026-01-06 19:54:00,166 [ERROR] LogOutputStream:75 - [STDERR_REDIRECT] 
2026-01-06 19:54:01,161 [ERROR] LogOutputStream:75 - [STDERR_REDIRECT] [Fatal Error] :1:1: Premature end of file.
2026-01-06 19:54:01,161 [ERROR] LogOutputStream:75 - [STDERR_REDIRECT] 
2026-01-06 19:54:02,164 [ERROR] LogOutputStream:75 - [STDERR_REDIRECT] [Fatal Error] :1:1: Premature end of file.
2026-01-06 19:54:02,164 [ERROR] LogOutputStream:75 - [STDERR_REDIRECT] 
2026-01-06 19:54:03,152 [ERROR] LogOutputStream:75 - [STDERR_REDIRECT] [Fatal Error] :1:1: Premature end of file.
2026-01-06 19:54:03,152 [ERROR] LogOutputStream:75 - [STDERR_REDIRECT] 
2026-01-06 19:54:04,155 [ERROR] LogOutputStream:75 - [STDERR_REDIRECT] [Fatal Error] :1:1: Premature end of file.
2026-01-06 19:54:04,155 [ERROR] LogOutputStream:75 - [STDERR_REDIRECT] 
2026-01-06 19:54:05,155 [ERROR] LogOutputStream:75 - [STDERR_REDIRECT] [Fatal Error] :1:1: Premature end of file.
2026-01-06 19:54:05,155 [ERROR] LogOutputStream:75 - [STDERR_REDIRECT] 
2026-01-06 19:54:06,153 [ERROR] LogOutputStream:75 - [STDERR_REDIRECT] [Fatal Error] :1:1: Premature end of file.
2026-01-06 19:54:06,153 [ERROR] LogOutputStream:75 - [STDERR_REDIRECT] 
2026-01-06 19:54:07,153 [ERROR] LogOutputStream:75 - [STDERR_REDIRECT] [Fatal Error] :1:1: Premature end of file.
2026-01-06 19:54:07,153 [ERROR] LogOutputStream:75 - [STDERR_REDIRECT] 
2026-01-06 19:54:08,155 [ERROR] LogOutputStream:75 - [STDERR_REDIRECT] [Fatal Error] :1:1: Premature end of file.
2026-01-06 19:54:08,155 [ERROR] LogOutputStream:75 - [STDERR_REDIRECT] 
2026-01-06 19:54:09,159 [ERROR] LogOutputStream:75 - [STDERR_REDIRECT] [Fatal Error] :1:1: Premature end of file.
2026-01-06 19:54:09,159 [ERROR] LogOutputStream:75 - [STDERR_REDIRECT] 
2026-01-06 19:54:10,168 [ERROR] LogOutputStream:75 - [STDERR_REDIRECT] [Fatal Error] :1:1: Premature end of file.
2026-01-06 19:54:10,168 [ERROR] LogOutputStream:75 - [STDERR_REDIRECT] 
2026-01-06 19:54:11,168 [ERROR] LogOutputStream:75 - [STDERR_REDIRECT] [Fatal Error] :1:1: Premature end of file.
2026-01-06 19:54:11,168 [ERROR] LogOutputStream:75 - [STDERR_REDIRECT] 
2026-01-06 19:54:12,152 [ERROR] LogOutputStream:75 - [STDERR_REDIRECT] [Fatal Error] :1:1: Premature end of file.
2026-01-06 19:54:12,152 [ERROR] LogOutputStream:75 - [STDERR_REDIRECT] 
2026-01-06 19:54:13,165 [ERROR] LogOutputStream:75 - [STDERR_REDIRECT] [Fatal Error] :1:1: Premature end of file.
2026-01-06 19:54:13,165 [ERROR] LogOutputStream:75 - [STDERR_REDIRECT] 
2026-01-06 19:54:14,150 [ERROR] LogOutputStream:75 - [STDERR_REDIRECT] [Fatal Error] :1:1: Premature end of file.
2026-01-06 19:54:14,150 [ERROR] LogOutputStream:75 - [STDERR_REDIRECT] 
2026-01-06 19:54:15,161 [ERROR] LogOutputStream:75 - [STDERR_REDIRECT] [Fatal Error] :1:1: Premature end of file.
2026-01-06 19:54:15,161 [ERROR] LogOutputStream:75 - [STDERR_REDIRECT] 
2026-01-06 19:54:16,162 [ERROR] LogOutputStream:75 - [STDERR_REDIRECT] [Fatal Error] :1:1: Premature end of file.
2026-01-06 19:54:16,162 [ERROR] LogOutputStream:75 - [STDERR_REDIRECT] 
2026-01-06 19:54:17,158 [ERROR] LogOutputStream:75 - [STDERR_REDIRECT] [Fatal Error] :1:1: Premature end of file.
2026-01-06 19:54:17,159 [ERROR] LogOutputStream:75 - [STDERR_REDIRECT] 
2026-01-06 19:54:18,162 [ERROR] LogOutputStream:75 - [STDERR_REDIRECT] [Fatal Error] :1:1: Premature end of file.
2026-01-06 19:54:18,162 [ERROR] LogOutputStream:75 - [STDERR_REDIRECT] 
2026-01-06 19:54:19,166 [ERROR] LogOutputStream:75 - [STDERR_REDIRECT] [Fatal Error] :1:1: Premature end of file.
2026-01-06 19:54:19,166 [ERROR] LogOutputStream:75 - [STDERR_REDIRECT] 
2026-01-06 19:54:20,156 [ERROR] LogOutputStream:75 - [STDERR_REDIRECT] [Fatal Error] :1:1: Premature end of file.
2026-01-06 19:54:20,156 [ERROR] LogOutputStream:75 - [STDERR_REDIRECT] 
2026-01-06 19:54:21,156 [ERROR] LogOutputStream:75 - [STDERR_REDIRECT] [Fatal Error] :1:1: Premature end of file.
2026-01-06 19:54:21,156 [ERROR] LogOutputStream:75 - [STDERR_REDIRECT] 
2026-01-06 19:54:22,164 [ERROR] LogOutputStream:75 - [STDERR_REDIRECT] [Fatal Error] :1:1: Premature end of file.
2026-01-06 19:54:22,164 [ERROR] LogOutputStream:75 - [STDERR_REDIRECT] 
2026-01-06 19:54:23,154 [ERROR] LogOutputStream:75 - [STDERR_REDIRECT] [Fatal Error] :1:1: Premature end of file.
2026-01-06 19:54:23,154 [ERROR] LogOutputStream:75 - [STDERR_REDIRECT] 
2026-01-06 19:54:24,158 [ERROR] LogOutputStream:75 - [STDERR_REDIRECT] [Fatal Error] :1:1: Premature end of file.
2026-01-06 19:54:24,158 [ERROR] LogOutputStream:75 - [STDERR_REDIRECT] 
2026-01-06 19:54:25,157 [ERROR] LogOutputStream:75 - [STDERR_REDIRECT] [Fatal Error] :1:1: Premature end of file.
2026-01-06 19:54:25,158 [ERROR] LogOutputStream:75 - [STDERR_REDIRECT] 
2026-01-06 19:54:26,154 [ERROR] LogOutputStream:75 - [STDERR_REDIRECT] [Fatal Error] :1:1: Premature end of file.
2026-01-06 19:54:26,154 [ERROR] LogOutputStream:75 - [STDERR_REDIRECT] 
2026-01-06 19:54:27,161 [ERROR] LogOutputStream:75 - [STDERR_REDIRECT] [Fatal Error] :1:1: Premature end of file.
2026-01-06 19:54:27,161 [ERROR] LogOutputStream:75 - [STDERR_REDIRECT] 
2026-01-06 19:54:28,163 [ERROR] LogOutputStream:75 - [STDERR_REDIRECT] [Fatal Error] :1:1: Premature end of file.
2026-01-06 19:54:28,163 [ERROR] LogOutputStream:75 - [STDERR_REDIRECT] 
2026-01-06 19:54:29,162 [ERROR] LogOutputStream:75 - [STDERR_REDIRECT] [Fatal Error] :1:1: Premature end of file.
2026-01-06 19:54:29,162 [ERROR] LogOutputStream:75 - [STDERR_REDIRECT] 
2026-01-06 19:54:30,153 [ERROR] LogOutputStream:75 - [STDERR_REDIRECT] [Fatal Error] :1:1: Premature end of file.
2026-01-06 19:54:30,153 [ERROR] LogOutputStream:75 - [STDERR_REDIRECT] 
2026-01-06 19:54:31,167 [ERROR] LogOutputStream:75 - [STDERR_REDIRECT] [Fatal Error] :1:1: Premature end of file.
2026-01-06 19:54:31,167 [ERROR] LogOutputStream:75 - [STDERR_REDIRECT] 
2026-01-06 19:54:32,176 [ERROR] LogOutputStream:75 - [STDERR_REDIRECT] [Fatal Error] :1:1: Premature end of file.
2026-01-06 19:54:32,176 [ERROR] LogOutputStream:75 - [STDERR_REDIRECT] 
2026-01-06 19:54:33,160 [ERROR] LogOutputStream:75 - [STDERR_REDIRECT] [Fatal Error] :1:1: Premature end of file.
2026-01-06 19:54:33,160 [ERROR] LogOutputStream:75 - [STDERR_REDIRECT] 
2026-01-06 19:54:34,154 [ERROR] LogOutputStream:75 - [STDERR_REDIRECT] [Fatal Error] :1:1: Premature end of file.
2026-01-06 19:54:34,154 [ERROR] LogOutputStream:75 - [STDERR_REDIRECT] 
2026-01-06 19:54:35,155 [ERROR] LogOutputStream:75 - [STDERR_REDIRECT] [Fatal Error] :1:1: Premature end of file.
2026-01-06 19:54:35,155 [ERROR] LogOutputStream:75 - [STDERR_REDIRECT] 
2026-01-06 19:54:36,157 [ERROR] LogOutputStream:75 - [STDERR_REDIRECT] [Fatal Error] :1:1: Premature end of file.
2026-01-06 19:54:36,157 [ERROR] LogOutputStream:75 - [STDERR_REDIRECT] 
2026-01-06 19:54:37,148 [ERROR] LogOutputStream:75 - [STDERR_REDIRECT] [Fatal Error] :1:1: Premature end of file.
2026-01-06 19:54:37,148 [ERROR] LogOutputStream:75 - [STDERR_REDIRECT] 
2026-01-06 19:54:38,152 [ERROR] LogOutputStream:75 - [STDERR_REDIRECT] [Fatal Error] :1:1: Premature end of file.
2026-01-06 19:54:38,152 [ERROR] LogOutputStream:75 - [STDERR_REDIRECT] 
2026-01-06 19:54:39,157 [ERROR] LogOutputStream:75 - [STDERR_REDIRECT] [Fatal Error] :1:1: Premature end of file.
2026-01-06 19:54:39,159 [ERROR] LogOutputStream:75 - [STDERR_REDIRECT] 
2026-01-06 19:54:40,152 [ERROR] LogOutputStream:75 - [STDERR_REDIRECT] [Fatal Error] :1:1: Premature end of file.
2026-01-06 19:54:40,152 [ERROR] LogOutputStream:75 - [STDERR_REDIRECT] 
2026-01-06 19:54:41,153 [ERROR] LogOutputStream:75 - [STDERR_REDIRECT] [Fatal Error] :1:1: Premature end of file.
2026-01-06 19:54:41,153 [ERROR] LogOutputStream:75 - [STDERR_REDIRECT] 
2026-01-06 19:54:42,155 [ERROR] LogOutputStream:75 - [STDERR_REDIRECT] [Fatal Error] :1:1: Premature end of file.
2026-01-06 19:54:42,155 [ERROR] LogOutputStream:75 - [STDERR_REDIRECT] 
2026-01-06 19:54:43,156 [ERROR] LogOutputStream:75 - [STDERR_REDIRECT] [Fatal Error] :1:1: Premature end of file.
2026-01-06 19:54:43,156 [ERROR] LogOutputStream:75 - [STDERR_REDIRECT] 
2026-01-06 19:54:44,156 [ERROR] LogOutputStream:75 - [STDERR_REDIRECT] [Fatal Error] :1:1: Premature end of file.
2026-01-06 19:54:44,156 [ERROR] LogOutputStream:75 - [STDERR_REDIRECT] 
2026-01-06 19:54:45,157 [ERROR] LogOutputStream:75 - [STDERR_REDIRECT] [Fatal Error] :1:1: Premature end of file.
2026-01-06 19:54:45,157 [ERROR] LogOutputStream:75 - [STDERR_REDIRECT] 
2026-01-06 19:54:46,155 [ERROR] LogOutputStream:75 - [STDERR_REDIRECT] [Fatal Error] :1:1: Premature end of file.
2026-01-06 19:54:46,155 [ERROR] LogOutputStream:75 - [STDERR_REDIRECT] 
2026-01-06 19:54:47,161 [ERROR] LogOutputStream:75 - [STDERR_REDIRECT] [Fatal Error] :1:1: Premature end of file.
2026-01-06 19:54:47,161 [ERROR] LogOutputStream:75 - [STDERR_REDIRECT] 
2026-01-06 19:54:48,161 [ERROR] LogOutputStream:75 - [STDERR_REDIRECT] [Fatal Error] :1:1: Premature end of file.
2026-01-06 19:54:48,161 [ERROR] LogOutputStream:75 - [STDERR_REDIRECT] 
2026-01-06 19:54:49,163 [ERROR] LogOutputStream:75 - [STDERR_REDIRECT] [Fatal Error] :1:1: Premature end of file.
2026-01-06 19:54:49,163 [ERROR] LogOutputStream:75 - [STDERR_REDIRECT] 
2026-01-06 19:54:50,162 [ERROR] LogOutputStream:75 - [STDERR_REDIRECT] [Fatal Error] :1:1: Premature end of file.
2026-01-06 19:54:50,162 [ERROR] LogOutputStream:75 - [STDERR_REDIRECT] 
2026-01-06 19:54:51,161 [ERROR] LogOutputStream:75 - [STDERR_REDIRECT] [Fatal Error] :1:1: Premature end of file.
2026-01-06 19:54:51,161 [ERROR] LogOutputStream:75 - [STDERR_REDIRECT] 
2026-01-06 19:54:52,147 [ERROR] LogOutputStream:75 - [STDERR_REDIRECT] [Fatal Error] :1:1: Premature end of file.
2026-01-06 19:54:52,147 [ERROR] LogOutputStream:75 - [STDERR_REDIRECT] 
2026-01-06 19:54:53,157 [ERROR] LogOutputStream:75 - [STDERR_REDIRECT] [Fatal Error] :1:1: Premature end of file.
2026-01-06 19:54:53,157 [ERROR] LogOutputStream:75 - [STDERR_REDIRECT] 
2026-01-06 19:54:54,167 [ERROR] LogOutputStream:75 - [STDERR_REDIRECT] [Fatal Error] :1:1: Premature end of file.
2026-01-06 19:54:54,167 [ERROR] LogOutputStream:75 - [STDERR_REDIRECT] 
2026-01-06 19:54:55,170 [ERROR] LogOutputStream:75 - [STDERR_REDIRECT] [Fatal Error] :1:1: Premature end of file.
2026-01-06 19:54:55,170 [ERROR] LogOutputStream:75 - [STDERR_REDIRECT] 
2026-01-06 19:54:56,155 [ERROR] LogOutputStream:75 - [STDERR_REDIRECT] [Fatal Error] :1:1: Premature end of file.
2026-01-06 19:54:56,155 [ERROR] LogOutputStream:75 - [STDERR_REDIRECT] 
2026-01-06 19:54:57,150 [ERROR] LogOutputStream:75 - [STDERR_REDIRECT] [Fatal Error] :1:1: Premature end of file.
2026-01-06 19:54:57,150 [ERROR] LogOutputStream:75 - [STDERR_REDIRECT] 
2026-01-06 19:54:58,150 [ERROR] LogOutputStream:75 - [STDERR_REDIRECT] [Fatal Error] :1:1: Premature end of file.
2026-01-06 19:54:58,150 [ERROR] LogOutputStream:75 - [STDERR_REDIRECT] 
2026-01-06 19:54:59,150 [ERROR] LogOutputStream:75 - [STDERR_REDIRECT] [Fatal Error] :1:1: Premature end of file.
2026-01-06 19:54:59,150 [ERROR] LogOutputStream:75 - [STDERR_REDIRECT] 
2026-01-06 19:55:00,148 [ERROR] LogOutputStream:75 - [STDERR_REDIRECT] [Fatal Error] :1:1: Premature end of file.
2026-01-06 19:55:00,148 [ERROR] LogOutputStream:75 - [STDERR_REDIRECT] 
2026-01-06 19:55:01,150 [ERROR] LogOutputStream:75 - [STDERR_REDIRECT] [Fatal Error] :1:1: Premature end of file.
2026-01-06 19:55:01,150 [ERROR] LogOutputStream:75 - [STDERR_REDIRECT] 
2026-01-06 19:55:02,151 [ERROR] LogOutputStream:75 - [STDERR_REDIRECT] [Fatal Error] :1:1: Premature end of file.
2026-01-06 19:55:02,151 [ERROR] LogOutputStream:75 - [STDERR_REDIRECT] 
2026-01-06 19:55:03,157 [ERROR] LogOutputStream:75 - [STDERR_REDIRECT] [Fatal Error] :1:1: Premature end of file.
2026-01-06 19:55:03,157 [ERROR] LogOutputStream:75 - [STDERR_REDIRECT] 
2026-01-06 19:55:04,158 [ERROR] LogOutputStream:75 - [STDERR_REDIRECT] [Fatal Error] :1:1: Premature end of file.
2026-01-06 19:55:04,158 [ERROR] LogOutputStream:75 - [STDERR_REDIRECT] 
2026-01-06 19:55:05,153 [ERROR] LogOutputStream:75 - [STDERR_REDIRECT] [Fatal Error] :1:1: Premature end of file.
2026-01-06 19:55:05,153 [ERROR] LogOutputStream:75 - [STDERR_REDIRECT] 
2026-01-06 19:55:06,151 [ERROR] LogOutputStream:75 - [STDERR_REDIRECT] [Fatal Error] :1:1: Premature end of file.
2026-01-06 19:55:06,151 [ERROR] LogOutputStream:75 - [STDERR_REDIRECT] 
2026-01-06 19:55:07,150 [ERROR] LogOutputStream:75 - [STDERR_REDIRECT] [Fatal Error] :1:1: Premature end of file.
2026-01-06 19:55:07,150 [ERROR] LogOutputStream:75 - [STDERR_REDIRECT] 
2026-01-06 19:55:08,150 [ERROR] LogOutputStream:75 - [STDERR_REDIRECT] [Fatal Error] :1:1: Premature end of file.
2026-01-06 19:55:08,150 [ERROR] LogOutputStream:75 - [STDERR_REDIRECT] 
2026-01-06 19:55:09,155 [ERROR] LogOutputStream:75 - [STDERR_REDIRECT] [Fatal Error] :1:1: Premature end of file.
2026-01-06 19:55:09,155 [ERROR] LogOutputStream:75 - [STDERR_REDIRECT] 
2026-01-06 19:55:10,160 [ERROR] LogOutputStream:75 - [STDERR_REDIRECT] [Fatal Error] :1:1: Premature end of file.
2026-01-06 19:55:10,160 [ERROR] LogOutputStream:75 - [STDERR_REDIRECT] 
2026-01-06 19:55:11,156 [ERROR] LogOutputStream:75 - [STDERR_REDIRECT] [Fatal Error] :1:1: Premature end of file.
2026-01-06 19:55:11,156 [ERROR] LogOutputStream:75 - [STDERR_REDIRECT] 
2026-01-06 19:55:12,153 [ERROR] LogOutputStream:75 - [STDERR_REDIRECT] [Fatal Error] :1:1: Premature end of file.
2026-01-06 19:55:12,153 [ERROR] LogOutputStream:75 - [STDERR_REDIRECT] 
2026-01-06 19:55:13,156 [ERROR] LogOutputStream:75 - [STDERR_REDIRECT] [Fatal Error] :1:1: Premature end of file.
2026-01-06 19:55:13,156 [ERROR] LogOutputStream:75 - [STDERR_REDIRECT] 
2026-01-06 19:55:14,152 [ERROR] LogOutputStream:75 - [STDERR_REDIRECT] [Fatal Error] :1:1: Premature end of file.
2026-01-06 19:55:14,152 [ERROR] LogOutputStream:75 - [STDERR_REDIRECT] 
2026-01-06 19:55:15,156 [ERROR] LogOutputStream:75 - [STDERR_REDIRECT] [Fatal Error] :1:1: Premature end of file.
2026-01-06 19:55:15,156 [ERROR] LogOutputStream:75 - [STDERR_REDIRECT] 
2026-01-06 19:55:16,153 [ERROR] LogOutputStream:75 - [STDERR_REDIRECT] [Fatal Error] :1:1: Premature end of file.
2026-01-06 19:55:16,153 [ERROR] LogOutputStream:75 - [STDERR_REDIRECT] 
2026-01-06 19:55:17,164 [ERROR] LogOutputStream:75 - [STDERR_REDIRECT] [Fatal Error] :1:1: Premature end of file.
2026-01-06 19:55:17,165 [ERROR] LogOutputStream:75 - [STDERR_REDIRECT] 
2026-01-06 19:55:18,162 [ERROR] LogOutputStream:75 - [STDERR_REDIRECT] [Fatal Error] :1:1: Premature end of file.
2026-01-06 19:55:18,162 [ERROR] LogOutputStream:75 - [STDERR_REDIRECT] 
2026-01-06 19:55:19,157 [ERROR] LogOutputStream:75 - [STDERR_REDIRECT] [Fatal Error] :1:1: Premature end of file.
2026-01-06 19:55:19,157 [ERROR] LogOutputStream:75 - [STDERR_REDIRECT] 
2026-01-06 19:55:20,170 [ERROR] LogOutputStream:75 - [STDERR_REDIRECT] [Fatal Error] :1:1: Premature end of file.
2026-01-06 19:55:20,170 [ERROR] LogOutputStream:75 - [STDERR_REDIRECT] 
2026-01-06 19:55:21,154 [ERROR] LogOutputStream:75 - [STDERR_REDIRECT] [Fatal Error] :1:1: Premature end of file.
2026-01-06 19:55:21,154 [ERROR] LogOutputStream:75 - [STDERR_REDIRECT] 
2026-01-06 19:55:22,160 [ERROR] LogOutputStream:75 - [STDERR_REDIRECT] [Fatal Error] :1:1: Premature end of file.
2026-01-06 19:55:22,160 [ERROR] LogOutputStream:75 - [STDERR_REDIRECT] 
2026-01-06 19:55:23,163 [ERROR] LogOutputStream:75 - [STDERR_REDIRECT] [Fatal Error] :1:1: Premature end of file.
2026-01-06 19:55:23,163 [ERROR] LogOutputStream:75 - [STDERR_REDIRECT] 
2026-01-06 19:55:24,161 [ERROR] LogOutputStream:75 - [STDERR_REDIRECT] [Fatal Error] :1:1: Premature end of file.
2026-01-06 19:55:24,161 [ERROR] LogOutputStream:75 - [STDERR_REDIRECT] 
2026-01-06 19:55:25,167 [ERROR] LogOutputStream:75 - [STDERR_REDIRECT] [Fatal Error] :1:1: Premature end of file.
2026-01-06 19:55:25,167 [ERROR] LogOutputStream:75 - [STDERR_REDIRECT] 
2026-01-06 19:55:26,168 [ERROR] LogOutputStream:75 - [STDERR_REDIRECT] [Fatal Error] :1:1: Premature end of file.
2026-01-06 19:55:26,168 [ERROR] LogOutputStream:75 - [STDERR_REDIRECT] 
2026-01-06 19:55:27,154 [ERROR] LogOutputStream:75 - [STDERR_REDIRECT] [Fatal Error] :1:1: Premature end of file.
2026-01-06 19:55:27,154 [ERROR] LogOutputStream:75 - [STDERR_REDIRECT] 
2026-01-06 19:55:28,157 [ERROR] LogOutputStream:75 - [STDERR_REDIRECT] [Fatal Error] :1:1: Premature end of file.
2026-01-06 19:55:28,157 [ERROR] LogOutputStream:75 - [STDERR_REDIRECT] 
2026-01-06 19:55:29,161 [ERROR] LogOutputStream:75 - [STDERR_REDIRECT] [Fatal Error] :1:1: Premature end of file.
2026-01-06 19:55:29,161 [ERROR] LogOutputStream:75 - [STDERR_REDIRECT] 
2026-01-06 19:55:30,150 [ERROR] LogOutputStream:75 - [STDERR_REDIRECT] [Fatal Error] :1:1: Premature end of file.
2026-01-06 19:55:30,150 [ERROR] LogOutputStream:75 - [STDERR_REDIRECT] 
2026-01-06 19:55:31,155 [ERROR] LogOutputStream:75 - [STDERR_REDIRECT] [Fatal Error] :1:1: Premature end of file.
2026-01-06 19:55:31,155 [ERROR] LogOutputStream:75 - [STDERR_REDIRECT] 
2026-01-06 19:55:32,147 [ERROR] LogOutputStream:75 - [STDERR_REDIRECT] [Fatal Error] :1:1: Premature end of file.
2026-01-06 19:55:32,147 [ERROR] LogOutputStream:75 - [STDERR_REDIRECT] 
2026-01-06 19:55:33,158 [ERROR] LogOutputStream:75 - [STDERR_REDIRECT] [Fatal Error] :1:1: Premature end of file.
2026-01-06 19:55:33,158 [ERROR] LogOutputStream:75 - [STDERR_REDIRECT] 
2026-01-06 19:55:34,160 [ERROR] LogOutputStream:75 - [STDERR_REDIRECT] [Fatal Error] :1:1: Premature end of file.
2026-01-06 19:55:34,160 [ERROR] LogOutputStream:75 - [STDERR_REDIRECT] 
2026-01-06 19:55:35,163 [ERROR] LogOutputStream:75 - [STDERR_REDIRECT] [Fatal Error] :1:1: Premature end of file.
2026-01-06 19:55:35,163 [ERROR] LogOutputStream:75 - [STDERR_REDIRECT] 
2026-01-06 19:55:36,166 [ERROR] LogOutputStream:75 - [STDERR_REDIRECT] [Fatal Error] :1:1: Premature end of file.
2026-01-06 19:55:36,167 [ERROR] LogOutputStream:75 - [STDERR_REDIRECT] 
2026-01-06 19:55:37,160 [ERROR] LogOutputStream:75 - [STDERR_REDIRECT] [Fatal Error] :1:1: Premature end of file.
2026-01-06 19:55:37,160 [ERROR] LogOutputStream:75 - [STDERR_REDIRECT] 
2026-01-06 19:55:38,162 [ERROR] LogOutputStream:75 - [STDERR_REDIRECT] [Fatal Error] :1:1: Premature end of file.
2026-01-06 19:55:38,162 [ERROR] LogOutputStream:75 - [STDERR_REDIRECT] 
2026-01-06 19:55:39,153 [ERROR] LogOutputStream:75 - [STDERR_REDIRECT] [Fatal Error] :1:1: Premature end of file.
2026-01-06 19:55:39,153 [ERROR] LogOutputStream:75 - [STDERR_REDIRECT] 
2026-01-06 19:55:40,170 [ERROR] LogOutputStream:75 - [STDERR_REDIRECT] [Fatal Error] :1:1: Premature end of file.
2026-01-06 19:55:40,170 [ERROR] LogOutputStream:75 - [STDERR_REDIRECT] 
2026-01-06 19:55:41,150 [ERROR] LogOutputStream:75 - [STDERR_REDIRECT] [Fatal Error] :1:1: Premature end of file.
2026-01-06 19:55:41,150 [ERROR] LogOutputStream:75 - [STDERR_REDIRECT] 
2026-01-06 19:55:42,150 [ERROR] LogOutputStream:75 - [STDERR_REDIRECT] [Fatal Error] :1:1: Premature end of file.
2026-01-06 19:55:42,150 [ERROR] LogOutputStream:75 - [STDERR_REDIRECT] 
2026-01-06 19:55:43,151 [ERROR] LogOutputStream:75 - [STDERR_REDIRECT] [Fatal Error] :1:1: Premature end of file.
2026-01-06 19:55:43,151 [ERROR] LogOutputStream:75 - [STDERR_REDIRECT] 
2026-01-06 19:55:44,162 [ERROR] LogOutputStream:75 - [STDERR_REDIRECT] [Fatal Error] :1:1: Premature end of file.
2026-01-06 19:55:44,162 [ERROR] LogOutputStream:75 - [STDERR_REDIRECT] 
2026-01-06 19:55:45,164 [ERROR] LogOutputStream:75 - [STDERR_REDIRECT] [Fatal Error] :1:1: Premature end of file.
2026-01-06 19:55:45,164 [ERROR] LogOutputStream:75 - [STDERR_REDIRECT] 
2026-01-06 19:55:46,164 [ERROR] LogOutputStream:75 - [STDERR_REDIRECT] [Fatal Error] :1:1: Premature end of file.
2026-01-06 19:55:46,164 [ERROR] LogOutputStream:75 - [STDERR_REDIRECT] 
2026-01-06 19:55:47,167 [ERROR] LogOutputStream:75 - [STDERR_REDIRECT] [Fatal Error] :1:1: Premature end of file.
2026-01-06 19:55:47,167 [ERROR] LogOutputStream:75 - [STDERR_REDIRECT] 
2026-01-06 19:55:48,157 [ERROR] LogOutputStream:75 - [STDERR_REDIRECT] [Fatal Error] :1:1: Premature end of file.
2026-01-06 19:55:48,157 [ERROR] LogOutputStream:75 - [STDERR_REDIRECT] 
2026-01-06 19:55:49,152 [ERROR] LogOutputStream:75 - [STDERR_REDIRECT] [Fatal Error] :1:1: Premature end of file.
2026-01-06 19:55:49,152 [ERROR] LogOutputStream:75 - [STDERR_REDIRECT] 
2026-01-06 19:55:50,153 [ERROR] LogOutputStream:75 - [STDERR_REDIRECT] [Fatal Error] :1:1: Premature end of file.
2026-01-06 19:55:50,154 [ERROR] LogOutputStream:75 - [STDERR_REDIRECT] 
2026-01-06 19:55:51,157 [ERROR] LogOutputStream:75 - [STDERR_REDIRECT] [Fatal Error] :1:1: Premature end of file.
2026-01-06 19:55:51,157 [ERROR] LogOutputStream:75 - [STDERR_REDIRECT] 
2026-01-06 19:55:52,156 [ERROR] LogOutputStream:75 - [STDERR_REDIRECT] [Fatal Error] :1:1: Premature end of file.
2026-01-06 19:55:52,156 [ERROR] LogOutputStream:75 - [STDERR_REDIRECT] 
2026-01-06 19:55:53,156 [ERROR] LogOutputStream:75 - [STDERR_REDIRECT] [Fatal Error] :1:1: Premature end of file.
2026-01-06 19:55:53,156 [ERROR] LogOutputStream:75 - [STDERR_REDIRECT] 
2026-01-06 19:55:54,157 [ERROR] LogOutputStream:75 - [STDERR_REDIRECT] [Fatal Error] :1:1: Premature end of file.
2026-01-06 19:55:54,157 [ERROR] LogOutputStream:75 - [STDERR_REDIRECT] 
2026-01-06 19:55:55,154 [ERROR] LogOutputStream:75 - [STDERR_REDIRECT] [Fatal Error] :1:1: Premature end of file.
2026-01-06 19:55:55,154 [ERROR] LogOutputStream:75 - [STDERR_REDIRECT] 
2026-01-06 19:55:56,157 [ERROR] LogOutputStream:75 - [STDERR_REDIRECT] [Fatal Error] :1:1: Premature end of file.
2026-01-06 19:55:56,157 [ERROR] LogOutputStream:75 - [STDERR_REDIRECT] 
2026-01-06 19:55:57,179 [ERROR] LogOutputStream:75 - [STDERR_REDIRECT] [Fatal Error] :1:1: Premature end of file.
2026-01-06 19:55:57,179 [ERROR] LogOutputStream:75 - [STDERR_REDIRECT] 
2026-01-06 19:55:58,164 [ERROR] LogOutputStream:75 - [STDERR_REDIRECT] [Fatal Error] :1:1: Premature end of file.
2026-01-06 19:55:58,164 [ERROR] LogOutputStream:75 - [STDERR_REDIRECT] 
2026-01-06 19:55:59,157 [ERROR] LogOutputStream:75 - [STDERR_REDIRECT] [Fatal Error] :1:1: Premature end of file.
2026-01-06 19:55:59,158 [ERROR] LogOutputStream:75 - [STDERR_REDIRECT] 
2026-01-06 19:56:00,171 [ERROR] LogOutputStream:75 - [STDERR_REDIRECT] [Fatal Error] :1:1: Premature end of file.
2026-01-06 19:56:00,171 [ERROR] LogOutputStream:75 - [STDERR_REDIRECT] 
2026-01-06 19:56:01,178 [ERROR] LogOutputStream:75 - [STDERR_REDIRECT] [Fatal Error] :1:1: Premature end of file.
2026-01-06 19:56:01,179 [ERROR] LogOutputStream:75 - [STDERR_REDIRECT] 
2026-01-06 19:56:02,231 [ERROR] LogOutputStream:75 - [STDERR_REDIRECT] [Fatal Error] :1:1: Premature end of file.
2026-01-06 19:56:02,231 [ERROR] LogOutputStream:75 - [STDERR_REDIRECT] 
2026-01-06 19:56:03,163 [ERROR] LogOutputStream:75 - [STDERR_REDIRECT] [Fatal Error] :1:1: Premature end of file.
2026-01-06 19:56:03,163 [ERROR] LogOutputStream:75 - [STDERR_REDIRECT] 
2026-01-06 19:56:04,166 [ERROR] LogOutputStream:75 - [STDERR_REDIRECT] [Fatal Error] :1:1: Premature end of file.
2026-01-06 19:56:04,166 [ERROR] LogOutputStream:75 - [STDERR_REDIRECT] 
2026-01-06 19:56:05,160 [ERROR] LogOutputStream:75 - [STDERR_REDIRECT] [Fatal Error] :1:1: Premature end of file.
2026-01-06 19:56:05,160 [ERROR] LogOutputStream:75 - [STDERR_REDIRECT] 
2026-01-06 19:56:06,161 [ERROR] LogOutputStream:75 - [STDERR_REDIRECT] [Fatal Error] :1:1: Premature end of file.
2026-01-06 19:56:06,161 [ERROR] LogOutputStream:75 - [STDERR_REDIRECT] 
2026-01-06 19:56:07,158 [ERROR] LogOutputStream:75 - [STDERR_REDIRECT] [Fatal Error] :1:1: Premature end of file.
2026-01-06 19:56:07,158 [ERROR] LogOutputStream:75 - [STDERR_REDIRECT] 
2026-01-06 19:56:08,158 [ERROR] LogOutputStream:75 - [STDERR_REDIRECT] [Fatal Error] :1:1: Premature end of file.
2026-01-06 19:56:08,158 [ERROR] LogOutputStream:75 - [STDERR_REDIRECT] 
2026-01-06 19:56:09,150 [ERROR] LogOutputStream:75 - [STDERR_REDIRECT] [Fatal Error] :1:1: Premature end of file.
2026-01-06 19:56:09,150 [ERROR] LogOutputStream:75 - [STDERR_REDIRECT] 
2026-01-06 19:56:10,163 [ERROR] LogOutputStream:75 - [STDERR_REDIRECT] [Fatal Error] :1:1: Premature end of file.
2026-01-06 19:56:10,163 [ERROR] LogOutputStream:75 - [STDERR_REDIRECT] 
2026-01-06 19:56:11,177 [ERROR] LogOutputStream:75 - [STDERR_REDIRECT] [Fatal Error] :1:1: Premature end of file.
2026-01-06 19:56:11,177 [ERROR] LogOutputStream:75 - [STDERR_REDIRECT] 
2026-01-06 19:56:12,162 [ERROR] LogOutputStream:75 - [STDERR_REDIRECT] [Fatal Error] :1:1: Premature end of file.
2026-01-06 19:56:12,163 [ERROR] LogOutputStream:75 - [STDERR_REDIRECT] 
2026-01-06 19:56:13,169 [ERROR] LogOutputStream:75 - [STDERR_REDIRECT] [Fatal Error] :1:1: Premature end of file.
2026-01-06 19:56:13,169 [ERROR] LogOutputStream:75 - [STDERR_REDIRECT] 
2026-01-06 19:56:14,159 [ERROR] LogOutputStream:75 - [STDERR_REDIRECT] [Fatal Error] :1:1: Premature end of file.
2026-01-06 19:56:14,159 [ERROR] LogOutputStream:75 - [STDERR_REDIRECT] 
2026-01-06 19:56:15,151 [ERROR] LogOutputStream:75 - [STDERR_REDIRECT] [Fatal Error] :1:1: Premature end of file.
2026-01-06 19:56:15,151 [ERROR] LogOutputStream:75 - [STDERR_REDIRECT] 
2026-01-06 19:56:16,165 [ERROR] LogOutputStream:75 - [STDERR_REDIRECT] [Fatal Error] :1:1: Premature end of file.
2026-01-06 19:56:16,165 [ERROR] LogOutputStream:75 - [STDERR_REDIRECT] 
2026-01-06 19:56:17,171 [ERROR] LogOutputStream:75 - [STDERR_REDIRECT] [Fatal Error] :1:1: Premature end of file.
2026-01-06 19:56:17,171 [ERROR] LogOutputStream:75 - [STDERR_REDIRECT] 
2026-01-06 19:56:18,151 [ERROR] LogOutputStream:75 - [STDERR_REDIRECT] [Fatal Error] :1:1: Premature end of file.
2026-01-06 19:56:18,151 [ERROR] LogOutputStream:75 - [STDERR_REDIRECT] 
2026-01-06 19:56:19,150 [ERROR] LogOutputStream:75 - [STDERR_REDIRECT] [Fatal Error] :1:1: Premature end of file.
2026-01-06 19:56:19,150 [ERROR] LogOutputStream:75 - [STDERR_REDIRECT] 
2026-01-06 19:56:20,151 [ERROR] LogOutputStream:75 - [STDERR_REDIRECT] [Fatal Error] :1:1: Premature end of file.
2026-01-06 19:56:20,152 [ERROR] LogOutputStream:75 - [STDERR_REDIRECT] 
2026-01-06 19:56:21,153 [ERROR] LogOutputStream:75 - [STDERR_REDIRECT] [Fatal Error] :1:1: Premature end of file.
2026-01-06 19:56:21,154 [ERROR] LogOutputStream:75 - [STDERR_REDIRECT] 
2026-01-06 19:56:22,154 [ERROR] LogOutputStream:75 - [STDERR_REDIRECT] [Fatal Error] :1:1: Premature end of file.
2026-01-06 19:56:22,154 [ERROR] LogOutputStream:75 - [STDERR_REDIRECT] 
2026-01-06 19:56:23,161 [ERROR] LogOutputStream:75 - [STDERR_REDIRECT] [Fatal Error] :1:1: Premature end of file.
2026-01-06 19:56:23,161 [ERROR] LogOutputStream:75 - [STDERR_REDIRECT] 
2026-01-06 19:56:24,153 [ERROR] LogOutputStream:75 - [STDERR_REDIRECT] [Fatal Error] :1:1: Premature end of file.
2026-01-06 19:56:24,153 [ERROR] LogOutputStream:75 - [STDERR_REDIRECT] 
2026-01-06 19:56:25,151 [ERROR] LogOutputStream:75 - [STDERR_REDIRECT] [Fatal Error] :1:1: Premature end of file.
2026-01-06 19:56:25,151 [ERROR] LogOutputStream:75 - [STDERR_REDIRECT] 
2026-01-06 19:56:26,151 [ERROR] LogOutputStream:75 - [STDERR_REDIRECT] [Fatal Error] :1:1: Premature end of file.
2026-01-06 19:56:26,151 [ERROR] LogOutputStream:75 - [STDERR_REDIRECT] 
2026-01-06 19:56:27,152 [ERROR] LogOutputStream:75 - [STDERR_REDIRECT] [Fatal Error] :1:1: Premature end of file.
2026-01-06 19:56:27,152 [ERROR] LogOutputStream:75 - [STDERR_REDIRECT] 
2026-01-06 19:56:28,152 [ERROR] LogOutputStream:75 - [STDERR_REDIRECT] [Fatal Error] :1:1: Premature end of file.
2026-01-06 19:56:28,152 [ERROR] LogOutputStream:75 - [STDERR_REDIRECT] 
2026-01-06 19:56:29,169 [ERROR] LogOutputStream:75 - [STDERR_REDIRECT] [Fatal Error] :1:1: Premature end of file.
2026-01-06 19:56:29,170 [ERROR] LogOutputStream:75 - [STDERR_REDIRECT] 
2026-01-06 19:56:30,154 [ERROR] LogOutputStream:75 - [STDERR_REDIRECT] [Fatal Error] :1:1: Premature end of file.
2026-01-06 19:56:30,154 [ERROR] LogOutputStream:75 - [STDERR_REDIRECT] 
2026-01-06 19:56:31,156 [ERROR] LogOutputStream:75 - [STDERR_REDIRECT] [Fatal Error] :1:1: Premature end of file.
2026-01-06 19:56:31,156 [ERROR] LogOutputStream:75 - [STDERR_REDIRECT] 
2026-01-06 19:56:32,154 [ERROR] LogOutputStream:75 - [STDERR_REDIRECT] [Fatal Error] :1:1: Premature end of file.
2026-01-06 19:56:32,155 [ERROR] LogOutputStream:75 - [STDERR_REDIRECT] 
2026-01-06 19:56:33,154 [ERROR] LogOutputStream:75 - [STDERR_REDIRECT] [Fatal Error] :1:1: Premature end of file.
2026-01-06 19:56:33,154 [ERROR] LogOutputStream:75 - [STDERR_REDIRECT] 
2026-01-06 19:56:34,154 [ERROR] LogOutputStream:75 - [STDERR_REDIRECT] [Fatal Error] :1:1: Premature end of file.
2026-01-06 19:56:34,154 [ERROR] LogOutputStream:75 - [STDERR_REDIRECT] 
2026-01-06 19:56:35,153 [ERROR] LogOutputStream:75 - [STDERR_REDIRECT] [Fatal Error] :1:1: Premature end of file.
2026-01-06 19:56:35,153 [ERROR] LogOutputStream:75 - [STDERR_REDIRECT] 
2026-01-06 19:56:36,153 [ERROR] LogOutputStream:75 - [STDERR_REDIRECT] [Fatal Error] :1:1: Premature end of file.
2026-01-06 19:56:36,153 [ERROR] LogOutputStream:75 - [STDERR_REDIRECT] 
2026-01-06 19:56:37,153 [ERROR] LogOutputStream:75 - [STDERR_REDIRECT] [Fatal Error] :1:1: Premature end of file.
2026-01-06 19:56:37,153 [ERROR] LogOutputStream:75 - [STDERR_REDIRECT] 
2026-01-06 19:56:38,158 [ERROR] LogOutputStream:75 - [STDERR_REDIRECT] [Fatal Error] :1:1: Premature end of file.
2026-01-06 19:56:38,158 [ERROR] LogOutputStream:75 - [STDERR_REDIRECT] 
2026-01-06 19:56:39,153 [ERROR] LogOutputStream:75 - [STDERR_REDIRECT] [Fatal Error] :1:1: Premature end of file.
2026-01-06 19:56:39,153 [ERROR] LogOutputStream:75 - [STDERR_REDIRECT] 
2026-01-06 19:56:40,152 [ERROR] LogOutputStream:75 - [STDERR_REDIRECT] [Fatal Error] :1:1: Premature end of file.
2026-01-06 19:56:40,152 [ERROR] LogOutputStream:75 - [STDERR_REDIRECT] 
2026-01-06 19:56:41,160 [ERROR] LogOutputStream:75 - [STDERR_REDIRECT] [Fatal Error] :1:1: Premature end of file.
2026-01-06 19:56:41,160 [ERROR] LogOutputStream:75 - [STDERR_REDIRECT] 
2026-01-06 19:56:42,161 [ERROR] LogOutputStream:75 - [STDERR_REDIRECT] [Fatal Error] :1:1: Premature end of file.
2026-01-06 19:56:42,161 [ERROR] LogOutputStream:75 - [STDERR_REDIRECT] 
2026-01-06 19:56:43,154 [ERROR] LogOutputStream:75 - [STDERR_REDIRECT] [Fatal Error] :1:1: Premature end of file.
2026-01-06 19:56:43,154 [ERROR] LogOutputStream:75 - [STDERR_REDIRECT] 
2026-01-06 19:56:44,150 [ERROR] LogOutputStream:75 - [STDERR_REDIRECT] [Fatal Error] :1:1: Premature end of file.
2026-01-06 19:56:44,150 [ERROR] LogOutputStream:75 - [STDERR_REDIRECT] 
2026-01-06 19:56:45,153 [ERROR] LogOutputStream:75 - [STDERR_REDIRECT] [Fatal Error] :1:1: Premature end of file.
2026-01-06 19:56:45,154 [ERROR] LogOutputStream:75 - [STDERR_REDIRECT] 
2026-01-06 19:56:46,152 [ERROR] LogOutputStream:75 - [STDERR_REDIRECT] [Fatal Error] :1:1: Premature end of file.
2026-01-06 19:56:46,152 [ERROR] LogOutputStream:75 - [STDERR_REDIRECT] 
2026-01-06 19:56:47,152 [ERROR] LogOutputStream:75 - [STDERR_REDIRECT] [Fatal Error] :1:1: Premature end of file.
2026-01-06 19:56:47,153 [ERROR] LogOutputStream:75 - [STDERR_REDIRECT] 
2026-01-06 19:56:48,151 [ERROR] LogOutputStream:75 - [STDERR_REDIRECT] [Fatal Error] :1:1: Premature end of file.
2026-01-06 19:56:48,152 [ERROR] LogOutputStream:75 - [STDERR_REDIRECT] 
2026-01-06 19:56:49,167 [ERROR] LogOutputStream:75 - [STDERR_REDIRECT] [Fatal Error] :1:1: Premature end of file.
2026-01-06 19:56:49,167 [ERROR] LogOutputStream:75 - [STDERR_REDIRECT] 
2026-01-06 19:56:50,167 [ERROR] LogOutputStream:75 - [STDERR_REDIRECT] [Fatal Error] :1:1: Premature end of file.
2026-01-06 19:56:50,167 [ERROR] LogOutputStream:75 - [STDERR_REDIRECT] 
2026-01-06 19:56:51,166 [ERROR] LogOutputStream:75 - [STDERR_REDIRECT] [Fatal Error] :1:1: Premature end of file.
2026-01-06 19:56:51,166 [ERROR] LogOutputStream:75 - [STDERR_REDIRECT] 
2026-01-06 19:56:52,168 [ERROR] LogOutputStream:75 - [STDERR_REDIRECT] [Fatal Error] :1:1: Premature end of file.
2026-01-06 19:56:52,168 [ERROR] LogOutputStream:75 - [STDERR_REDIRECT] 
2026-01-06 19:56:53,174 [ERROR] LogOutputStream:75 - [STDERR_REDIRECT] [Fatal Error] :1:1: Premature end of file.
2026-01-06 19:56:53,174 [ERROR] LogOutputStream:75 - [STDERR_REDIRECT] 
2026-01-06 19:56:54,176 [ERROR] LogOutputStream:75 - [STDERR_REDIRECT] [Fatal Error] :1:1: Premature end of file.
2026-01-06 19:56:54,176 [ERROR] LogOutputStream:75 - [STDERR_REDIRECT] 
2026-01-06 19:56:55,165 [ERROR] LogOutputStream:75 - [STDERR_REDIRECT] [Fatal Error] :1:1: Premature end of file.
2026-01-06 19:56:55,165 [ERROR] LogOutputStream:75 - [STDERR_REDIRECT] 
2026-01-06 19:56:56,160 [ERROR] LogOutputStream:75 - [STDERR_REDIRECT] [Fatal Error] :1:1: Premature end of file.
2026-01-06 19:56:56,160 [ERROR] LogOutputStream:75 - [STDERR_REDIRECT] 
2026-01-06 19:56:57,159 [ERROR] LogOutputStream:75 - [STDERR_REDIRECT] [Fatal Error] :1:1: Premature end of file.
2026-01-06 19:56:57,159 [ERROR] LogOutputStream:75 - [STDERR_REDIRECT] 
2026-01-06 19:56:58,162 [ERROR] LogOutputStream:75 - [STDERR_REDIRECT] [Fatal Error] :1:1: Premature end of file.
2026-01-06 19:56:58,162 [ERROR] LogOutputStream:75 - [STDERR_REDIRECT] 
2026-01-06 19:56:59,160 [ERROR] LogOutputStream:75 - [STDERR_REDIRECT] [Fatal Error] :1:1: Premature end of file.
2026-01-06 19:56:59,160 [ERROR] LogOutputStream:75 - [STDERR_REDIRECT] 
2026-01-06 19:57:00,161 [ERROR] LogOutputStream:75 - [STDERR_REDIRECT] [Fatal Error] :1:1: Premature end of file.
2026-01-06 19:57:00,161 [ERROR] LogOutputStream:75 - [STDERR_REDIRECT] 
2026-01-06 19:57:01,154 [ERROR] LogOutputStream:75 - [STDERR_REDIRECT] [Fatal Error] :1:1: Premature end of file.
2026-01-06 19:57:01,154 [ERROR] LogOutputStream:75 - [STDERR_REDIRECT] 
2026-01-06 19:57:02,161 [ERROR] LogOutputStream:75 - [STDERR_REDIRECT] [Fatal Error] :1:1: Premature end of file.
2026-01-06 19:57:02,161 [ERROR] LogOutputStream:75 - [STDERR_REDIRECT] 
2026-01-06 19:57:03,160 [ERROR] LogOutputStream:75 - [STDERR_REDIRECT] [Fatal Error] :1:1: Premature end of file.
2026-01-06 19:57:03,160 [ERROR] LogOutputStream:75 - [STDERR_REDIRECT] 
2026-01-06 19:57:04,161 [ERROR] LogOutputStream:75 - [STDERR_REDIRECT] [Fatal Error] :1:1: Premature end of file.
2026-01-06 19:57:04,161 [ERROR] LogOutputStream:75 - [STDERR_REDIRECT] 
2026-01-06 19:57:05,163 [ERROR] LogOutputStream:75 - [STDERR_REDIRECT] [Fatal Error] :1:1: Premature end of file.
2026-01-06 19:57:05,163 [ERROR] LogOutputStream:75 - [STDERR_REDIRECT] 
2026-01-06 19:57:06,152 [ERROR] LogOutputStream:75 - [STDERR_REDIRECT] [Fatal Error] :1:1: Premature end of file.
2026-01-06 19:57:06,152 [ERROR] LogOutputStream:75 - [STDERR_REDIRECT] 
2026-01-06 19:57:07,153 [ERROR] LogOutputStream:75 - [STDERR_REDIRECT] [Fatal Error] :1:1: Premature end of file.
2026-01-06 19:57:07,153 [ERROR] LogOutputStream:75 - [STDERR_REDIRECT] 
2026-01-06 19:57:08,167 [ERROR] LogOutputStream:75 - [STDERR_REDIRECT] [Fatal Error] :1:1: Premature end of file.
2026-01-06 19:57:08,167 [ERROR] LogOutputStream:75 - [STDERR_REDIRECT] 
2026-01-06 19:57:09,152 [ERROR] LogOutputStream:75 - [STDERR_REDIRECT] [Fatal Error] :1:1: Premature end of file.
2026-01-06 19:57:09,152 [ERROR] LogOutputStream:75 - [STDERR_REDIRECT] 
2026-01-06 19:57:10,156 [ERROR] LogOutputStream:75 - [STDERR_REDIRECT] [Fatal Error] :1:1: Premature end of file.
2026-01-06 19:57:10,157 [ERROR] LogOutputStream:75 - [STDERR_REDIRECT] 
2026-01-06 19:57:11,150 [ERROR] LogOutputStream:75 - [STDERR_REDIRECT] [Fatal Error] :1:1: Premature end of file.
2026-01-06 19:57:11,150 [ERROR] LogOutputStream:75 - [STDERR_REDIRECT] 
2026-01-06 19:57:12,150 [ERROR] LogOutputStream:75 - [STDERR_REDIRECT] [Fatal Error] :1:1: Premature end of file.
2026-01-06 19:57:12,150 [ERROR] LogOutputStream:75 - [STDERR_REDIRECT] 
2026-01-06 19:57:13,151 [ERROR] LogOutputStream:75 - [STDERR_REDIRECT] [Fatal Error] :1:1: Premature end of file.
2026-01-06 19:57:13,151 [ERROR] LogOutputStream:75 - [STDERR_REDIRECT] 
2026-01-06 19:57:14,151 [ERROR] LogOutputStream:75 - [STDERR_REDIRECT] [Fatal Error] :1:1: Premature end of file.
2026-01-06 19:57:14,151 [ERROR] LogOutputStream:75 - [STDERR_REDIRECT] 
2026-01-06 19:57:15,154 [ERROR] LogOutputStream:75 - [STDERR_REDIRECT] [Fatal Error] :1:1: Premature end of file.
2026-01-06 19:57:15,154 [ERROR] LogOutputStream:75 - [STDERR_REDIRECT] 
2026-01-06 19:57:16,153 [ERROR] LogOutputStream:75 - [STDERR_REDIRECT] [Fatal Error] :1:1: Premature end of file.
2026-01-06 19:57:16,153 [ERROR] LogOutputStream:75 - [STDERR_REDIRECT] 
2026-01-06 19:57:17,155 [ERROR] LogOutputStream:75 - [STDERR_REDIRECT] [Fatal Error] :1:1: Premature end of file.
2026-01-06 19:57:17,155 [ERROR] LogOutputStream:75 - [STDERR_REDIRECT] 
2026-01-06 19:57:18,151 [ERROR] LogOutputStream:75 - [STDERR_REDIRECT] [Fatal Error] :1:1: Premature end of file.
2026-01-06 19:57:18,151 [ERROR] LogOutputStream:75 - [STDERR_REDIRECT] 
2026-01-06 19:57:19,152 [ERROR] LogOutputStream:75 - [STDERR_REDIRECT] [Fatal Error] :1:1: Premature end of file.
2026-01-06 19:57:19,152 [ERROR] LogOutputStream:75 - [STDERR_REDIRECT] 
2026-01-06 19:57:20,154 [ERROR] LogOutputStream:75 - [STDERR_REDIRECT] [Fatal Error] :1:1: Premature end of file.
2026-01-06 19:57:20,154 [ERROR] LogOutputStream:75 - [STDERR_REDIRECT] 
2026-01-06 19:57:21,152 [ERROR] LogOutputStream:75 - [STDERR_REDIRECT] [Fatal Error] :1:1: Premature end of file.
2026-01-06 19:57:21,152 [ERROR] LogOutputStream:75 - [STDERR_REDIRECT] 
2026-01-06 19:57:22,154 [ERROR] LogOutputStream:75 - [STDERR_REDIRECT] [Fatal Error] :1:1: Premature end of file.
2026-01-06 19:57:22,154 [ERROR] LogOutputStream:75 - [STDERR_REDIRECT] 
2026-01-06 19:57:23,153 [ERROR] LogOutputStream:75 - [STDERR_REDIRECT] [Fatal Error] :1:1: Premature end of file.
2026-01-06 19:57:23,153 [ERROR] LogOutputStream:75 - [STDERR_REDIRECT] 
2026-01-06 19:57:24,151 [ERROR] LogOutputStream:75 - [STDERR_REDIRECT] [Fatal Error] :1:1: Premature end of file.
2026-01-06 19:57:24,151 [ERROR] LogOutputStream:75 - [STDERR_REDIRECT] 
2026-01-06 19:57:25,154 [ERROR] LogOutputStream:75 - [STDERR_REDIRECT] [Fatal Error] :1:1: Premature end of file.
2026-01-06 19:57:25,154 [ERROR] LogOutputStream:75 - [STDERR_REDIRECT] 
2026-01-06 19:57:26,160 [ERROR] LogOutputStream:75 - [STDERR_REDIRECT] [Fatal Error] :1:1: Premature end of file.
2026-01-06 19:57:26,160 [ERROR] LogOutputStream:75 - [STDERR_REDIRECT] 
2026-01-06 19:57:27,153 [ERROR] LogOutputStream:75 - [STDERR_REDIRECT] [Fatal Error] :1:1: Premature end of file.
2026-01-06 19:57:27,153 [ERROR] LogOutputStream:75 - [STDERR_REDIRECT] 
2026-01-06 19:57:28,150 [ERROR] LogOutputStream:75 - [STDERR_REDIRECT] [Fatal Error] :1:1: Premature end of file.
2026-01-06 19:57:28,150 [ERROR] LogOutputStream:75 - [STDERR_REDIRECT] 
2026-01-06 19:57:29,153 [ERROR] LogOutputStream:75 - [STDERR_REDIRECT] [Fatal Error] :1:1: Premature end of file.
2026-01-06 19:57:29,153 [ERROR] LogOutputStream:75 - [STDERR_REDIRECT] 
2026-01-06 19:57:30,153 [ERROR] LogOutputStream:75 - [STDERR_REDIRECT] [Fatal Error] :1:1: Premature end of file.
2026-01-06 19:57:30,153 [ERROR] LogOutputStream:75 - [STDERR_REDIRECT] 
2026-01-06 19:57:31,152 [ERROR] LogOutputStream:75 - [STDERR_REDIRECT] [Fatal Error] :1:1: Premature end of file.
2026-01-06 19:57:31,152 [ERROR] LogOutputStream:75 - [STDERR_REDIRECT] 
2026-01-06 19:57:32,153 [ERROR] LogOutputStream:75 - [STDERR_REDIRECT] [Fatal Error] :1:1: Premature end of file.
2026-01-06 19:57:32,153 [ERROR] LogOutputStream:75 - [STDERR_REDIRECT] 
2026-01-06 19:57:33,154 [ERROR] LogOutputStream:75 - [STDERR_REDIRECT] [Fatal Error] :1:1: Premature end of file.
2026-01-06 19:57:33,154 [ERROR] LogOutputStream:75 - [STDERR_REDIRECT] 
2026-01-06 19:57:34,151 [ERROR] LogOutputStream:75 - [STDERR_REDIRECT] [Fatal Error] :1:1: Premature end of file.
2026-01-06 19:57:34,151 [ERROR] LogOutputStream:75 - [STDERR_REDIRECT] 
2026-01-06 19:57:35,152 [ERROR] LogOutputStream:75 - [STDERR_REDIRECT] [Fatal Error] :1:1: Premature end of file.
2026-01-06 19:57:35,152 [ERROR] LogOutputStream:75 - [STDERR_REDIRECT] 
2026-01-06 19:57:36,152 [ERROR] LogOutputStream:75 - [STDERR_REDIRECT] [Fatal Error] :1:1: Premature end of file.
2026-01-06 19:57:36,152 [ERROR] LogOutputStream:75 - [STDERR_REDIRECT] 
2026-01-06 19:57:37,152 [ERROR] LogOutputStream:75 - [STDERR_REDIRECT] [Fatal Error] :1:1: Premature end of file.
2026-01-06 19:57:37,152 [ERROR] LogOutputStream:75 - [STDERR_REDIRECT] 
2026-01-06 19:57:38,152 [ERROR] LogOutputStream:75 - [STDERR_REDIRECT] [Fatal Error] :1:1: Premature end of file.
2026-01-06 19:57:38,153 [ERROR] LogOutputStream:75 - [STDERR_REDIRECT] 
2026-01-06 19:57:39,153 [ERROR] LogOutputStream:75 - [STDERR_REDIRECT] [Fatal Error] :1:1: Premature end of file.
2026-01-06 19:57:39,153 [ERROR] LogOutputStream:75 - [STDERR_REDIRECT] 
2026-01-06 19:57:40,154 [ERROR] LogOutputStream:75 - [STDERR_REDIRECT] [Fatal Error] :1:1: Premature end of file.
2026-01-06 19:57:40,154 [ERROR] LogOutputStream:75 - [STDERR_REDIRECT] 
2026-01-06 19:57:41,153 [ERROR] LogOutputStream:75 - [STDERR_REDIRECT] [Fatal Error] :1:1: Premature end of file.
2026-01-06 19:57:41,153 [ERROR] LogOutputStream:75 - [STDERR_REDIRECT] 
2026-01-06 19:57:42,153 [ERROR] LogOutputStream:75 - [STDERR_REDIRECT] [Fatal Error] :1:1: Premature end of file.
2026-01-06 19:57:42,153 [ERROR] LogOutputStream:75 - [STDERR_REDIRECT] 
2026-01-06 19:57:43,154 [ERROR] LogOutputStream:75 - [STDERR_REDIRECT] [Fatal Error] :1:1: Premature end of file.
2026-01-06 19:57:43,154 [ERROR] LogOutputStream:75 - [STDERR_REDIRECT] 
2026-01-06 19:57:44,151 [ERROR] LogOutputStream:75 - [STDERR_REDIRECT] [Fatal Error] :1:1: Premature end of file.
2026-01-06 19:57:44,152 [ERROR] LogOutputStream:75 - [STDERR_REDIRECT] 
2026-01-06 19:57:45,168 [ERROR] LogOutputStream:75 - [STDERR_REDIRECT] [Fatal Error] :1:1: Premature end of file.
2026-01-06 19:57:45,168 [ERROR] LogOutputStream:75 - [STDERR_REDIRECT] 
2026-01-06 19:57:46,155 [ERROR] LogOutputStream:75 - [STDERR_REDIRECT] [Fatal Error] :1:1: Premature end of file.
2026-01-06 19:57:46,155 [ERROR] LogOutputStream:75 - [STDERR_REDIRECT] 
2026-01-06 19:57:47,157 [ERROR] LogOutputStream:75 - [STDERR_REDIRECT] [Fatal Error] :1:1: Premature end of file.
2026-01-06 19:57:47,157 [ERROR] LogOutputStream:75 - [STDERR_REDIRECT] 
2026-01-06 19:57:48,165 [ERROR] LogOutputStream:75 - [STDERR_REDIRECT] [Fatal Error] :1:1: Premature end of file.
2026-01-06 19:57:48,165 [ERROR] LogOutputStream:75 - [STDERR_REDIRECT] 
2026-01-06 19:57:49,164 [ERROR] LogOutputStream:75 - [STDERR_REDIRECT] [Fatal Error] :1:1: Premature end of file.
2026-01-06 19:57:49,164 [ERROR] LogOutputStream:75 - [STDERR_REDIRECT] 
2026-01-06 19:57:50,163 [ERROR] LogOutputStream:75 - [STDERR_REDIRECT] [Fatal Error] :1:1: Premature end of file.
2026-01-06 19:57:50,163 [ERROR] LogOutputStream:75 - [STDERR_REDIRECT] 
2026-01-06 19:57:51,157 [ERROR] LogOutputStream:75 - [STDERR_REDIRECT] [Fatal Error] :1:1: Premature end of file.
2026-01-06 19:57:51,157 [ERROR] LogOutputStream:75 - [STDERR_REDIRECT] 
2026-01-06 19:57:52,153 [ERROR] LogOutputStream:75 - [STDERR_REDIRECT] [Fatal Error] :1:1: Premature end of file.
2026-01-06 19:57:52,153 [ERROR] LogOutputStream:75 - [STDERR_REDIRECT] 
2026-01-06 19:57:53,168 [ERROR] LogOutputStream:75 - [STDERR_REDIRECT] [Fatal Error] :1:1: Premature end of file.
2026-01-06 19:57:53,168 [ERROR] LogOutputStream:75 - [STDERR_REDIRECT] 
2026-01-06 19:57:54,170 [ERROR] LogOutputStream:75 - [STDERR_REDIRECT] [Fatal Error] :1:1: Premature end of file.
2026-01-06 19:57:54,170 [ERROR] LogOutputStream:75 - [STDERR_REDIRECT] 
2026-01-06 19:57:55,174 [ERROR] LogOutputStream:75 - [STDERR_REDIRECT] [Fatal Error] :1:1: Premature end of file.
2026-01-06 19:57:55,174 [ERROR] LogOutputStream:75 - [STDERR_REDIRECT] 
2026-01-06 19:57:56,175 [ERROR] LogOutputStream:75 - [STDERR_REDIRECT] [Fatal Error] :1:1: Premature end of file.
2026-01-06 19:57:56,175 [ERROR] LogOutputStream:75 - [STDERR_REDIRECT] 
2026-01-06 19:57:57,158 [ERROR] LogOutputStream:75 - [STDERR_REDIRECT] [Fatal Error] :1:1: Premature end of file.
2026-01-06 19:57:57,158 [ERROR] LogOutputStream:75 - [STDERR_REDIRECT] 
2026-01-06 19:57:58,172 [ERROR] LogOutputStream:75 - [STDERR_REDIRECT] [Fatal Error] :1:1: Premature end of file.
2026-01-06 19:57:58,172 [ERROR] LogOutputStream:75 - [STDERR_REDIRECT] 
2026-01-06 19:57:59,166 [ERROR] LogOutputStream:75 - [STDERR_REDIRECT] [Fatal Error] :1:1: Premature end of file.
2026-01-06 19:57:59,166 [ERROR] LogOutputStream:75 - [STDERR_REDIRECT] 
2026-01-06 19:58:00,169 [ERROR] LogOutputStream:75 - [STDERR_REDIRECT] [Fatal Error] :1:1: Premature end of file.
2026-01-06 19:58:00,169 [ERROR] LogOutputStream:75 - [STDERR_REDIRECT] 
2026-01-06 19:58:01,159 [ERROR] LogOutputStream:75 - [STDERR_REDIRECT] [Fatal Error] :1:1: Premature end of file.
2026-01-06 19:58:01,160 [ERROR] LogOutputStream:75 - [STDERR_REDIRECT] 
2026-01-06 19:58:02,152 [ERROR] LogOutputStream:75 - [STDERR_REDIRECT] [Fatal Error] :1:1: Premature end of file.
2026-01-06 19:58:02,152 [ERROR] LogOutputStream:75 - [STDERR_REDIRECT] 
2026-01-06 19:58:03,164 [ERROR] LogOutputStream:75 - [STDERR_REDIRECT] [Fatal Error] :1:1: Premature end of file.
2026-01-06 19:58:03,164 [ERROR] LogOutputStream:75 - [STDERR_REDIRECT] 
2026-01-06 19:58:04,158 [ERROR] LogOutputStream:75 - [STDERR_REDIRECT] [Fatal Error] :1:1: Premature end of file.
2026-01-06 19:58:04,158 [ERROR] LogOutputStream:75 - [STDERR_REDIRECT] 
2026-01-06 19:58:05,166 [ERROR] LogOutputStream:75 - [STDERR_REDIRECT] [Fatal Error] :1:1: Premature end of file.
2026-01-06 19:58:05,166 [ERROR] LogOutputStream:75 - [STDERR_REDIRECT] 
2026-01-06 19:58:06,169 [ERROR] LogOutputStream:75 - [STDERR_REDIRECT] [Fatal Error] :1:1: Premature end of file.
2026-01-06 19:58:06,169 [ERROR] LogOutputStream:75 - [STDERR_REDIRECT] 
2026-01-06 19:58:07,167 [ERROR] LogOutputStream:75 - [STDERR_REDIRECT] [Fatal Error] :1:1: Premature end of file.
2026-01-06 19:58:07,167 [ERROR] LogOutputStream:75 - [STDERR_REDIRECT] 
2026-01-06 19:58:08,171 [ERROR] LogOutputStream:75 - [STDERR_REDIRECT] [Fatal Error] :1:1: Premature end of file.
2026-01-06 19:58:08,171 [ERROR] LogOutputStream:75 - [STDERR_REDIRECT] 
2026-01-06 19:58:09,170 [ERROR] LogOutputStream:75 - [STDERR_REDIRECT] [Fatal Error] :1:1: Premature end of file.
2026-01-06 19:58:09,170 [ERROR] LogOutputStream:75 - [STDERR_REDIRECT] 
2026-01-06 19:58:10,164 [ERROR] LogOutputStream:75 - [STDERR_REDIRECT] [Fatal Error] :1:1: Premature end of file.
2026-01-06 19:58:10,164 [ERROR] LogOutputStream:75 - [STDERR_REDIRECT] 
2026-01-06 19:58:11,162 [ERROR] LogOutputStream:75 - [STDERR_REDIRECT] [Fatal Error] :1:1: Premature end of file.
2026-01-06 19:58:11,162 [ERROR] LogOutputStream:75 - [STDERR_REDIRECT] 
2026-01-06 19:58:12,157 [ERROR] LogOutputStream:75 - [STDERR_REDIRECT] [Fatal Error] :1:1: Premature end of file.
2026-01-06 19:58:12,157 [ERROR] LogOutputStream:75 - [STDERR_REDIRECT] 
2026-01-06 19:58:13,155 [ERROR] LogOutputStream:75 - [STDERR_REDIRECT] [Fatal Error] :1:1: Premature end of file.
2026-01-06 19:58:13,155 [ERROR] LogOutputStream:75 - [STDERR_REDIRECT] 
2026-01-06 19:58:14,157 [ERROR] LogOutputStream:75 - [STDERR_REDIRECT] [Fatal Error] :1:1: Premature end of file.
2026-01-06 19:58:14,157 [ERROR] LogOutputStream:75 - [STDERR_REDIRECT] 
2026-01-06 19:58:15,161 [ERROR] LogOutputStream:75 - [STDERR_REDIRECT] [Fatal Error] :1:1: Premature end of file.
2026-01-06 19:58:15,161 [ERROR] LogOutputStream:75 - [STDERR_REDIRECT] 
2026-01-06 19:58:16,159 [ERROR] LogOutputStream:75 - [STDERR_REDIRECT] [Fatal Error] :1:1: Premature end of file.
2026-01-06 19:58:16,159 [ERROR] LogOutputStream:75 - [STDERR_REDIRECT] 
2026-01-06 19:58:17,158 [ERROR] LogOutputStream:75 - [STDERR_REDIRECT] [Fatal Error] :1:1: Premature end of file.
2026-01-06 19:58:17,158 [ERROR] LogOutputStream:75 - [STDERR_REDIRECT] 
2026-01-06 19:58:18,158 [ERROR] LogOutputStream:75 - [STDERR_REDIRECT] [Fatal Error] :1:1: Premature end of file.
2026-01-06 19:58:18,158 [ERROR] LogOutputStream:75 - [STDERR_REDIRECT] 
2026-01-06 19:58:19,169 [ERROR] LogOutputStream:75 - [STDERR_REDIRECT] [Fatal Error] :1:1: Premature end of file.
2026-01-06 19:58:19,170 [ERROR] LogOutputStream:75 - [STDERR_REDIRECT] 
2026-01-06 19:58:20,167 [ERROR] LogOutputStream:75 - [STDERR_REDIRECT] [Fatal Error] :1:1: Premature end of file.
2026-01-06 19:58:20,167 [ERROR] LogOutputStream:75 - [STDERR_REDIRECT] 
2026-01-06 19:58:21,153 [ERROR] LogOutputStream:75 - [STDERR_REDIRECT] [Fatal Error] :1:1: Premature end of file.
2026-01-06 19:58:21,153 [ERROR] LogOutputStream:75 - [STDERR_REDIRECT] 
2026-01-06 19:58:22,154 [ERROR] LogOutputStream:75 - [STDERR_REDIRECT] [Fatal Error] :1:1: Premature end of file.
2026-01-06 19:58:22,155 [ERROR] LogOutputStream:75 - [STDERR_REDIRECT] 
2026-01-06 19:58:23,157 [ERROR] LogOutputStream:75 - [STDERR_REDIRECT] [Fatal Error] :1:1: Premature end of file.
2026-01-06 19:58:23,157 [ERROR] LogOutputStream:75 - [STDERR_REDIRECT] 
2026-01-06 19:58:24,155 [ERROR] LogOutputStream:75 - [STDERR_REDIRECT] [Fatal Error] :1:1: Premature end of file.
2026-01-06 19:58:24,155 [ERROR] LogOutputStream:75 - [STDERR_REDIRECT] 
2026-01-06 19:58:25,154 [ERROR] LogOutputStream:75 - [STDERR_REDIRECT] [Fatal Error] :1:1: Premature end of file.
2026-01-06 19:58:25,154 [ERROR] LogOutputStream:75 - [STDERR_REDIRECT] 
2026-01-06 19:58:26,172 [ERROR] LogOutputStream:75 - [STDERR_REDIRECT] [Fatal Error] :1:1: Premature end of file.
2026-01-06 19:58:26,172 [ERROR] LogOutputStream:75 - [STDERR_REDIRECT] 
2026-01-06 19:58:27,161 [ERROR] LogOutputStream:75 - [STDERR_REDIRECT] [Fatal Error] :1:1: Premature end of file.
2026-01-06 19:58:27,161 [ERROR] LogOutputStream:75 - [STDERR_REDIRECT] 
2026-01-06 19:58:28,163 [ERROR] LogOutputStream:75 - [STDERR_REDIRECT] [Fatal Error] :1:1: Premature end of file.
2026-01-06 19:58:28,164 [ERROR] LogOutputStream:75 - [STDERR_REDIRECT] 
2026-01-06 19:58:29,164 [ERROR] LogOutputStream:75 - [STDERR_REDIRECT] [Fatal Error] :1:1: Premature end of file.
2026-01-06 19:58:29,164 [ERROR] LogOutputStream:75 - [STDERR_REDIRECT] 
2026-01-06 19:58:30,160 [ERROR] LogOutputStream:75 - [STDERR_REDIRECT] [Fatal Error] :1:1: Premature end of file.
2026-01-06 19:58:30,161 [ERROR] LogOutputStream:75 - [STDERR_REDIRECT] 
2026-01-06 19:58:31,160 [ERROR] LogOutputStream:75 - [STDERR_REDIRECT] [Fatal Error] :1:1: Premature end of file.
2026-01-06 19:58:31,160 [ERROR] LogOutputStream:75 - [STDERR_REDIRECT] 
2026-01-06 19:58:32,182 [ERROR] LogOutputStream:75 - [STDERR_REDIRECT] [Fatal Error] :1:1: Premature end of file.
2026-01-06 19:58:32,182 [ERROR] LogOutputStream:75 - [STDERR_REDIRECT] 
2026-01-06 19:58:33,159 [ERROR] LogOutputStream:75 - [STDERR_REDIRECT] [Fatal Error] :1:1: Premature end of file.
2026-01-06 19:58:33,159 [ERROR] LogOutputStream:75 - [STDERR_REDIRECT] 
2026-01-06 19:58:34,262 [ERROR] LogOutputStream:75 - [STDERR_REDIRECT] [Fatal Error] :1:1: Premature end of file.
2026-01-06 19:58:34,264 [ERROR] LogOutputStream:75 - [STDERR_REDIRECT] 
2026-01-06 19:58:35,189 [ERROR] LogOutputStream:75 - [STDERR_REDIRECT] [Fatal Error] :1:1: Premature end of file.
2026-01-06 19:58:35,189 [ERROR] LogOutputStream:75 - [STDERR_REDIRECT] 
2026-01-06 19:58:36,157 [ERROR] LogOutputStream:75 - [STDERR_REDIRECT] [Fatal Error] :1:1: Premature end of file.
2026-01-06 19:58:36,157 [ERROR] LogOutputStream:75 - [STDERR_REDIRECT] 
2026-01-06 19:58:37,173 [ERROR] LogOutputStream:75 - [STDERR_REDIRECT] [Fatal Error] :1:1: Premature end of file.
2026-01-06 19:58:37,173 [ERROR] LogOutputStream:75 - [STDERR_REDIRECT] 
2026-01-06 19:58:38,170 [ERROR] LogOutputStream:75 - [STDERR_REDIRECT] [Fatal Error] :1:1: Premature end of file.
2026-01-06 19:58:38,171 [ERROR] LogOutputStream:75 - [STDERR_REDIRECT] 
2026-01-06 19:58:39,170 [ERROR] LogOutputStream:75 - [STDERR_REDIRECT] [Fatal Error] :1:1: Premature end of file.
2026-01-06 19:58:39,170 [ERROR] LogOutputStream:75 - [STDERR_REDIRECT] 
2026-01-06 19:58:40,163 [ERROR] LogOutputStream:75 - [STDERR_REDIRECT] [Fatal Error] :1:1: Premature end of file.
2026-01-06 19:58:40,163 [ERROR] LogOutputStream:75 - [STDERR_REDIRECT] 
2026-01-06 19:58:41,168 [ERROR] LogOutputStream:75 - [STDERR_REDIRECT] [Fatal Error] :1:1: Premature end of file.
2026-01-06 19:58:41,168 [ERROR] LogOutputStream:75 - [STDERR_REDIRECT] 
2026-01-06 19:58:42,164 [ERROR] LogOutputStream:75 - [STDERR_REDIRECT] [Fatal Error] :1:1: Premature end of file.
2026-01-06 19:58:42,164 [ERROR] LogOutputStream:75 - [STDERR_REDIRECT] 
2026-01-06 19:58:43,164 [ERROR] LogOutputStream:75 - [STDERR_REDIRECT] [Fatal Error] :1:1: Premature end of file.
2026-01-06 19:58:43,164 [ERROR] LogOutputStream:75 - [STDERR_REDIRECT] 
2026-01-06 19:58:44,159 [ERROR] LogOutputStream:75 - [STDERR_REDIRECT] [Fatal Error] :1:1: Premature end of file.
2026-01-06 19:58:44,160 [ERROR] LogOutputStream:75 - [STDERR_REDIRECT] 
2026-01-06 19:58:45,161 [ERROR] LogOutputStream:75 - [STDERR_REDIRECT] [Fatal Error] :1:1: Premature end of file.
2026-01-06 19:58:45,161 [ERROR] LogOutputStream:75 - [STDERR_REDIRECT] 
2026-01-06 19:58:46,157 [ERROR] LogOutputStream:75 - [STDERR_REDIRECT] [Fatal Error] :1:1: Premature end of file.
2026-01-06 19:58:46,157 [ERROR] LogOutputStream:75 - [STDERR_REDIRECT] 
2026-01-06 19:58:47,162 [ERROR] LogOutputStream:75 - [STDERR_REDIRECT] [Fatal Error] :1:1: Premature end of file.
2026-01-06 19:58:47,162 [ERROR] LogOutputStream:75 - [STDERR_REDIRECT] 
2026-01-06 19:58:48,154 [ERROR] LogOutputStream:75 - [STDERR_REDIRECT] [Fatal Error] :1:1: Premature end of file.
2026-01-06 19:58:48,154 [ERROR] LogOutputStream:75 - [STDERR_REDIRECT] 
2026-01-06 19:58:49,166 [ERROR] LogOutputStream:75 - [STDERR_REDIRECT] [Fatal Error] :1:1: Premature end of file.
2026-01-06 19:58:49,166 [ERROR] LogOutputStream:75 - [STDERR_REDIRECT] 
2026-01-06 19:58:50,158 [ERROR] LogOutputStream:75 - [STDERR_REDIRECT] [Fatal Error] :1:1: Premature end of file.
2026-01-06 19:58:50,158 [ERROR] LogOutputStream:75 - [STDERR_REDIRECT] 
2026-01-06 19:58:51,156 [ERROR] LogOutputStream:75 - [STDERR_REDIRECT] [Fatal Error] :1:1: Premature end of file.
2026-01-06 19:58:51,156 [ERROR] LogOutputStream:75 - [STDERR_REDIRECT] 
2026-01-06 19:58:52,163 [ERROR] LogOutputStream:75 - [STDERR_REDIRECT] [Fatal Error] :1:1: Premature end of file.
2026-01-06 19:58:52,163 [ERROR] LogOutputStream:75 - [STDERR_REDIRECT] 
2026-01-06 19:58:53,155 [ERROR] LogOutputStream:75 - [STDERR_REDIRECT] [Fatal Error] :1:1: Premature end of file.
2026-01-06 19:58:53,155 [ERROR] LogOutputStream:75 - [STDERR_REDIRECT] 
2026-01-06 19:58:54,189 [ERROR] LogOutputStream:75 - [STDERR_REDIRECT] [Fatal Error] :1:1: Premature end of file.
2026-01-06 19:58:54,189 [ERROR] LogOutputStream:75 - [STDERR_REDIRECT] 
2026-01-06 19:58:55,167 [ERROR] LogOutputStream:75 - [STDERR_REDIRECT] [Fatal Error] :1:1: Premature end of file.
2026-01-06 19:58:55,167 [ERROR] LogOutputStream:75 - [STDERR_REDIRECT] 
2026-01-06 19:58:56,172 [ERROR] LogOutputStream:75 - [STDERR_REDIRECT] [Fatal Error] :1:1: Premature end of file.
2026-01-06 19:58:56,172 [ERROR] LogOutputStream:75 - [STDERR_REDIRECT] 
2026-01-06 19:58:57,177 [ERROR] LogOutputStream:75 - [STDERR_REDIRECT] [Fatal Error] :1:1: Premature end of file.
2026-01-06 19:58:57,177 [ERROR] LogOutputStream:75 - [STDERR_REDIRECT] 
2026-01-06 19:58:58,219 [ERROR] LogOutputStream:75 - [STDERR_REDIRECT] [Fatal Error] :1:1: Premature end of file.
2026-01-06 19:58:58,219 [ERROR] LogOutputStream:75 - [STDERR_REDIRECT] 
2026-01-06 19:58:59,188 [ERROR] LogOutputStream:75 - [STDERR_REDIRECT] [Fatal Error] :1:1: Premature end of file.
2026-01-06 19:58:59,188 [ERROR] LogOutputStream:75 - [STDERR_REDIRECT] 
2026-01-06 19:59:00,154 [ERROR] LogOutputStream:75 - [STDERR_REDIRECT] [Fatal Error] :1:1: Premature end of file.
2026-01-06 19:59:00,154 [ERROR] LogOutputStream:75 - [STDERR_REDIRECT] 
2026-01-06 19:59:01,151 [ERROR] LogOutputStream:75 - [STDERR_REDIRECT] [Fatal Error] :1:1: Premature end of file.
2026-01-06 19:59:01,151 [ERROR] LogOutputStream:75 - [STDERR_REDIRECT] 
2026-01-06 19:59:02,162 [ERROR] LogOutputStream:75 - [STDERR_REDIRECT] [Fatal Error] :1:1: Premature end of file.
2026-01-06 19:59:02,163 [ERROR] LogOutputStream:75 - [STDERR_REDIRECT] 
2026-01-06 19:59:03,159 [ERROR] LogOutputStream:75 - [STDERR_REDIRECT] [Fatal Error] :1:1: Premature end of file.
2026-01-06 19:59:03,159 [ERROR] LogOutputStream:75 - [STDERR_REDIRECT] 
2026-01-06 19:59:04,165 [ERROR] LogOutputStream:75 - [STDERR_REDIRECT] [Fatal Error] :1:1: Premature end of file.
2026-01-06 19:59:04,165 [ERROR] LogOutputStream:75 - [STDERR_REDIRECT] 
2026-01-06 19:59:05,154 [ERROR] LogOutputStream:75 - [STDERR_REDIRECT] [Fatal Error] :1:1: Premature end of file.
2026-01-06 19:59:05,155 [ERROR] LogOutputStream:75 - [STDERR_REDIRECT] 
2026-01-06 19:59:06,161 [ERROR] LogOutputStream:75 - [STDERR_REDIRECT] [Fatal Error] :1:1: Premature end of file.
2026-01-06 19:59:06,161 [ERROR] LogOutputStream:75 - [STDERR_REDIRECT] 
2026-01-06 19:59:07,156 [ERROR] LogOutputStream:75 - [STDERR_REDIRECT] [Fatal Error] :1:1: Premature end of file.
2026-01-06 19:59:07,156 [ERROR] LogOutputStream:75 - [STDERR_REDIRECT] 
2026-01-06 19:59:08,153 [ERROR] LogOutputStream:75 - [STDERR_REDIRECT] [Fatal Error] :1:1: Premature end of file.
2026-01-06 19:59:08,153 [ERROR] LogOutputStream:75 - [STDERR_REDIRECT] 
2026-01-06 19:59:09,158 [ERROR] LogOutputStream:75 - [STDERR_REDIRECT] [Fatal Error] :1:1: Premature end of file.
2026-01-06 19:59:09,158 [ERROR] LogOutputStream:75 - [STDERR_REDIRECT] 
2026-01-06 19:59:10,153 [ERROR] LogOutputStream:75 - [STDERR_REDIRECT] [Fatal Error] :1:1: Premature end of file.
2026-01-06 19:59:10,153 [ERROR] LogOutputStream:75 - [STDERR_REDIRECT] 
2026-01-06 19:59:11,175 [ERROR] LogOutputStream:75 - [STDERR_REDIRECT] [Fatal Error] :1:1: Premature end of file.
2026-01-06 19:59:11,175 [ERROR] LogOutputStream:75 - [STDERR_REDIRECT] 
2026-01-06 19:59:12,158 [ERROR] LogOutputStream:75 - [STDERR_REDIRECT] [Fatal Error] :1:1: Premature end of file.
2026-01-06 19:59:12,158 [ERROR] LogOutputStream:75 - [STDERR_REDIRECT] 
2026-01-06 19:59:13,160 [ERROR] LogOutputStream:75 - [STDERR_REDIRECT] [Fatal Error] :1:1: Premature end of file.
2026-01-06 19:59:13,160 [ERROR] LogOutputStream:75 - [STDERR_REDIRECT] 
2026-01-06 19:59:14,156 [ERROR] LogOutputStream:75 - [STDERR_REDIRECT] [Fatal Error] :1:1: Premature end of file.
2026-01-06 19:59:14,156 [ERROR] LogOutputStream:75 - [STDERR_REDIRECT] 
2026-01-06 19:59:15,158 [ERROR] LogOutputStream:75 - [STDERR_REDIRECT] [Fatal Error] :1:1: Premature end of file.
2026-01-06 19:59:15,158 [ERROR] LogOutputStream:75 - [STDERR_REDIRECT] 
2026-01-06 19:59:16,154 [ERROR] LogOutputStream:75 - [STDERR_REDIRECT] [Fatal Error] :1:1: Premature end of file.
2026-01-06 19:59:16,154 [ERROR] LogOutputStream:75 - [STDERR_REDIRECT] 
2026-01-06 19:59:17,157 [ERROR] LogOutputStream:75 - [STDERR_REDIRECT] [Fatal Error] :1:1: Premature end of file.
2026-01-06 19:59:17,157 [ERROR] LogOutputStream:75 - [STDERR_REDIRECT] 
2026-01-06 19:59:18,152 [ERROR] LogOutputStream:75 - [STDERR_REDIRECT] [Fatal Error] :1:1: Premature end of file.
2026-01-06 19:59:18,152 [ERROR] LogOutputStream:75 - [STDERR_REDIRECT] 
2026-01-06 19:59:19,162 [ERROR] LogOutputStream:75 - [STDERR_REDIRECT] [Fatal Error] :1:1: Premature end of file.
2026-01-06 19:59:19,162 [ERROR] LogOutputStream:75 - [STDERR_REDIRECT] 
2026-01-06 19:59:20,165 [ERROR] LogOutputStream:75 - [STDERR_REDIRECT] [Fatal Error] :1:1: Premature end of file.
2026-01-06 19:59:20,165 [ERROR] LogOutputStream:75 - [STDERR_REDIRECT] 
2026-01-06 19:59:21,167 [ERROR] LogOutputStream:75 - [STDERR_REDIRECT] [Fatal Error] :1:1: Premature end of file.
2026-01-06 19:59:21,167 [ERROR] LogOutputStream:75 - [STDERR_REDIRECT] 
2026-01-06 19:59:22,166 [ERROR] LogOutputStream:75 - [STDERR_REDIRECT] [Fatal Error] :1:1: Premature end of file.
2026-01-06 19:59:22,166 [ERROR] LogOutputStream:75 - [STDERR_REDIRECT] 
2026-01-06 19:59:23,158 [ERROR] LogOutputStream:75 - [STDERR_REDIRECT] [Fatal Error] :1:1: Premature end of file.
2026-01-06 19:59:23,158 [ERROR] LogOutputStream:75 - [STDERR_REDIRECT] 
2026-01-06 19:59:24,160 [ERROR] LogOutputStream:75 - [STDERR_REDIRECT] [Fatal Error] :1:1: Premature end of file.
2026-01-06 19:59:24,160 [ERROR] LogOutputStream:75 - [STDERR_REDIRECT] 
2026-01-06 19:59:25,161 [ERROR] LogOutputStream:75 - [STDERR_REDIRECT] [Fatal Error] :1:1: Premature end of file.
2026-01-06 19:59:25,161 [ERROR] LogOutputStream:75 - [STDERR_REDIRECT] 
2026-01-06 19:59:26,160 [ERROR] LogOutputStream:75 - [STDERR_REDIRECT] [Fatal Error] :1:1: Premature end of file.
2026-01-06 19:59:26,160 [ERROR] LogOutputStream:75 - [STDERR_REDIRECT] 
2026-01-06 19:59:27,157 [ERROR] LogOutputStream:75 - [STDERR_REDIRECT] [Fatal Error] :1:1: Premature end of file.
2026-01-06 19:59:27,157 [ERROR] LogOutputStream:75 - [STDERR_REDIRECT] 
2026-01-06 19:59:28,151 [ERROR] LogOutputStream:75 - [STDERR_REDIRECT] [Fatal Error] :1:1: Premature end of file.
2026-01-06 19:59:28,151 [ERROR] LogOutputStream:75 - [STDERR_REDIRECT] 
2026-01-06 19:59:29,154 [ERROR] LogOutputStream:75 - [STDERR_REDIRECT] [Fatal Error] :1:1: Premature end of file.
2026-01-06 19:59:29,154 [ERROR] LogOutputStream:75 - [STDERR_REDIRECT] 
2026-01-06 19:59:30,167 [ERROR] LogOutputStream:75 - [STDERR_REDIRECT] [Fatal Error] :1:1: Premature end of file.
2026-01-06 19:59:30,167 [ERROR] LogOutputStream:75 - [STDERR_REDIRECT] 
2026-01-06 19:59:31,169 [ERROR] LogOutputStream:75 - [STDERR_REDIRECT] [Fatal Error] :1:1: Premature end of file.
2026-01-06 19:59:31,169 [ERROR] LogOutputStream:75 - [STDERR_REDIRECT] 
2026-01-06 19:59:32,169 [ERROR] LogOutputStream:75 - [STDERR_REDIRECT] [Fatal Error] :1:1: Premature end of file.
2026-01-06 19:59:32,169 [ERROR] LogOutputStream:75 - [STDERR_REDIRECT] 
2026-01-06 19:59:33,163 [ERROR] LogOutputStream:75 - [STDERR_REDIRECT] [Fatal Error] :1:1: Premature end of file.
2026-01-06 19:59:33,163 [ERROR] LogOutputStream:75 - [STDERR_REDIRECT] 
2026-01-06 19:59:34,170 [ERROR] LogOutputStream:75 - [STDERR_REDIRECT] [Fatal Error] :1:1: Premature end of file.
2026-01-06 19:59:34,170 [ERROR] LogOutputStream:75 - [STDERR_REDIRECT] 
2026-01-06 19:59:35,165 [ERROR] LogOutputStream:75 - [STDERR_REDIRECT] [Fatal Error] :1:1: Premature end of file.
2026-01-06 19:59:35,165 [ERROR] LogOutputStream:75 - [STDERR_REDIRECT] 
2026-01-06 19:59:36,160 [ERROR] LogOutputStream:75 - [STDERR_REDIRECT] [Fatal Error] :1:1: Premature end of file.
2026-01-06 19:59:36,160 [ERROR] LogOutputStream:75 - [STDERR_REDIRECT] 
2026-01-06 19:59:37,159 [ERROR] LogOutputStream:75 - [STDERR_REDIRECT] [Fatal Error] :1:1: Premature end of file.
2026-01-06 19:59:37,159 [ERROR] LogOutputStream:75 - [STDERR_REDIRECT] 
2026-01-06 19:59:38,164 [ERROR] LogOutputStream:75 - [STDERR_REDIRECT] [Fatal Error] :1:1: Premature end of file.
2026-01-06 19:59:38,164 [ERROR] LogOutputStream:75 - [STDERR_REDIRECT] 
2026-01-06 19:59:39,155 [ERROR] LogOutputStream:75 - [STDERR_REDIRECT] [Fatal Error] :1:1: Premature end of file.
2026-01-06 19:59:39,155 [ERROR] LogOutputStream:75 - [STDERR_REDIRECT] 
2026-01-06 19:59:40,158 [ERROR] LogOutputStream:75 - [STDERR_REDIRECT] [Fatal Error] :1:1: Premature end of file.
2026-01-06 19:59:40,158 [ERROR] LogOutputStream:75 - [STDERR_REDIRECT] 
2026-01-06 19:59:41,172 [ERROR] LogOutputStream:75 - [STDERR_REDIRECT] [Fatal Error] :1:1: Premature end of file.
2026-01-06 19:59:41,172 [ERROR] LogOutputStream:75 - [STDERR_REDIRECT] 
2026-01-06 19:59:42,161 [ERROR] LogOutputStream:75 - [STDERR_REDIRECT] [Fatal Error] :1:1: Premature end of file.
2026-01-06 19:59:42,161 [ERROR] LogOutputStream:75 - [STDERR_REDIRECT] 
2026-01-06 19:59:43,171 [ERROR] LogOutputStream:75 - [STDERR_REDIRECT] [Fatal Error] :1:1: Premature end of file.
2026-01-06 19:59:43,171 [ERROR] LogOutputStream:75 - [STDERR_REDIRECT] 
2026-01-06 19:59:44,158 [ERROR] LogOutputStream:75 - [STDERR_REDIRECT] [Fatal Error] :1:1: Premature end of file.
2026-01-06 19:59:44,158 [ERROR] LogOutputStream:75 - [STDERR_REDIRECT] 
2026-01-06 19:59:45,154 [ERROR] LogOutputStream:75 - [STDERR_REDIRECT] [Fatal Error] :1:1: Premature end of file.
2026-01-06 19:59:45,154 [ERROR] LogOutputStream:75 - [STDERR_REDIRECT] 
2026-01-06 19:59:46,156 [ERROR] LogOutputStream:75 - [STDERR_REDIRECT] [Fatal Error] :1:1: Premature end of file.
2026-01-06 19:59:46,156 [ERROR] LogOutputStream:75 - [STDERR_REDIRECT] 
2026-01-06 19:59:47,154 [ERROR] LogOutputStream:75 - [STDERR_REDIRECT] [Fatal Error] :1:1: Premature end of file.
2026-01-06 19:59:47,155 [ERROR] LogOutputStream:75 - [STDERR_REDIRECT] 
2026-01-06 19:59:48,153 [ERROR] LogOutputStream:75 - [STDERR_REDIRECT] [Fatal Error] :1:1: Premature end of file.
2026-01-06 19:59:48,153 [ERROR] LogOutputStream:75 - [STDERR_REDIRECT] 
2026-01-06 19:59:49,159 [ERROR] LogOutputStream:75 - [STDERR_REDIRECT] [Fatal Error] :1:1: Premature end of file.
2026-01-06 19:59:49,159 [ERROR] LogOutputStream:75 - [STDERR_REDIRECT] 
2026-01-06 19:59:50,160 [ERROR] LogOutputStream:75 - [STDERR_REDIRECT] [Fatal Error] :1:1: Premature end of file.
2026-01-06 19:59:50,160 [ERROR] LogOutputStream:75 - [STDERR_REDIRECT] 
2026-01-06 19:59:51,164 [ERROR] LogOutputStream:75 - [STDERR_REDIRECT] [Fatal Error] :1:1: Premature end of file.
2026-01-06 19:59:51,164 [ERROR] LogOutputStream:75 - [STDERR_REDIRECT] 
2026-01-06 19:59:52,164 [ERROR] LogOutputStream:75 - [STDERR_REDIRECT] [Fatal Error] :1:1: Premature end of file.
2026-01-06 19:59:52,164 [ERROR] LogOutputStream:75 - [STDERR_REDIRECT] 
2026-01-06 19:59:53,165 [ERROR] LogOutputStream:75 - [STDERR_REDIRECT] [Fatal Error] :1:1: Premature end of file.
2026-01-06 19:59:53,165 [ERROR] LogOutputStream:75 - [STDERR_REDIRECT] 
2026-01-06 19:59:54,158 [ERROR] LogOutputStream:75 - [STDERR_REDIRECT] [Fatal Error] :1:1: Premature end of file.
2026-01-06 19:59:54,158 [ERROR] LogOutputStream:75 - [STDERR_REDIRECT] 
2026-01-06 19:59:55,166 [ERROR] LogOutputStream:75 - [STDERR_REDIRECT] [Fatal Error] :1:1: Premature end of file.
2026-01-06 19:59:55,166 [ERROR] LogOutputStream:75 - [STDERR_REDIRECT] 
2026-01-06 19:59:56,158 [ERROR] LogOutputStream:75 - [STDERR_REDIRECT] [Fatal Error] :1:1: Premature end of file.
2026-01-06 19:59:56,158 [ERROR] LogOutputStream:75 - [STDERR_REDIRECT] 
2026-01-06 19:59:57,161 [ERROR] LogOutputStream:75 - [STDERR_REDIRECT] [Fatal Error] :1:1: Premature end of file.
2026-01-06 19:59:57,161 [ERROR] LogOutputStream:75 - [STDERR_REDIRECT] 
2026-01-06 19:59:58,156 [ERROR] LogOutputStream:75 - [STDERR_REDIRECT] [Fatal Error] :1:1: Premature end of file.
2026-01-06 19:59:58,156 [ERROR] LogOutputStream:75 - [STDERR_REDIRECT] 
2026-01-06 19:59:59,155 [ERROR] LogOutputStream:75 - [STDERR_REDIRECT] [Fatal Error] :1:1: Premature end of file.
2026-01-06 19:59:59,155 [ERROR] LogOutputStream:75 - [STDERR_REDIRECT] 
2026-01-06 20:00:00,157 [ERROR] LogOutputStream:75 - [STDERR_REDIRECT] [Fatal Error] :1:1: Premature end of file.
2026-01-06 20:00:00,157 [ERROR] LogOutputStream:75 - [STDERR_REDIRECT] 
2026-01-06 20:00:01,164 [ERROR] LogOutputStream:75 - [STDERR_REDIRECT] [Fatal Error] :1:1: Premature end of file.
2026-01-06 20:00:01,165 [ERROR] LogOutputStream:75 - [STDERR_REDIRECT] 
2026-01-06 20:00:02,159 [ERROR] LogOutputStream:75 - [STDERR_REDIRECT] [Fatal Error] :1:1: Premature end of file.
2026-01-06 20:00:02,159 [ERROR] LogOutputStream:75 - [STDERR_REDIRECT] 
2026-01-06 20:00:03,156 [ERROR] LogOutputStream:75 - [STDERR_REDIRECT] [Fatal Error] :1:1: Premature end of file.
2026-01-06 20:00:03,156 [ERROR] LogOutputStream:75 - [STDERR_REDIRECT] 
2026-01-06 20:00:04,155 [ERROR] LogOutputStream:75 - [STDERR_REDIRECT] [Fatal Error] :1:1: Premature end of file.
2026-01-06 20:00:04,155 [ERROR] LogOutputStream:75 - [STDERR_REDIRECT] 
2026-01-06 20:00:05,154 [ERROR] LogOutputStream:75 - [STDERR_REDIRECT] [Fatal Error] :1:1: Premature end of file.
2026-01-06 20:00:05,154 [ERROR] LogOutputStream:75 - [STDERR_REDIRECT] 
2026-01-06 20:00:06,156 [ERROR] LogOutputStream:75 - [STDERR_REDIRECT] [Fatal Error] :1:1: Premature end of file.
2026-01-06 20:00:06,156 [ERROR] LogOutputStream:75 - [STDERR_REDIRECT] 
2026-01-06 20:00:07,161 [ERROR] LogOutputStream:75 - [STDERR_REDIRECT] [Fatal Error] :1:1: Premature end of file.
2026-01-06 20:00:07,161 [ERROR] LogOutputStream:75 - [STDERR_REDIRECT] 
2026-01-06 20:00:08,165 [ERROR] LogOutputStream:75 - [STDERR_REDIRECT] [Fatal Error] :1:1: Premature end of file.
2026-01-06 20:00:08,165 [ERROR] LogOutputStream:75 - [STDERR_REDIRECT] 
2026-01-06 20:00:09,169 [ERROR] LogOutputStream:75 - [STDERR_REDIRECT] [Fatal Error] :1:1: Premature end of file.
2026-01-06 20:00:09,169 [ERROR] LogOutputStream:75 - [STDERR_REDIRECT] 
2026-01-06 20:00:10,182 [ERROR] LogOutputStream:75 - [STDERR_REDIRECT] [Fatal Error] :1:1: Premature end of file.
2026-01-06 20:00:10,182 [ERROR] LogOutputStream:75 - [STDERR_REDIRECT] 
2026-01-06 20:00:11,172 [ERROR] LogOutputStream:75 - [STDERR_REDIRECT] [Fatal Error] :1:1: Premature end of file.
2026-01-06 20:00:11,172 [ERROR] LogOutputStream:75 - [STDERR_REDIRECT] 
2026-01-06 20:00:12,166 [ERROR] LogOutputStream:75 - [STDERR_REDIRECT] [Fatal Error] :1:1: Premature end of file.
2026-01-06 20:00:12,167 [ERROR] LogOutputStream:75 - [STDERR_REDIRECT] 
2026-01-06 20:00:13,160 [ERROR] LogOutputStream:75 - [STDERR_REDIRECT] [Fatal Error] :1:1: Premature end of file.
2026-01-06 20:00:13,160 [ERROR] LogOutputStream:75 - [STDERR_REDIRECT] 
2026-01-06 20:00:14,169 [ERROR] LogOutputStream:75 - [STDERR_REDIRECT] [Fatal Error] :1:1: Premature end of file.
2026-01-06 20:00:14,169 [ERROR] LogOutputStream:75 - [STDERR_REDIRECT] 
2026-01-06 20:00:15,160 [ERROR] LogOutputStream:75 - [STDERR_REDIRECT] [Fatal Error] :1:1: Premature end of file.
2026-01-06 20:00:15,160 [ERROR] LogOutputStream:75 - [STDERR_REDIRECT] 
2026-01-06 20:00:16,148 [ERROR] LogOutputStream:75 - [STDERR_REDIRECT] [Fatal Error] :1:1: Premature end of file.
2026-01-06 20:00:16,148 [ERROR] LogOutputStream:75 - [STDERR_REDIRECT] 
2026-01-06 20:00:17,151 [ERROR] LogOutputStream:75 - [STDERR_REDIRECT] [Fatal Error] :1:1: Premature end of file.
2026-01-06 20:00:17,151 [ERROR] LogOutputStream:75 - [STDERR_REDIRECT] 
2026-01-06 20:00:18,155 [ERROR] LogOutputStream:75 - [STDERR_REDIRECT] [Fatal Error] :1:1: Premature end of file.
2026-01-06 20:00:18,155 [ERROR] LogOutputStream:75 - [STDERR_REDIRECT] 
2026-01-06 20:00:19,160 [ERROR] LogOutputStream:75 - [STDERR_REDIRECT] [Fatal Error] :1:1: Premature end of file.
2026-01-06 20:00:19,160 [ERROR] LogOutputStream:75 - [STDERR_REDIRECT] 
2026-01-06 20:00:20,159 [ERROR] LogOutputStream:75 - [STDERR_REDIRECT] [Fatal Error] :1:1: Premature end of file.
2026-01-06 20:00:20,159 [ERROR] LogOutputStream:75 - [STDERR_REDIRECT] 
2026-01-06 20:00:21,159 [ERROR] LogOutputStream:75 - [STDERR_REDIRECT] [Fatal Error] :1:1: Premature end of file.
2026-01-06 20:00:21,159 [ERROR] LogOutputStream:75 - [STDERR_REDIRECT] 
2026-01-06 20:00:22,165 [ERROR] LogOutputStream:75 - [STDERR_REDIRECT] [Fatal Error] :1:1: Premature end of file.
2026-01-06 20:00:22,165 [ERROR] LogOutputStream:75 - [STDERR_REDIRECT] 
2026-01-06 20:00:23,158 [ERROR] LogOutputStream:75 - [STDERR_REDIRECT] [Fatal Error] :1:1: Premature end of file.
2026-01-06 20:00:23,158 [ERROR] LogOutputStream:75 - [STDERR_REDIRECT] 
2026-01-06 20:00:24,160 [ERROR] LogOutputStream:75 - [STDERR_REDIRECT] [Fatal Error] :1:1: Premature end of file.
2026-01-06 20:00:24,160 [ERROR] LogOutputStream:75 - [STDERR_REDIRECT] 
2026-01-06 20:00:25,148 [ERROR] LogOutputStream:75 - [STDERR_REDIRECT] [Fatal Error] :1:1: Premature end of file.
2026-01-06 20:00:25,148 [ERROR] LogOutputStream:75 - [STDERR_REDIRECT] 
2026-01-06 20:00:26,156 [ERROR] LogOutputStream:75 - [STDERR_REDIRECT] [Fatal Error] :1:1: Premature end of file.
2026-01-06 20:00:26,156 [ERROR] LogOutputStream:75 - [STDERR_REDIRECT] 
2026-01-06 20:00:27,159 [ERROR] LogOutputStream:75 - [STDERR_REDIRECT] [Fatal Error] :1:1: Premature end of file.
2026-01-06 20:00:27,159 [ERROR] LogOutputStream:75 - [STDERR_REDIRECT] 
2026-01-06 20:00:28,158 [ERROR] LogOutputStream:75 - [STDERR_REDIRECT] [Fatal Error] :1:1: Premature end of file.
2026-01-06 20:00:28,158 [ERROR] LogOutputStream:75 - [STDERR_REDIRECT] 
2026-01-06 20:00:29,149 [ERROR] LogOutputStream:75 - [STDERR_REDIRECT] [Fatal Error] :1:1: Premature end of file.
2026-01-06 20:00:29,149 [ERROR] LogOutputStream:75 - [STDERR_REDIRECT] 
2026-01-06 20:00:30,161 [ERROR] LogOutputStream:75 - [STDERR_REDIRECT] [Fatal Error] :1:1: Premature end of file.
2026-01-06 20:00:30,161 [ERROR] LogOutputStream:75 - [STDERR_REDIRECT] 
2026-01-06 20:00:31,157 [ERROR] LogOutputStream:75 - [STDERR_REDIRECT] [Fatal Error] :1:1: Premature end of file.
2026-01-06 20:00:31,157 [ERROR] LogOutputStream:75 - [STDERR_REDIRECT] 
2026-01-06 20:00:32,151 [ERROR] LogOutputStream:75 - [STDERR_REDIRECT] [Fatal Error] :1:1: Premature end of file.
2026-01-06 20:00:32,151 [ERROR] LogOutputStream:75 - [STDERR_REDIRECT] 
2026-01-06 20:00:33,160 [ERROR] LogOutputStream:75 - [STDERR_REDIRECT] [Fatal Error] :1:1: Premature end of file.
2026-01-06 20:00:33,161 [ERROR] LogOutputStream:75 - [STDERR_REDIRECT] 
2026-01-06 20:00:34,161 [ERROR] LogOutputStream:75 - [STDERR_REDIRECT] [Fatal Error] :1:1: Premature end of file.
2026-01-06 20:00:34,161 [ERROR] LogOutputStream:75 - [STDERR_REDIRECT] 
2026-01-06 20:00:35,152 [ERROR] LogOutputStream:75 - [STDERR_REDIRECT] [Fatal Error] :1:1: Premature end of file.
2026-01-06 20:00:35,152 [ERROR] LogOutputStream:75 - [STDERR_REDIRECT] 
2026-01-06 20:00:36,160 [ERROR] LogOutputStream:75 - [STDERR_REDIRECT] [Fatal Error] :1:1: Premature end of file.
2026-01-06 20:00:36,160 [ERROR] LogOutputStream:75 - [STDERR_REDIRECT] 
2026-01-06 20:00:37,158 [ERROR] LogOutputStream:75 - [STDERR_REDIRECT] [Fatal Error] :1:1: Premature end of file.
2026-01-06 20:00:37,158 [ERROR] LogOutputStream:75 - [STDERR_REDIRECT] 
2026-01-06 20:00:38,156 [ERROR] LogOutputStream:75 - [STDERR_REDIRECT] [Fatal Error] :1:1: Premature end of file.
2026-01-06 20:00:38,156 [ERROR] LogOutputStream:75 - [STDERR_REDIRECT] 
2026-01-06 20:00:39,156 [ERROR] LogOutputStream:75 - [STDERR_REDIRECT] [Fatal Error] :1:1: Premature end of file.
2026-01-06 20:00:39,156 [ERROR] LogOutputStream:75 - [STDERR_REDIRECT] 
2026-01-06 20:00:40,154 [ERROR] LogOutputStream:75 - [STDERR_REDIRECT] [Fatal Error] :1:1: Premature end of file.
2026-01-06 20:00:40,154 [ERROR] LogOutputStream:75 - [STDERR_REDIRECT] 
2026-01-06 20:00:41,150 [ERROR] LogOutputStream:75 - [STDERR_REDIRECT] [Fatal Error] :1:1: Premature end of file.
2026-01-06 20:00:41,150 [ERROR] LogOutputStream:75 - [STDERR_REDIRECT] 
2026-01-06 20:00:42,146 [ERROR] LogOutputStream:75 - [STDERR_REDIRECT] [Fatal Error] :1:1: Premature end of file.
2026-01-06 20:00:42,146 [ERROR] LogOutputStream:75 - [STDERR_REDIRECT] 
2026-01-06 20:00:43,187 [ERROR] LogOutputStream:75 - [STDERR_REDIRECT] [Fatal Error] :1:1: Premature end of file.
2026-01-06 20:00:43,187 [ERROR] LogOutputStream:75 - [STDERR_REDIRECT] 
2026-01-06 20:00:44,154 [ERROR] LogOutputStream:75 - [STDERR_REDIRECT] [Fatal Error] :1:1: Premature end of file.
2026-01-06 20:00:44,154 [ERROR] LogOutputStream:75 - [STDERR_REDIRECT] 
2026-01-06 20:00:45,152 [ERROR] LogOutputStream:75 - [STDERR_REDIRECT] [Fatal Error] :1:1: Premature end of file.
2026-01-06 20:00:45,152 [ERROR] LogOutputStream:75 - [STDERR_REDIRECT] 
2026-01-06 20:00:46,148 [ERROR] LogOutputStream:75 - [STDERR_REDIRECT] [Fatal Error] :1:1: Premature end of file.
2026-01-06 20:00:46,148 [ERROR] LogOutputStream:75 - [STDERR_REDIRECT] 
2026-01-06 20:00:47,158 [ERROR] LogOutputStream:75 - [STDERR_REDIRECT] [Fatal Error] :1:1: Premature end of file.
2026-01-06 20:00:47,158 [ERROR] LogOutputStream:75 - [STDERR_REDIRECT] 
2026-01-06 20:00:48,152 [ERROR] LogOutputStream:75 - [STDERR_REDIRECT] [Fatal Error] :1:1: Premature end of file.
2026-01-06 20:00:48,152 [ERROR] LogOutputStream:75 - [STDERR_REDIRECT] 
2026-01-06 20:00:49,152 [ERROR] LogOutputStream:75 - [STDERR_REDIRECT] [Fatal Error] :1:1: Premature end of file.
2026-01-06 20:00:49,152 [ERROR] LogOutputStream:75 - [STDERR_REDIRECT] 
2026-01-06 20:00:50,152 [ERROR] LogOutputStream:75 - [STDERR_REDIRECT] [Fatal Error] :1:1: Premature end of file.
2026-01-06 20:00:50,152 [ERROR] LogOutputStream:75 - [STDERR_REDIRECT] 
2026-01-06 20:00:51,154 [ERROR] LogOutputStream:75 - [STDERR_REDIRECT] [Fatal Error] :1:1: Premature end of file.
2026-01-06 20:00:51,154 [ERROR] LogOutputStream:75 - [STDERR_REDIRECT] 
2026-01-06 20:00:52,152 [ERROR] LogOutputStream:75 - [STDERR_REDIRECT] [Fatal Error] :1:1: Premature end of file.
2026-01-06 20:00:52,152 [ERROR] LogOutputStream:75 - [STDERR_REDIRECT] 
2026-01-06 20:00:53,154 [ERROR] LogOutputStream:75 - [STDERR_REDIRECT] [Fatal Error] :1:1: Premature end of file.
2026-01-06 20:00:53,154 [ERROR] LogOutputStream:75 - [STDERR_REDIRECT] 
2026-01-06 20:00:54,164 [ERROR] LogOutputStream:75 - [STDERR_REDIRECT] [Fatal Error] :1:1: Premature end of file.
2026-01-06 20:00:54,164 [ERROR] LogOutputStream:75 - [STDERR_REDIRECT] 
2026-01-06 20:00:55,152 [ERROR] LogOutputStream:75 - [STDERR_REDIRECT] [Fatal Error] :1:1: Premature end of file.
2026-01-06 20:00:55,152 [ERROR] LogOutputStream:75 - [STDERR_REDIRECT] 
2026-01-06 20:00:56,152 [ERROR] LogOutputStream:75 - [STDERR_REDIRECT] [Fatal Error] :1:1: Premature end of file.
2026-01-06 20:00:56,152 [ERROR] LogOutputStream:75 - [STDERR_REDIRECT] 
2026-01-06 20:00:57,151 [ERROR] LogOutputStream:75 - [STDERR_REDIRECT] [Fatal Error] :1:1: Premature end of file.
2026-01-06 20:00:57,151 [ERROR] LogOutputStream:75 - [STDERR_REDIRECT] 
2026-01-06 20:00:58,151 [ERROR] LogOutputStream:75 - [STDERR_REDIRECT] [Fatal Error] :1:1: Premature end of file.
2026-01-06 20:00:58,151 [ERROR] LogOutputStream:75 - [STDERR_REDIRECT] 
2026-01-06 20:00:59,162 [ERROR] LogOutputStream:75 - [STDERR_REDIRECT] [Fatal Error] :1:1: Premature end of file.
2026-01-06 20:00:59,162 [ERROR] LogOutputStream:75 - [STDERR_REDIRECT] 
2026-01-06 20:00:59,517 [ERROR] LogOutputStream:75 - [STDERR_REDIRECT] 
2026-01-06 20:00:59,517 [ERROR] LogOutputStream:75 - [STDERR_REDIRECT] 
